"id","name","aug_type","name_pool","archetype","level","lore","focuseffect","worneffect","total_points","stat_count","ac","hp","mana","astr","asta","adex","aagi","awis","aint","acha","mr","fr","cr","dr","pr","heroic_str","heroic_sta","heroic_dex","heroic_agi","heroic_wis","heroic_int","heroic_cha"
"160020","Rend Dirkbrow","lost","hard","melee_offense","10","Lost Soul","0","0","36","5","2","9","0","2","1","0","0","0","0","0","0","0","3","0","0","0","0","0","0","0","0","0"
"160032","Aeliani Duskkeeper","lost","soft","caster","10","Lost Soul","2336","0","67","8","2","0","9","0","3","0","2","0","3","2","0","0","2","0","2","0","0","0","0","0","0","0"
"160034","Velen Sagetouch","lost","soft","healer","10","Lost Soul","0","0","55","6","2","13","10","0","0","0","0","3","0","2","0","0","2","0","0","0","0","0","0","0","0","0"
"160066","Cassin Runemark","lost","soft","healer","10","Lost Soul","0","0","62","8","0","9","13","2","1","0","2","2","0","0","3","1","0","0","0","0","0","0","0","0","0","0"
"160083","Soren Darkwall","lost","hard","melee_offense","10","Lost Soul","0","0","64","8","0","6","0","0","0","3","2","3","2","0","2","0","1","3","0","0","0","0","0","0","0","0"
"160095","Zael Ashflame","lost","soft","healer","10","Lost Soul","0","0","53","6","2","16","9","0","0","0","0","0","2","2","0","0","0","0","2","0","0","0","0","0","0","0"
"160096","Treldarent Scarbreaker","lost","hard","melee_offense","10","Lost Soul","0","0","78","8","2","17","0","3","3","2","2","0","0","0","0","2","0","3","0","0","0","0","0","0","0","0"
"160097","Hadwin Flintvein","lost","hard","melee_defense","10","Lost Soul","0","0","34","5","2","10","0","0","1","2","0","0","0","0","2","0","0","0","0","0","0","0","0","0","0","0"
"160107","Lyriel Mistmere","lost","soft","caster","10","Lost Soul","2366","0","35","4","0","9","12","0","0","0","0","0","0","2","0","0","2","0","0","0","0","0","0","0","0","0"
"160109","Caerrin Ashsong","lost","soft","mixed","10","Lost Soul","0","0","67","8","2","7","18","3","2","0","1","0","0","0","0","0","0","2","2","0","0","0","0","0","0","0"
"160116","Renvent Coldforge","lost","hard","melee_defense","10","Lost Soul","0","0","30","6","1","6","0","2","0","0","0","0","1","0","0","0","2","1","0","0","0","0","0","0","0","0"
"160120","Wulf Scarfall","lost","hard","melee_offense","10","Lost Soul","0","0","61","8","1","15","7","1","0","2","3","0","0","0","0","2","2","0","0","0","0","0","0","0","0","0"
"160127","Rowan Darkbrow","lost","hard","melee_defense","10","Lost Soul","0","0","61","9","2","9","0","2","1","1","3","0","0","0","0","2","1","3","0","0","0","0","0","0","0","0"
"160128","Rael Dawnvale","lost","soft","caster","10","Lost Soul","0","0","58","8","0","0","7","2","2","0","0","0","2","3","2","1","2","0","0","0","0","0","0","0","0","0"
"160130","Waelaneth Mistrise","lost","soft","healer","10","Lost Soul","0","0","58","9","0","10","0","1","3","0","0","1","2","2","0","0","2","1","1","0","0","0","0","0","0","0"
"160131","Brak Coldhold","lost","hard","melee_defense","10","Lost Soul","0","0","47","6","2","14","0","1","0","0","2","0","0","0","2","0","3","0","0","0","0","0","0","0","0","0"
"160137","Valdethash Galecloak","lost","hard","mixed","10","Lost Soul","0","0","58","9","1","0","0","2","3","0","3","1","0","1","0","3","1","0","1","0","0","0","0","0","0","0"
"160152","Kaelani Duskwhisper","lost","soft","healer","10","Lost Soul","0","0","70","9","0","6","6","0","0","0","2","3","3","2","0","2","3","1","0","0","0","0","0","0","0","0"
"160154","Draxornok Grimmantle","lost","hard","melee_defense","10","Lost Soul","0","0","70","9","2","10","11","1","1","0","0","2","3","0","0","0","3","0","2","0","0","0","0","0","0","0"
"160155","Hadrik Helmwall","lost","hard","melee_offense","10","Lost Soul","0","0","55","7","3","12","0","2","3","2","0","0","0","0","0","1","1","0","0","0","0","0","0","0","0","0"
"160163","Trelel Veilmere","lost","soft","caster","10","Lost Soul","0","0","45","6","0","11","6","0","1","0","3","0","0","0","2","2","0","0","0","0","0","0","0","0","0","0"
"160164","Pelian Duskfall","lost","hard","melee_offense","10","Lost Soul","0","0","42","6","2","8","0","2","0","2","0","0","0","0","0","2","0","0","2","0","0","0","0","0","0","0"
"160166","Vaelis Lighthaven","lost","soft","healer","10","Lost Soul","2339","0","64","7","2","18","9","0","0","0","0","2","0","2","0","3","2","0","0","0","0","0","0","0","0","0"
"160170","Maren Emberflame","lost","soft","caster","10","Lost Soul","0","0","52","7","0","12","4","0","0","0","0","2","2","2","0","2","0","0","2","0","0","0","0","0","0","0"
"160184","Aelith Lightwalker","lost","soft","caster","10","Lost Soul","2345","0","40","4","2","13","13","0","0","0","0","0","2","0","0","0","0","0","0","0","0","0","0","0","0","0"
"160211","Renvem Scarvale","lost","hard","melee_offense","10","Lost Soul","0","0","62","9","1","4","0","0","1","2","2","0","2","0","0","3","3","0","3","0","0","0","0","0","0","0"
"160225","Declan Calmborne","lost","soft","caster","10","Lost Soul","0","0","73","9","0","0","15","2","1","0","0","3","2","2","0","2","0","1","3","0","0","0","0","0","0","0"
"160248","Korvesh Frostwall","lost","hard","mixed","10","Lost Soul","0","0","38","7","0","8","6","0","0","0","0","1","1","1","0","2","0","2","0","0","0","0","0","0","0","0"
"160251","Isara Clearbloom","lost","soft","caster","10","Lost Soul","2366","0","50","4","0","16","16","0","0","0","0","0","0","3","0","0","0","2","0","0","0","0","0","0","0","0"
"160255","Cadon Ironbreaker","lost","hard","melee_offense","10","Lost Soul","0","0","39","5","0","7","0","2","3","0","0","0","0","0","0","2","0","2","0","0","0","0","0","0","0","0"
"160256","Zaeliel Stillmantle","lost","soft","caster","10","Lost Soul","2366","0","36","4","0","12","10","0","2","0","0","0","0","0","0","2","0","0","0","0","0","0","0","0","0","0"
"160274","Cadarnem Bloodmantle","lost","hard","melee_offense","10","Lost Soul","0","0","70","9","1","18","0","0","0","2","2","2","1","0","3","3","0","1","0","0","0","0","0","0","0","0"
"160279","Galdan Helmfall","lost","hard","melee_defense","10","Lost Soul","0","0","43","7","1","7","0","0","2","0","0","2","2","0","1","0","0","2","0","0","0","0","0","0","0","0"
"160296","Maldoth Fellmark","lost","hard","melee_defense","10","Lost Soul","0","0","37","6","2","9","0","0","1","0","0","3","0","0","0","1","0","0","1","0","0","0","0","0","0","0"
"160305","Harvavnund Cragcrest","lost","hard","melee_defense","10","Lost Soul","0","0","66","9","3","10","0","1","3","1","0","0","3","0","0","0","1","3","1","0","0","0","0","0","0","0"
"160324","Laelelara Everrise","lost","soft","healer","10","Lost Soul","2345","0","52","7","0","6","11","0","3","0","0","1","1","0","2","3","0","0","0","0","0","0","0","0","0","0"
"160327","Fenara Mornglass","lost","soft","caster","10","Lost Soul","2333","0","57","7","0","0","6","0","2","0","3","0","2","2","0","0","2","0","3","0","0","0","0","0","0","0"
"160331","Zael Moonmark","lost","soft","caster","10","Lost Soul","0","0","64","9","0","0","6","1","2","0","2","0","2","3","1","3","0","0","2","0","0","0","0","0","0","0"
"160342","Aryn","lost","soft","healer","10","Lost Soul","0","0","74","9","0","14","10","0","3","0","2","2","0","1","0","0","2","2","2","0","0","0","0","0","0","0"
"160366","Strax Duskfist the Stalwart","lost","hard","melee_defense","10","Lost Soul","0","0","45","6","0","10","0","0","0","1","2","2","0","0","0","0","2","3","0","0","0","0","0","0","0","0"
"160369","Greym","lost","hard","melee_offense","10","Lost Soul","0","0","39","6","1","12","0","1","0","2","0","0","0","0","0","0","2","0","2","0","0","0","0","0","0","0"
"160371","Haeluna Moonmantle","lost","soft","caster","10","Lost Soul","0","0","42","5","2","12","11","1","0","0","0","0","0","0","3","0","0","0","0","0","0","0","0","0","0","0"
"160394","Gavin Everwater","lost","soft","caster","10","Lost Soul","0","0","57","8","0","0","8","2","2","0","0","1","0","2","1","3","0","3","0","0","0","0","0","0","0","0"
"160405","Wulvastash Stormward","lost","hard","melee_defense","10","Lost Soul","0","0","62","9","0","9","0","2","2","1","2","0","1","0","0","2","3","2","0","0","0","0","0","0","0","0"
"160426","Cadom Swordforge","lost","hard","melee_defense","10","Lost Soul","0","0","45","6","3","11","0","0","0","1","0","3","0","0","2","0","1","0","0","0","0","0","0","0","0","0"
"160436","Brondeld Warpeak","lost","hard","mixed","10","Lost Soul","0","0","81","9","1","15","11","0","3","0","0","2","3","2","0","2","0","2","0","0","0","0","0","0","0","0"
"160463","Tharok Galespite","lost","hard","melee_defense","10","Lost Soul","0","0","42","5","2","6","0","0","0","3","0","3","0","0","0","2","0","0","0","0","0","0","0","0","0","0"
"160466","Kaldus Flintshroud the Wrathful","lost","hard","melee_offense","10","Lost Soul","0","0","43","7","1","8","0","0","0","1","3","1","0","0","0","0","2","0","2","0","0","0","0","0","0","0"
"160485","Seren Dawnvale","lost","soft","caster","10","Lost Soul","2348","0","44","5","2","10","10","3","0","0","0","0","0","0","0","0","0","2","0","0","0","0","0","0","0","0"
"160496","Elyn Lighthaven","lost","soft","caster","10","Lost Soul","0","0","43","5","2","14","9","0","2","0","0","0","0","0","0","0","0","0","2","0","0","0","0","0","0","0"
"160511","Helm Cragfall","lost","hard","melee_offense","10","Lost Soul","0","0","58","7","0","12","0","1","2","2","2","0","0","0","0","3","0","3","0","0","0","0","0","0","0","0"
"160512","Aldren Calmtouch","lost","soft","mixed","10","Lost Soul","0","0","56","5","0","19","11","0","0","0","3","0","2","0","0","0","0","2","0","0","0","0","0","0","0","0"
"160530","Elan Everward","lost","soft","caster","10","Lost Soul","0","0","64","7","0","12","13","0","2","0","0","0","2","2","0","0","0","3","2","0","0","0","0","0","0","0"
"160538","Berek Boneridge","lost","hard","melee_defense","10","Lost Soul","0","0","49","8","0","5","14","1","2","2","0","0","1","0","0","1","0","1","0","0","0","0","0","0","0","0"
"160542","Valdis Axeshroud","lost","hard","melee_offense","10","Lost Soul","0","0","42","6","0","6","0","3","2","0","0","1","0","0","0","2","0","2","0","0","0","0","0","0","0","0"
"160551","Nolan Ashtouch","lost","soft","healer","10","Lost Soul","2345","0","53","7","2","8","12","0","2","0","0","0","0","1","3","0","0","0","2","0","0","0","0","0","0","0"
"160555","Neryn Runewhisper","lost","soft","healer","10","Lost Soul","0","0","54","7","0","0","10","0","2","0","2","2","2","0","0","2","0","0","2","0","0","0","0","0","0","0"
"160557","Theron Ashmantle","lost","soft","caster","10","Lost Soul","0","0","51","5","0","0","12","0","3","0","0","0","0","3","2","0","0","3","0","0","0","0","0","0","0","0"
"160566","Aela Veilmere","lost","soft","healer","10","Lost Soul","0","0","61","9","0","0","10","0","2","0","2","1","1","3","0","2","1","2","0","0","0","0","0","0","0","0"
"160588","Branwen Calmglass","lost","soft","healer","10","Lost Soul","0","0","68","8","0","0","14","2","2","0","0","2","0","3","0","2","2","2","0","0","0","0","0","0","0","0"
"160603","Veran Dreadvale","restless","hard","melee_defense","10","Restless Soul","0","0","44","9","2","9","0","2","0","0","1","1","1","0","1","1","0","1","0","0","0","0","0","0","0","0"
"160612","Harveld Dreadfist","restless","hard","melee_offense","10","Restless Soul","0","0","46","8","3","8","0","1","1","1","2","0","0","0","0","2","0","0","1","0","0","0","0","0","0","0"
"160636","Wren Glenmark","restless","soft","healer","10","Restless Soul","2333","0","53","9","0","0","5","2","2","0","1","2","0","2","2","0","1","1","0","0","0","0","0","0","0","0"
"160637","Vrax Helmbreaker","restless","hard","melee_offense","10","Restless Soul","0","0","49","11","1","4","0","1","1","1","2","1","0","0","1","2","2","0","1","0","0","0","0","0","0","0"
"160644","Hrathom Duskbreaker","restless","hard","melee_offense","10","Restless Soul","0","0","39","8","0","6","0","1","2","2","0","1","0","0","1","1","0","0","1","0","0","0","0","0","0","0"
"160703","Aelari Mistseeker the Graceful","found","soft","healer","10","Found Soul","0","0","48","10","0","0","6","1","2","0","0","1","1","1","0","2","2","1","1","0","0","0","0","0","0","0"
"160715","Jareth Dirkmark the Enduring","found","hard","melee_defense","10","Found Soul","0","0","57","13","1","4","0","2","1","2","1","1","1","0","1","1","1","2","1","0","0","0","0","0","0","0"
"160719","Breli Ashborn","found","soft","healer","10","Found Soul","2366","0","71","10","0","0","10","0","2","0","2","2","2","2","2","2","1","0","2","0","0","0","0","0","0","0"
"160731","Velen Calmmark","found","soft","caster","10","Found Soul","0","0","65","11","1","10","8","1","2","0","0","1","2","2","1","0","1","2","0","0","0","0","0","0","0","0"
"160746","Aryn Glenhaven the Arcane","found","soft","caster","10","Found Soul","0","0","48","10","1","0","4","1","1","0","0","2","2","2","1","1","0","1","0","0","0","0","0","0","0","0"
"160002","Faera Starborne","lost","soft","caster","20","Lost Soul","2336","0","139","9","0","25","23","4","5","0","2","0","5","0","3","3","3","0","0","0","0","0","0","0","0","0"
"160024","Aldordor Gravecrest","lost","hard","melee_defense","20","Lost Soul","0","0","75","6","2","29","0","0","1","3","0","0","0","0","4","0","0","4","0","0","0","0","0","0","0","0"
"160029","Pelian Duskmantle","lost","hard","melee_offense","20","Lost Soul","0","0","79","6","4","0","0","2","0","3","5","0","0","0","0","4","5","0","0","0","0","0","0","0","0","0"
"160036","Helkus Galebrow","lost","hard","melee_defense","20","Lost Soul","0","0","107","8","5","25","0","3","0","3","2","2","0","0","0","0","0","4","5","0","0","0","0","0","0","0"
"160044","Gaela Valebrook","lost","soft","caster","20","Lost Soul","0","0","131","9","0","23","30","0","2","0","2","6","2","0","5","3","0","2","0","0","0","0","0","0","0","0"
"160048","Dorian Everwater","lost","soft","healer","20","Lost Soul","0","0","131","9","0","12","0","3","4","0","3","4","0","3","0","5","0","6","6","0","0","0","0","0","0","0"
"160063","Thalindra Mornflame","lost","soft","mixed","20","Lost Soul","0","0","132","8","0","26","26","5","5","1","3","0","0","0","0","5","0","3","0","0","0","0","0","0","0","0"
"160070","Pani","lost","soft","healer","20","Lost Soul","2348","0","104","7","0","34","20","0","3","0","0","3","0","2","0","3","0","3","0","0","0","0","0","0","0","0"
"160077","Paldone Blackfist","lost","hard","mixed","20","Lost Soul","0","0","73","6","0","19","0","0","3","2","0","4","0","0","4","0","2","0","0","0","0","0","0","0","0","0"
"160081","Zaelene Windborn","lost","soft","healer","20","Lost Soul","2333","0","132","8","0","13","33","3","5","0","0","4","0","2","6","4","0","0","0","0","0","0","0","0","0","0"
"160084","Durk Stonesworn","lost","hard","melee_offense","20","Lost Soul","0","0","122","10","0","28","0","4","4","1","2","0","2","0","2","0","5","5","2","0","0","0","0","0","0","0"
"160091","Kija Everflame","lost","soft","caster","20","Lost Soul","0","0","114","8","3","24","21","3","3","0","0","0","0","3","3","0","5","0","0","0","0","0","0","0","0","0"
"160106","Saelovaeth Dawnseeker","lost","soft","mixed","20","Lost Soul","0","0","146","10","3","22","31","0","0","6","2","6","0","1","1","0","4","0","3","0","0","0","0","0","0","0"
"160108","Elan Emberwhisper","lost","soft","healer","20","Lost Soul","0","0","126","9","0","28","0","0","2","0","5","4","3","3","4","0","3","0","3","0","0","0","0","0","0","0"
"160133","Serenlis Silverbrook","lost","soft","healer","20","Lost Soul","0","0","145","10","0","24","14","4","3","0","0","2","2","6","3","5","0","5","0","0","0","0","0","0","0","0"
"160143","Maldandor Grimbrow","lost","hard","melee_offense","20","Lost Soul","0","0","96","6","0","23","0","0","5","3","5","0","0","0","5","2","0","0","0","0","0","0","0","0","0","0"
"160150","Aeliel Brightwater","lost","soft","caster","20","Lost Soul","0","0","98","8","5","13","21","0","1","0","2","0","4","0","0","3","0","0","4","0","0","0","0","0","0","0"
"160156","Tharem Axeshroud","lost","hard","melee_offense","20","Lost Soul","0","0","99","7","0","15","0","4","3","4","4","0","0","0","0","0","0","6","2","0","0","0","0","0","0","0"
"160157","Celiiraren Mornborn","lost","soft","caster","20","Lost Soul","0","0","98","8","0","0","19","0","1","0","3","0","4","5","2","0","3","0","4","0","0","0","0","0","0","0"
"160161","Faranek Brightsinger","lost","soft","healer","20","Lost Soul","0","0","131","10","0","0","28","3","0","0","3","2","3","5","0","2","3","4","4","0","0","0","0","0","0","0"
"160162","Gavin Scarcloak","lost","hard","melee_offense","20","Lost Soul","0","0","82","6","4","22","0","1","0","5","0","0","0","0","4","0","4","0","0","0","0","0","0","0","0","0"
"160167","Lendone Craghold","lost","hard","melee_offense","20","Lost Soul","0","0","101","7","5","23","0","3","0","5","4","0","0","0","0","3","0","2","0","0","0","0","0","0","0","0"
"160173","Faelarael Veilborn","lost","soft","healer","20","Lost Soul","0","0","98","6","0","22","36","0","1","0","0","0","3","0","4","4","0","0","0","0","0","0","0","0","0","0"
"160174","Winaire Valeseeker","lost","soft","caster","20","Lost Soul","2342","0","127","7","0","32","26","0","3","0","0","4","5","0","0","0","0","4","3","0","0","0","0","0","0","0"
"160177","Lain Calmmantle","lost","soft","healer","20","Lost Soul","0","0","121","8","2","23","12","0","3","0","0","6","0","5","0","0","4","4","0","0","0","0","0","0","0","0"
"160191","Elanel Everrise","lost","soft","caster","20","Lost Soul","2339","0","123","7","0","27","26","0","4","0","0","0","5","4","0","0","4","2","0","0","0","0","0","0","0","0"
"160199","Hadwin Fellhold","lost","hard","melee_defense","20","Lost Soul","0","0","103","8","0","11","0","0","2","0","5","4","3","0","6","0","3","0","3","0","0","0","0","0","0","0"
"160202","Hordon Axemark","lost","hard","melee_defense","20","Lost Soul","0","0","86","6","4","26","0","4","2","0","0","0","0","0","0","0","0","4","4","0","0","0","0","0","0","0"
"160220","Lendorm Dreadbreaker the Fortified","lost","hard","melee_defense","20","Lost Soul","0","0","103","8","2","19","0","3","4","3","0","0","5","0","0","4","0","2","0","0","0","0","0","0","0","0"
"160233","Borin Palewalker","lost","soft","caster","20","Lost Soul","0","0","137","10","0","0","21","4","4","0","4","0","5","3","5","3","2","2","0","0","0","0","0","0","0","0"
"160243","Lyri Swiftbloom","lost","soft","healer","20","Lost Soul","0","0","119","9","0","0","24","4","5","0","0","3","2","3","0","0","2","3","4","0","0","0","0","0","0","0"
"160273","Tael Emberward","lost","soft","caster","20","Lost Soul","0","0","131","8","0","0","19","6","5","0","5","3","0","0","0","4","0","4","4","0","0","0","0","0","0","0"
"160285","Aryn Palemark the Tender","lost","soft","healer","20","Lost Soul","0","0","141","9","4","22","21","3","5","0","0","2","0","4","0","0","4","0","6","0","0","0","0","0","0","0"
"160292","Celiovawen Tidesong","lost","soft","healer","20","Lost Soul","0","0","115","7","2","22","31","3","5","0","0","0","0","0","3","0","0","0","5","0","0","0","0","0","0","0"
"160298","Skeld Flintward the Resolute","lost","hard","melee_defense","20","Lost Soul","0","0","84","8","0","29","0","0","2","2","1","0","2","0","4","2","0","0","3","0","0","0","0","0","0","0"
"160311","Soren Sagewalker","lost","soft","healer","20","Lost Soul","2342","0","98","6","4","17","31","0","0","0","0","3","0","5","0","2","0","0","0","0","0","0","0","0","0","0"
"160312","Elynrin Calmmark","lost","soft","caster","20","Lost Soul","0","0","96","8","0","0","22","0","1","0","0","2","3","5","2","6","0","2","0","0","0","0","0","0","0","0"
"160318","Daelwen Everrise","lost","soft","caster","20","Lost Soul","0","0","84","6","4","16","17","0","0","0","0","0","2","4","0","0","0","5","0","0","0","0","0","0","0","0"
"160325","Aldren Stillglass","lost","soft","caster","20","Lost Soul","0","0","144","10","0","19","28","2","3","0","0","4","3","4","0","5","3","0","3","0","0","0","0","0","0","0"
"160328","Valdem Dreadsworn","lost","hard","melee_defense","20","Lost Soul","0","0","84","6","4","13","0","0","0","0","4","4","0","0","0","5","4","0","0","0","0","0","0","0","0","0"
"160332","Lyra Stillhollow","lost","soft","healer","20","Lost Soul","0","0","125","8","6","0","20","4","0","0","4","3","0","4","0","0","0","4","5","0","0","0","0","0","0","0"
"160335","Tand","lost","soft","caster","20","Lost Soul","0","0","143","10","0","29","22","3","4","0","5","0","5","3","1","0","2","1","0","0","0","0","0","0","0","0"
"160360","Brennan Axeborn","lost","hard","melee_defense","20","Lost Soul","0","0","84","7","6","14","0","0","5","1","4","0","0","0","2","0","0","2","0","0","0","0","0","0","0","0"
"160365","Vrekolton Axehand","lost","hard","melee_defense","20","Lost Soul","0","0","95","8","3","14","0","3","2","3","0","0","4","0","4","0","4","0","0","0","0","0","0","0","0","0"
"160372","Aeli Moonbloom","lost","soft","healer","20","Lost Soul","0","0","68","6","1","24","14","0","3","0","0","3","0","0","0","1","0","0","0","0","0","0","0","0","0","0"
"160396","Aeliel Sageborn","lost","soft","caster","20","Lost Soul","2345","0","106","7","0","14","23","0","2","0","0","6","0","4","0","0","4","3","0","0","0","0","0","0","0","0"
"160402","Maeliraara Stillbrook","lost","soft","healer","20","Lost Soul","2339","0","63","6","4","13","15","0","0","0","3","0","0","2","1","0","0","0","0","0","0","0","0","0","0","0"
"160418","Winaunaion Emberbrook","lost","soft","caster","20","Lost Soul","0","0","119","8","5","16","22","0","5","0","3","0","1","0","0","6","4","0","0","0","0","0","0","0","0","0"
"160431","Caelin Veilwalker","lost","soft","mixed","20","Lost Soul","0","0","143","10","0","26","29","3","3","0","3","2","0","2","0","3","5","4","0","0","0","0","0","0","0","0"
"160438","Aldric Grimward","lost","hard","melee_offense","20","Lost Soul","0","0","143","10","4","18","0","5","4","4","2","2","0","0","5","0","0","4","6","0","0","0","0","0","0","0"
"160477","Valdoltan Stoneshroud","lost","hard","melee_offense","20","Lost Soul","0","0","135","9","0","22","0","3","0","5","4","3","5","0","2","0","4","0","5","0","0","0","0","0","0","0"
"160517","Gaeliel Calmward","lost","soft","caster","20","Lost Soul","0","0","85","6","4","19","23","0","0","0","0","0","2","5","0","0","0","1","0","0","0","0","0","0","0","0"
"160529","Thren Warvale","lost","hard","melee_defense","20","Lost Soul","0","0","95","7","6","0","0","5","2","0","2","5","0","0","0","4","0","0","3","0","0","0","0","0","0","0"
"160552","Draxakim Coldhand","lost","hard","melee_offense","20","Lost Soul","0","0","83","6","0","28","0","3","4","3","0","0","0","0","0","0","1","4","0","0","0","0","0","0","0","0"
"160572","Tavish Stonebrow","lost","hard","melee_offense","20","Lost Soul","0","0","128","9","0","32","0","4","2","2","6","4","0","0","5","2","0","1","0","0","0","0","0","0","0","0"
"160576","Kiran Galeborn","lost","hard","melee_offense","20","Lost Soul","0","0","107","7","0","28","0","0","2","5","3","0","3","0","3","0","0","6","0","0","0","0","0","0","0","0"
"160578","Aldris Loreglass","lost","soft","healer","20","Lost Soul","0","0","117","7","5","34","19","0","4","0","0","3","0","0","0","4","3","0","0","0","0","0","0","0","0","0"
"160591","Nali Duskkeeper","lost","soft","caster","20","Lost Soul","0","0","155","10","0","31","23","5","2","0","3","4","3","0","5","0","4","0","2","0","0","0","0","0","0","0"
"160595","Jardom Grimbreaker","lost","hard","melee_defense","20","Lost Soul","0","0","107","7","4","27","0","0","0","2","4","5","0","0","0","0","5","3","0","0","0","0","0","0","0","0"
"160598","Aldric Galecloak","lost","hard","melee_offense","20","Lost Soul","0","0","110","8","0","30","0","0","4","4","4","2","0","0","3","0","0","1","4","0","0","0","0","0","0","0"
"160621","Tael Stillsinger","restless","soft","caster","20","Restless Soul","0","0","113","9","3","14","28","3","2","0","4","0","2","0","0","0","0","4","2","0","0","0","0","0","0","0"
"160626","Valeria Lighthollow","restless","soft","mixed","20","Restless Soul","0","0","91","8","0","10","0","3","3","0","0","2","4","0","3","0","5","0","3","0","0","0","0","0","0","0"
"160650","Cassin Darkspite","restless","hard","melee_defense","20","Restless Soul","0","0","110","8","5","20","0","0","4","4","3","4","0","0","0","3","0","0","2","0","0","0","0","0","0","0"
"160697","Brak Slateedge","restless","hard","melee_offense","20","Restless Soul","0","0","124","10","1","32","0","2","4","4","3","0","4","0","0","2","3","0","2","0","0","0","0","0","0","0"
"160699","Saelwyn Lighthollow","restless","soft","caster","20","Restless Soul","0","0","119","9","4","0","14","0","3","0","5","3","4","0","3","4","0","4","0","0","0","0","0","0","0","0"
"160706","Kija Mistbrook the Weaver","found","soft","caster","20","Found Soul","0","0","134","10","0","26","27","0","4","0","3","2","3","3","0","0","2","3","2","0","0","0","0","0","0","0"
"160709","Gorven Dirkhold","found","hard","melee_defense","20","Found Soul","0","0","148","13","3","21","0","2","2","2","4","3","3","0","3","4","3","3","5","0","0","0","0","0","0","0"
"160713","Arynellael Paleborne","found","soft","caster","20","Found Soul","0","0","132","12","0","0","20","3","4","0","1","3","2","3","2","5","2","3","4","0","0","0","0","0","0","0"
"160725","Brenna Palehaven","found","soft","caster","20","Found Soul","0","0","153","13","0","12","18","2","5","0","3","3","2","3","3","4","3","4","3","0","0","0","0","0","0","0"
"160729","Helkakon Axeblade","found","hard","melee_defense","20","Found Soul","0","0","137","12","4","21","0","3","2","4","4","1","3","0","0","3","3","3","3","0","0","0","0","0","0","0"
"160008","Valdra Dawnbloom","lost","soft","healer","30","Lost Soul","0","0","241","9","9","33","55","0","7","0","5","7","5","0","0","0","5","0","5","0","0","0","0","0","0","0"
"160013","Pelian Blacksworn","lost","hard","melee_defense","30","Lost Soul","0","0","162","8","4","26","0","5","5","6","6","0","0","0","0","6","0","0","6","0","0","0","0","0","0","0"
"160014","Vaelis","lost","soft","healer","30","Lost Soul","0","0","255","10","0","44","39","6","5","0","0","5","8","7","0","7","4","5","0","0","0","0","0","0","0","0"
"160041","Cormac Emberrise","lost","soft","caster","30","Lost Soul","2337","0","169","6","0","32","38","0","7","0","0","0","8","0","4","9","0","0","0","0","0","0","0","0","0","0"
"160043","Serenel Clearseeker","lost","soft","healer","30","Lost Soul","0","0","209","10","0","26","35","5","5","0","3","6","0","6","5","5","0","6","0","0","0","0","0","0","0","0"
"160073","Falkakok Dreadridge","lost","hard","melee_offense","30","Lost Soul","0","0","252","10","0","48","0","6","6","8","0","5","8","0","5","0","7","6","6","0","0","0","0","0","0","0"
"160088","Idris Glenshade","lost","soft","caster","30","Lost Soul","2337","0","126","6","6","38","30","0","2","0","0","0","5","0","0","0","0","0","4","0","0","0","0","0","0","0"
"160099","Veran Cragcrest","lost","hard","melee_defense","30","Lost Soul","0","0","244","9","0","49","0","7","6","6","3","8","0","0","9","0","7","9","0","0","0","0","0","0","0","0"
"160117","Elanren Tidevale","lost","soft","caster","30","Lost Soul","2334","0","176","6","7","33","55","0","7","0","0","0","0","6","0","0","0","5","0","0","0","0","0","0","0","0"
"160121","Lyri Brightborne","lost","soft","mixed","30","Lost Soul","0","0","204","8","0","38","44","5","0","5","6","0","7","0","5","0","5","0","0","0","0","0","0","0","0","0"
"160125","Lendavnom Bloodhand the Vigilant","lost","hard","melee_defense","30","Lost Soul","0","0","189","7","0","58","42","6","0","3","5","0","0","0","0","0","0","4","7","0","0","0","0","0","0","0"
"160135","Cadrathold Stormedge","lost","hard","melee_offense","30","Lost Soul","0","0","185","8","0","31","0","7","5","7","0","0","9","0","2","0","0","6","6","0","0","0","0","0","0","0"
"160148","Drakund Gravecrest","lost","hard","melee_offense","30","Lost Soul","0","0","157","8","5","23","34","5","5","0","6","0","0","0","2","5","0","0","0","0","0","0","0","0","0","0"
"160175","Trellis Starglass","lost","soft","caster","30","Lost Soul","2367","0","162","7","0","22","33","0","0","0","6","0","4","7","8","0","5","0","0","0","0","0","0","0","0","0"
"160179","Kael Boneedge","lost","hard","melee_defense","30","Lost Soul","0","0","164","6","10","42","0","0","8","0","0","0","6","0","5","0","0","7","0","0","0","0","0","0","0","0"
"160181","Saelovaion Calmmark","lost","soft","healer","30","Lost Soul","0","0","214","10","0","0","31","7","5","0","8","5","0","5","4","0","6","4","7","0","0","0","0","0","0","0"
"160183","Gorv Frostwall","lost","hard","melee_defense","30","Lost Soul","0","0","214","9","0","39","0","5","8","7","7","0","4","0","5","5","7","0","0","0","0","0","0","0","0","0"
"160193","Haelora Mornmark","lost","soft","caster","30","Lost Soul","0","0","164","9","6","18","22","0","3","0","0","5","5","9","3","0","0","0","3","0","0","0","0","0","0","0"
"160197","Mirenath Duskmantle","lost","soft","healer","30","Lost Soul","0","0","202","10","6","0","46","6","2","0","5","0","3","5","0","8","0","4","6","0","0","0","0","0","0","0"
"160198","Winaire Evershade","lost","soft","healer","30","Lost Soul","0","0","204","10","7","0","31","0","6","0","3","6","5","6","6","0","4","6","0","0","0","0","0","0","0","0"
"160200","Mirenlen Calmhaven","lost","soft","healer","30","Lost Soul","0","0","220","10","6","45","34","0","5","0","3","4","0","6","5","6","6","0","0","0","0","0","0","0","0","0"
"160201","Paldan Helmhand","lost","hard","melee_defense","30","Lost Soul","0","0","131","6","5","23","0","7","0","0","0","0","5","0","0","0","0","7","8","0","0","0","0","0","0","0"
"160205","Valdarnan Grimpeak","lost","hard","melee_defense","30","Lost Soul","0","0","264","10","7","55","0","0","8","6","7","7","7","0","0","5","3","8","0","0","0","0","0","0","0","0"
"160214","Harvarnus Coldhand","lost","hard","melee_offense","30","Lost Soul","0","0","137","6","0","43","0","0","3","5","8","0","0","0","0","4","0","0","6","0","0","0","0","0","0","0"
"160218","Daelyn Valewhisper","lost","soft","healer","30","Lost Soul","0","0","239","10","4","47","37","0","5","0","0","7","3","8","0","0","5","4","8","0","0","0","0","0","0","0"
"160237","Roth Stormwall","lost","hard","melee_defense","30","Lost Soul","0","0","227","10","8","36","0","6","5","3","5","7","0","0","0","8","4","9","0","0","0","0","0","0","0","0"
"160239","Dravilkold Cragridge","lost","hard","melee_offense","30","Lost Soul","0","0","177","10","9","19","0","0","5","2","4","2","7","0","4","0","8","5","0","0","0","0","0","0","0","0"
"160247","Breli Starseeker","lost","soft","healer","30","Lost Soul","2337","0","225","9","0","30","50","0","6","0","3","7","0","6","5","6","0","8","0","0","0","0","0","0","0","0"
"160252","Kijawen Mornglass","lost","soft","healer","30","Lost Soul","0","0","200","7","0","50","44","8","7","0","0","0","0","4","0","0","3","0","7","0","0","0","0","0","0","0"
"160254","Rowan Swordvale","lost","hard","melee_defense","30","Lost Soul","0","0","230","10","5","44","0","7","4","6","2","8","0","0","0","7","6","0","8","0","0","0","0","0","0","0"
"160291","Vrax","lost","hard","melee_defense","30","Lost Soul","0","0","175","9","9","0","0","6","0","6","7","3","6","0","6","3","3","0","0","0","0","0","0","0","0","0"
"160293","Thren Stormcloak","lost","hard","melee_offense","30","Lost Soul","0","0","181","10","4","45","0","3","2","6","0","4","4","0","0","5","5","0","6","0","0","0","0","0","0","0"
"160303","Wulf Blackmark","lost","hard","melee_defense","30","Lost Soul","0","0","232","10","3","55","0","7","6","3","7","7","0","0","0","6","0","5","5","0","0","0","0","0","0","0"
"160323","Gaellen Stardrift","lost","soft","healer","30","Lost Soul","2346","0","173","7","8","38","24","0","4","0","0","0","0","8","6","0","7","0","0","0","0","0","0","0","0","0"
"160344","Brennan Moonweave","lost","soft","mixed","30","Lost Soul","0","0","208","9","6","44","0","6","6","0","6","0","8","0","8","2","4","0","0","0","0","0","0","0","0","0"
"160351","Galdesh Frostsworn","lost","hard","melee_offense","30","Lost Soul","0","0","166","7","0","37","0","9","0","0","6","3","6","0","5","0","0","0","6","0","0","0","0","0","0","0"
"160362","Treld Bloodward","lost","hard","mixed","30","Lost Soul","0","0","146","6","0","41","47","3","0","4","0","0","0","0","6","4","0","0","0","0","0","0","0","0","0","0"
"160363","Elanren Mistsinger","lost","soft","mixed","30","Lost Soul","0","0","163","9","6","0","0","0","5","5","4","4","4","0","0","0","6","5","8","0","0","0","0","0","0","0"
"160373","Faelwyn Dawnborne","lost","soft","healer","30","Lost Soul","0","0","190","7","9","0","49","0","0","0","0","9","8","4","0","5","0","0","5","0","0","0","0","0","0","0"
"160374","Waelia Ashtouch","lost","soft","healer","30","Lost Soul","0","0","155","6","0","29","40","6","0","0","5","0","0","0","0","0","8","6","0","0","0","0","0","0","0","0"
"160390","Kiran Swiftmark","lost","soft","mixed","30","Lost Soul","0","0","161","6","7","33","40","6","0","0","7","0","0","0","0","0","0","0","5","0","0","0","0","0","0","0"
"160397","Jareth Windflame the Gifted","lost","soft","caster","30","Lost Soul","0","0","190","7","8","38","38","0","0","0","0","0","6","6","6","0","0","8","0","0","0","0","0","0","0","0"
"160410","Seren Calmshade","lost","soft","caster","30","Lost Soul","0","0","203","8","4","44","38","5","7","0","0","7","0","0","6","0","0","0","5","0","0","0","0","0","0","0"
"160411","Finnian Flintbrow","lost","hard","melee_defense","30","Lost Soul","0","0","191","9","7","38","0","5","5","6","0","2","0","0","6","0","6","8","0","0","0","0","0","0","0","0"
"160415","Valdis Ashspite","lost","hard","melee_defense","30","Lost Soul","0","0","151","6","9","45","0","0","7","6","0","0","0","0","0","0","3","6","0","0","0","0","0","0","0","0"
"160430","Torv Stonefist","lost","hard","melee_defense","30","Lost Soul","0","0","259","10","6","51","0","0","8","4","8","6","5","0","0","0","7","8","7","0","0","0","0","0","0","0"
"160450","Brenna Moonborn","lost","soft","healer","30","Lost Soul","2343","0","160","7","0","40","28","0","6","0","0","4","0","7","0","0","0","5","3","0","0","0","0","0","0","0"
"160497","Valeria Paleflame","lost","soft","mixed","30","Lost Soul","0","0","192","9","6","0","0","7","7","6","0","0","5","5","7","7","4","0","0","0","0","0","0","0","0","0"
"160521","Elan Palebrook","lost","soft","mixed","30","Lost Soul","0","0","218","9","7","33","48","3","0","6","0","0","7","4","0","7","0","5","0","0","0","0","0","0","0","0"
"160522","Tandiraara Valemantle","lost","soft","caster","30","Lost Soul","0","0","180","9","0","0","40","6","5","0","0","6","5","4","3","0","0","6","3","0","0","0","0","0","0","0"
"160527","Brakull Fellcloak","lost","hard","melee_defense","30","Lost Soul","0","0","175","9","3","0","0","9","6","7","6","3","0","0","0","3","0","7","4","0","0","0","0","0","0","0"
"160550","Kiran Sageborne","lost","soft","caster","30","Lost Soul","2367","0","209","9","9","0","43","5","6","0","0","0","5","6","0","6","5","6","0","0","0","0","0","0","0","0"
"160556","Lainlen Calmwater","lost","soft","healer","30","Lost Soul","0","0","147","8","0","0","28","3","2","0","0","6","0","6","6","5","6","0","0","0","0","0","0","0","0","0"
"160563","Saelmir Clearhollow","lost","soft","healer","30","Lost Soul","0","0","173","6","7","48","39","0","8","0","6","0","0","0","0","0","3","0","0","0","0","0","0","0","0","0"
"160564","Korvoltoth Galekeep","lost","hard","melee_defense","30","Lost Soul","0","0","221","10","8","39","0","8","2","0","4","8","7","0","0","2","5","0","7","0","0","0","0","0","0","0"
"160571","Maren Ashborn","lost","soft","caster","30","Lost Soul","0","0","177","7","0","23","44","0","5","0","0","0","5","7","0","0","7","0","7","0","0","0","0","0","0","0"
"160581","Breliyn Emberbloom","lost","soft","caster","30","Lost Soul","2349","0","181","7","0","0","41","5","7","0","0","0","8","6","0","5","0","0","7","0","0","0","0","0","0","0"
"160583","Tand Loremantle the Far-Sighted","lost","soft","caster","30","Lost Soul","0","0","206","8","8","0","50","0","7","0","5","0","6","6","4","0","0","8","0","0","0","0","0","0","0","0"
"160597","Soren Slatespite","lost","hard","melee_offense","30","Lost Soul","0","0","216","9","6","31","38","6","7","6","5","0","0","0","0","7","0","0","4","0","0","0","0","0","0","0"
"160599","Hordent Stormblade","lost","hard","melee_offense","30","Lost Soul","0","0","209","9","2","34","0","0","9","6","5","8","0","0","8","0","6","0","5","0","0","0","0","0","0","0"
"160601","Gorv Dirkvein","restless","hard","melee_defense","30","Restless Soul","0","0","169","11","4","28","0","4","5","4","1","4","0","0","4","0","7","4","4","0","0","0","0","0","0","0"
"160606","Paldordane Darkedge","restless","hard","melee_defense","30","Restless Soul","0","0","212","10","5","35","0","6","7","5","5","7","0","0","4","0","3","0","7","0","0","0","0","0","0","0"
"160608","Waeliel Calmbrook","restless","soft","caster","30","Restless Soul","0","0","201","12","6","25","0","3","6","0","2","4","4","7","5","5","3","0","5","0","0","0","0","0","0","0"
"160613","Faelaraora Veilflame","restless","soft","healer","30","Restless Soul","0","0","174","9","5","45","27","2","5","0","0","0","7","4","0","0","0","3","2","0","0","0","0","0","0","0"
"160617","Roth Dreadcrest","restless","hard","melee_offense","30","Restless Soul","0","0","209","11","0","47","0","4","8","1","5","7","5","0","6","3","0","1","4","0","0","0","0","0","0","0"
"160623","Caeloraari Brightwalker","restless","soft","healer","30","Restless Soul","0","0","216","11","0","24","36","5","6","0","5","3","0","5","6","3","7","4","0","0","0","0","0","0","0","0"
"160628","Saelellael Sageweave","restless","soft","healer","30","Restless Soul","0","0","160","8","0","0","33","7","7","0","5","3","0","0","0","5","5","3","0","0","0","0","0","0","0","0"
"160630","Torv Axekeep","restless","hard","melee_defense","30","Restless Soul","0","0","137","9","7","0","0","6","3","6","1","4","0","0","3","5","0","0","4","0","0","0","0","0","0","0"
"160670","Veran Bloodkeep","restless","hard","melee_offense","30","Restless Soul","0","0","202","11","4","29","0","2","4","7","8","5","0","0","3","0","6","4","6","0","0","0","0","0","0","0"
"160698","Galdilkold Grimborn","restless","hard","melee_offense","30","Restless Soul","0","0","176","9","0","42","0","3","5","4","0","8","6","0","2","0","5","3","0","0","0","0","0","0","0","0"
"160711","Veran the Weaver","found","soft","caster","30","Found Soul","2340","0","145","9","3","0","26","0","5","0","3","0","3","6","0","8","0","4","2","0","0","0","0","0","0","0"
"160734","Threnull Stoneblade","found","hard","melee_offense","30","Found Soul","0","0","166","12","5","0","0","2","4","5","3","5","3","0","7","5","4","4","1","0","0","0","0","0","0","0"
"160739","Sikor Ironforge","found","hard","melee_offense","30","Found Soul","0","0","184","10","0","35","0","5","4","5","6","3","0","0","0","6","8","1","4","0","0","0","0","0","0","0"
"160006","Harvor Stoneborn","lost","hard","melee_offense","40","Lost Soul","0","0","232","7","11","61","0","9","9","0","6","0","0","0","0","5","9","0","0","0","0","0","0","0","0","0"
"160007","Orin Lightmark","lost","soft","healer","40","Lost Soul","0","0","211","7","9","0","55","8","9","0","0","7","0","0","0","0","5","6","0","0","0","0","0","0","0","0"
"160011","Nolan Grimfall","lost","hard","melee_offense","40","Lost Soul","0","0","318","11","0","53","0","9","6","7","6","8","7","0","11","10","0","6","4","0","0","0","0","0","0","0"
"160021","Edric Grimhide","lost","hard","melee_defense","40","Lost Soul","0","0","305","11","11","40","0","8","7","8","9","0","8","0","0","5","7","7","5","0","0","0","0","0","0","0"
"160022","Gareth Emberdrift","lost","soft","healer","40","Lost Soul","0","0","256","9","0","45","31","7","10","0","0","8","11","0","0","3","5","0","4","0","0","0","0","0","0","0"
"160045","Tael Glenwater","lost","soft","mixed","40","Lost Soul","0","0","250","8","0","61","0","10","0","7","7","0","6","0","0","8","0","5","10","0","0","0","0","0","0","0"
"160054","Grenenkath Swordedge","lost","hard","melee_offense","40","Lost Soul","0","0","219","8","8","54","0","8","0","7","3","6","0","0","0","0","10","0","5","0","0","0","0","0","0","0"
"160059","Corin Galewall","lost","hard","melee_offense","40","Lost Soul","0","0","231","8","0","47","0","0","8","6","11","3","0","0","9","0","8","7","0","0","0","0","0","0","0","0"
"160080","Isanuna Loresinger","lost","soft","healer","40","Lost Soul","0","0","292","9","4","34","56","0","0","0","12","10","8","7","8","6","0","0","0","0","0","0","0","0","0","0"
"160085","Naliia Glenmantle","lost","soft","healer","40","Lost Soul","0","0","258","7","0","43","61","7","7","0","0","0","0","11","8","0","0","0","10","0","0","0","0","0","0","0"
"160086","Ulvurull Flintpeak","lost","hard","melee_defense","40","Lost Soul","0","0","343","11","6","71","0","5","6","7","10","0","7","0","10","10","0","9","9","0","0","0","0","0","0","0"
"160087","Lirath Lorebrook","lost","soft","caster","40","Lost Soul","2334","0","229","6","0","53","62","8","0","0","0","0","0","4","11","0","11","0","0","0","0","0","0","0","0","0"
"160089","Berek Slatevein","lost","hard","melee_defense","40","Lost Soul","0","0","275","8","8","72","0","0","9","7","11","8","0","0","0","8","0","0","5","0","0","0","0","0","0","0"
"160092","Grenash Axeblade","lost","hard","mixed","40","Lost Soul","0","0","297","9","0","59","50","12","0","7","7","3","0","0","0","0","7","6","11","0","0","0","0","0","0","0"
"160118","Valdis Fellvale","lost","hard","melee_offense","40","Lost Soul","0","0","297","9","9","58","0","6","10","8","0","0","11","0","0","10","0","5","9","0","0","0","0","0","0","0"
"160122","Greym Stonehide","lost","hard","melee_defense","40","Lost Soul","0","0","243","8","6","68","0","0","5","5","8","10","0","0","0","8","0","0","7","0","0","0","0","0","0","0"
"160124","Harvim Cragcrest","lost","hard","melee_offense","40","Lost Soul","0","0","345","11","0","54","0","8","10","11","7","9","6","0","8","0","5","9","7","0","0","0","0","0","0","0"
"160136","Wren","lost","soft","healer","40","Lost Soul","2334","0","263","8","0","47","43","0","9","0","0","5","8","10","0","0","10","0","5","0","0","0","0","0","0","0"
"160138","Kija Ashborn","lost","soft","caster","40","Lost Soul","0","0","305","10","5","35","70","8","6","0","8","0","0","7","0","11","6","6","0","0","0","0","0","0","0","0"
"160139","Scarbearer","lost","hard","melee_offense","40","Lost Soul","0","0","260","7","0","63","0","6","0","10","11","0","11","0","0","3","12","0","0","0","0","0","0","0","0","0"
"160145","Vraxane Warwall","lost","hard","melee_defense","40","Lost Soul","0","0","340","11","8","54","62","4","11","11","6","0","3","0","6","0","6","0","8","0","0","0","0","0","0","0"
"160147","Tharurom Stonekeep","lost","hard","melee_offense","40","Lost Soul","0","0","281","10","9","48","0","8","6","5","4","0","9","0","11","6","0","0","9","0","0","0","0","0","0","0"
"160149","Daeleth Runewalker","lost","soft","caster","40","Lost Soul","0","0","266","7","0","56","42","0","8","0","0","9","0","10","0","0","10","10","0","0","0","0","0","0","0","0"
"160158","Elowen Mistborne","lost","soft","healer","40","Lost Soul","0","0","292","9","11","54","22","8","0","0","0","6","7","12","0","7","10","0","0","0","0","0","0","0","0","0"
"160160","Caelin Mornvale","lost","soft","caster","40","Lost Soul","0","0","331","10","0","76","41","0","7","0","6","5","9","7","0","10","8","8","0","0","0","0","0","0","0","0"
"160172","Gorvus Blackridge","lost","hard","melee_defense","40","Lost Soul","0","0","301","10","12","65","0","5","7","7","7","0","6","0","10","6","8","0","0","0","0","0","0","0","0","0"
"160196","Vaelith Stillmere","lost","soft","healer","40","Lost Soul","2367","0","391","10","0","72","72","0","8","0","11","5","11","8","8","9","0","8","0","0","0","0","0","0","0","0"
"160212","Kijaovaiel Sageborne","lost","soft","caster","40","Lost Soul","2334","0","308","10","8","57","41","6","7","0","11","0","0","3","9","0","0","10","7","0","0","0","0","0","0","0"
"160221","Leoric Mistdrift","lost","soft","healer","40","Lost Soul","2340","0","225","9","0","0","33","0","7","0","5","7","7","7","0","7","9","0","4","0","0","0","0","0","0","0"
"160229","Draxane Fellshroud","lost","hard","melee_offense","40","Lost Soul","0","0","232","7","0","56","0","5","9","9","0","0","9","0","11","0","5","0","0","0","0","0","0","0","0","0"
"160230","Faranek Moonrise","lost","soft","healer","40","Lost Soul","0","0","260","7","11","56","39","0","10","0","0","0","11","0","0","5","0","11","0","0","0","0","0","0","0","0"
"160235","Jareth Clearborn","lost","soft","caster","40","Lost Soul","0","0","193","7","9","0","49","0","8","0","6","0","7","0","0","0","6","0","5","0","0","0","0","0","0","0"
"160241","Mordost Fellblade","lost","hard","melee_defense","40","Lost Soul","0","0","233","9","4","48","0","4","10","0","4","0","11","0","0","8","0","6","5","0","0","0","0","0","0","0"
"160245","Thren Ironridge","lost","hard","melee_defense","40","Lost Soul","0","0","238","9","0","39","41","10","0","7","0","6","3","0","7","5","0","0","6","0","0","0","0","0","0","0"
"160250","Draken Frostcrest","lost","hard","melee_offense","40","Lost Soul","0","0","333","11","9","53","0","5","8","8","8","8","0","0","9","0","11","8","7","0","0","0","0","0","0","0"
"160266","Winaia Brighthollow","lost","soft","healer","40","Lost Soul","0","0","292","9","0","58","45","0","11","0","0","4","10","8","3","7","0","9","0","0","0","0","0","0","0","0"
"160271","Hrath Fellcloak","lost","hard","melee_defense","40","Lost Soul","0","0","207","7","0","34","40","9","0","0","4","9","0","0","0","6","0","0","9","0","0","0","0","0","0","0"
"160277","Gorvus Dreadbrow","lost","hard","melee_offense","40","Lost Soul","0","0","310","11","8","54","0","8","8","8","5","8","0","0","0","5","12","7","4","0","0","0","0","0","0","0"
"160281","Gavin Darkpeak","lost","hard","melee_defense","40","Lost Soul","0","0","334","11","5","59","0","7","9","11","7","0","7","0","0","11","6","7","8","0","0","0","0","0","0","0"
"160286","Keld Dirkwall","lost","hard","melee_defense","40","Lost Soul","0","0","378","11","10","77","0","10","5","11","8","0","9","0","8","0","7","10","8","0","0","0","0","0","0","0"
"160287","Wulvan Warmark","lost","hard","melee_defense","40","Lost Soul","0","0","240","7","0","41","0","10","9","9","0","9","0","0","0","8","0","0","9","0","0","0","0","0","0","0"
"160289","Hadwin","lost","soft","caster","40","Lost Soul","0","0","295","10","0","0","60","6","5","0","0","9","7","10","7","5","9","8","0","0","0","0","0","0","0","0"
"160290","Nimue Everdrift","lost","soft","caster","40","Lost Soul","2340","0","194","6","10","0","68","0","6","0","0","0","0","9","0","0","3","0","9","0","0","0","0","0","0","0"
"160300","Maelwen Embermantle","lost","soft","healer","40","Lost Soul","2334","0","214","6","0","45","74","0","6","0","0","0","0","11","0","0","4","0","5","0","0","0","0","0","0","0"
"160301","Elyn Mornshade","lost","soft","healer","40","Lost Soul","0","0","347","11","0","0","74","7","4","0","9","5","9","8","7","0","8","10","10","0","0","0","0","0","0","0"
"160307","Aryn Everflame the Serene","lost","soft","healer","40","Lost Soul","0","0","309","9","10","52","48","6","11","0","0","10","8","0","8","0","5","0","0","0","0","0","0","0","0","0"
"160322","Waelath Lorebrook","lost","soft","caster","40","Lost Soul","0","0","280","9","0","0","54","10","10","0","0","5","9","6","5","10","0","7","0","0","0","0","0","0","0","0"
"160330","Theliire Starvale","lost","soft","caster","40","Lost Soul","0","0","305","9","0","46","61","0","7","0","8","0","8","7","9","10","7","0","0","0","0","0","0","0","0","0"
"160334","Kaelith Paleseeker","lost","soft","caster","40","Lost Soul","0","0","261","8","4","60","49","0","6","0","0","0","7","7","10","10","0","0","0","0","0","0","0","0","0","0"
"160336","Kaeliel Duskborne","lost","soft","caster","40","Lost Soul","2367","0","320","9","0","45","56","0","7","0","10","9","0","7","6","11","12","0","0","0","0","0","0","0","0","0"
"160341","Lyriiraire Morndrift","lost","soft","caster","40","Lost Soul","0","0","314","9","0","56","68","0","4","0","6","10","8","0","0","7","0","8","11","0","0","0","0","0","0","0"
"160350","Treldold Galebreaker","lost","hard","melee_defense","40","Lost Soul","0","0","362","11","9","73","0","9","6","9","9","0","10","0","6","0","10","8","6","0","0","0","0","0","0","0"
"160353","Zaela Loremark","lost","soft","caster","40","Lost Soul","0","0","349","10","4","70","64","8","0","0","0","5","11","8","7","10","0","8","0","0","0","0","0","0","0","0"
"160361","Soldem Scarbreaker","lost","hard","melee_offense","40","Lost Soul","0","0","248","8","12","42","0","9","8","0","8","10","0","0","4","0","0","6","0","0","0","0","0","0","0","0"
"160364","Valeria Everbrook","lost","soft","caster","40","Lost Soul","0","0","233","8","8","0","61","0","7","0","0","8","4","6","0","0","9","7","0","0","0","0","0","0","0","0"
"160375","Dorian","lost","hard","mixed","40","Lost Soul","0","0","280","9","0","48","0","9","8","0","9","0","8","9","5","6","0","9","0","0","0","0","0","0","0","0"
"160381","Harvarorm Grimspite","lost","hard","melee_offense","40","Lost Soul","0","0","284","9","0","32","0","9","11","7","9","9","0","0","8","0","9","7","0","0","0","0","0","0","0","0"
"160382","Gorv Grimcloak","lost","hard","melee_defense","40","Lost Soul","0","0","290","10","0","36","0","10","4","11","11","0","5","0","5","8","7","10","0","0","0","0","0","0","0","0"
"160384","Aldren Stormwall","lost","hard","melee_offense","40","Lost Soul","0","0","267","8","6","75","0","11","7","0","7","11","0","0","3","0","0","0","7","0","0","0","0","0","0","0"
"160386","Valdis Ashwall","lost","hard","melee_defense","40","Lost Soul","0","0","245","8","11","36","0","10","0","10","7","8","0","0","0","7","0","0","5","0","0","0","0","0","0","0"
"160392","Noriion Moonflame","lost","soft","healer","40","Lost Soul","2334","0","202","6","0","36","56","0","8","0","0","0","0","6","0","0","9","9","0","0","0","0","0","0","0","0"
"160395","Kael Dirkfist","lost","hard","melee_defense","40","Lost Soul","0","0","197","7","9","53","0","8","0","6","4","0","0","0","0","0","0","8","7","0","0","0","0","0","0","0"
"160399","Roth Grimborn","lost","hard","melee_defense","40","Lost Soul","0","0","268","11","6","31","0","7","7","7","0","3","6","0","11","8","10","4","0","0","0","0","0","0","0","0"
"160403","Celiyn Windvale","lost","soft","caster","40","Lost Soul","0","0","291","11","0","0","54","7","4","0","9","6","7","6","5","7","6","0","9","0","0","0","0","0","0","0"
"160406","Edric Windhaven","lost","soft","caster","40","Lost Soul","0","0","219","7","0","35","59","5","0","0","0","7","0","11","4","0","0","7","0","0","0","0","0","0","0","0"
"160407","Tael Calmshade","lost","soft","caster","40","Lost Soul","2334","0","220","7","12","0","57","7","6","0","0","0","0","6","0","0","0","7","10","0","0","0","0","0","0","0"
"160420","Zarvoth Warmark","lost","hard","melee_offense","40","Lost Soul","0","0","292","10","0","51","0","5","8","5","9","10","0","0","8","7","9","0","7","0","0","0","0","0","0","0"
"160427","Theli Morndrift","lost","soft","caster","40","Lost Soul","2346","0","236","8","0","0","48","9","0","0","0","3","6","11","6","10","0","8","0","0","0","0","0","0","0","0"
"160435","Aldric Swordshroud","lost","hard","melee_defense","40","Lost Soul","0","0","270","9","8","58","0","9","9","10","0","0","4","0","0","7","6","0","7","0","0","0","0","0","0","0"
"160439","Maren Axehand","lost","hard","melee_offense","40","Lost Soul","0","0","273","7","9","47","65","0","0","10","10","0","0","0","0","0","0","8","10","0","0","0","0","0","0","0"
"160447","Trelari Clearmark","lost","soft","healer","40","Lost Soul","0","0","270","8","0","55","55","10","6","0","0","8","0","4","0","7","0","0","9","0","0","0","0","0","0","0"
"160453","Noriiralen Stillwhisper","lost","soft","healer","40","Lost Soul","0","0","305","10","11","0","49","7","8","0","10","0","8","7","0","9","0","3","9","0","0","0","0","0","0","0"
"160455","Brakordon Flintpeak","lost","hard","melee_offense","40","Lost Soul","0","0","243","7","0","58","0","7","12","9","7","0","0","0","0","7","0","8","0","0","0","0","0","0","0","0"
"160457","Gorvan Bloodedge the Silent","lost","hard","mixed","40","Lost Soul","0","0","330","10","11","0","62","0","6","0","9","9","4","9","10","0","0","9","10","0","0","0","0","0","0","0"
"160498","Aeloriath Sagemere","lost","soft","caster","40","Lost Soul","0","0","348","10","0","66","42","8","12","0","4","0","8","7","0","10","10","0","8","0","0","0","0","0","0","0"
"160506","Aldren Dirkmark the Unbroken","lost","hard","melee_defense","40","Lost Soul","0","0","256","7","10","74","0","8","0","7","0","0","8","0","10","0","10","0","0","0","0","0","0","0","0","0"
"160514","Dorian Stormshroud","lost","hard","melee_offense","40","Lost Soul","0","0","265","9","6","0","0","9","7","9","6","9","0","0","0","12","8","9","0","0","0","0","0","0","0","0"
"160524","Veran Cragblade","lost","hard","melee_offense","40","Lost Soul","0","0","165","7","7","39","0","0","9","0","5","4","0","0","6","0","0","0","5","0","0","0","0","0","0","0"
"160525","Dravane Stoneblade","lost","hard","melee_defense","40","Lost Soul","0","0","204","8","0","50","0","0","3","7","7","0","5","0","9","0","7","0","6","0","0","0","0","0","0","0"
"160532","Waelion Clearflame","lost","soft","healer","40","Lost Soul","0","0","281","9","0","39","44","0","9","0","10","7","0","7","0","0","6","10","6","0","0","0","0","0","0","0"
"160534","Skeldem Boneforge","lost","hard","melee_offense","40","Lost Soul","0","0","253","8","0","50","0","9","0","10","10","9","0","0","0","0","4","5","8","0","0","0","0","0","0","0"
"160535","Zarveldent Gravesworn","lost","hard","melee_defense","40","Lost Soul","0","0","396","11","8","67","0","12","0","9","8","9","12","0","10","8","8","0","9","0","0","0","0","0","0","0"
"160536","Oswin Tidemantle","lost","soft","healer","40","Lost Soul","0","0","291","8","8","63","33","7","0","0","0","10","0","10","0","0","0","10","11","0","0","0","0","0","0","0"
"160545","Theron Duskhide","lost","hard","melee_defense","40","Lost Soul","0","0","246","8","9","45","0","7","10","10","0","0","3","0","0","0","11","7","0","0","0","0","0","0","0","0"
"160546","Kiran","lost","soft","healer","40","Lost Soul","0","0","283","8","0","52","70","0","9","0","0","4","8","8","0","0","8","0","7","0","0","0","0","0","0","0"
"160558","Thalindra Emberwhisper","lost","soft","caster","40","Lost Soul","2349","0","288","9","0","55","33","0","8","0","0","6","8","10","0","8","8","0","8","0","0","0","0","0","0","0"
"160559","Galdold Coldfist the Vigilant","lost","hard","melee_defense","40","Lost Soul","0","0","262","8","9","67","0","8","7","6","9","0","0","0","11","0","0","5","0","0","0","0","0","0","0","0"
"160565","Declan Galespite","lost","hard","melee_offense","40","Lost Soul","0","0","305","10","0","64","0","7","7","7","9","0","7","0","8","4","9","0","10","0","0","0","0","0","0","0"
"160575","Serafin Lorerise","lost","soft","caster","40","Lost Soul","0","0","225","7","12","64","41","10","0","0","5","0","0","0","0","0","0","5","3","0","0","0","0","0","0","0"
"160585","Harvastane Stormmark","lost","hard","melee_defense","40","Lost Soul","0","0","276","9","0","45","0","7","6","8","0","12","9","0","8","6","0","7","0","0","0","0","0","0","0","0"
"160602","Nimue Moonborne","restless","soft","healer","40","Restless Soul","0","0","289","9","0","39","53","11","10","0","7","0","0","7","5","0","0","6","8","0","0","0","0","0","0","0"
"160616","Elyse Calmrise","restless","soft","caster","40","Restless Soul","0","0","306","11","0","29","58","0","5","0","7","9","8","7","6","7","6","6","0","0","0","0","0","0","0","0"
"160632","Neryn Ashseeker","restless","soft","caster","40","Restless Soul","0","0","358","13","10","50","40","6","5","0","6","4","9","7","7","7","10","6","0","0","0","0","0","0","0","0"
"160640","Mirenani Swiftrise","restless","soft","caster","40","Restless Soul","0","0","269","10","0","0","42","6","7","0","7","0","9","9","5","8","7","0","5","0","0","0","0","0","0","0"
"160643","Paldarnen Bonesworn","restless","hard","melee_offense","40","Restless Soul","0","0","273","11","4","0","0","4","6","5","8","10","9","0","10","4","0","9","8","0","0","0","0","0","0","0"
"160645","Lendornus Dirkbrow","restless","hard","melee_offense","40","Restless Soul","0","0","306","12","8","41","0","6","10","8","6","6","7","0","4","8","7","4","0","0","0","0","0","0","0","0"
"160647","Hrath Swordfall","restless","hard","melee_offense","40","Restless Soul","0","0","342","11","8","49","0","0","10","10","8","10","9","0","7","4","8","8","0","0","0","0","0","0","0","0"
"160649","Falk Grimfist the Relentless","restless","hard","melee_offense","40","Restless Soul","0","0","236","9","0","32","0","7","7","6","6","7","0","0","8","10","0","0","6","0","0","0","0","0","0","0"
"160654","Taeleth Everdrift","restless","soft","caster","40","Restless Soul","0","0","247","9","9","42","22","7","7","0","0","0","7","9","5","7","0","0","0","0","0","0","0","0","0","0"
"160656","Ivar Grimvale the Bold","restless","hard","melee_offense","40","Restless Soul","0","0","340","12","9","52","0","8","6","8","8","8","7","0","6","6","0","7","8","0","0","0","0","0","0","0"
"160659","Elan Mornwalker","restless","soft","caster","40","Restless Soul","0","0","320","12","0","48","33","7","6","0","8","9","5","3","6","0","9","8","6","0","0","0","0","0","0","0"
"160665","Aelia Brightsinger","restless","soft","caster","40","Restless Soul","2367","0","263","9","7","53","38","0","6","0","0","5","7","7","9","8","0","0","0","0","0","0","0","0","0","0"
"160680","Kiran Sagehollow","restless","soft","healer","40","Restless Soul","2340","0","309","11","0","0","50","10","8","0","8","4","8","5","4","0","5","10","10","0","0","0","0","0","0","0"
"160682","Aldakoth Dreadcrest","restless","hard","melee_defense","40","Restless Soul","0","0","329","11","10","46","0","10","8","7","8","7","0","0","5","8","0","8","10","0","0","0","0","0","0","0"
"160728","Nalieniyn Everdrift","found","soft","mixed","40","Found Soul","0","0","286","13","0","41","39","2","5","6","3","6","6","4","9","5","8","4","0","0","0","0","0","0","0","0"
"160735","Zaelaraora Ashweave","found","soft","mixed","40","Found Soul","0","0","296","14","6","32","0","6","4","5","4","7","6","7","7","4","5","7","7","0","0","0","0","0","0","0"
"160742","Faranek Bloodwall","found","hard","melee_defense","40","Found Soul","0","0","258","12","6","32","0","5","5","6","4","4","4","0","8","0","8","7","9","0","0","0","0","0","0","0"
"160743","Gorv","found","hard","melee_defense","40","Found Soul","0","0","263","11","0","46","0","8","4","3","5","8","6","0","5","0","7","7","8","0","0","0","0","0","0","0"
"160012","Lirath Loreshade","lost","soft","caster","50","Lost Soul","0","0","406","9","11","82","90","8","0","0","0","11","7","0","0","0","10","9","0","5","0","0","0","0","0","0"
"160016","Zaelorn Brightsinger","lost","soft","caster","50","Lost Soul","0","0","501","12","0","0","45","0","12","0","8","14","9","10","9","11","13","11","0","0","0","0","7","0","0","7"
"160026","Breliara Clearbloom","lost","soft","healer","50","Lost Soul","0","0","346","8","0","54","75","0","10","0","0","12","0","10","0","10","0","0","9","0","0","0","0","0","0","4"
"160030","Lyria Windbrook","lost","soft","caster","50","Lost Soul","2347","0","292","6","9","59","53","0","0","0","0","13","0","14","0","0","0","15","0","0","0","0","0","0","0","0"
"160037","Vrek Craghide","lost","hard","melee_defense","50","Lost Soul","0","0","296","7","11","0","0","11","15","12","0","0","12","0","0","9","12","0","0","0","0","0","0","0","0","0"
"160047","Rhian Dawnmere","lost","soft","healer","50","Lost Soul","0","0","342","8","0","0","65","0","7","0","16","9","0","14","0","12","11","8","0","0","0","0","0","0","0","0"
"160051","Durk Bloodmark","lost","hard","melee_defense","50","Lost Soul","0","0","348","8","0","39","0","14","14","9","0","0","15","0","8","0","0","15","0","0","4","0","0","0","0","0"
"160053","Leoric Stonehold","lost","hard","melee_offense","50","Lost Soul","0","0","532","13","0","44","0","8","11","12","13","10","10","0","0","7","15","14","12","7","0","0","0","4","0","0"
"160057","Tharash Duskward","lost","hard","melee_offense","50","Lost Soul","0","0","395","9","8","76","0","9","0","12","0","12","13","0","10","15","0","12","0","0","0","0","0","0","0","0"
"160060","Aela","lost","soft","healer","50","Lost Soul","2338","0","311","6","0","74","80","0","14","0","0","8","0","0","0","0","11","12","0","0","0","0","0","0","0","0"
"160061","Korvorm Grimwall","lost","hard","melee_defense","50","Lost Soul","0","3896","465","12","0","56","0","9","11","14","10","0","11","0","0","12","12","10","13","0","4","2","0","0","0","0"
"160062","Lainlis Swifthollow","lost","soft","healer","50","Lost Soul","0","0","409","9","0","62","77","0","14","0","0","12","8","12","0","10","0","8","0","0","4","0","0","0","0","0"
"160069","Rael Sagesong","lost","soft","healer","50","Lost Soul","2344","0","332","7","0","76","60","0","7","0","9","0","0","15","0","0","0","12","12","0","0","0","0","0","0","0"
"160071","Naelani Duskmere","lost","soft","healer","50","Lost Soul","0","0","618","14","0","45","56","10","0","0","10","15","9","11","12","15","0","11","13","7","0","0","0","5","6","0"
"160074","Gaeluna Veilbrook","lost","soft","healer","50","Lost Soul","0","0","392","9","0","0","59","12","13","0","0","9","0","10","7","0","14","0","10","0","8","0","0","0","0","0"
"160078","Brelora Ashbloom the Compassionate","lost","soft","healer","50","Lost Soul","0","0","335","7","13","55","70","0","13","0","0","0","0","11","13","12","0","0","0","0","0","0","0","0","0","0"
"160100","Kaelwen Runeflame","lost","soft","mixed","50","Lost Soul","0","0","323","7","11","76","0","13","13","0","0","14","0","0","0","0","0","6","12","0","0","0","0","0","0","0"
"160105","Gorv Coldridge","lost","hard","melee_offense","50","Lost Soul","0","0","386","9","0","63","54","12","10","14","8","0","0","0","12","9","0","0","10","0","0","0","0","0","0","0"
"160110","Lyriion Clearwhisper","lost","soft","mixed","50","Lost Soul","0","0","498","11","10","41","41","14","12","0","0","12","14","0","12","12","14","0","0","0","0","0","0","0","8","0"
"160114","Gaelel Loreborn","lost","soft","healer","50","Lost Soul","0","0","426","9","10","0","93","0","0","0","6","13","10","13","0","0","15","14","0","0","0","0","0","0","6","0"
"160119","Pelian Dirkmantle","lost","hard","melee_defense","50","Lost Soul","0","3892","416","9","12","86","0","14","8","12","13","0","0","0","8","0","0","0","6","0","0","0","8","0","0","0"
"160126","Thren Duskfall","lost","hard","melee_offense","50","Lost Soul","0","3892","420","11","15","81","62","8","5","0","5","11","0","0","8","0","6","14","0","0","0","0","4","0","0","0"
"160129","Zornem Duskridge","lost","hard","melee_offense","50","Lost Soul","0","0","371","8","9","79","0","9","15","9","0","0","0","0","0","9","14","0","0","8","0","0","0","0","0","0"
"160140","Brenarnan Fellwall","lost","hard","melee_offense","50","Lost Soul","0","0","502","11","0","71","0","8","11","10","13","16","0","0","14","11","14","14","0","5","0","0","0","0","0","0"
"160151","Mirenia Sageglass","lost","soft","healer","50","Lost Soul","0","0","392","9","0","57","73","0","0","0","10","13","11","9","12","0","10","0","8","0","0","0","0","0","0","0"
"160153","Hrathent Darkhold","lost","hard","melee_offense","50","Lost Soul","0","0","425","11","9","49","53","12","0","13","7","0","15","0","0","13","8","7","0","0","0","3","0","0","0","0"
"160171","Theli Mistmantle","lost","soft","healer","50","Lost Soul","0","0","293","7","0","0","46","10","12","0","0","13","0","11","0","0","9","12","0","0","0","0","0","0","0","0"
"160178","Treldorm Dreadhold","lost","hard","melee_offense","50","Lost Soul","0","0","483","12","7","0","0","9","11","13","13","0","11","0","0","13","14","0","11","0","6","3","6","0","0","0"
"160186","Warvenkold Ironwall","lost","hard","melee_offense","50","Lost Soul","0","0","419","8","0","85","0","8","0","14","13","0","14","0","7","0","0","0","15","0","0","9","0","0","0","0"
"160188","Dravus Blackcloak","lost","hard","mixed","50","Lost Soul","0","0","529","12","0","57","61","14","9","10","0","0","13","14","14","0","8","11","0","6","0","0","0","0","0","3"
"160189","Brondull Coldedge","lost","hard","melee_offense","50","Lost Soul","0","3892","417","10","11","73","0","10","11","12","8","0","0","0","14","0","12","15","0","3","0","0","0","0","0","0"
"160190","Borin Stormpeak","lost","hard","melee_offense","50","Lost Soul","0","0","375","8","9","60","0","14","12","12","0","0","0","0","0","12","12","0","0","0","8","0","0","0","0","0"
"160194","Warvornane Helmridge","lost","hard","melee_defense","50","Lost Soul","0","0","359","9","11","68","0","0","8","11","15","5","0","0","0","13","13","0","8","0","0","0","0","0","0","0"
"160203","Miren Emberward","lost","soft","mixed","50","Lost Soul","0","0","535","12","0","62","68","8","6","0","15","0","12","0","12","0","7","0","0","8","4","0","7","0","4","0"
"160206","Grenineld Darkfall","lost","hard","melee_offense","50","Lost Soul","0","3896","392","9","0","80","0","11","0","13","0","11","11","0","13","10","9","0","0","4","0","0","0","0","0","0"
"160208","Isilith Dawnwhisper","lost","soft","healer","50","Lost Soul","0","0","386","8","0","75","88","0","9","0","0","10","0","7","15","0","0","14","0","0","0","0","0","0","0","4"
"160209","Treld Ashedge","lost","hard","melee_defense","50","Lost Soul","0","0","401","8","13","87","0","12","11","0","0","0","11","0","0","12","13","0","0","8","0","0","0","0","0","0"
"160213","Celia Valebrook","lost","soft","mixed","50","Lost Soul","0","0","375","9","11","60","42","0","10","6","0","16","0","10","0","11","0","0","13","0","0","0","0","0","0","0"
"160219","Korvent Bonekeep","lost","hard","melee_defense","50","Lost Soul","0","3889","458","11","14","68","0","14","7","15","10","0","0","0","13","7","0","8","0","0","5","0","5","0","0","0"
"160224","Faranek Helmridge","lost","hard","mixed","50","Lost Soul","0","0","594","13","13","74","0","14","14","0","0","6","14","8","11","15","15","0","10","0","7","0","0","6","0","0"
"160231","Brak Duskmantle","lost","hard","melee_offense","50","Lost Soul","0","0","559","12","8","93","0","7","15","14","7","16","0","0","0","14","12","12","12","0","0","0","7","0","0","0"
"160236","Isara","lost","soft","caster","50","Lost Soul","2347","0","337","7","0","48","67","0","0","0","0","0","13","12","0","0","12","10","0","0","0","0","0","0","0","7"
"160238","Kiran Blackmantle","lost","hard","melee_defense","50","Lost Soul","0","0","311","8","5","63","0","11","10","9","0","0","0","0","0","0","9","0","10","7","0","0","0","0","0","0"
"160246","Celimir Sagedrift the Faithful","lost","soft","healer","50","Lost Soul","0","0","397","8","13","94","67","6","0","0","0","12","11","0","0","14","13","0","0","0","0","0","0","0","0","0"
"160253","Kador Cragkeep the Stalwart","lost","hard","melee_defense","50","Lost Soul","0","0","380","9","12","71","0","0","12","9","15","15","0","0","8","7","0","0","8","0","0","0","0","0","0","0"
"160258","Harvost Frostward","lost","hard","melee_offense","50","Lost Soul","0","3886","428","10","12","62","0","10","11","7","0","0","10","0","14","0","0","13","11","0","0","8","0","0","0","0"
"160260","Velenren Emberkeeper","lost","soft","healer","50","Lost Soul","2338","0","517","12","0","49","62","0","9","0","9","11","11","10","11","0","16","0","7","0","0","0","0","0","6","7"
"160264","Hrath Scarbreaker","lost","hard","melee_defense","50","Lost Soul","0","0","355","8","12","38","75","13","10","0","0","0","0","0","0","0","10","0","12","0","6","0","0","0","0","0"
"160265","Helkund Galekeep","lost","hard","melee_offense","50","Lost Soul","0","0","290","7","13","63","0","6","14","0","0","9","0","0","0","14","0","10","0","0","0","0","0","0","0","0"
"160267","Cassin Flintfall","lost","hard","melee_defense","50","Lost Soul","0","0","460","10","11","70","0","15","0","12","15","15","0","0","0","0","12","11","12","0","0","0","0","3","0","0"
"160270","Faolan Dirkmark","lost","hard","melee_defense","50","Lost Soul","0","3889","385","10","10","67","0","12","0","8","12","0","11","0","11","10","0","0","7","0","0","0","0","0","4","0"
"160276","Aldren Dreadwall","lost","hard","melee_offense","50","Lost Soul","0","0","364","9","6","73","0","11","12","12","0","0","7","0","0","0","10","16","9","0","0","0","0","0","0","0"
"160278","Mirenwyn Brightmere","lost","soft","caster","50","Lost Soul","0","0","415","8","10","80","77","11","0","0","0","14","11","0","0","0","0","14","14","0","0","0","0","0","0","0"
"160294","Celiora Swiftseeker","lost","soft","healer","50","Lost Soul","0","0","372","8","0","68","70","12","10","0","0","13","0","10","0","0","10","0","8","0","0","0","0","0","0","0"
"160299","Celiessaia Emberward","lost","soft","healer","50","Lost Soul","2341","0","341","9","10","0","62","0","8","0","7","12","0","12","0","0","12","9","10","0","0","0","0","0","0","0"
"160302","Zorn Ironforge","lost","hard","melee_defense","50","Lost Soul","0","0","558","12","0","71","0","12","9","0","13","15","14","0","0","14","5","6","0","8","0","0","4","0","8","0"
"160308","Laelire Calmborne the Kind","lost","soft","healer","50","Lost Soul","0","0","422","10","13","0","58","0","13","0","0","11","9","8","0","13","0","14","0","0","7","0","0","3","0","0"
"160310","Vraxorm Flintfist","lost","hard","melee_defense","50","Lost Soul","0","0","352","8","14","72","0","7","7","0","10","0","0","0","14","12","0","0","0","8","0","0","0","0","0","0"
"160316","Declan Grimvein","lost","hard","melee_offense","50","Lost Soul","0","0","350","10","0","32","0","8","12","0","7","13","10","0","0","12","0","8","14","0","0","0","0","0","2","0"
"160320","Vaeliraith Cleartouch","lost","soft","caster","50","Lost Soul","0","0","525","12","0","55","76","0","7","0","14","10","14","10","12","0","9","13","8","0","0","0","0","0","0","6"
"160345","Kijalen Clearwhisper","lost","soft","caster","50","Lost Soul","2347","0","401","9","0","80","63","7","12","0","0","0","8","9","0","0","11","11","0","0","0","0","0","0","6","0"
"160346","Waeleth Moonsinger","lost","soft","caster","50","Lost Soul","2350","0","257","6","13","0","42","0","0","0","0","13","13","0","0","14","0","10","0","0","0","0","0","0","0","0"
"160347","Gaelel Calmhollow","lost","soft","caster","50","Lost Soul","0","0","379","8","0","66","54","0","12","0","0","0","14","8","0","13","0","12","0","0","0","0","0","0","0","6"
"160348","Xeldim Darkshroud","lost","hard","melee_defense","50","Lost Soul","0","0","403","10","13","50","0","10","10","13","11","9","0","0","9","0","0","13","12","0","0","0","0","0","0","0"
"160349","Sumiinath Lorehollow","lost","soft","caster","50","Lost Soul","0","0","561","12","0","73","82","0","14","0","15","13","9","11","9","13","0","0","12","0","2","0","0","0","0","5"
"160359","Narvilkoth Axeedge","lost","hard","melee_offense","50","Lost Soul","0","0","321","7","13","87","0","0","11","0","13","9","0","0","0","0","0","12","9","0","0","0","0","0","0","0"
"160370","Faera Paleseeker","lost","soft","caster","50","Lost Soul","0","0","453","10","0","0","66","0","13","0","13","6","16","0","0","0","10","11","12","0","5","0","7","0","0","0"
"160376","Soren Calmshade","lost","soft","caster","50","Lost Soul","2335","0","382","9","0","0","73","11","11","0","14","0","11","0","11","0","10","0","14","2","0","0","0","0","0","0"
"160377","Cassin Galespite the Resolute","lost","hard","melee_defense","50","Lost Soul","0","0","482","12","0","72","0","11","11","13","9","10","10","0","10","5","13","0","10","0","0","5","0","0","0","0"
"160380","Lyra Stillhaven","lost","soft","caster","50","Lost Soul","0","0","500","12","0","77","55","10","8","0","9","0","10","12","0","12","7","12","13","5","0","0","0","0","0","0"
"160388","Galdenkash Cragmark","lost","hard","melee_defense","50","Lost Soul","0","3892","231","6","0","46","0","0","10","0","9","10","0","0","0","0","9","14","0","0","0","0","0","0","0","0"
"160391","Gaellis Ashweave","lost","soft","healer","50","Lost Soul","0","0","273","7","11","38","52","12","0","0","0","12","0","0","12","0","6","0","0","0","0","0","0","0","0","0"
"160393","Threnarem Slatehold","lost","hard","melee_defense","50","Lost Soul","0","0","359","9","0","38","0","8","13","0","11","12","10","0","12","0","9","0","14","0","0","0","0","0","0","0"
"160414","Wulf Galeforge","lost","hard","melee_defense","50","Lost Soul","0","0","430","9","0","72","0","13","14","13","9","0","0","0","13","0","0","0","9","0","0","6","6","0","0","0"
"160416","Declan Silverwhisper","lost","soft","mixed","50","Lost Soul","0","0","511","10","12","71","70","0","0","11","14","12","13","0","12","0","0","14","0","0","0","7","0","0","0","0"
"160419","Isilel Swiftsinger","lost","soft","caster","50","Lost Soul","2335","0","413","9","0","88","61","0","13","0","9","0","13","7","0","12","0","0","12","0","3","0","0","0","0","0"
"160421","Maren Valedrift","lost","soft","healer","50","Lost Soul","0","0","325","7","0","0","67","0","9","0","11","12","0","13","11","0","0","15","0","0","0","0","0","0","0","0"
"160422","Orla Swiftmantle","lost","soft","caster","50","Lost Soul","0","0","483","10","13","0","80","15","14","0","14","0","0","12","6","12","0","14","0","0","0","0","6","0","0","0"
"160423","Cormac Blackfall the Fortified","lost","hard","melee_defense","50","Lost Soul","0","0","457","11","13","47","0","9","12","15","12","8","0","0","0","5","7","0","13","0","0","9","0","0","0","0"
"160432","Selara Mornmantle","lost","soft","caster","50","Lost Soul","2347","0","391","8","0","0","75","0","11","0","12","13","13","0","0","15","14","0","11","0","0","0","0","0","0","0"
"160433","Breneldyn Blackhide","lost","hard","melee_offense","50","Lost Soul","0","3896","419","9","0","0","87","10","12","12","14","0","0","0","0","10","0","10","16","4","0","0","0","0","0","0"
"160434","Fenara Stillsinger","lost","soft","caster","50","Lost Soul","0","0","492","10","11","92","62","14","13","0","9","0","0","15","0","0","7","8","0","0","0","0","7","0","0","0"
"160443","Naliiraorn Mistwhisper","lost","soft","healer","50","Lost Soul","0","0","588","13","0","0","76","0","14","0","8","6","14","15","13","6","10","0","15","0","7","0","0","0","6","6"
"160445","Davan Swiftwhisper","lost","soft","caster","50","Lost Soul","0","0","492","12","0","0","63","8","8","0","9","14","13","8","14","13","13","0","7","0","0","0","6","0","0","0"
"160454","Draxok Dreadridge","lost","hard","melee_offense","50","Lost Soul","0","0","450","10","9","65","0","12","7","11","15","0","0","0","0","0","11","0","11","7","0","0","7","0","0","0"
"160456","Rowan Stormblade","lost","hard","melee_defense","50","Lost Soul","0","0","458","10","9","49","0","11","13","16","15","15","0","0","9","0","0","11","14","0","0","0","0","0","0","0"
"160467","Breli Lightsong","lost","soft","healer","50","Lost Soul","2344","0","389","8","0","0","88","0","0","0","16","13","10","9","7","0","0","16","0","0","0","0","0","0","0","5"
"160470","Lain Stillhaven","lost","soft","healer","50","Lost Soul","0","0","438","11","11","0","51","11","8","0","0","10","12","7","11","12","15","0","0","6","0","0","0","0","0","0"
"160471","Drax Galepeak","lost","hard","melee_defense","50","Lost Soul","0","0","452","10","11","76","0","12","11","11","0","15","12","0","0","14","10","0","9","0","0","0","0","0","0","0"
"160472","Thren Slatemantle","lost","hard","melee_offense","50","Lost Soul","0","0","284","7","0","86","0","7","8","0","5","13","0","0","0","0","12","10","0","0","0","0","0","0","0","0"
"160475","Theliani Starbloom","lost","soft","healer","50","Lost Soul","0","0","576","11","12","89","61","12","14","0","0","14","0","13","0","10","12","0","0","7","7","0","0","0","0","0"
"160478","Treld Frostblade","lost","hard","melee_offense","50","Lost Soul","0","0","416","9","11","66","0","13","0","13","10","0","14","0","0","0","0","8","15","0","0","0","0","0","6","0"
"160481","Vrax Dreadhand","lost","hard","melee_defense","50","Lost Soul","0","0","373","8","7","53","90","0","11","0","12","0","0","0","11","0","12","0","0","0","6","0","0","0","0","0"
"160484","Vaelavenel Everweave","lost","soft","caster","50","Lost Soul","0","0","607","13","0","66","68","14","11","0","6","11","12","0","12","0","15","16","8","0","5","0","0","8","0","0"
"160488","Tavish Flintvale","lost","hard","melee_offense","50","Lost Soul","0","3892","403","9","7","68","0","11","14","10","14","0","0","0","13","0","0","13","0","5","0","0","0","0","0","0"
"160490","Brenna Ashward","lost","soft","healer","50","Lost Soul","0","0","418","11","0","0","43","5","13","0","0","9","15","12","11","11","13","10","0","0","0","0","0","0","3","0"
"160491","Thren Stormborn","lost","hard","melee_defense","50","Lost Soul","0","0","523","11","0","83","0","14","10","12","0","12","13","0","12","13","10","0","9","0","0","8","0","0","0","0"
"160493","Tharordold Cragbreaker","lost","hard","melee_defense","50","Lost Soul","0","0","577","13","12","68","0","11","8","13","12","0","9","0","11","13","0","15","16","0","5","0","7","0","0","0"
"160495","Treldel Scarcrest","lost","hard","melee_offense","50","Lost Soul","0","3892","285","6","0","64","0","0","0","0","11","12","15","0","0","13","0","10","0","0","0","0","0","0","0","0"
"160504","Veran Everdrift","lost","soft","healer","50","Lost Soul","2341","0","384","9","0","60","47","0","13","0","12","12","0","12","0","0","7","12","8","0","0","0","0","0","0","0"
"160505","Orinion Silverhollow","lost","soft","caster","50","Lost Soul","0","0","302","7","0","66","51","0","7","0","0","10","12","0","0","14","9","0","0","0","0","0","0","0","0","0"
"160510","Pelian Dirkwall","lost","hard","melee_defense","50","Lost Soul","0","3896","349","8","10","89","0","10","0","9","12","0","0","0","0","10","0","0","12","0","0","5","0","0","0","0"
"160513","Caelan Veilhollow","lost","soft","caster","50","Lost Soul","2335","0","291","7","13","0","60","0","10","0","0","0","0","13","0","0","6","14","0","0","0","0","0","0","0","5"
"160516","Vraxent Stonebrow","lost","hard","melee_offense","50","Lost Soul","0","0","529","13","11","46","0","12","11","14","10","0","6","0","8","0","13","16","13","0","6","0","5","0","0","0"
"160533","Jareth Galefist","lost","hard","melee_offense","50","Lost Soul","0","0","481","11","0","79","0","0","12","12","11","15","11","0","10","14","8","10","0","0","0","0","4","0","0","0"
"160539","Galdyn Dirkhide","lost","hard","melee_defense","50","Lost Soul","0","0","573","13","10","54","0","15","12","12","13","14","0","0","8","10","0","8","9","8","0","0","0","7","0","0"
"160543","Leoric Ironvale","lost","hard","melee_defense","50","Lost Soul","0","0","372","8","12","74","0","14","13","12","13","0","0","0","0","0","7","11","0","0","0","0","0","0","0","0"
"160549","Grenordorm Galecrest","lost","hard","melee_defense","50","Lost Soul","0","0","465","12","8","38","0","15","9","6","10","12","0","0","12","11","0","0","10","0","5","0","0","7","0","0"
"160561","Helm Ashmantle","lost","hard","melee_defense","50","Lost Soul","0","3896","440","10","0","76","0","12","12","15","8","11","0","0","0","9","10","11","14","0","0","0","0","0","0","0"
"160562","Brenakeld Grimward the Wrathful","lost","hard","melee_offense","50","Lost Soul","0","0","455","11","0","52","0","8","10","0","12","12","10","0","0","0","12","11","10","0","0","0","0","6","6","0"
"160567","Draxus Coldfist","lost","hard","melee_defense","50","Lost Soul","0","0","276","7","0","58","0","0","11","6","11","10","0","0","0","12","0","10","0","0","0","0","0","0","0","0"
"160568","Hordyn Duskhide","lost","hard","melee_defense","50","Lost Soul","0","0","469","11","12","94","0","14","10","12","12","0","9","0","11","7","11","8","0","0","0","0","0","0","0","0"
"160574","Velenrin Dusktouch","lost","soft","healer","50","Lost Soul","0","0","501","11","8","74","75","12","12","0","7","12","0","9","0","16","13","11","0","0","0","0","0","0","0","0"
"160579","Soldurgon Stonesworn","lost","hard","mixed","50","Lost Soul","0","0","594","13","12","0","58","13","16","14","0","12","11","0","14","8","9","13","0","0","0","7","0","6","0","0"
"160584","Gorn Gravepeak","lost","hard","melee_defense","50","Lost Soul","0","0","479","11","0","58","79","14","12","7","8","9","0","0","7","0","11","0","8","0","0","8","0","0","0","0"
"160586","Valeria Dawnhollow","lost","soft","caster","50","Lost Soul","0","0","500","11","13","74","70","0","10","0","0","10","7","12","11","13","11","0","0","0","0","0","0","0","0","7"
"160589","Elaneniara Duskdrift","lost","soft","caster","50","Lost Soul","0","0","336","8","0","0","79","7","10","0","0","13","0","14","0","8","11","0","0","3","0","0","0","0","0","0"
"160592","Noriion Dawndrift","lost","soft","caster","50","Lost Soul","0","0","419","9","12","40","84","0","11","0","12","0","11","12","0","15","0","0","10","0","0","0","0","0","0","0"
"160593","Treld Helmhold the Enduring","lost","hard","melee_defense","50","Lost Soul","0","3883","455","10","13","80","0","0","15","14","8","13","0","0","0","9","13","10","0","0","0","0","0","5","0","0"
"160594","Veran Lighthaven","lost","soft","healer","50","Lost Soul","2347","0","258","6","0","34","55","0","15","0","0","10","0","0","0","11","12","0","0","0","0","0","0","0","0","0"
"160610","Ulvyn Bonevein","restless","hard","melee_defense","50","Restless Soul","0","3892","406","12","16","43","0","8","8","8","5","12","7","0","8","0","7","12","14","0","0","0","0","0","0","0"
"160614","Drakom Cragvale","restless","hard","melee_defense","50","Restless Soul","0","0","468","13","15","58","0","0","11","11","5","6","10","0","6","10","8","11","0","0","6","0","0","0","5","0"
"160618","Neryn Calmkeeper the Pious","restless","soft","healer","50","Restless Soul","2350","0","401","11","0","58","46","0","10","0","10","8","7","8","0","0","10","10","11","0","4","0","0","0","0","0"
"160620","Wina Moonborn","restless","soft","mixed","50","Restless Soul","0","0","457","15","7","0","0","10","8","8","10","7","7","11","10","8","9","8","13","3","0","0","0","3","0","0"
"160627","Gaelren Calmflame the Serene","restless","soft","healer","50","Restless Soul","0","0","534","14","0","74","47","9","10","0","13","11","11","4","9","9","11","10","0","0","3","0","5","0","0","0"
"160629","Ivar Bloodward","restless","hard","melee_offense","50","Restless Soul","0","0","345","10","12","72","0","8","9","5","11","0","6","0","10","9","8","0","0","0","0","0","0","0","0","0"
"160631","Starborn the Pious","restless","soft","healer","50","Restless Soul","2350","0","405","11","0","0","64","14","7","0","11","12","10","5","11","0","4","8","12","0","0","0","0","0","0","0"
"160635","Torv","restless","hard","melee_offense","50","Restless Soul","0","0","352","10","9","75","0","9","11","7","9","0","0","0","0","9","7","0","6","0","5","0","0","0","0","0"
"160638","Finnian Cragbreaker","restless","hard","melee_offense","50","Restless Soul","0","0","474","12","14","71","0","9","14","10","9","7","12","0","13","9","0","7","10","0","0","0","0","0","0","0"
"160642","Hrath Darkward","restless","hard","melee_defense","50","Restless Soul","0","0","446","14","0","56","0","5","10","8","5","12","9","0","10","9","6","11","10","4","0","3","0","0","0","0"
"160646","Zaelavenel Stillmantle","restless","soft","caster","50","Restless Soul","0","0","354","9","0","47","57","11","8","0","0","0","10","11","12","9","0","9","0","0","0","0","0","0","0","0"
"160653","Kaldus Helmmark the Savage","restless","hard","melee_offense","50","Restless Soul","0","3883","401","11","11","52","0","6","10","8","6","9","0","0","9","0","9","0","14","8","0","0","0","0","0","0"
"160655","Elanenimir Brightkeeper","restless","soft","caster","50","Restless Soul","0","0","397","10","0","0","71","0","9","0","8","11","9","10","9","0","13","14","10","0","0","0","0","0","0","0"
"160657","Skeldel Grimspite","restless","hard","melee_offense","50","Restless Soul","0","0","360","11","0","52","0","6","11","7","10","9","0","0","11","10","7","4","0","5","0","0","0","0","0","0"
"160661","Faolan Scarmantle","restless","hard","melee_defense","50","Restless Soul","0","3889","509","12","10","73","0","13","11","12","13","0","8","0","11","0","13","10","12","5","0","0","0","0","0","0"
"160667","Vraxom Stonevein","restless","hard","melee_defense","50","Restless Soul","0","3896","455","14","11","0","0","4","10","11","9","8","12","0","6","0","10","6","12","0","3","0","2","0","8","0"
"160678","Veran Dirkspite","restless","hard","melee_defense","50","Restless Soul","0","0","461","12","0","52","0","8","14","13","12","10","11","0","9","10","0","9","7","0","0","0","4","0","0","0"
"160681","Vorn Stormmark","restless","hard","melee_offense","50","Restless Soul","0","0","559","14","0","72","48","10","10","12","7","10","11","0","12","10","5","10","0","4","0","0","7","0","0","0"
"160684","Yael Veilmark","restless","soft","healer","50","Restless Soul","0","0","403","12","0","36","46","9","7","0","6","10","11","11","8","8","6","13","0","0","0","0","0","0","0","0"
"160687","Vrax Swordborn","restless","hard","melee_defense","50","Restless Soul","0","0","428","12","11","58","0","6","8","12","9","13","0","0","10","0","12","0","5","0","0","0","4","4","0","0"
"160691","Urien Axeedge","restless","hard","melee_offense","50","Restless Soul","0","0","426","12","13","61","0","9","8","5","14","0","12","0","11","4","0","12","7","0","0","4","0","0","0","0"
"160692","Roth Swordsworn","restless","hard","melee_defense","50","Restless Soul","0","0","356","10","11","66","0","9","8","9","9","0","6","0","10","8","0","0","13","0","0","0","0","0","0","0"
"160694","Cormac the Scarred","restless","hard","melee_offense","50","Restless Soul","0","0","495","12","16","59","0","13","9","11","5","12","11","0","11","13","0","13","11","0","0","0","0","0","0","0"
"160695","Orinari Misthollow","restless","soft","caster","50","Restless Soul","2347","0","282","8","0","0","53","7","0","0","7","0","14","6","11","14","0","0","6","0","0","0","0","0","0","0"
"160714","Strax Grimmantle","found","hard","melee_defense","50","Found Soul","0","0","480","14","0","45","0","9","8","8","9","10","6","0","12","10","7","11","9","0","0","5","6","0","0","0"
"160716","Isolde the Merciful","found","soft","healer","50","Found Soul","0","0","547","17","7","73","57","6","8","0","9","12","5","9","6","6","5","11","12","0","0","0","2","4","4","0"
"160718","Tavish Eversinger the Sage","found","soft","caster","50","Found Soul","2341","0","555","15","6","72","64","8","7","0","11","6","12","7","9","9","10","9","10","0","0","0","0","0","7","0"
"160723","Roth Cragfall the Ironborn","found","hard","melee_defense","50","Found Soul","0","0","482","15","10","45","57","5","6","6","7","7","7","0","8","11","11","9","11","0","0","6","0","0","0","0"
"160727","Norianuna Sagetouch","found","soft","caster","50","Found Soul","2368","0","448","14","0","54","44","7","10","0","7","12","8","9","9","4","6","11","8","0","0","0","3","0","0","0"
"160740","Drakon Darkpeak","found","hard","melee_defense","50","Found Soul","0","3883","403","12","10","50","0","11","12","7","8","8","10","0","9","10","0","10","4","0","0","0","0","0","0","0"
"160744","Helkem Bloodpeak","found","hard","mixed","50","Found Soul","0","0","444","13","8","53","0","9","6","10","10","9","11","9","7","12","10","8","0","0","0","0","0","0","0","0"
"160745","Straxash Ironhand the Stalwart","found","hard","melee_defense","50","Found Soul","0","0","422","12","0","52","0","10","12","7","9","10","10","0","10","10","9","6","11","0","0","0","0","0","0","0"
"160747","Maldus Frostfist","found","hard","melee_offense","50","Found Soul","0","3883","359","10","0","56","0","10","8","9","9","0","9","0","13","11","9","0","8","0","0","0","0","0","0","0"
"160748","Valdis Swordhand the Savage","found","hard","melee_offense","50","Found Soul","0","0","335","12","8","0","0","10","8","7","8","6","9","0","7","10","0","8","4","0","0","0","4","0","0","0"
"160001","Norilis Duskseeker","lost","soft","healer","60","Lost Soul","0","0","561","10","0","0","99","18","14","0","0","15","14","14","16","12","0","9","17","0","0","0","0","0","0","0"
"160003","Aldren Embershade","lost","soft","healer","60","Lost Soul","0","0","411","8","13","64","62","0","12","0","14","0","0","16","14","0","12","0","0","0","0","0","0","0","0","0"
"160005","Dorian Silverweave","lost","soft","caster","60","Lost Soul","2368","0","622","12","0","0","71","13","14","0","10","19","10","10","0","12","15","17","17","0","0","0","0","0","0","8"
"160010","Thren","lost","hard","melee_offense","60","Lost Soul","0","0","436","9","11","52","0","10","12","17","18","0","0","0","0","0","13","12","0","0","6","0","0","0","0","0"
"160018","Lirath Starflame","lost","soft","healer","60","Lost Soul","0","0","606","11","12","109","77","0","0","0","14","11","12","7","17","0","0","7","16","0","0","0","0","11","0","0"
"160023","Elyn Tidevale","lost","soft","caster","60","Lost Soul","0","0","473","8","0","75","81","13","18","0","0","0","15","13","14","0","0","0","13","0","0","0","0","0","0","0"
"160031","Gorv Ashborn","lost","hard","melee_defense","60","Lost Soul","0","0","449","9","13","101","0","0","14","10","12","12","0","0","14","14","0","11","0","0","0","0","0","0","0","0"
"160035","Isara Duskhaven","lost","soft","mixed","60","Lost Soul","0","0","619","11","13","100","98","0","13","12","8","16","0","0","0","0","12","10","0","0","0","0","8","7","0","0"
"160038","Sereninel Sageweave","lost","soft","healer","60","Lost Soul","2350","0","821","14","0","0","94","14","14","0","14","15","18","14","14","15","12","16","0","10","0","0","0","0","6","9"
"160039","Seren Silverrise","lost","soft","healer","60","Lost Soul","0","0","639","12","14","69","60","15","13","0","0","10","0","14","14","16","0","14","0","0","7","0","0","0","0","9"
"160040","Aldoltom Fellborn","lost","hard","melee_defense","60","Lost Soul","0","0","947","16","0","112","0","15","11","18","15","15","15","0","0","10","13","14","16","5","0","11","8","8","8","0"
"160046","Lendilkus Swordhide","lost","hard","mixed","60","Lost Soul","0","0","535","11","10","0","0","14","0","15","12","10","0","15","0","9","0","15","11","0","0","8","0","9","0","0"
"160049","Waeloriren Glenrise","lost","soft","caster","60","Lost Soul","0","0","654","13","15","0","75","0","11","0","15","14","10","12","16","8","0","10","0","0","0","0","8","0","8","7"
"160050","Pelian Ironborn","lost","hard","melee_offense","60","Lost Soul","0","0","701","12","14","103","0","14","17","17","13","0","0","0","16","13","0","11","0","6","0","9","9","0","0","0"
"160056","Draxom Grimcrest","lost","hard","melee_offense","60","Lost Soul","0","3884","726","13","0","96","0","14","16","14","18","14","15","0","15","14","0","16","17","0","0","4","6","0","0","0"
"160058","Threnan Blackbrow","lost","hard","melee_defense","60","Lost Soul","0","0","719","14","14","64","0","11","10","17","17","7","12","0","10","10","15","12","0","0","11","0","0","0","11","0"
"160065","Brond Frosthand","lost","hard","melee_offense","60","Lost Soul","0","0","567","11","0","73","0","12","12","14","8","13","0","0","16","15","17","14","0","0","0","0","0","9","0","0"
"160072","Theron Ashward","lost","hard","melee_defense","60","Lost Soul","0","0","443","9","14","84","0","12","11","0","13","0","11","0","17","13","0","0","13","0","0","0","0","0","0","0"
"160075","Edric Stoneward","lost","hard","melee_offense","60","Lost Soul","0","0","767","15","14","69","0","11","13","13","15","11","15","0","15","17","8","0","16","0","10","0","0","6","6","0"
"160076","Cassin Runeseeker","lost","soft","mixed","60","Lost Soul","0","0","589","11","0","88","0","0","9","11","16","15","13","0","14","12","0","17","12","0","0","0","10","0","0","0"
"160079","Caerath Lightwhisper","lost","soft","healer","60","Lost Soul","0","0","593","12","0","68","0","14","0","0","12","10","13","14","16","18","11","0","14","0","0","0","5","0","0","7"
"160082","Trelden Flintfall","lost","hard","melee_defense","60","Lost Soul","0","0","443","9","11","101","0","11","0","9","15","13","0","0","16","0","12","0","11","0","0","0","0","0","0","0"
"160090","Corwyn Lightflame","lost","soft","healer","60","Lost Soul","0","0","505","10","12","66","44","15","13","0","15","7","0","0","0","15","14","0","0","0","9","0","0","0","0","0"
"160094","Naliiraene Runewalker","lost","soft","healer","60","Lost Soul","0","0","559","9","0","85","101","18","15","0","0","13","0","15","0","13","18","0","12","0","0","0","0","0","0","0"
"160098","Greymakon Boneedge","lost","hard","melee_defense","60","Lost Soul","0","3890","452","11","0","75","0","6","12","11","8","0","13","0","9","9","10","15","0","0","6","0","0","0","0","0"
"160103","Greymull Flinthide","lost","hard","melee_offense","60","Lost Soul","0","3890","502","9","12","103","0","14","0","16","17","12","0","0","0","13","0","16","0","0","0","0","5","0","0","0"
"160104","Pani Stilltouch","lost","soft","caster","60","Lost Soul","0","0","457","9","0","0","105","0","8","0","10","0","12","16","0","13","0","12","15","0","0","0","0","0","6","0"
"160111","Declan Sageborne","lost","soft","mixed","60","Lost Soul","0","0","449","9","0","64","0","10","0","11","0","0","14","15","14","0","17","0","12","0","0","0","0","0","7","0"
"160113","Borin Dirkkeep","lost","hard","melee_defense","60","Lost Soul","0","0","524","10","0","62","0","13","12","17","15","0","13","0","14","11","0","0","9","0","0","0","10","0","0","0"
"160115","Roth Dreadvein","lost","hard","melee_defense","60","Lost Soul","0","0","691","13","10","70","0","14","8","15","18","15","16","0","15","15","0","18","13","0","0","0","0","8","0","0"
"160132","Lyra Sagerise","lost","soft","healer","60","Lost Soul","0","0","582","11","0","0","88","11","14","0","17","18","13","16","0","11","10","15","10","0","0","0","0","0","0","0"
"160134","Soren Galevein","lost","hard","melee_defense","60","Lost Soul","0","0","470","9","0","82","0","9","15","15","14","0","0","0","0","9","0","17","14","0","7","0","0","0","0","0"
"160142","Krondone Grimward","lost","hard","melee_offense","60","Lost Soul","0","0","579","10","12","76","0","15","15","14","18","0","18","0","17","16","0","0","16","0","0","0","0","0","0","0"
"160165","Gorv Flintmantle","lost","hard","melee_defense","60","Lost Soul","0","0","621","11","0","97","0","13","13","16","18","0","12","0","14","13","0","12","13","0","10","0","0","0","0","0"
"160168","Zorn Flintward","lost","hard","melee_defense","60","Lost Soul","0","0","413","9","14","96","0","12","10","9","10","0","0","0","8","14","0","0","15","0","0","0","0","0","0","0"
"160176","Strax","lost","hard","melee_defense","60","Lost Soul","0","0","479","9","0","96","0","11","16","15","0","10","0","0","14","0","16","7","0","0","0","8","0","0","0","0"
"160185","Brondok Dreadcloak","lost","hard","melee_offense","60","Lost Soul","0","0","712","12","18","112","0","18","11","9","15","0","19","0","18","18","13","13","0","0","0","9","0","0","0","0"
"160192","Narvim Darkkeep","lost","hard","melee_offense","60","Lost Soul","0","0","668","13","17","93","0","10","10","11","11","0","14","0","14","18","15","0","13","0","8","0","7","0","0","0"
"160195","Kronden Flintedge the Fierce","lost","hard","melee_offense","60","Lost Soul","0","0","458","9","0","69","0","15","16","9","14","0","0","0","14","10","15","0","0","0","0","0","7","0","0","0"
"160207","Lendost Ashfall","lost","hard","melee_defense","60","Lost Soul","0","3893","484","9","12","91","0","11","12","0","18","0","18","0","13","0","14","0","0","0","0","0","0","0","5","0"
"160215","Naliel Runewhisper","lost","soft","caster","60","Lost Soul","0","0","524","9","0","81","89","11","0","0","11","0","12","12","0","0","17","13","0","0","0","0","0","0","10","0"
"160216","Ulvethon Blackmark","lost","hard","melee_defense","60","Lost Soul","0","0","554","9","14","100","88","11","18","14","0","0","0","0","0","13","0","0","11","10","0","0","0","0","0","0"
"160226","Faranek Swordfall","lost","hard","melee_offense","60","Lost Soul","0","0","578","11","12","100","0","8","18","11","17","10","0","0","0","15","16","0","15","0","0","0","6","0","0","0"
"160234","Treld Scarbrow","lost","hard","melee_offense","60","Lost Soul","0","0","443","10","14","73","0","9","19","12","7","0","0","0","12","0","14","10","0","4","0","0","0","0","0","0"
"160240","Kaelessaa Tidemantle","lost","soft","healer","60","Lost Soul","0","0","552","11","0","72","69","13","11","0","0","14","12","0","9","8","0","0","0","0","6","0","0","4","10","0"
"160242","Mirenene Dawnmark","lost","soft","caster","60","Lost Soul","0","0","569","11","15","0","85","0","9","0","0","17","14","8","17","0","12","0","0","0","10","0","0","7","0","3"
"160257","Soren Ironblade","lost","hard","melee_defense","60","Lost Soul","0","0","712","12","18","102","0","15","13","16","14","17","19","0","10","15","0","18","17","0","0","0","0","0","0","0"
"160263","Orla Brighthaven","lost","soft","healer","60","Lost Soul","2347","0","663","11","0","89","97","15","14","0","0","18","9","12","12","16","0","0","11","11","0","0","0","0","0","0"
"160269","Sumiwen Brightshade","lost","soft","healer","60","Lost Soul","2335","0","553","9","0","85","115","0","0","0","13","14","13","19","0","0","11","0","12","0","0","0","0","0","6","0"
"160272","Gareth Sageseeker","lost","soft","caster","60","Lost Soul","0","0","586","10","0","80","87","9","6","0","0","0","16","16","0","0","16","15","14","0","12","0","0","0","0","0"
"160280","Aeliel Lorerise","lost","soft","caster","60","Lost Soul","0","0","764","13","17","92","86","0","15","0","14","18","12","10","16","12","0","0","13","0","6","0","11","0","0","0"
"160297","Ulvavnash Cragward","lost","hard","melee_defense","60","Lost Soul","0","0","582","11","0","65","0","12","8","16","16","18","15","0","15","16","14","14","0","0","0","0","0","0","0","0"
"160304","Velenwyn Mistsong","lost","soft","caster","60","Lost Soul","0","0","853","14","0","63","110","16","15","0","15","15","15","15","15","0","17","11","17","4","13","0","0","0","0","0"
"160306","Zael Dawnbrook","lost","soft","caster","60","Lost Soul","0","0","583","10","0","102","111","0","13","0","15","0","14","13","14","0","9","0","11","0","0","0","6","0","0","0"
"160309","Gorvon Swordpeak","lost","hard","melee_offense","60","Lost Soul","0","3897","499","8","19","53","110","13","0","15","0","0","0","0","14","0","0","15","0","0","0","10","0","0","0","0"
"160313","Berek Ironsworn","lost","hard","melee_defense","60","Lost Soul","0","0","525","9","15","81","0","0","16","17","0","14","16","0","0","0","0","11","14","0","0","9","0","0","0","0"
"160317","Drav Grimshroud","lost","hard","melee_offense","60","Lost Soul","0","0","533","10","12","73","0","9","15","0","11","16","0","0","0","14","13","0","17","11","0","0","0","0","0","0"
"160319","Miren Ashbrook the Gifted","lost","soft","caster","60","Lost Soul","2350","0","724","13","11","0","88","10","17","0","0","14","11","17","14","10","0","0","13","8","12","0","0","7","0","0"
"160326","Renvurgen Duskbrow","lost","hard","melee_defense","60","Lost Soul","0","0","694","13","18","89","0","9","16","13","15","18","0","0","0","10","19","14","14","5","7","0","0","0","0","0"
"160329","Corwyn Silverborne","lost","soft","caster","60","Lost Soul","2344","0","501","9","0","0","56","0","12","0","18","0","13","14","13","0","17","0","13","0","0","0","0","0","0","11"
"160337","Helkone Slatefist","lost","hard","mixed","60","Lost Soul","0","0","552","11","19","0","64","0","0","19","18","13","12","9","0","11","13","7","18","0","0","0","0","0","0","0"
"160338","Laininani Swiftmere","lost","soft","mixed","60","Lost Soul","0","0","528","11","12","0","52","14","15","0","18","18","0","9","13","11","10","14","0","0","0","0","0","0","0","0"
"160339","Noriath Paledrift","lost","soft","caster","60","Lost Soul","0","0","513","10","13","0","72","12","12","0","0","0","10","17","11","0","0","0","15","0","0","0","0","0","9","6"
"160340","Caerara Duskborne the Pious","lost","soft","healer","60","Lost Soul","0","0","698","12","18","0","89","0","14","0","15","14","0","12","0","0","14","16","15","0","11","0","7","0","0","7"
"160343","Raelwyn Stillhollow","lost","soft","healer","60","Lost Soul","2368","0","544","10","18","77","75","11","14","0","12","0","0","14","0","0","10","0","8","10","0","0","0","0","0","0"
"160354","Kador Helmridge","lost","hard","melee_offense","60","Lost Soul","0","0","543","11","0","71","0","13","13","7","0","8","15","0","0","16","11","14","15","10","0","0","0","0","0","0"
"160355","Rowan Ironkeep","lost","hard","melee_offense","60","Lost Soul","0","0","475","10","14","68","0","9","12","13","13","0","0","0","0","13","16","14","0","0","6","0","0","0","0","0"
"160356","Mirenorn Dawnglass","lost","soft","healer","60","Lost Soul","2335","0","639","10","17","116","101","12","11","0","0","0","16","14","0","15","14","0","0","0","0","0","0","0","9","0"
"160357","Caelin","lost","soft","caster","60","Lost Soul","0","0","655","11","0","101","79","17","15","0","11","0","14","7","0","13","13","15","0","0","0","0","12","0","0","0"
"160358","Brenen Galeward","lost","hard","melee_offense","60","Lost Soul","0","0","681","12","0","76","0","15","16","18","13","13","13","0","14","15","0","11","15","0","0","0","0","11","0","0"
"160367","Velen Paleglass","lost","soft","healer","60","Lost Soul","2347","0","400","8","0","0","83","0","13","0","9","16","0","12","12","0","11","16","0","0","0","0","0","0","0","0"
"160378","Breli Dawnshade","lost","soft","healer","60","Lost Soul","0","0","390","9","0","0","44","11","16","0","0","8","10","13","12","12","0","14","0","0","0","0","0","0","0","0"
"160379","Tael Everglass","lost","soft","caster","60","Lost Soul","0","0","695","13","0","61","96","14","0","0","13","15","13","7","15","10","14","15","0","11","0","0","0","0","5","0"
"160387","Theliinari Moonmark","lost","soft","caster","60","Lost Soul","0","0","483","10","0","71","55","0","12","0","10","0","10","13","12","9","14","0","0","0","9","0","0","0","0","0"
"160389","Wina Silverbloom","lost","soft","healer","60","Lost Soul","0","0","715","13","15","74","0","0","15","0","14","14","13","17","19","16","14","15","0","0","7","0","0","0","7","0"
"160398","Sumiwyn Sageward","lost","soft","healer","60","Lost Soul","0","0","436","8","20","0","86","15","13","0","0","15","10","0","0","12","0","0","14","0","0","0","0","0","0","0"
"160400","Noriaraire Windrise","lost","soft","caster","60","Lost Soul","0","0","767","15","0","89","81","14","0","0","10","13","12","10","16","13","6","0","8","6","0","0","7","9","7","0"
"160401","Isanwen Lightdrift","lost","soft","caster","60","Lost Soul","2344","0","546","9","0","71","108","0","14","0","0","16","15","13","0","0","0","12","17","0","0","0","0","0","0","6"
"160404","Harvold Dreadblade","lost","hard","melee_defense","60","Lost Soul","0","0","491","11","9","0","0","16","17","10","10","0","9","0","11","13","10","0","14","9","0","0","0","0","0","0"
"160408","Greymoltor Duskwall","lost","hard","melee_offense","60","Lost Soul","0","3890","543","9","12","105","0","18","12","18","13","0","0","0","13","0","0","13","0","10","0","0","0","0","0","0"
"160409","Winaaliayn Loreweave","lost","soft","caster","60","Lost Soul","0","0","635","12","0","99","97","9","15","0","0","14","14","12","10","0","14","14","15","0","0","0","0","0","3","0"
"160412","Faolan Grimfall","lost","hard","melee_defense","60","Lost Soul","0","0","708","13","14","90","0","17","11","15","10","16","10","0","15","0","13","18","14","0","0","0","10","0","0","0"
"160424","Dorian Slateblade","lost","hard","melee_defense","60","Lost Soul","0","0","581","11","0","106","0","15","15","16","10","14","0","0","0","12","11","12","14","0","0","0","6","0","0","0"
"160437","Velenren Duskvale","lost","soft","caster","60","Lost Soul","0","0","742","13","17","78","85","13","16","0","0","0","10","15","0","17","13","0","10","0","5","0","0","0","11","8"
"160440","Hadwin Axehand","lost","hard","melee_defense","60","Lost Soul","0","0","660","12","0","89","0","11","14","15","13","9","17","0","0","13","11","15","14","0","0","0","0","12","0","0"
"160441","Naelwyn Loreflame","lost","soft","healer","60","Lost Soul","2335","0","630","11","0","0","92","16","9","0","15","15","0","15","0","15","15","18","14","0","0","0","0","0","0","9"
"160446","Aelianari Valesinger","lost","soft","healer","60","Lost Soul","0","0","626","11","15","0","85","0","8","0","15","15","14","0","0","13","17","0","18","0","10","0","0","0","8","0"
"160448","Kador Grimfall","lost","hard","melee_defense","60","Lost Soul","0","0","546","12","0","78","0","16","9","7","12","13","12","0","12","12","10","0","6","0","0","0","0","0","9","0"
"160449","Deryn Swifthollow","lost","soft","caster","60","Lost Soul","0","0","529","9","0","108","91","0","16","0","0","13","11","14","0","18","10","10","0","0","0","0","0","0","0","0"
"160452","Aldric Dreadbrow","lost","hard","melee_defense","60","Lost Soul","0","0","625","12","15","81","0","8","16","13","17","15","19","0","13","15","0","8","13","0","0","0","0","0","0","0"
"160461","Trelire Brightwhisper","lost","soft","caster","60","Lost Soul","2338","0","661","11","0","107","94","17","0","0","10","0","15","16","8","0","0","6","14","9","0","0","9","0","0","0"
"160468","Caelan Ironridge","lost","hard","melee_defense","60","Lost Soul","0","0","440","10","13","46","0","10","13","16","13","12","0","0","0","11","15","0","7","0","0","0","0","0","0","0"
"160473","Zael Moondrift","lost","soft","healer","60","Lost Soul","0","0","709","12","0","95","78","0","14","0","14","0","18","16","13","8","11","0","0","0","0","0","8","0","6","10"
"160476","Wulvok Galehand","lost","hard","melee_defense","60","Lost Soul","0","0","558","11","16","77","0","8","13","0","13","15","17","0","0","0","13","14","8","0","8","0","0","0","0","0"
"160480","Lain Tidekeeper","lost","soft","healer","60","Lost Soul","2350","0","563","11","11","0","63","0","15","0","12","16","9","14","14","0","16","11","0","0","0","0","0","0","10","0"
"160486","Threnash Axefall","lost","hard","melee_offense","60","Lost Soul","0","0","746","13","0","92","93","8","11","16","10","0","14","0","12","14","18","19","0","0","6","0","0","0","11","0"
"160487","Theron Axeward","lost","hard","melee_offense","60","Lost Soul","0","0","480","9","0","68","68","12","12","14","8","0","0","0","0","0","16","0","8","0","11","0","0","0","0","0"
"160499","Drav","lost","hard","melee_offense","60","Lost Soul","0","0","595","12","14","74","0","14","14","10","0","14","13","0","14","0","14","13","0","5","7","0","0","0","0","0"
"160500","Naliyn Swiftflame","lost","soft","caster","60","Lost Soul","0","0","550","9","12","79","78","0","0","0","19","18","0","17","0","0","16","0","15","0","0","0","0","6","0","0"
"160503","Saelren Glenweave","lost","soft","healer","60","Lost Soul","0","0","572","10","0","0","52","15","14","0","12","17","0","16","0","10","0","15","15","13","0","0","0","0","0","0"
"160508","Urien Grimedge","lost","hard","melee_offense","60","Lost Soul","0","3887","553","11","0","50","0","16","10","18","17","16","9","0","16","16","0","8","13","0","0","0","0","0","0","0"
"160509","Treld Warhold","lost","hard","melee_defense","60","Lost Soul","0","3887","506","8","18","79","93","0","14","0","0","14","0","0","19","13","0","0","0","0","9","0","0","0","0","0"
"160518","Maldesh Bonespite","lost","hard","melee_defense","60","Lost Soul","0","3890","560","11","0","84","0","11","8","11","15","0","13","0","13","0","16","15","0","0","10","0","0","0","4","0"
"160519","Davan Ironwall","lost","hard","melee_offense","60","Lost Soul","0","0","578","10","0","100","0","17","0","15","18","15","14","0","0","11","14","15","14","0","0","0","0","0","0","0"
"160520","Saelovaren Sagerise","lost","soft","mixed","60","Lost Soul","0","0","511","10","15","93","90","0","0","0","9","12","9","13","12","0","12","13","0","0","0","0","0","0","0","0"
"160523","Hrath Darkbreaker","lost","hard","melee_defense","60","Lost Soul","0","0","566","11","13","90","0","8","17","14","14","0","14","0","8","0","10","0","17","0","0","8","0","0","0","0"
"160526","Maren Glenkeeper","lost","soft","mixed","60","Lost Soul","0","0","558","10","9","0","63","12","0","13","0","16","19","0","0","0","0","6","14","9","0","0","0","12","0","0"
"160528","Valdorm Blackpeak","lost","hard","melee_defense","60","Lost Soul","0","0","445","8","13","112","0","14","9","19","0","0","12","0","0","0","14","12","0","0","0","0","0","0","0","0"
"160531","Taelari Lightbrook","lost","soft","mixed","60","Lost Soul","0","0","681","13","10","0","79","16","0","11","14","15","11","9","14","19","12","15","0","0","0","0","11","0","0","0"
"160537","Gorv Axebrow","lost","hard","melee_offense","60","Lost Soul","0","0","725","14","14","73","0","15","18","10","14","9","16","0","16","0","15","12","11","6","9","0","0","0","0","0"
"160540","Velenwen Moonhaven","lost","soft","caster","60","Lost Soul","0","0","593","11","17","0","63","0","12","0","9","14","0","15","13","0","0","15","9","0","0","0","0","9","0","12"
"160541","Maeleth Brightsong","lost","soft","caster","60","Lost Soul","0","0","508","10","0","0","82","16","11","0","8","11","17","0","17","0","11","14","0","0","0","0","0","6","0","0"
"160547","Warvenkent Stonevein","lost","hard","melee_defense","60","Lost Soul","0","0","901","15","14","62","0","15","14","15","16","19","0","0","15","15","14","0","15","9","0","10","8","11","0","0"
"160548","Seren Valewalker","lost","soft","healer","60","Lost Soul","2338","0","464","8","17","0","104","16","10","0","0","0","0","14","0","0","0","11","12","0","10","0","0","0","0","0"
"160560","Zael Lightweave","lost","soft","healer","60","Lost Soul","0","0","632","10","0","95","99","0","16","0","12","14","0","13","15","0","0","0","15","0","0","0","0","9","0","7"
"160569","Jareth Clearwater","lost","soft","mixed","60","Lost Soul","0","0","549","10","0","92","0","0","13","16","0","14","15","14","9","0","10","0","16","0","0","8","0","0","0","0"
"160570","Pelian Warfall","lost","hard","melee_defense","60","Lost Soul","0","0","603","12","14","99","0","11","11","18","16","14","8","0","17","8","13","12","0","0","0","0","0","0","0","0"
"160577","Naliiel Loreflame","lost","soft","healer","60","Lost Soul","0","0","629","11","0","0","109","13","17","0","16","14","0","14","16","10","6","0","0","0","10","0","0","0","0","6"
"160582","Elowen Glenward","lost","soft","healer","60","Lost Soul","0","0","579","12","0","0","71","11","10","0","15","13","14","13","16","9","16","0","11","0","0","0","0","6","0","0"
"160590","Rhian Everward","lost","soft","caster","60","Lost Soul","0","0","712","13","0","89","106","16","11","0","7","0","13","9","12","0","17","10","16","0","0","0","0","0","4","12"
"160600","Falk Ironedge","restless","hard","melee_defense","60","Restless Soul","0","0","482","11","7","70","0","7","9","9","14","13","0","0","15","17","14","0","15","0","0","0","0","0","0","0"
"160604","Isil Stillseeker","restless","soft","mixed","60","Restless Soul","0","0","587","13","17","0","0","15","15","14","12","9","9","12","9","0","11","14","14","0","0","0","0","6","0","0"
"160609","Valdinent Axefall the Vigilant","restless","hard","melee_defense","60","Restless Soul","0","0","693","15","12","93","0","12","11","13","9","14","8","0","8","15","11","11","11","8","8","0","0","0","0","0"
"160619","Breninost Dreadvein the Fortified","restless","hard","melee_defense","60","Restless Soul","0","0","678","15","9","86","0","14","9","10","8","11","13","0","0","15","10","12","14","0","7","0","0","6","6","0"
"160622","Roth Stormfist","restless","hard","melee_defense","60","Restless Soul","0","0","687","15","19","62","0","8","15","12","13","14","13","0","12","7","11","15","7","0","7","7","0","0","0","0"
"160625","Rend Dreadfall the Savage","restless","hard","melee_offense","60","Restless Soul","0","0","714","14","12","80","0","14","17","14","14","8","16","0","13","12","13","16","0","6","0","0","0","0","7","0"
"160633","Theron Galevale","restless","hard","melee_defense","60","Restless Soul","0","0","652","14","0","61","0","12","14","12","11","14","14","0","9","14","14","12","16","0","0","8","3","0","0","0"
"160648","Zaeliniel Valehaven","restless","soft","healer","60","Restless Soul","0","0","475","10","0","64","62","12","11","0","0","11","13","8","0","0","14","15","14","0","0","0","0","0","0","0"
"160651","Helkurorm Coldbrow","restless","hard","melee_defense","60","Restless Soul","0","3893","578","12","0","91","0","14","16","11","9","11","7","0","10","0","10","16","17","0","0","0","0","7","0","0"
"160658","Soren Axehide","restless","hard","melee_offense","60","Restless Soul","0","0","667","14","0","64","100","12","8","16","13","14","10","0","0","11","8","9","13","5","0","0","0","0","6","0"
"160660","Brelia Swiftweave","restless","soft","caster","60","Restless Soul","0","0","701","15","11","62","90","13","15","0","9","13","12","7","10","10","15","0","13","0","7","0","5","0","0","0"
"160662","Serafin Tideflame the Brilliant","restless","soft","caster","60","Restless Soul","0","0","788","15","0","55","75","17","11","0","12","9","16","15","14","0","10","16","14","0","7","0","6","9","0","0"
"160663","Breli Loreglass","restless","soft","healer","60","Restless Soul","0","0","732","14","16","84","82","14","12","0","14","12","13","15","11","0","14","11","14","0","0","0","0","0","6","0"
"160666","Gorn Frostward","restless","hard","melee_defense","60","Restless Soul","0","0","628","13","15","64","0","15","15","11","8","15","0","0","0","13","14","0","10","0","5","7","0","7","0","0"
"160668","Aldem Coldhand","restless","hard","melee_offense","60","Restless Soul","0","0","580","12","12","86","0","12","13","0","16","8","7","0","0","13","12","14","15","0","0","0","0","9","0","0"
"160669","Ulvash Slatemark","restless","hard","melee_defense","60","Restless Soul","0","0","698","14","12","88","0","16","16","13","13","13","8","0","9","15","16","15","15","0","0","0","6","0","0","0"
"160671","Maldilkorm Bloodward","restless","hard","melee_defense","60","Restless Soul","0","0","585","12","14","84","0","16","12","16","12","11","8","0","17","0","11","15","10","0","0","0","0","0","0","0"
"160674","Mord Ashbreaker","restless","hard","melee_defense","60","Restless Soul","0","3897","634","12","0","77","0","11","14","15","15","14","15","0","12","0","14","15","14","0","0","0","7","0","0","0"
"160675","Warvent Bloodshroud","restless","hard","melee_offense","60","Restless Soul","0","3890","510","11","0","73","50","13","17","14","8","0","12","0","7","11","7","0","0","0","0","7","0","0","0","0"
"160676","Cassin the Fearless","restless","hard","melee_offense","60","Restless Soul","0","0","657","13","0","52","98","13","14","13","14","0","11","0","13","11","8","13","0","8","0","0","6","0","0","0"
"160679","Serafin Ashwhisper","restless","soft","healer","60","Restless Soul","0","0","470","10","16","83","0","9","10","0","0","16","13","12","0","0","7","10","16","0","0","0","0","0","0","0"
"160688","Draxom Bloodwall","restless","hard","melee_offense","60","Restless Soul","0","0","613","12","0","69","0","13","14","15","9","12","14","0","15","0","15","13","17","0","0","0","7","0","0","0"
"160689","Brak Galemark","restless","hard","melee_offense","60","Restless Soul","0","0","482","10","0","79","55","7","13","11","15","14","0","0","13","0","14","9","0","0","0","0","0","0","0","0"
"160693","Kaldone Coldbreaker","restless","hard","melee_offense","60","Restless Soul","0","0","605","13","12","78","0","8","11","16","12","13","15","0","0","8","8","9","12","0","0","0","0","0","10","0"
"160700","Falkavnone Warhide the Immovable","found","hard","melee_defense","60","Found Soul","0","0","717","17","8","80","0","6","11","12","9","13","13","0","10","11","8","14","12","6","6","0","7","0","5","0"
"160704","Lain Mistmere the Devoted","found","soft","healer","60","Found Soul","0","0","576","12","0","0","85","12","16","0","11","13","11","8","15","16","15","12","11","0","0","0","0","0","0","0"
"160707","Korvan Warfist the Guardian","found","hard","melee_defense","60","Found Soul","0","0","639","15","11","47","60","7","10","14","13","8","12","0","8","13","16","6","14","0","0","9","0","0","0","0"
"160708","Warvent Frostborn","found","hard","melee_defense","60","Found Soul","0","0","567","13","14","51","0","10","15","10","14","13","8","0","13","0","12","12","9","0","0","0","0","0","7","0"
"160717","Brondasten Blackborn the Persistent","found","hard","mixed","60","Found Soul","0","0","721","16","0","44","62","7","8","12","16","12","14","13","14","7","14","10","16","5","8","0","0","0","0","0"
"160721","Greym Coldhold","found","hard","melee_offense","60","Found Soul","0","3887","523","13","0","59","0","13","14","15","11","11","10","0","10","11","5","8","6","0","0","6","0","0","0","0"
"160724","Soren Scarmantle","found","hard","melee_offense","60","Found Soul","0","3897","579","14","15","65","0","13","13","10","11","13","11","0","11","6","9","0","9","0","4","6","0","0","0","0"
"160732","Threnane Stonevale the Savage","found","hard","melee_offense","60","Found Soul","0","0","631","15","16","49","0","14","11","14","14","11","7","0","7","9","13","12","13","0","0","0","8","3","0","0"
"160733","Breliara Ashdrift the Blessed","found","soft","healer","60","Found Soul","0","0","529","13","0","0","74","10","6","0","11","12","13","10","11","10","8","13","11","0","0","0","0","0","6","0"
"160736","Isilren Sagewalker the Gifted","found","soft","caster","60","Found Soul","0","0","568","13","0","0","58","15","13","0","8","13","7","12","11","12","12","11","12","0","0","0","0","0","8","0"
"160737","Harvakorm Dreadkeep","found","hard","melee_offense","60","Found Soul","0","0","584","14","16","58","0","13","14","7","12","10","15","0","11","7","11","13","12","0","0","0","0","0","4","0"
"160738","Hordarnor Scarcloak","found","hard","melee_defense","60","Found Soul","0","0","777","18","10","65","0","15","8","13","11","12","13","0","14","7","13","15","13","5","0","5","3","6","7","0"
"160749","Tanith Moondrift the Arcane","found","soft","caster","60","Found Soul","0","0","754","17","0","58","73","14","11","0","11","13","9","6","12","14","12","6","9","6","5","0","8","0","7","0"
"160000","Hratheld Grimfist the Furious","lost","hard","melee_offense","65","Lost Soul","0","0","578","11","21","58","0","14","15","17","16","14","0","0","12","0","13","14","12","0","0","0","0","0","0","0"
"160004","Zarviskent Fellward","lost","hard","melee_defense","65","Lost Soul","0","0","659","10","18","114","0","17","9","20","17","0","0","0","0","12","17","0","0","0","0","14","5","0","0","0"
"160009","Galdost Frostbreaker","lost","hard","melee_offense","65","Lost Soul","0","0","806","13","0","49","0","13","19","18","15","17","19","0","0","8","10","14","19","0","0","15","0","0","10","0"
"160015","Rowan Stonevein","lost","hard","melee_defense","65","Lost Soul","0","0","739","12","0","114","0","10","13","0","12","19","19","0","8","0","15","0","16","0","10","0","11","6","0","0"
"160017","Vraxel Swordcrest","lost","hard","melee_defense","65","Lost Soul","0","0","832","13","19","69","0","19","16","15","16","20","14","0","17","0","19","19","15","0","0","0","12","0","0","0"
"160019","Lyri","lost","soft","caster","65","Lost Soul","3537","0","807","13","0","0","83","14","11","0","17","11","17","17","13","11","15","17","0","0","0","0","15","0","0","11"
"160025","Fenara","lost","soft","caster","65","Lost Soul","0","0","589","11","0","0","69","21","20","0","0","10","11","12","0","17","16","11","12","0","0","0","0","0","0","7"
"160027","Kaelara Moonbrook","lost","soft","healer","65","Lost Soul","0","0","493","8","0","91","52","11","14","0","0","17","0","17","0","20","18","0","0","0","0","0","0","0","0","0"
"160028","Nolan","lost","soft","healer","65","Lost Soul","0","0","564","10","0","0","102","11","18","0","15","0","11","17","21","12","0","13","12","0","0","0","0","0","0","0"
"160033","Threnent Grimbreaker","lost","hard","melee_defense","65","Lost Soul","0","0","827","13","21","95","0","11","13","17","18","0","13","0","18","17","0","20","0","0","12","8","7","0","0","0"
"160042","Edric Valesinger","lost","soft","mixed","65","Lost Soul","0","0","886","13","12","100","102","18","14","0","12","0","14","19","13","12","0","0","11","0","0","0","15","0","0","14"
"160052","Vrekom Duskkeep","lost","hard","melee_offense","65","Lost Soul","0","0","830","12","13","124","0","15","15","19","21","17","0","0","0","0","17","14","14","10","0","0","0","13","0","0"
"160055","Brak","lost","hard","melee_defense","65","Lost Soul","0","0","825","13","0","77","0","10","20","18","16","14","17","0","18","0","15","14","17","0","0","10","12","0","0","0"
"160064","Cormac Calmrise","lost","soft","healer","65","Lost Soul","0","0","455","8","16","0","100","15","10","0","0","0","15","15","0","0","13","0","16","0","0","0","0","0","0","0"
"160067","Valdordem Stonevale","lost","hard","melee_offense","65","Lost Soul","0","0","673","12","18","0","0","17","0","14","10","13","16","0","0","14","14","0","13","0","0","10","9","8","0","0"
"160068","Aldurgok Fellhold","lost","hard","melee_offense","65","Lost Soul","0","0","407","8","0","107","0","13","0","9","9","0","11","0","0","14","0","15","15","0","0","0","0","0","0","0"
"160093","Faolan Axewall","lost","hard","melee_offense","65","Lost Soul","0","0","526","9","12","88","0","0","19","18","0","13","7","0","10","0","0","16","0","0","12","0","0","0","0","0"
"160101","Deryn","lost","soft","caster","65","Lost Soul","0","0","861","13","0","114","90","18","15","0","0","16","17","19","17","19","0","11","0","8","8","0","0","6","0","0"
"160102","Tael Duskborne","lost","soft","caster","65","Lost Soul","0","0","800","13","16","0","71","19","15","0","10","0","19","8","20","0","13","21","9","11","15","0","0","0","0","0"
"160112","Faranek Fellward","lost","hard","melee_defense","65","Lost Soul","0","3897","585","9","18","115","0","18","18","18","16","0","0","0","18","0","0","0","14","0","5","0","0","0","0","0"
"160123","Gorvyn Stoneedge the Scarred","lost","hard","melee_offense","65","Lost Soul","0","0","530","9","18","73","0","18","13","20","0","0","11","0","0","0","16","0","17","0","0","0","0","0","7","0"
"160141","Laelara Glentouch","lost","soft","caster","65","Lost Soul","3513","0","700","10","0","102","71","0","15","0","0","11","19","15","0","20","0","17","0","0","0","0","0","10","0","12"
"160144","Mirenelion Dawnsinger","lost","soft","healer","65","Lost Soul","0","0","607","12","0","0","53","0","7","0","10","13","18","14","16","13","14","0","11","0","11","0","0","0","7","0"
"160146","Skeldurorm Frostwall","lost","hard","melee_defense","65","Lost Soul","0","0","429","8","0","76","0","0","11","14","11","0","14","0","16","0","0","19","16","0","0","0","0","0","0","0"
"160159","Valdyn Blackedge","lost","hard","melee_defense","65","Lost Soul","0","3890","688","10","18","80","120","15","0","19","18","0","0","0","0","14","0","16","0","7","0","10","0","0","0","0"
"160169","Aldus Galehold","lost","hard","melee_defense","65","Lost Soul","0","3897","798","13","0","89","0","13","16","8","12","15","12","0","14","18","15","16","0","14","0","0","13","0","0","0"
"160180","Tanith Dawnshade","lost","soft","caster","65","Lost Soul","0","0","591","11","0","0","60","13","19","0","18","16","13","14","15","11","15","0","12","0","0","0","0","0","0","0"
"160182","Theliene Dawnbloom","lost","soft","caster","65","Lost Soul","0","0","688","11","15","80","93","19","0","0","0","15","17","17","13","0","0","12","9","0","0","0","0","0","12","0"
"160187","Zarvesh Grimcrest","lost","hard","melee_offense","65","Lost Soul","0","0","588","10","18","95","0","0","19","15","11","16","0","0","0","0","15","10","0","0","0","10","5","0","0","0"
"160204","Nimue Glenvale","lost","soft","healer","65","Lost Soul","0","0","524","8","0","102","122","0","0","0","16","9","13","16","13","0","0","15","0","0","0","0","0","0","0","0"
"160210","Gorn Dirkedge","lost","hard","melee_defense","65","Lost Soul","0","0","608","11","17","88","0","9","0","7","19","18","11","0","17","0","12","0","18","0","0","9","0","0","0","0"
"160217","Paldolteld Axebreaker","lost","hard","melee_defense","65","Lost Soul","0","0","911","14","0","99","0","17","12","18","18","18","0","0","9","18","19","18","0","9","4","11","12","0","0","0"
"160222","Urien the Guardian","lost","hard","melee_defense","65","Lost Soul","0","0","732","12","0","101","0","19","12","16","15","12","18","0","9","16","19","0","17","0","0","0","0","0","10","0"
"160223","Xeldenkund Duskkeep","lost","hard","melee_defense","65","Lost Soul","0","0","518","10","17","80","0","11","0","10","0","14","9","0","15","0","13","0","21","8","0","0","0","0","0","0"
"160227","Deryn Mistflame","lost","soft","healer","65","Lost Soul","0","0","714","13","18","0","83","0","11","0","9","17","14","16","15","16","0","18","14","0","0","0","0","0","7","8"
"160228","Maren Silverhaven","lost","soft","caster","65","Lost Soul","3525","0","578","9","0","0","95","16","0","0","14","19","18","17","0","16","0","14","19","0","0","0","0","0","0","0"
"160232","Gaelith Loreward","lost","soft","healer","65","Lost Soul","3501","0","793","13","0","0","83","17","14","0","0","12","17","14","9","0","19","14","0","8","0","0","0","10","11","7"
"160244","Thane Duskshroud","lost","hard","melee_defense","65","Lost Soul","0","0","817","13","19","104","0","10","15","17","14","19","17","0","0","19","20","13","12","0","0","0","12","0","0","0"
"160249","Noriani Veilseeker","lost","soft","caster","65","Lost Soul","0","0","631","10","14","77","106","17","16","0","0","17","17","0","18","18","0","0","10","0","0","0","0","0","0","0"
"160259","Urien Stormbrow","lost","hard","melee_offense","65","Lost Soul","0","0","694","12","12","81","81","0","16","11","15","0","10","0","14","0","18","0","0","0","6","12","6","0","0","0"
"160261","Aela Stillmark","lost","soft","healer","65","Lost Soul","0","0","758","12","13","80","89","0","18","0","0","18","15","13","19","12","19","0","0","0","6","0","0","12","0","0"
"160262","Zarvordone Grimwall","lost","hard","mixed","65","Lost Soul","0","0","593","9","14","98","101","0","11","18","10","0","0","0","0","19","17","0","0","0","0","11","0","0","0","0"
"160268","Isara Swiftkeeper","lost","soft","healer","65","Lost Soul","0","0","838","12","0","0","87","12","18","0","0","16","14","12","18","18","17","0","0","15","0","0","0","10","0","13"
"160275","Aldric Cragbrow","lost","hard","melee_offense","65","Lost Soul","0","3890","753","12","0","92","0","13","18","14","19","15","0","0","15","20","0","12","12","0","0","0","11","10","0","0"
"160282","Caerlis Cleartouch","lost","soft","healer","65","Lost Soul","3501","0","480","8","0","103","75","0","15","0","17","17","0","10","0","0","9","13","0","0","0","0","0","0","0","0"
"160283","Korvarnund Cragcrest","lost","hard","melee_offense","65","Lost Soul","0","3890","566","9","18","95","0","20","17","0","9","0","0","0","17","0","10","0","0","10","0","0","9","0","0","0"
"160284","Warviskone Warspite","lost","hard","melee_defense","65","Lost Soul","0","0","714","12","0","85","0","13","11","0","13","15","17","0","19","9","13","0","18","0","0","0","11","11","0","0"
"160288","Thane Swordspite","lost","hard","melee_offense","65","Lost Soul","0","0","553","10","0","110","0","14","14","15","10","17","0","0","12","12","0","9","0","0","0","8","0","0","0","0"
"160295","Faelara Everdrift the Pure","lost","soft","healer","65","Lost Soul","0","0","956","14","0","104","78","0","15","0","15","10","17","12","17","18","0","17","18","0","0","0","0","8","12","16"
"160314","Gavin Bonespite","lost","hard","melee_offense","65","Lost Soul","0","3897","394","7","11","98","0","17","0","18","0","12","0","0","12","13","0","0","0","0","0","0","0","0","0","0"
"160315","Raelwen Everbrook","lost","soft","caster","65","Lost Soul","3510","0","819","14","0","77","55","16","20","0","0","13","13","12","12","14","0","14","13","8","0","0","0","0","11","10"
"160321","Isaninari Loredrift","lost","soft","caster","65","Lost Soul","3510","0","666","11","12","63","122","17","19","0","16","16","0","14","0","16","11","0","12","0","0","0","0","0","0","0"
"160333","Wulveld Galefist","lost","hard","melee_defense","65","Lost Soul","0","3897","616","11","15","0","0","0","14","12","10","11","20","0","20","0","21","16","12","0","0","0","0","0","12","0"
"160352","Gorv Duskridge","lost","hard","melee_offense","65","Lost Soul","0","0","658","10","19","126","0","17","18","15","0","0","18","0","0","11","20","10","0","0","0","0","0","0","10","0"
"160368","Faera Glenhollow","lost","soft","caster","65","Lost Soul","0","0","757","11","0","119","113","0","8","0","0","14","12","11","20","16","0","0","15","0","9","0","0","15","0","0"
"160383","Greymilkon Frostkeep","lost","hard","melee_defense","65","Lost Soul","0","0","854","14","0","110","0","10","18","15","16","17","17","0","14","0","18","16","12","0","0","7","5","0","12","0"
"160385","Gareth Cragward","lost","hard","melee_offense","65","Lost Soul","0","0","558","9","0","75","0","15","12","21","19","0","0","0","15","20","10","0","0","0","0","0","10","0","0","0"
"160413","Vraxone Blackvale","lost","hard","melee_offense","65","Lost Soul","0","0","757","11","15","100","0","19","20","0","13","0","13","0","0","0","13","0","19","0","12","0","6","0","14","0"
"160417","Falkarnem Duskforge","lost","hard","melee_offense","65","Lost Soul","0","0","777","12","14","116","0","18","16","11","16","15","0","0","19","16","0","0","14","8","0","0","0","13","0","0"
"160425","Caeluna Starmark","lost","soft","caster","65","Lost Soul","0","0","732","12","0","0","107","8","19","0","14","0","17","14","0","15","13","13","18","10","0","0","0","0","0","10"
"160428","Faera Stillglass","lost","soft","mixed","65","Lost Soul","0","0","711","11","18","101","0","19","0","12","0","9","12","0","17","16","0","0","19","0","0","0","0","11","13","0"
"160429","Drakordan Frostward","lost","hard","melee_offense","65","Lost Soul","0","3893","674","12","0","63","0","17","12","17","19","15","16","0","19","0","14","16","8","0","7","0","0","0","0","0"
"160442","Isanari Swiftseeker","lost","soft","healer","65","Lost Soul","0","0","917","15","18","0","110","16","16","0","9","16","11","13","0","8","15","17","15","11","8","0","14","0","0","0"
"160444","Aldris Duskmantle","lost","soft","caster","65","Lost Soul","0","0","819","14","0","64","83","20","15","0","16","15","16","12","17","10","14","15","0","0","0","0","0","9","0","7"
"160451","Harvakane Frostridge","lost","hard","melee_offense","65","Lost Soul","0","0","509","9","14","103","0","0","0","11","18","12","14","0","10","0","0","14","0","0","0","0","0","0","9","0"
"160458","Narvurgom Bonefist","lost","hard","melee_defense","65","Lost Soul","0","3884","504","9","0","94","0","13","0","12","10","0","11","0","0","0","15","15","16","0","0","11","0","0","0","0"
"160459","Wulf Slateridge","lost","hard","melee_offense","65","Lost Soul","0","0","567","9","15","109","0","17","16","0","17","0","14","0","0","0","0","16","15","0","8","0","0","0","0","0"
"160460","Cadolten Graveblade","lost","hard","melee_offense","65","Lost Soul","0","3887","741","11","0","116","0","16","13","17","13","0","10","0","14","17","0","0","16","0","11","15","0","0","0","0"
"160462","Kaldakone Swordcloak","lost","hard","melee_defense","65","Lost Soul","0","0","750","12","0","111","0","18","17","0","16","15","17","0","11","10","0","13","15","0","0","0","14","6","0","0"
"160464","Tael Emberrise","lost","soft","healer","65","Lost Soul","0","0","521","10","0","0","79","17","10","0","12","15","0","13","14","8","0","19","17","0","0","0","0","0","0","0"
"160465","Draxus Frostforge","lost","hard","melee_offense","65","Lost Soul","0","0","764","13","0","87","0","14","13","16","10","16","13","0","15","14","15","0","11","0","0","11","0","0","12","0"
"160469","Sumiararin Valemere","lost","soft","mixed","65","Lost Soul","0","0","806","13","16","0","106","11","9","19","20","0","17","0","0","10","19","12","19","9","12","0","0","0","0","0"
"160474","Soren Boneward","lost","hard","melee_offense","65","Lost Soul","0","0","854","12","0","105","0","18","13","11","18","0","18","0","0","15","18","14","0","14","0","0","8","0","15","0"
"160479","Narvordoth Dirkmantle","lost","hard","melee_defense","65","Lost Soul","0","0","549","9","0","105","0","0","10","13","19","0","14","0","0","14","0","9","13","0","0","0","0","0","14","0"
"160482","Treld Slateedge","lost","hard","melee_defense","65","Lost Soul","0","3887","697","12","0","53","91","16","12","12","15","0","9","0","0","12","9","0","14","15","0","0","0","0","9","0"
"160483","Rowan Slatehand","lost","hard","mixed","65","Lost Soul","0","0","681","12","16","0","0","17","18","10","12","0","17","13","19","19","17","0","16","0","9","0","0","0","0","0"
"160489","Straxan Duskridge","lost","hard","melee_defense","65","Lost Soul","0","0","969","15","20","114","0","14","11","19","17","21","12","0","10","18","20","17","0","8","0","10","10","0","0","0"
"160492","Winaa Starkeeper","lost","soft","mixed","65","Lost Soul","0","0","771","12","17","109","126","20","14","10","16","0","17","0","16","20","12","11","0","0","0","0","0","0","0","0"
"160494","Trelene Runevale the Persistent","lost","soft","mixed","65","Lost Soul","0","0","763","13","0","101","0","0","10","17","17","11","13","14","9","17","16","16","0","0","0","0","7","0","13","0"
"160501","Keld Dreadvale the Stalwart","lost","hard","melee_defense","65","Lost Soul","0","3897","614","10","0","85","0","16","15","18","19","13","0","0","0","0","19","7","13","0","0","0","11","0","0","0"
"160502","Caelire Brightborne","lost","soft","healer","65","Lost Soul","0","0","749","14","0","0","72","21","15","0","16","17","10","14","15","0","11","17","8","8","0","0","7","4","0","0"
"160507","Wulvenkane Darkfall","lost","hard","melee_offense","65","Lost Soul","0","0","775","13","16","102","0","16","16","10","16","12","15","0","0","19","16","15","13","12","0","0","0","0","0","0"
"160515","Isanel Silvermark","lost","soft","caster","65","Lost Soul","0","0","1016","15","0","108","110","11","15","0","12","18","13","15","0","8","15","19","16","0","0","0","10","0","14","12"
"160544","Soldon Coldblade","lost","hard","melee_offense","65","Lost Soul","0","0","725","12","13","109","0","15","13","18","15","17","0","0","15","20","14","0","18","8","0","0","0","0","0","0"
"160553","Helkakan Ironcrest","lost","hard","melee_offense","65","Lost Soul","0","0","744","13","16","104","0","15","16","7","18","16","14","0","15","12","0","17","12","0","0","0","0","10","0","0"
"160554","Pelian Ironhold","lost","hard","melee_defense","65","Lost Soul","0","0","551","10","0","67","0","11","19","14","13","9","0","0","10","0","16","18","0","0","0","0","0","11","0","0"
"160573","Maren Sageglass","lost","soft","healer","65","Lost Soul","0","0","753","13","18","0","64","0","19","0","16","10","15","12","0","17","17","17","14","0","10","0","0","0","9","0"
"160580","Urien Duskkeeper","lost","soft","healer","65","Lost Soul","0","0","941","13","15","105","93","19","15","0","0","13","0","9","16","0","15","0","15","12","15","0","0","15","0","0"
"160587","Drakim Swordward","lost","hard","melee_offense","65","Lost Soul","0","0","676","11","0","111","0","17","14","20","8","15","0","0","16","12","0","11","0","8","11","0","0","0","0","0"
"160596","Caera Clearwalker","lost","soft","caster","65","Lost Soul","0","0","810","13","20","105","56","0","14","0","14","0","11","11","8","0","13","18","0","0","10","0","14","0","0","10"
"160605","Greymen Coldmantle","restless","hard","melee_defense","65","Restless Soul","0","0","711","14","10","106","0","13","15","14","16","13","11","0","13","10","13","17","16","0","0","0","0","0","5","0"
"160607","Winaene Winddrift","restless","soft","caster","65","Restless Soul","0","0","842","15","0","86","106","10","16","0","15","15","12","15","13","11","10","15","9","6","0","0","0","0","0","12"
"160611","Hadrik Glendrift","restless","soft","caster","65","Restless Soul","3504","0","759","14","0","0","81","14","16","0","15","17","9","13","14","18","18","13","11","0","10","0","5","0","0","0"
"160615","Faolan Stonehide","restless","hard","melee_defense","65","Restless Soul","0","0","679","12","0","60","0","11","16","16","14","13","14","0","14","13","0","16","14","0","0","14","0","0","0","0"
"160624","Drav Bonehand the Furious","restless","hard","melee_offense","65","Restless Soul","0","3893","587","10","17","80","0","15","12","15","14","0","0","0","16","0","0","15","17","0","0","11","0","0","0","0"
"160634","Winalis Sagewalker","restless","soft","healer","65","Restless Soul","0","0","924","15","0","105","86","18","14","0","13","12","16","9","15","15","15","17","17","0","0","0","10","0","0","11"
"160639","Kijainene Silvermantle","restless","soft","healer","65","Restless Soul","3510","0","727","11","15","105","90","0","18","0","0","14","15","14","15","0","0","0","18","0","10","0","0","0","8","0"
"160641","Aela Calmsong","restless","soft","mixed","65","Restless Soul","0","0","848","16","17","0","0","12","14","12","7","14","19","11","11","17","11","14","14","11","11","8","0","0","0","0"
"160652","Gareth Emberhaven","restless","soft","caster","65","Restless Soul","0","0","616","11","16","0","83","15","16","0","14","10","15","0","0","10","18","0","11","0","11","0","0","0","0","0"
"160664","Caeria Starmantle","restless","soft","caster","65","Restless Soul","0","0","830","15","17","82","85","12","14","0","0","15","14","8","13","9","11","15","0","9","9","0","0","9","0","0"
"160672","Nimue Mistwater","restless","soft","caster","65","Restless Soul","0","0","887","14","0","0","78","12","15","0","17","12","15","11","13","17","15","14","0","15","0","0","0","12","0","11"
"160673","Sikor Fellmantle","restless","hard","melee_defense","65","Restless Soul","0","0","589","12","13","92","0","8","18","12","12","11","16","0","0","16","12","11","11","0","0","0","0","0","0","0"
"160677","Nali Veilhollow the Serene","restless","soft","healer","65","Restless Soul","0","0","858","15","0","75","81","12","16","0","15","9","14","14","10","16","17","16","15","0","0","0","0","10","10","0"
"160683","Suma Tidemark the Enlightened","restless","soft","caster","65","Restless Soul","0","0","892","14","0","105","102","18","15","0","12","11","18","16","12","13","0","16","14","8","12","0","0","0","0","0"
"160685","Corin","restless","hard","melee_offense","65","Restless Soul","0","0","1032","17","16","83","0","15","15","13","15","16","14","0","16","0","12","10","9","13","8","10","0","6","14","0"
"160686","Warvund Coldvale the Unyielding","restless","hard","melee_offense","65","Restless Soul","0","0","771","14","0","73","0","16","17","14","15","17","15","0","11","16","10","13","12","7","0","10","0","0","0","0"
"160690","Vrek Darkbrow","restless","hard","melee_offense","65","Restless Soul","0","3897","557","10","0","93","0","16","17","15","11","18","0","0","13","0","16","11","12","0","0","0","0","0","0","0"
"160696","Mordan Duskmantle","restless","hard","melee_offense","65","Restless Soul","0","3893","702","13","0","82","0","9","17","10","17","14","13","0","15","15","14","13","11","0","0","0","0","12","0","0"
"160701","Maeleniith Clearseeker","found","soft","caster","65","Found Soul","0","0","810","15","18","74","86","12","14","0","7","16","13","11","0","15","15","12","14","0","9","0","0","0","0","8"
"160702","Soldath Bloodshroud the Unbroken","found","hard","melee_defense","65","Found Soul","0","0","586","13","0","45","0","13","8","8","9","13","15","0","14","13","10","15","11","0","11","0","0","0","0","0"
"160705","Mord the Warden","found","hard","melee_defense","65","Found Soul","0","0","913","17","18","80","0","12","12","14","14","7","12","0","16","14","17","10","12","11","10","11","0","0","4","0"
"160710","Winayn Ashglass the Pious","found","soft","healer","65","Found Soul","0","0","665","15","14","51","60","0","13","0","12","14","8","12","0","13","13","13","13","0","5","0","4","0","6","0"
"160712","Laelani Palewater","found","soft","healer","65","Found Soul","3507","0","722","14","0","0","83","13","11","0","9","12","9","12","12","14","17","12","6","0","11","0","0","13","0","0"
"160720","Cassin Silverdrift","found","soft","caster","65","Found Soul","3537","0","816","16","0","64","50","14","12","0","12","12","15","12","14","10","10","16","12","5","0","0","11","10","0","0"
"160722","Kija Calmward","found","soft","caster","65","Found Soul","0","0","674","13","16","90","54","0","13","0","13","14","13","12","8","11","10","13","0","0","12","0","0","0","0","0"
"160726","Waellis Starborn","found","soft","caster","65","Found Soul","0","0","766","16","0","73","63","10","11","0","6","17","12","15","14","10","11","16","11","10","0","0","4","6","0","0"
"160730","Windborn the Compassionate","found","soft","healer","65","Found Soul","3537","0","699","15","10","66","67","17","13","0","11","9","12","15","12","8","10","16","6","9","0","0","0","0","0","0"
"160741","Naelara Mornkeeper","found","soft","healer","65","Found Soul","0","0","680","14","0","75","80","9","14","0","12","9","12","13","14","15","0","8","14","7","0","0","5","0","0","0"
