
C:\Program Files\Microsoft Visual Studio\18\Community\MSBuild\Microsoft\VC\v180\Microsoft.CppBuild.targets(551,5): warning MSB8028: The intermediate directory (Release\) contains files shared from another project (dinput8.vcxproj).  This can lead to incorrect clean and rebuild behavior. [C:\EQS\Release-NMS-Client\eqgame_dll\eqgame_dll.vcxproj]
  DetoursAPI.cpp
  EQClasses.cpp
  EQFunctionDetours.cpp
  eqgame.cpp
  EQUtils.cpp
  FloatingTextManager.cpp
  FPSLimit.cpp
  Hooks.cpp
  IClassFactory.cpp
  IDirectInput8A.cpp
  IDirectInput8Hook.cpp
  IDirectInput8W.cpp
  C:\Program Files (x86)\Windows Kits\10\Include\10.0.26100.0\um\dinput.h: DIRECTINPUT_VERSION undefined. Defaulting to version 0x0800
  IDirectInputDevice8A.cpp
  IDirectInputDevice8Hook.cpp
  IDirectInputDevice8W.cpp
  IDirectInputEffect.cpp
  IDirectInputEnumDevice.cpp
C:\EQS\Release-NMS-Client\eqgame_dll\MQ2Main.h(23,9): warning C4005: '_WIN32_WINNT': macro redefinition [C:\EQS\Release-NMS-Client\eqgame_dll\eqgame_dll.vcxproj]
  (compiling source file 'eqgame.cpp')
      C:\Program Files (x86)\Windows Kits\10\Include\10.0.26100.0\shared\sdkddkver.h(228,10):
      see previous definition of '_WIN32_WINNT'
  
C:\EQS\Release-NMS-Client\eqgame_dll\MQ2Main.h(23,9): warning C4005: '_WIN32_WINNT': macro redefinition [C:\EQS\Release-NMS-Client\eqgame_dll\eqgame_dll.vcxproj]
  (compiling source file 'FloatingTextManager.cpp')
      C:\Program Files (x86)\Windows Kits\10\Include\10.0.26100.0\shared\sdkddkver.h(228,10):
      see previous definition of '_WIN32_WINNT'
  
  IDirectInputEnumEffect.cpp
  InterfaceQuery.cpp
  MQ2ChatHook.cpp
C:\EQS\Release-NMS-Client\eqgame_dll\EQData.h(440,14): warning C4091: 'typedef ': ignored on left of 'EQData::MaterialType' when no variable is declared [C:\EQS\Release-NMS-Client\eqgame_dll\eqgame_dll.vcxproj]
  (compiling source file 'EQClasses.cpp')
  
C:\EQS\Release-NMS-Client\eqgame_dll\EQData.h(440,14): warning C4091: 'typedef ': ignored on left of 'EQData::MaterialType' when no variable is declared [C:\EQS\Release-NMS-Client\eqgame_dll\eqgame_dll.vcxproj]
  (compiling source file 'eqgame.cpp')
  
  C:\Program Files (x86)\Windows Kits\10\Include\10.0.26100.0\um\dinput.h: DIRECTINPUT_VERSION undefined. Defaulting to version 0x0800
C:\EQS\Release-NMS-Client\eqgame_dll\EQData.h(440,14): warning C4091: 'typedef ': ignored on left of 'EQData::MaterialType' when no variable is declared [C:\EQS\Release-NMS-Client\eqgame_dll\eqgame_dll.vcxproj]
  (compiling source file 'FloatingTextManager.cpp')
  
C:\EQS\Release-NMS-Client\eqgame_dll\MQ2Internal.h(105,17): warning C4091: 'static ': ignored on left of 'MQ2Internal::SearchItemFlag' when no variable is declared [C:\EQS\Release-NMS-Client\eqgame_dll\eqgame_dll.vcxproj]
  (compiling source file 'EQClasses.cpp')
  
C:\EQS\Release-NMS-Client\eqgame_dll\MQ2Internal.h(105,17): warning C4091: 'static ': ignored on left of 'MQ2Internal::SearchItemFlag' when no variable is declared [C:\EQS\Release-NMS-Client\eqgame_dll\eqgame_dll.vcxproj]
  (compiling source file 'eqgame.cpp')
  
  MQ2CleanUI.cpp
C:\EQS\Release-NMS-Client\eqgame_dll\MQ2DataTypes.h(167,17): warning C4091: 'static ': ignored on left of 'MQ2IntType::IntMembers' when no variable is declared [C:\EQS\Release-NMS-Client\eqgame_dll\eqgame_dll.vcxproj]
  (compiling source file 'EQClasses.cpp')
  
C:\EQS\Release-NMS-Client\eqgame_dll\MQ2DataTypes.h(207,17): warning C4091: 'static ': ignored on left of 'MQ2ArgbType::ArgbMembers' when no variable is declared [C:\EQS\Release-NMS-Client\eqgame_dll\eqgame_dll.vcxproj]
  (compiling source file 'EQClasses.cpp')
  
C:\EQS\Release-NMS-Client\eqgame_dll\MQ2DataTypes.h(284,17): warning C4091: 'static ': ignored on left of 'MQ2StringType::StringMembers' when no variable is declared [C:\EQS\Release-NMS-Client\eqgame_dll\eqgame_dll.vcxproj]
  (compiling source file 'EQClasses.cpp')
  
C:\EQS\Release-NMS-Client\eqgame_dll\MQ2DataTypes.h(360,17): warning C4091: 'static ': ignored on left of 'MQ2FloatType::FloatMembers' when no variable is declared [C:\EQS\Release-NMS-Client\eqgame_dll\eqgame_dll.vcxproj]
  (compiling source file 'EQClasses.cpp')
  
C:\EQS\Release-NMS-Client\eqgame_dll\MQ2DataTypes.h(408,17): warning C4091: 'static ': ignored on left of 'MQ2TicksType::TicksMembers' when no variable is declared [C:\EQS\Release-NMS-Client\eqgame_dll\eqgame_dll.vcxproj]
  (compiling source file 'EQClasses.cpp')
  
C:\EQS\Release-NMS-Client\eqgame_dll\MQ2DataTypes.h(459,17): warning C4091: 'static ': ignored on left of 'MQ2SpawnType::SpawnMembers' when no variable is declared [C:\EQS\Release-NMS-Client\eqgame_dll\eqgame_dll.vcxproj]
  (compiling source file 'EQClasses.cpp')
  
C:\EQS\Release-NMS-Client\eqgame_dll\MQ2DataTypes.h(559,17): warning C4091: 'static ': ignored on left of 'MQ2SpawnType::SpawnMethods' when no variable is declared [C:\EQS\Release-NMS-Client\eqgame_dll\eqgame_dll.vcxproj]
  (compiling source file 'EQClasses.cpp')
  
C:\EQS\Release-NMS-Client\eqgame_dll\MQ2DataTypes.h(167,17): warning C4091: 'static ': ignored on left of 'MQ2IntType::IntMembers' when no variable is declared [C:\EQS\Release-NMS-Client\eqgame_dll\eqgame_dll.vcxproj]
  (compiling source file 'eqgame.cpp')
  
C:\EQS\Release-NMS-Client\eqgame_dll\MQ2DataTypes.h(207,17): warning C4091: 'static ': ignored on left of 'MQ2ArgbType::ArgbMembers' when no variable is declared [C:\EQS\Release-NMS-Client\eqgame_dll\eqgame_dll.vcxproj]
  (compiling source file 'eqgame.cpp')
  
C:\EQS\Release-NMS-Client\eqgame_dll\MQ2DataTypes.h(284,17): warning C4091: 'static ': ignored on left of 'MQ2StringType::StringMembers' when no variable is declared [C:\EQS\Release-NMS-Client\eqgame_dll\eqgame_dll.vcxproj]
  (compiling source file 'eqgame.cpp')
  
C:\EQS\Release-NMS-Client\eqgame_dll\MQ2DataTypes.h(360,17): warning C4091: 'static ': ignored on left of 'MQ2FloatType::FloatMembers' when no variable is declared [C:\EQS\Release-NMS-Client\eqgame_dll\eqgame_dll.vcxproj]
  (compiling source file 'eqgame.cpp')
  
C:\EQS\Release-NMS-Client\eqgame_dll\MQ2DataTypes.h(729,17): warning C4091: 'static ': ignored on left of 'MQ2CharacterType::CharacterMembers' when no variable is declared [C:\EQS\Release-NMS-Client\eqgame_dll\eqgame_dll.vcxproj]
  (compiling source file 'EQClasses.cpp')
  
C:\EQS\Release-NMS-Client\eqgame_dll\MQ2DataTypes.h(408,17): warning C4091: 'static ': ignored on left of 'MQ2TicksType::TicksMembers' when no variable is declared [C:\EQS\Release-NMS-Client\eqgame_dll\eqgame_dll.vcxproj]
  (compiling source file 'eqgame.cpp')
  
C:\EQS\Release-NMS-Client\eqgame_dll\MQ2DataTypes.h(917,17): warning C4091: 'static ': ignored on left of 'MQ2CharacterType::CharacterMethods' when no variable is declared [C:\EQS\Release-NMS-Client\eqgame_dll\eqgame_dll.vcxproj]
  (compiling source file 'EQClasses.cpp')
  
C:\EQS\Release-NMS-Client\eqgame_dll\MQ2DataTypes.h(1158,17): warning C4091: 'static ': ignored on left of 'MQ2SpellType::SpellMembers' when no variable is declared [C:\EQS\Release-NMS-Client\eqgame_dll\eqgame_dll.vcxproj]
  (compiling source file 'EQClasses.cpp')
  
C:\EQS\Release-NMS-Client\eqgame_dll\MQ2DataTypes.h(1188,17): warning C4091: 'static ': ignored on left of 'MQ2SpellType::SpellMethods' when no variable is declared [C:\EQS\Release-NMS-Client\eqgame_dll\eqgame_dll.vcxproj]
  (compiling source file 'EQClasses.cpp')
  
C:\EQS\Release-NMS-Client\eqgame_dll\MQ2DataTypes.h(1262,17): warning C4091: 'static ': ignored on left of 'MQ2BuffType::BuffMembers' when no variable is declared [C:\EQS\Release-NMS-Client\eqgame_dll\eqgame_dll.vcxproj]
  (compiling source file 'EQClasses.cpp')
  
C:\EQS\Release-NMS-Client\eqgame_dll\MQ2DataTypes.h(1272,17): warning C4091: 'static ': ignored on left of 'MQ2BuffType::BuffMethods' when no variable is declared [C:\EQS\Release-NMS-Client\eqgame_dll\eqgame_dll.vcxproj]
  (compiling source file 'EQClasses.cpp')
  
C:\EQS\Release-NMS-Client\eqgame_dll\MQ2DataTypes.h(459,17): warning C4091: 'static ': ignored on left of 'MQ2SpawnType::SpawnMembers' when no variable is declared [C:\EQS\Release-NMS-Client\eqgame_dll\eqgame_dll.vcxproj]
  (compiling source file 'eqgame.cpp')
  
C:\EQS\Release-NMS-Client\eqgame_dll\MQ2DataTypes.h(559,17): warning C4091: 'static ': ignored on left of 'MQ2SpawnType::SpawnMethods' when no variable is declared [C:\EQS\Release-NMS-Client\eqgame_dll\eqgame_dll.vcxproj]
  (compiling source file 'eqgame.cpp')
  
C:\EQS\Release-NMS-Client\eqgame_dll\MQ2DataTypes.h(1336,17): warning C4091: 'static ': ignored on left of 'MQ2ItemType::ItemMembers' when no variable is declared [C:\EQS\Release-NMS-Client\eqgame_dll\eqgame_dll.vcxproj]
  (compiling source file 'EQClasses.cpp')
  
C:\EQS\Release-NMS-Client\eqgame_dll\MQ2DataTypes.h(1469,17): warning C4091: 'static ': ignored on left of 'MQ2ItemType::ItemMethods' when no variable is declared [C:\EQS\Release-NMS-Client\eqgame_dll\eqgame_dll.vcxproj]
  (compiling source file 'EQClasses.cpp')
  
C:\EQS\Release-NMS-Client\eqgame_dll\MQ2DataTypes.h(729,17): warning C4091: 'static ': ignored on left of 'MQ2CharacterType::CharacterMembers' when no variable is declared [C:\EQS\Release-NMS-Client\eqgame_dll\eqgame_dll.vcxproj]
  (compiling source file 'eqgame.cpp')
  
C:\EQS\Release-NMS-Client\eqgame_dll\MQ2DataTypes.h(917,17): warning C4091: 'static ': ignored on left of 'MQ2CharacterType::CharacterMethods' when no variable is declared [C:\EQS\Release-NMS-Client\eqgame_dll\eqgame_dll.vcxproj]
  (compiling source file 'eqgame.cpp')
  
C:\EQS\Release-NMS-Client\eqgame_dll\MQ2DataTypes.h(1647,17): warning C4091: 'static ': ignored on left of 'MQ2SwitchType::SwitchMembers' when no variable is declared [C:\EQS\Release-NMS-Client\eqgame_dll\eqgame_dll.vcxproj]
  (compiling source file 'EQClasses.cpp')
  
C:\EQS\Release-NMS-Client\eqgame_dll\MQ2DataTypes.h(1670,17): warning C4091: 'static ': ignored on left of 'MQ2SwitchType::SwitchMethods' when no variable is declared [C:\EQS\Release-NMS-Client\eqgame_dll\eqgame_dll.vcxproj]
  (compiling source file 'EQClasses.cpp')
  
C:\EQS\Release-NMS-Client\eqgame_dll\MQ2DataTypes.h(1735,17): warning C4091: 'static ': ignored on left of 'MQ2GroundType::GroundMembers' when no variable is declared [C:\EQS\Release-NMS-Client\eqgame_dll\eqgame_dll.vcxproj]
  (compiling source file 'EQClasses.cpp')
  
C:\EQS\Release-NMS-Client\eqgame_dll\MQ2DataTypes.h(1750,17): warning C4091: 'static ': ignored on left of 'MQ2GroundType::GroundMethods' when no variable is declared [C:\EQS\Release-NMS-Client\eqgame_dll\eqgame_dll.vcxproj]
  (compiling source file 'EQClasses.cpp')
  
C:\EQS\Release-NMS-Client\eqgame_dll\MQ2DataTypes.h(1811,17): warning C4091: 'static ': ignored on left of 'MQ2CorpseType::CorpseMembers' when no variable is declared [C:\EQS\Release-NMS-Client\eqgame_dll\eqgame_dll.vcxproj]
  (compiling source file 'EQClasses.cpp')
  
C:\EQS\Release-NMS-Client\eqgame_dll\MQ2DataTypes.h(1817,17): warning C4091: 'static ': ignored on left of 'MQ2CorpseType::CorpseMethods' when no variable is declared [C:\EQS\Release-NMS-Client\eqgame_dll\eqgame_dll.vcxproj]
  (compiling source file 'EQClasses.cpp')
  
C:\EQS\Release-NMS-Client\eqgame_dll\MQ2DataTypes.h(1860,17): warning C4091: 'static ': ignored on left of 'MQ2MerchantType::MerchantMembers' when no variable is declared [C:\EQS\Release-NMS-Client\eqgame_dll\eqgame_dll.vcxproj]
  (compiling source file 'EQClasses.cpp')
  
C:\EQS\Release-NMS-Client\eqgame_dll\MQ2DataTypes.h(1868,17): warning C4091: 'static ': ignored on left of 'MQ2MerchantType::MerchantMethods' when no variable is declared [C:\EQS\Release-NMS-Client\eqgame_dll\eqgame_dll.vcxproj]
  (compiling source file 'EQClasses.cpp')
  
C:\EQS\Release-NMS-Client\eqgame_dll\MQ2DataTypes.h(1913,17): warning C4091: 'static ': ignored on left of 'MQ2WindowType::WindowMembers' when no variable is declared [C:\EQS\Release-NMS-Client\eqgame_dll\eqgame_dll.vcxproj]
  (compiling source file 'EQClasses.cpp')
  
C:\EQS\Release-NMS-Client\eqgame_dll\MQ2DataTypes.h(1949,17): warning C4091: 'static ': ignored on left of 'MQ2WindowType::WindowMethods' when no variable is declared [C:\EQS\Release-NMS-Client\eqgame_dll\eqgame_dll.vcxproj]
  (compiling source file 'EQClasses.cpp')
  
C:\EQS\Release-NMS-Client\eqgame_dll\MQ2DataTypes.h(2048,17): warning C4091: 'static ': ignored on left of 'MQ2MacroType::MacroMembers' when no variable is declared [C:\EQS\Release-NMS-Client\eqgame_dll\eqgame_dll.vcxproj]
  (compiling source file 'EQClasses.cpp')
  
C:\EQS\Release-NMS-Client\eqgame_dll\MQ2DataTypes.h(1158,17): warning C4091: 'static ': ignored on left of 'MQ2SpellType::SpellMembers' when no variable is declared [C:\EQS\Release-NMS-Client\eqgame_dll\eqgame_dll.vcxproj]
  (compiling source file 'eqgame.cpp')
  
C:\EQS\Release-NMS-Client\eqgame_dll\MQ2DataTypes.h(2096,17): warning C4091: 'static ': ignored on left of 'MQ2ZoneType::ZoneMembers' when no variable is declared [C:\EQS\Release-NMS-Client\eqgame_dll\eqgame_dll.vcxproj]
  (compiling source file 'EQClasses.cpp')
  
C:\EQS\Release-NMS-Client\eqgame_dll\MQ2DataTypes.h(1188,17): warning C4091: 'static ': ignored on left of 'MQ2SpellType::SpellMethods' when no variable is declared [C:\EQS\Release-NMS-Client\eqgame_dll\eqgame_dll.vcxproj]
  (compiling source file 'eqgame.cpp')
  
C:\EQS\Release-NMS-Client\eqgame_dll\MQ2DataTypes.h(2143,17): warning C4091: 'static ': ignored on left of 'MQ2CurrentZoneType::CurrentZoneMembers' when no variable is declared [C:\EQS\Release-NMS-Client\eqgame_dll\eqgame_dll.vcxproj]
  (compiling source file 'EQClasses.cpp')
  
C:\EQS\Release-NMS-Client\eqgame_dll\MQ2DataTypes.h(1262,17): warning C4091: 'static ': ignored on left of 'MQ2BuffType::BuffMembers' when no variable is declared [C:\EQS\Release-NMS-Client\eqgame_dll\eqgame_dll.vcxproj]
  (compiling source file 'eqgame.cpp')
  
C:\EQS\Release-NMS-Client\eqgame_dll\MQ2DataTypes.h(1272,17): warning C4091: 'static ': ignored on left of 'MQ2BuffType::BuffMethods' when no variable is declared [C:\EQS\Release-NMS-Client\eqgame_dll\eqgame_dll.vcxproj]
  (compiling source file 'eqgame.cpp')
  
C:\EQS\Release-NMS-Client\eqgame_dll\MQ2DataTypes.h(2205,17): warning C4091: 'static ': ignored on left of 'MQ2MacroQuestType::MacroQuestMembers' when no variable is declared [C:\EQS\Release-NMS-Client\eqgame_dll\eqgame_dll.vcxproj]
  (compiling source file 'EQClasses.cpp')
  
C:\EQS\Release-NMS-Client\eqgame_dll\MQ2DataTypes.h(2230,17): warning C4091: 'static ': ignored on left of 'MQ2MacroQuestType::MacroQuestMethods' when no variable is declared [C:\EQS\Release-NMS-Client\eqgame_dll\eqgame_dll.vcxproj]
  (compiling source file 'EQClasses.cpp')
  
C:\EQS\Release-NMS-Client\eqgame_dll\MQ2DataTypes.h(2283,17): warning C4091: 'static ': ignored on left of 'MQ2MathType::MathMembers' when no variable is declared [C:\EQS\Release-NMS-Client\eqgame_dll\eqgame_dll.vcxproj]
  (compiling source file 'EQClasses.cpp')
  
C:\EQS\Release-NMS-Client\eqgame_dll\MQ2DataTypes.h(1336,17): warning C4091: 'static ': ignored on left of 'MQ2ItemType::ItemMembers' when no variable is declared [C:\EQS\Release-NMS-Client\eqgame_dll\eqgame_dll.vcxproj]
  (compiling source file 'eqgame.cpp')
  
C:\EQS\Release-NMS-Client\eqgame_dll\MQ2DataTypes.h(1469,17): warning C4091: 'static ': ignored on left of 'MQ2ItemType::ItemMethods' when no variable is declared [C:\EQS\Release-NMS-Client\eqgame_dll\eqgame_dll.vcxproj]
  (compiling source file 'eqgame.cpp')
  
C:\EQS\Release-NMS-Client\eqgame_dll\MQ2DataTypes.h(2341,17): warning C4091: 'static ': ignored on left of 'MQ2RaceType::RaceMembers' when no variable is declared [C:\EQS\Release-NMS-Client\eqgame_dll\eqgame_dll.vcxproj]
  (compiling source file 'EQClasses.cpp')
  
C:\EQS\Release-NMS-Client\eqgame_dll\MQ2DataTypes.h(2379,17): warning C4091: 'static ': ignored on left of 'MQ2ClassType::ClassMembers' when no variable is declared [C:\EQS\Release-NMS-Client\eqgame_dll\eqgame_dll.vcxproj]
  (compiling source file 'EQClasses.cpp')
  
C:\EQS\Release-NMS-Client\eqgame_dll\MQ2DataTypes.h(2434,17): warning C4091: 'static ': ignored on left of 'MQ2BodyType::BodyMembers' when no variable is declared [C:\EQS\Release-NMS-Client\eqgame_dll\eqgame_dll.vcxproj]
  (compiling source file 'EQClasses.cpp')
  
C:\EQS\Release-NMS-Client\eqgame_dll\MQ2DataTypes.h(2471,17): warning C4091: 'static ': ignored on left of 'MQ2DeityType::DeityMembers' when no variable is declared [C:\EQS\Release-NMS-Client\eqgame_dll\eqgame_dll.vcxproj]
  (compiling source file 'EQClasses.cpp')
  
C:\EQS\Release-NMS-Client\eqgame_dll\MQ2DataTypes.h(2511,17): warning C4091: 'static ': ignored on left of 'MQ2TimeType::TimeMembers' when no variable is declared [C:\EQS\Release-NMS-Client\eqgame_dll\eqgame_dll.vcxproj]
  (compiling source file 'EQClasses.cpp')
  
C:\EQS\Release-NMS-Client\eqgame_dll\MQ2DataTypes.h(2586,17): warning C4091: 'static ': ignored on left of 'MQ2TypeType::TypeMembers' when no variable is declared [C:\EQS\Release-NMS-Client\eqgame_dll\eqgame_dll.vcxproj]
  (compiling source file 'EQClasses.cpp')
  
C:\EQS\Release-NMS-Client\eqgame_dll\MQ2DataTypes.h(1647,17): warning C4091: 'static ': ignored on left of 'MQ2SwitchType::SwitchMembers' when no variable is declared [C:\EQS\Release-NMS-Client\eqgame_dll\eqgame_dll.vcxproj]
  (compiling source file 'eqgame.cpp')
  
C:\EQS\Release-NMS-Client\eqgame_dll\MQ2DataTypes.h(1670,17): warning C4091: 'static ': ignored on left of 'MQ2SwitchType::SwitchMethods' when no variable is declared [C:\EQS\Release-NMS-Client\eqgame_dll\eqgame_dll.vcxproj]
  (compiling source file 'eqgame.cpp')
  
C:\EQS\Release-NMS-Client\eqgame_dll\MQ2DataTypes.h(2624,17): warning C4091: 'static ': ignored on left of 'MQ2HeadingType::HeadingMembers' when no variable is declared [C:\EQS\Release-NMS-Client\eqgame_dll\eqgame_dll.vcxproj]
  (compiling source file 'EQClasses.cpp')
  
C:\EQS\Release-NMS-Client\eqgame_dll\MQ2DataTypes.h(2632,17): warning C4091: 'static ': ignored on left of 'MQ2HeadingType::HeadingMethods' when no variable is declared [C:\EQS\Release-NMS-Client\eqgame_dll\eqgame_dll.vcxproj]
  (compiling source file 'EQClasses.cpp')
  
C:\EQS\Release-NMS-Client\eqgame_dll\MQ2DataTypes.h(2678,17): warning C4091: 'static ': ignored on left of 'MQ2InvSlotType::InvSlotMembers' when no variable is declared [C:\EQS\Release-NMS-Client\eqgame_dll\eqgame_dll.vcxproj]
  (compiling source file 'EQClasses.cpp')
  
C:\EQS\Release-NMS-Client\eqgame_dll\MQ2DataTypes.h(2686,17): warning C4091: 'static ': ignored on left of 'MQ2InvSlotType::InvSlotMethods' when no variable is declared [C:\EQS\Release-NMS-Client\eqgame_dll\eqgame_dll.vcxproj]
  (compiling source file 'EQClasses.cpp')
  
C:\EQS\Release-NMS-Client\eqgame_dll\MQ2DataTypes.h(1735,17): warning C4091: 'static ': ignored on left of 'MQ2GroundType::GroundMembers' when no variable is declared [C:\EQS\Release-NMS-Client\eqgame_dll\eqgame_dll.vcxproj]
  (compiling source file 'eqgame.cpp')
  
C:\EQS\Release-NMS-Client\eqgame_dll\MQ2DataTypes.h(1750,17): warning C4091: 'static ': ignored on left of 'MQ2GroundType::GroundMethods' when no variable is declared [C:\EQS\Release-NMS-Client\eqgame_dll\eqgame_dll.vcxproj]
  (compiling source file 'eqgame.cpp')
  
C:\EQS\Release-NMS-Client\eqgame_dll\MQ2DataTypes.h(2740,17): warning C4091: 'static ': ignored on left of 'MQ2PluginType::PluginMembers' when no variable is declared [C:\EQS\Release-NMS-Client\eqgame_dll\eqgame_dll.vcxproj]
  (compiling source file 'EQClasses.cpp')
  
C:\EQS\Release-NMS-Client\eqgame_dll\MQ2DataTypes.h(2782,17): warning C4091: 'static ': ignored on left of 'MQ2BenchmarkType::BenchmarkMembers' when no variable is declared [C:\EQS\Release-NMS-Client\eqgame_dll\eqgame_dll.vcxproj]
  (compiling source file 'EQClasses.cpp')
  
C:\EQS\Release-NMS-Client\eqgame_dll\MQ2DataTypes.h(1811,17): warning C4091: 'static ': ignored on left of 'MQ2CorpseType::CorpseMembers' when no variable is declared [C:\EQS\Release-NMS-Client\eqgame_dll\eqgame_dll.vcxproj]
  (compiling source file 'eqgame.cpp')
  
C:\EQS\Release-NMS-Client\eqgame_dll\MQ2DataTypes.h(1817,17): warning C4091: 'static ': ignored on left of 'MQ2CorpseType::CorpseMethods' when no variable is declared [C:\EQS\Release-NMS-Client\eqgame_dll\eqgame_dll.vcxproj]
  (compiling source file 'eqgame.cpp')
  
C:\EQS\Release-NMS-Client\eqgame_dll\MQ2DataTypes.h(2828,17): warning C4091: 'static ': ignored on left of 'MQ2SkillType::SkillMembers' when no variable is declared [C:\EQS\Release-NMS-Client\eqgame_dll\eqgame_dll.vcxproj]
  (compiling source file 'EQClasses.cpp')
  
C:\EQS\Release-NMS-Client\eqgame_dll\MQ2DataTypes.h(2838,17): warning C4091: 'static ': ignored on left of 'MQ2SkillType::SkillMethods' when no variable is declared [C:\EQS\Release-NMS-Client\eqgame_dll\eqgame_dll.vcxproj]
  (compiling source file 'EQClasses.cpp')
  
C:\EQS\Release-NMS-Client\eqgame_dll\MQ2DataTypes.h(1860,17): warning C4091: 'static ': ignored on left of 'MQ2MerchantType::MerchantMembers' when no variable is declared [C:\EQS\Release-NMS-Client\eqgame_dll\eqgame_dll.vcxproj]
  (compiling source file 'eqgame.cpp')
  
C:\EQS\Release-NMS-Client\eqgame_dll\MQ2DataTypes.h(1868,17): warning C4091: 'static ': ignored on left of 'MQ2MerchantType::MerchantMethods' when no variable is declared [C:\EQS\Release-NMS-Client\eqgame_dll\eqgame_dll.vcxproj]
  (compiling source file 'eqgame.cpp')
  
C:\EQS\Release-NMS-Client\eqgame_dll\MQ2DataTypes.h(2887,17): warning C4091: 'static ': ignored on left of 'MQ2AltAbilityType::AltAbilityMembers' when no variable is declared [C:\EQS\Release-NMS-Client\eqgame_dll\eqgame_dll.vcxproj]
  (compiling source file 'EQClasses.cpp')
  
C:\EQS\Release-NMS-Client\eqgame_dll\MQ2DataTypes.h(2904,17): warning C4091: 'static ': ignored on left of 'MQ2AltAbilityType::AltAbilityMethods' when no variable is declared [C:\EQS\Release-NMS-Client\eqgame_dll\eqgame_dll.vcxproj]
  (compiling source file 'EQClasses.cpp')
  
C:\EQS\Release-NMS-Client\eqgame_dll\MQ2DataTypes.h(1913,17): warning C4091: 'static ': ignored on left of 'MQ2WindowType::WindowMembers' when no variable is declared [C:\EQS\Release-NMS-Client\eqgame_dll\eqgame_dll.vcxproj]
  (compiling source file 'eqgame.cpp')
  
C:\EQS\Release-NMS-Client\eqgame_dll\MQ2DataTypes.h(1949,17): warning C4091: 'static ': ignored on left of 'MQ2WindowType::WindowMethods' when no variable is declared [C:\EQS\Release-NMS-Client\eqgame_dll\eqgame_dll.vcxproj]
  (compiling source file 'eqgame.cpp')
  
C:\EQS\Release-NMS-Client\eqgame_dll\MQ2DataTypes.h(2949,17): warning C4091: 'static ': ignored on left of 'MQ2TimerType::TimerMembers' when no variable is declared [C:\EQS\Release-NMS-Client\eqgame_dll\eqgame_dll.vcxproj]
  (compiling source file 'EQClasses.cpp')
  
C:\EQS\Release-NMS-Client\eqgame_dll\MQ2DataTypes.h(2954,17): warning C4091: 'static ': ignored on left of 'MQ2TimerType::TimerMethods' when no variable is declared [C:\EQS\Release-NMS-Client\eqgame_dll\eqgame_dll.vcxproj]
  (compiling source file 'EQClasses.cpp')
  
C:\EQS\Release-NMS-Client\eqgame_dll\MQ2DataTypes.h(2048,17): warning C4091: 'static ': ignored on left of 'MQ2MacroType::MacroMembers' when no variable is declared [C:\EQS\Release-NMS-Client\eqgame_dll\eqgame_dll.vcxproj]
  (compiling source file 'eqgame.cpp')
  
C:\EQS\Release-NMS-Client\eqgame_dll\MQ2DataTypes.h(3051,17): warning C4091: 'static ': ignored on left of 'MQ2ArrayType::ArrayMembers' when no variable is declared [C:\EQS\Release-NMS-Client\eqgame_dll\eqgame_dll.vcxproj]
  (compiling source file 'EQClasses.cpp')
  
C:\EQS\Release-NMS-Client\eqgame_dll\MQ2DataTypes.h(2096,17): warning C4091: 'static ': ignored on left of 'MQ2ZoneType::ZoneMembers' when no variable is declared [C:\EQS\Release-NMS-Client\eqgame_dll\eqgame_dll.vcxproj]
  (compiling source file 'eqgame.cpp')
  
C:\EQS\Release-NMS-Client\eqgame_dll\MQ2DataTypes.h(3096,17): warning C4091: 'static ': ignored on left of 'MQ2GroupType::GroupMembers' when no variable is declared [C:\EQS\Release-NMS-Client\eqgame_dll\eqgame_dll.vcxproj]
  (compiling source file 'EQClasses.cpp')
  
C:\EQS\Release-NMS-Client\eqgame_dll\MQ2DataTypes.h(3106,17): warning C4091: 'static ': ignored on left of 'MQ2GroupType::GroupMethods' when no variable is declared [C:\EQS\Release-NMS-Client\eqgame_dll\eqgame_dll.vcxproj]
  (compiling source file 'EQClasses.cpp')
  
C:\EQS\Release-NMS-Client\eqgame_dll\MQ2DataTypes.h(3141,17): warning C4091: 'static ': ignored on left of 'MQ2GroupMemberType::GroupMemberMembers' when no variable is declared [C:\EQS\Release-NMS-Client\eqgame_dll\eqgame_dll.vcxproj]
  (compiling source file 'EQClasses.cpp')
  
C:\EQS\Release-NMS-Client\eqgame_dll\MQ2DataTypes.h(3153,17): warning C4091: 'static ': ignored on left of 'MQ2GroupMemberType::GroupMemberMethods' when no variable is declared [C:\EQS\Release-NMS-Client\eqgame_dll\eqgame_dll.vcxproj]
  (compiling source file 'EQClasses.cpp')
  
C:\EQS\Release-NMS-Client\eqgame_dll\MQ2DataTypes.h(2143,17): warning C4091: 'static ': ignored on left of 'MQ2CurrentZoneType::CurrentZoneMembers' when no variable is declared [C:\EQS\Release-NMS-Client\eqgame_dll\eqgame_dll.vcxproj]
  (compiling source file 'eqgame.cpp')
  
C:\EQS\Release-NMS-Client\eqgame_dll\MQ2DataTypes.h(3195,17): warning C4091: 'static ': ignored on left of 'MQ2RaidType::RaidMembers' when no variable is declared [C:\EQS\Release-NMS-Client\eqgame_dll\eqgame_dll.vcxproj]
  (compiling source file 'EQClasses.cpp')
  
C:\EQS\Release-NMS-Client\eqgame_dll\MQ2DataTypes.h(3210,17): warning C4091: 'static ': ignored on left of 'MQ2RaidType::RaidMethods' when no variable is declared [C:\EQS\Release-NMS-Client\eqgame_dll\eqgame_dll.vcxproj]
  (compiling source file 'EQClasses.cpp')
  
C:\EQS\Release-NMS-Client\eqgame_dll\MQ2DataTypes.h(3254,17): warning C4091: 'static ': ignored on left of 'MQ2RaidMemberType::RaidMemberMembers' when no variable is declared [C:\EQS\Release-NMS-Client\eqgame_dll\eqgame_dll.vcxproj]
  (compiling source file 'EQClasses.cpp')
  
C:\EQS\Release-NMS-Client\eqgame_dll\MQ2DataTypes.h(3265,17): warning C4091: 'static ': ignored on left of 'MQ2RaidMemberType::RaidMemberMethods' when no variable is declared [C:\EQS\Release-NMS-Client\eqgame_dll\eqgame_dll.vcxproj]
  (compiling source file 'EQClasses.cpp')
  
C:\EQS\Release-NMS-Client\eqgame_dll\MQ2DataTypes.h(3314,17): warning C4091: 'static ': ignored on left of 'MQ2EvolvingItemType::EvolvingItemMembers' when no variable is declared [C:\EQS\Release-NMS-Client\eqgame_dll\eqgame_dll.vcxproj]
  (compiling source file 'EQClasses.cpp')
  
C:\EQS\Release-NMS-Client\eqgame_dll\MQ2DataTypes.h(2205,17): warning C4091: 'static ': ignored on left of 'MQ2MacroQuestType::MacroQuestMembers' when no variable is declared [C:\EQS\Release-NMS-Client\eqgame_dll\eqgame_dll.vcxproj]
  (compiling source file 'eqgame.cpp')
  
C:\EQS\Release-NMS-Client\eqgame_dll\MQ2DataTypes.h(2230,17): warning C4091: 'static ': ignored on left of 'MQ2MacroQuestType::MacroQuestMethods' when no variable is declared [C:\EQS\Release-NMS-Client\eqgame_dll\eqgame_dll.vcxproj]
  (compiling source file 'eqgame.cpp')
  
C:\EQS\Release-NMS-Client\eqgame_dll\MQ2DataTypes.h(3356,17): warning C4091: 'static ': ignored on left of 'MQ2DynamicZoneType::DynamicZoneMembers' when no variable is declared [C:\EQS\Release-NMS-Client\eqgame_dll\eqgame_dll.vcxproj]
  (compiling source file 'EQClasses.cpp')
  
C:\EQS\Release-NMS-Client\eqgame_dll\MQ2DataTypes.h(3398,17): warning C4091: 'static ': ignored on left of 'MQ2DZMemberType::DZMemberTypeMembers' when no variable is declared [C:\EQS\Release-NMS-Client\eqgame_dll\eqgame_dll.vcxproj]
  (compiling source file 'EQClasses.cpp')
  
C:\EQS\Release-NMS-Client\eqgame_dll\MQ2DataTypes.h(2283,17): warning C4091: 'static ': ignored on left of 'MQ2MathType::MathMembers' when no variable is declared [C:\EQS\Release-NMS-Client\eqgame_dll\eqgame_dll.vcxproj]
  (compiling source file 'eqgame.cpp')
  
C:\EQS\Release-NMS-Client\eqgame_dll\MQ2DataTypes.h(3430,17): warning C4091: 'static ': ignored on left of 'MQ2FellowshipType::FellowshipTypeMembers' when no variable is declared [C:\EQS\Release-NMS-Client\eqgame_dll\eqgame_dll.vcxproj]
  (compiling source file 'EQClasses.cpp')
  
C:\EQS\Release-NMS-Client\eqgame_dll\MQ2DataTypes.h(2341,17): warning C4091: 'static ': ignored on left of 'MQ2RaceType::RaceMembers' when no variable is declared [C:\EQS\Release-NMS-Client\eqgame_dll\eqgame_dll.vcxproj]
  (compiling source file 'eqgame.cpp')
  
C:\EQS\Release-NMS-Client\eqgame_dll\MQ2DataTypes.h(3483,17): warning C4091: 'static ': ignored on left of 'MQ2FellowshipMemberType::FMTypeMembers' when no variable is declared [C:\EQS\Release-NMS-Client\eqgame_dll\eqgame_dll.vcxproj]
  (compiling source file 'EQClasses.cpp')
  
C:\EQS\Release-NMS-Client\eqgame_dll\MQ2DataTypes.h(3521,17): warning C4091: 'static ': ignored on left of 'MQ2FriendsType::FriendsMembers' when no variable is declared [C:\EQS\Release-NMS-Client\eqgame_dll\eqgame_dll.vcxproj]
  (compiling source file 'EQClasses.cpp')
  
C:\EQS\Release-NMS-Client\eqgame_dll\MQ2DataTypes.h(3525,17): warning C4091: 'static ': ignored on left of 'MQ2FriendsType::FriendsMethods' when no variable is declared [C:\EQS\Release-NMS-Client\eqgame_dll\eqgame_dll.vcxproj]
  (compiling source file 'EQClasses.cpp')
  
C:\EQS\Release-NMS-Client\eqgame_dll\MQ2DataTypes.h(2379,17): warning C4091: 'static ': ignored on left of 'MQ2ClassType::ClassMembers' when no variable is declared [C:\EQS\Release-NMS-Client\eqgame_dll\eqgame_dll.vcxproj]
  (compiling source file 'eqgame.cpp')
  
C:\EQS\Release-NMS-Client\eqgame_dll\MQ2DataTypes.h(3564,17): warning C4091: 'static ': ignored on left of 'MQ2TargetType::TargetMembers' when no variable is declared [C:\EQS\Release-NMS-Client\eqgame_dll\eqgame_dll.vcxproj]
  (compiling source file 'EQClasses.cpp')
  
C:\EQS\Release-NMS-Client\eqgame_dll\MQ2DataTypes.h(2434,17): warning C4091: 'static ': ignored on left of 'MQ2BodyType::BodyMembers' when no variable is declared [C:\EQS\Release-NMS-Client\eqgame_dll\eqgame_dll.vcxproj]
  (compiling source file 'eqgame.cpp')
  
C:\EQS\Release-NMS-Client\eqgame_dll\MQ2DataTypes.h(2471,17): warning C4091: 'static ': ignored on left of 'MQ2DeityType::DeityMembers' when no variable is declared [C:\EQS\Release-NMS-Client\eqgame_dll\eqgame_dll.vcxproj]
  (compiling source file 'eqgame.cpp')
  
C:\EQS\Release-NMS-Client\eqgame_dll\MQ2DataTypes.h(2511,17): warning C4091: 'static ': ignored on left of 'MQ2TimeType::TimeMembers' when no variable is declared [C:\EQS\Release-NMS-Client\eqgame_dll\eqgame_dll.vcxproj]
  (compiling source file 'eqgame.cpp')
  
C:\EQS\Release-NMS-Client\eqgame_dll\MQ2DataTypes.h(2586,17): warning C4091: 'static ': ignored on left of 'MQ2TypeType::TypeMembers' when no variable is declared [C:\EQS\Release-NMS-Client\eqgame_dll\eqgame_dll.vcxproj]
  (compiling source file 'eqgame.cpp')
  
C:\EQS\Release-NMS-Client\eqgame_dll\MQ2DataTypes.h(2624,17): warning C4091: 'static ': ignored on left of 'MQ2HeadingType::HeadingMembers' when no variable is declared [C:\EQS\Release-NMS-Client\eqgame_dll\eqgame_dll.vcxproj]
  (compiling source file 'eqgame.cpp')
  
C:\EQS\Release-NMS-Client\eqgame_dll\MQ2DataTypes.h(2632,17): warning C4091: 'static ': ignored on left of 'MQ2HeadingType::HeadingMethods' when no variable is declared [C:\EQS\Release-NMS-Client\eqgame_dll\eqgame_dll.vcxproj]
  (compiling source file 'eqgame.cpp')
  
C:\EQS\Release-NMS-Client\eqgame_dll\MQ2DataTypes.h(2678,17): warning C4091: 'static ': ignored on left of 'MQ2InvSlotType::InvSlotMembers' when no variable is declared [C:\EQS\Release-NMS-Client\eqgame_dll\eqgame_dll.vcxproj]
  (compiling source file 'eqgame.cpp')
  
C:\EQS\Release-NMS-Client\eqgame_dll\MQ2DataTypes.h(2686,17): warning C4091: 'static ': ignored on left of 'MQ2InvSlotType::InvSlotMethods' when no variable is declared [C:\EQS\Release-NMS-Client\eqgame_dll\eqgame_dll.vcxproj]
  (compiling source file 'eqgame.cpp')
  
C:\EQS\Release-NMS-Client\eqgame_dll\MQ2DataTypes.h(3644,17): warning C4091: 'static ': ignored on left of 'MQ2XTargetType::xTargetMembers' when no variable is declared [C:\EQS\Release-NMS-Client\eqgame_dll\eqgame_dll.vcxproj]
  (compiling source file 'EQClasses.cpp')
  
C:\EQS\Release-NMS-Client\eqgame_dll\MQ2DataTypes.h(2740,17): warning C4091: 'static ': ignored on left of 'MQ2PluginType::PluginMembers' when no variable is declared [C:\EQS\Release-NMS-Client\eqgame_dll\eqgame_dll.vcxproj]
  (compiling source file 'eqgame.cpp')
  
C:\EQS\Release-NMS-Client\eqgame_dll\MQ2DataTypes.h(2782,17): warning C4091: 'static ': ignored on left of 'MQ2BenchmarkType::BenchmarkMembers' when no variable is declared [C:\EQS\Release-NMS-Client\eqgame_dll\eqgame_dll.vcxproj]
  (compiling source file 'eqgame.cpp')
  
C:\EQS\Release-NMS-Client\eqgame_dll\MQ2DataTypes.h(2828,17): warning C4091: 'static ': ignored on left of 'MQ2SkillType::SkillMembers' when no variable is declared [C:\EQS\Release-NMS-Client\eqgame_dll\eqgame_dll.vcxproj]
  (compiling source file 'eqgame.cpp')
  
C:\EQS\Release-NMS-Client\eqgame_dll\MQ2DataTypes.h(2838,17): warning C4091: 'static ': ignored on left of 'MQ2SkillType::SkillMethods' when no variable is declared [C:\EQS\Release-NMS-Client\eqgame_dll\eqgame_dll.vcxproj]
  (compiling source file 'eqgame.cpp')
  
C:\EQS\Release-NMS-Client\eqgame_dll\MQ2DataTypes.h(2887,17): warning C4091: 'static ': ignored on left of 'MQ2AltAbilityType::AltAbilityMembers' when no variable is declared [C:\EQS\Release-NMS-Client\eqgame_dll\eqgame_dll.vcxproj]
  (compiling source file 'eqgame.cpp')
  
C:\EQS\Release-NMS-Client\eqgame_dll\MQ2DataTypes.h(2904,17): warning C4091: 'static ': ignored on left of 'MQ2AltAbilityType::AltAbilityMethods' when no variable is declared [C:\EQS\Release-NMS-Client\eqgame_dll\eqgame_dll.vcxproj]
  (compiling source file 'eqgame.cpp')
  
C:\EQS\Release-NMS-Client\eqgame_dll\MQ2DataTypes.h(2949,17): warning C4091: 'static ': ignored on left of 'MQ2TimerType::TimerMembers' when no variable is declared [C:\EQS\Release-NMS-Client\eqgame_dll\eqgame_dll.vcxproj]
  (compiling source file 'eqgame.cpp')
  
C:\EQS\Release-NMS-Client\eqgame_dll\MQ2DataTypes.h(2954,17): warning C4091: 'static ': ignored on left of 'MQ2TimerType::TimerMethods' when no variable is declared [C:\EQS\Release-NMS-Client\eqgame_dll\eqgame_dll.vcxproj]
  (compiling source file 'eqgame.cpp')
  
C:\EQS\Release-NMS-Client\eqgame_dll\MQ2DataTypes.h(3051,17): warning C4091: 'static ': ignored on left of 'MQ2ArrayType::ArrayMembers' when no variable is declared [C:\EQS\Release-NMS-Client\eqgame_dll\eqgame_dll.vcxproj]
  (compiling source file 'eqgame.cpp')
  
C:\EQS\Release-NMS-Client\eqgame_dll\MQ2DataTypes.h(3096,17): warning C4091: 'static ': ignored on left of 'MQ2GroupType::GroupMembers' when no variable is declared [C:\EQS\Release-NMS-Client\eqgame_dll\eqgame_dll.vcxproj]
  (compiling source file 'eqgame.cpp')
  
C:\EQS\Release-NMS-Client\eqgame_dll\MQ2DataTypes.h(3106,17): warning C4091: 'static ': ignored on left of 'MQ2GroupType::GroupMethods' when no variable is declared [C:\EQS\Release-NMS-Client\eqgame_dll\eqgame_dll.vcxproj]
  (compiling source file 'eqgame.cpp')
  
C:\EQS\Release-NMS-Client\eqgame_dll\MQ2DataTypes.h(3141,17): warning C4091: 'static ': ignored on left of 'MQ2GroupMemberType::GroupMemberMembers' when no variable is declared [C:\EQS\Release-NMS-Client\eqgame_dll\eqgame_dll.vcxproj]
  (compiling source file 'eqgame.cpp')
  
C:\EQS\Release-NMS-Client\eqgame_dll\MQ2DataTypes.h(3153,17): warning C4091: 'static ': ignored on left of 'MQ2GroupMemberType::GroupMemberMethods' when no variable is declared [C:\EQS\Release-NMS-Client\eqgame_dll\eqgame_dll.vcxproj]
  (compiling source file 'eqgame.cpp')
  
C:\EQS\Release-NMS-Client\eqgame_dll\MQ2DataTypes.h(3195,17): warning C4091: 'static ': ignored on left of 'MQ2RaidType::RaidMembers' when no variable is declared [C:\EQS\Release-NMS-Client\eqgame_dll\eqgame_dll.vcxproj]
  (compiling source file 'eqgame.cpp')
  
C:\EQS\Release-NMS-Client\eqgame_dll\MQ2DataTypes.h(3210,17): warning C4091: 'static ': ignored on left of 'MQ2RaidType::RaidMethods' when no variable is declared [C:\EQS\Release-NMS-Client\eqgame_dll\eqgame_dll.vcxproj]
  (compiling source file 'eqgame.cpp')
  
C:\EQS\Release-NMS-Client\eqgame_dll\MQ2DataTypes.h(3254,17): warning C4091: 'static ': ignored on left of 'MQ2RaidMemberType::RaidMemberMembers' when no variable is declared [C:\EQS\Release-NMS-Client\eqgame_dll\eqgame_dll.vcxproj]
  (compiling source file 'eqgame.cpp')
  
C:\EQS\Release-NMS-Client\eqgame_dll\MQ2DataTypes.h(3265,17): warning C4091: 'static ': ignored on left of 'MQ2RaidMemberType::RaidMemberMethods' when no variable is declared [C:\EQS\Release-NMS-Client\eqgame_dll\eqgame_dll.vcxproj]
  (compiling source file 'eqgame.cpp')
  
C:\EQS\Release-NMS-Client\eqgame_dll\MQ2DataTypes.h(3314,17): warning C4091: 'static ': ignored on left of 'MQ2EvolvingItemType::EvolvingItemMembers' when no variable is declared [C:\EQS\Release-NMS-Client\eqgame_dll\eqgame_dll.vcxproj]
  (compiling source file 'eqgame.cpp')
  
C:\EQS\Release-NMS-Client\eqgame_dll\MQ2DataTypes.h(3356,17): warning C4091: 'static ': ignored on left of 'MQ2DynamicZoneType::DynamicZoneMembers' when no variable is declared [C:\EQS\Release-NMS-Client\eqgame_dll\eqgame_dll.vcxproj]
  (compiling source file 'eqgame.cpp')
  
C:\EQS\Release-NMS-Client\eqgame_dll\MQ2DataTypes.h(3398,17): warning C4091: 'static ': ignored on left of 'MQ2DZMemberType::DZMemberTypeMembers' when no variable is declared [C:\EQS\Release-NMS-Client\eqgame_dll\eqgame_dll.vcxproj]
  (compiling source file 'eqgame.cpp')
  
C:\EQS\Release-NMS-Client\eqgame_dll\MQ2DataTypes.h(3430,17): warning C4091: 'static ': ignored on left of 'MQ2FellowshipType::FellowshipTypeMembers' when no variable is declared [C:\EQS\Release-NMS-Client\eqgame_dll\eqgame_dll.vcxproj]
  (compiling source file 'eqgame.cpp')
  
C:\EQS\Release-NMS-Client\eqgame_dll\MQ2Main.h(776,7): warning C4200: nonstandard extension used: zero-sized array in struct/union [C:\EQS\Release-NMS-Client\eqgame_dll\eqgame_dll.vcxproj]
  (compiling source file 'EQClasses.cpp')
      C:\EQS\Release-NMS-Client\eqgame_dll\MQ2Main.h(776,7):
      This member will be ignored by a defaulted constructor or copy/move assignment operator
  
C:\EQS\Release-NMS-Client\eqgame_dll\MQ2DataTypes.h(3483,17): warning C4091: 'static ': ignored on left of 'MQ2FellowshipMemberType::FMTypeMembers' when no variable is declared [C:\EQS\Release-NMS-Client\eqgame_dll\eqgame_dll.vcxproj]
  (compiling source file 'eqgame.cpp')
  
C:\EQS\Release-NMS-Client\eqgame_dll\MQ2DataTypes.h(3521,17): warning C4091: 'static ': ignored on left of 'MQ2FriendsType::FriendsMembers' when no variable is declared [C:\EQS\Release-NMS-Client\eqgame_dll\eqgame_dll.vcxproj]
  (compiling source file 'eqgame.cpp')
  
C:\EQS\Release-NMS-Client\eqgame_dll\MQ2DataTypes.h(3525,17): warning C4091: 'static ': ignored on left of 'MQ2FriendsType::FriendsMethods' when no variable is declared [C:\EQS\Release-NMS-Client\eqgame_dll\eqgame_dll.vcxproj]
  (compiling source file 'eqgame.cpp')
  
C:\EQS\Release-NMS-Client\eqgame_dll\MQ2DataTypes.h(3564,17): warning C4091: 'static ': ignored on left of 'MQ2TargetType::TargetMembers' when no variable is declared [C:\EQS\Release-NMS-Client\eqgame_dll\eqgame_dll.vcxproj]
  (compiling source file 'eqgame.cpp')
  
C:\EQS\Release-NMS-Client\eqgame_dll\MQ2DataTypes.h(3644,17): warning C4091: 'static ': ignored on left of 'MQ2XTargetType::xTargetMembers' when no variable is declared [C:\EQS\Release-NMS-Client\eqgame_dll\eqgame_dll.vcxproj]
  (compiling source file 'eqgame.cpp')
  
C:\EQS\Release-NMS-Client\eqgame_dll\MQ2Main.h(776,7): warning C4200: nonstandard extension used: zero-sized array in struct/union [C:\EQS\Release-NMS-Client\eqgame_dll\eqgame_dll.vcxproj]
  (compiling source file 'eqgame.cpp')
      C:\EQS\Release-NMS-Client\eqgame_dll\MQ2Main.h(776,7):
      This member will be ignored by a defaulted constructor or copy/move assignment operator
  
C:\EQS\Release-NMS-Client\eqgame_dll\MQ2Internal.h(105,17): warning C4091: 'static ': ignored on left of 'MQ2Internal::SearchItemFlag' when no variable is declared [C:\EQS\Release-NMS-Client\eqgame_dll\eqgame_dll.vcxproj]
  (compiling source file 'FloatingTextManager.cpp')
  
C:\EQS\Release-NMS-Client\eqgame_dll\MQ2Main.h(23,9): warning C4005: '_WIN32_WINNT': macro redefinition [C:\EQS\Release-NMS-Client\eqgame_dll\eqgame_dll.vcxproj]
  (compiling source file 'Hooks.cpp')
      C:\Program Files (x86)\Windows Kits\10\Include\10.0.26100.0\shared\sdkddkver.h(228,10):
      see previous definition of '_WIN32_WINNT'
  
C:\EQS\Release-NMS-Client\eqgame_dll\dinput8.h(5,9): warning C4005: 'DIRECTINPUT_VERSION': macro redefinition [C:\EQS\Release-NMS-Client\eqgame_dll\eqgame_dll.vcxproj]
  (compiling source file 'eqgame.cpp')
      C:\EQS\Release-NMS-Client\eqgame_dll\MQ2Main.h(24,9):
      see previous definition of 'DIRECTINPUT_VERSION'
  
C:\EQS\Release-NMS-Client\eqgame_dll\MQ2DataTypes.h(167,17): warning C4091: 'static ': ignored on left of 'MQ2IntType::IntMembers' when no variable is declared [C:\EQS\Release-NMS-Client\eqgame_dll\eqgame_dll.vcxproj]
  (compiling source file 'FloatingTextManager.cpp')
  
C:\EQS\Release-NMS-Client\eqgame_dll\MQ2DataTypes.h(207,17): warning C4091: 'static ': ignored on left of 'MQ2ArgbType::ArgbMembers' when no variable is declared [C:\EQS\Release-NMS-Client\eqgame_dll\eqgame_dll.vcxproj]
  (compiling source file 'FloatingTextManager.cpp')
  
C:\EQS\Release-NMS-Client\eqgame_dll\MQ2DataTypes.h(284,17): warning C4091: 'static ': ignored on left of 'MQ2StringType::StringMembers' when no variable is declared [C:\EQS\Release-NMS-Client\eqgame_dll\eqgame_dll.vcxproj]
  (compiling source file 'FloatingTextManager.cpp')
  
C:\EQS\Release-NMS-Client\eqgame_dll\MQ2DataTypes.h(360,17): warning C4091: 'static ': ignored on left of 'MQ2FloatType::FloatMembers' when no variable is declared [C:\EQS\Release-NMS-Client\eqgame_dll\eqgame_dll.vcxproj]
  (compiling source file 'FloatingTextManager.cpp')
  
C:\EQS\Release-NMS-Client\eqgame_dll\MQ2DataTypes.h(408,17): warning C4091: 'static ': ignored on left of 'MQ2TicksType::TicksMembers' when no variable is declared [C:\EQS\Release-NMS-Client\eqgame_dll\eqgame_dll.vcxproj]
  (compiling source file 'FloatingTextManager.cpp')
  
C:\EQS\Release-NMS-Client\eqgame_dll\MQ2DataTypes.h(459,17): warning C4091: 'static ': ignored on left of 'MQ2SpawnType::SpawnMembers' when no variable is declared [C:\EQS\Release-NMS-Client\eqgame_dll\eqgame_dll.vcxproj]
  (compiling source file 'FloatingTextManager.cpp')
  
C:\EQS\Release-NMS-Client\eqgame_dll\MQ2DataTypes.h(559,17): warning C4091: 'static ': ignored on left of 'MQ2SpawnType::SpawnMethods' when no variable is declared [C:\EQS\Release-NMS-Client\eqgame_dll\eqgame_dll.vcxproj]
  (compiling source file 'FloatingTextManager.cpp')
  
C:\EQS\Release-NMS-Client\eqgame_dll\MQ2DataTypes.h(729,17): warning C4091: 'static ': ignored on left of 'MQ2CharacterType::CharacterMembers' when no variable is declared [C:\EQS\Release-NMS-Client\eqgame_dll\eqgame_dll.vcxproj]
  (compiling source file 'FloatingTextManager.cpp')
  
C:\EQS\Release-NMS-Client\eqgame_dll\MQ2DataTypes.h(917,17): warning C4091: 'static ': ignored on left of 'MQ2CharacterType::CharacterMethods' when no variable is declared [C:\EQS\Release-NMS-Client\eqgame_dll\eqgame_dll.vcxproj]
  (compiling source file 'FloatingTextManager.cpp')
  
C:\EQS\Release-NMS-Client\eqgame_dll\MQ2DataTypes.h(1158,17): warning C4091: 'static ': ignored on left of 'MQ2SpellType::SpellMembers' when no variable is declared [C:\EQS\Release-NMS-Client\eqgame_dll\eqgame_dll.vcxproj]
  (compiling source file 'FloatingTextManager.cpp')
  
C:\EQS\Release-NMS-Client\eqgame_dll\MQ2DataTypes.h(1188,17): warning C4091: 'static ': ignored on left of 'MQ2SpellType::SpellMethods' when no variable is declared [C:\EQS\Release-NMS-Client\eqgame_dll\eqgame_dll.vcxproj]
  (compiling source file 'FloatingTextManager.cpp')
  
C:\EQS\Release-NMS-Client\eqgame_dll\MQ2DataTypes.h(1262,17): warning C4091: 'static ': ignored on left of 'MQ2BuffType::BuffMembers' when no variable is declared [C:\EQS\Release-NMS-Client\eqgame_dll\eqgame_dll.vcxproj]
  (compiling source file 'FloatingTextManager.cpp')
  
C:\EQS\Release-NMS-Client\eqgame_dll\MQ2DataTypes.h(1272,17): warning C4091: 'static ': ignored on left of 'MQ2BuffType::BuffMethods' when no variable is declared [C:\EQS\Release-NMS-Client\eqgame_dll\eqgame_dll.vcxproj]
  (compiling source file 'FloatingTextManager.cpp')
  
C:\EQS\Release-NMS-Client\eqgame_dll\MQ2DataTypes.h(1336,17): warning C4091: 'static ': ignored on left of 'MQ2ItemType::ItemMembers' when no variable is declared [C:\EQS\Release-NMS-Client\eqgame_dll\eqgame_dll.vcxproj]
  (compiling source file 'FloatingTextManager.cpp')
  
C:\EQS\Release-NMS-Client\eqgame_dll\MQ2DataTypes.h(1469,17): warning C4091: 'static ': ignored on left of 'MQ2ItemType::ItemMethods' when no variable is declared [C:\EQS\Release-NMS-Client\eqgame_dll\eqgame_dll.vcxproj]
  (compiling source file 'FloatingTextManager.cpp')
  
C:\EQS\Release-NMS-Client\eqgame_dll\MQ2DataTypes.h(1647,17): warning C4091: 'static ': ignored on left of 'MQ2SwitchType::SwitchMembers' when no variable is declared [C:\EQS\Release-NMS-Client\eqgame_dll\eqgame_dll.vcxproj]
  (compiling source file 'FloatingTextManager.cpp')
  
C:\EQS\Release-NMS-Client\eqgame_dll\MQ2DataTypes.h(1670,17): warning C4091: 'static ': ignored on left of 'MQ2SwitchType::SwitchMethods' when no variable is declared [C:\EQS\Release-NMS-Client\eqgame_dll\eqgame_dll.vcxproj]
  (compiling source file 'FloatingTextManager.cpp')
  
C:\EQS\Release-NMS-Client\eqgame_dll\MQ2DataTypes.h(1735,17): warning C4091: 'static ': ignored on left of 'MQ2GroundType::GroundMembers' when no variable is declared [C:\EQS\Release-NMS-Client\eqgame_dll\eqgame_dll.vcxproj]
  (compiling source file 'FloatingTextManager.cpp')
  
C:\EQS\Release-NMS-Client\eqgame_dll\MQ2DataTypes.h(1750,17): warning C4091: 'static ': ignored on left of 'MQ2GroundType::GroundMethods' when no variable is declared [C:\EQS\Release-NMS-Client\eqgame_dll\eqgame_dll.vcxproj]
  (compiling source file 'FloatingTextManager.cpp')
  
C:\EQS\Release-NMS-Client\eqgame_dll\MQ2DataTypes.h(1811,17): warning C4091: 'static ': ignored on left of 'MQ2CorpseType::CorpseMembers' when no variable is declared [C:\EQS\Release-NMS-Client\eqgame_dll\eqgame_dll.vcxproj]
  (compiling source file 'FloatingTextManager.cpp')
  
C:\EQS\Release-NMS-Client\eqgame_dll\MQ2DataTypes.h(1817,17): warning C4091: 'static ': ignored on left of 'MQ2CorpseType::CorpseMethods' when no variable is declared [C:\EQS\Release-NMS-Client\eqgame_dll\eqgame_dll.vcxproj]
  (compiling source file 'FloatingTextManager.cpp')
  
C:\EQS\Release-NMS-Client\eqgame_dll\MQ2DataTypes.h(1860,17): warning C4091: 'static ': ignored on left of 'MQ2MerchantType::MerchantMembers' when no variable is declared [C:\EQS\Release-NMS-Client\eqgame_dll\eqgame_dll.vcxproj]
  (compiling source file 'FloatingTextManager.cpp')
  
C:\EQS\Release-NMS-Client\eqgame_dll\MQ2DataTypes.h(1868,17): warning C4091: 'static ': ignored on left of 'MQ2MerchantType::MerchantMethods' when no variable is declared [C:\EQS\Release-NMS-Client\eqgame_dll\eqgame_dll.vcxproj]
  (compiling source file 'FloatingTextManager.cpp')
  
C:\EQS\Release-NMS-Client\eqgame_dll\MQ2DataTypes.h(1913,17): warning C4091: 'static ': ignored on left of 'MQ2WindowType::WindowMembers' when no variable is declared [C:\EQS\Release-NMS-Client\eqgame_dll\eqgame_dll.vcxproj]
  (compiling source file 'FloatingTextManager.cpp')
  
C:\EQS\Release-NMS-Client\eqgame_dll\MQ2DataTypes.h(1949,17): warning C4091: 'static ': ignored on left of 'MQ2WindowType::WindowMethods' when no variable is declared [C:\EQS\Release-NMS-Client\eqgame_dll\eqgame_dll.vcxproj]
  (compiling source file 'FloatingTextManager.cpp')
  
C:\EQS\Release-NMS-Client\eqgame_dll\MQ2DataTypes.h(2048,17): warning C4091: 'static ': ignored on left of 'MQ2MacroType::MacroMembers' when no variable is declared [C:\EQS\Release-NMS-Client\eqgame_dll\eqgame_dll.vcxproj]
  (compiling source file 'FloatingTextManager.cpp')
  
C:\EQS\Release-NMS-Client\eqgame_dll\MQ2DataTypes.h(2096,17): warning C4091: 'static ': ignored on left of 'MQ2ZoneType::ZoneMembers' when no variable is declared [C:\EQS\Release-NMS-Client\eqgame_dll\eqgame_dll.vcxproj]
  (compiling source file 'FloatingTextManager.cpp')
  
C:\EQS\Release-NMS-Client\eqgame_dll\MQ2DataTypes.h(2143,17): warning C4091: 'static ': ignored on left of 'MQ2CurrentZoneType::CurrentZoneMembers' when no variable is declared [C:\EQS\Release-NMS-Client\eqgame_dll\eqgame_dll.vcxproj]
  (compiling source file 'FloatingTextManager.cpp')
  
C:\EQS\Release-NMS-Client\eqgame_dll\MQ2DataTypes.h(2205,17): warning C4091: 'static ': ignored on left of 'MQ2MacroQuestType::MacroQuestMembers' when no variable is declared [C:\EQS\Release-NMS-Client\eqgame_dll\eqgame_dll.vcxproj]
  (compiling source file 'FloatingTextManager.cpp')
  
C:\EQS\Release-NMS-Client\eqgame_dll\MQ2DataTypes.h(2230,17): warning C4091: 'static ': ignored on left of 'MQ2MacroQuestType::MacroQuestMethods' when no variable is declared [C:\EQS\Release-NMS-Client\eqgame_dll\eqgame_dll.vcxproj]
  (compiling source file 'FloatingTextManager.cpp')
  
C:\EQS\Release-NMS-Client\eqgame_dll\MQ2DataTypes.h(2283,17): warning C4091: 'static ': ignored on left of 'MQ2MathType::MathMembers' when no variable is declared [C:\EQS\Release-NMS-Client\eqgame_dll\eqgame_dll.vcxproj]
  (compiling source file 'FloatingTextManager.cpp')
  
C:\EQS\Release-NMS-Client\eqgame_dll\MQ2DataTypes.h(2341,17): warning C4091: 'static ': ignored on left of 'MQ2RaceType::RaceMembers' when no variable is declared [C:\EQS\Release-NMS-Client\eqgame_dll\eqgame_dll.vcxproj]
  (compiling source file 'FloatingTextManager.cpp')
  
C:\EQS\Release-NMS-Client\eqgame_dll\MQ2DataTypes.h(2379,17): warning C4091: 'static ': ignored on left of 'MQ2ClassType::ClassMembers' when no variable is declared [C:\EQS\Release-NMS-Client\eqgame_dll\eqgame_dll.vcxproj]
  (compiling source file 'FloatingTextManager.cpp')
  
C:\EQS\Release-NMS-Client\eqgame_dll\MQ2DataTypes.h(2434,17): warning C4091: 'static ': ignored on left of 'MQ2BodyType::BodyMembers' when no variable is declared [C:\EQS\Release-NMS-Client\eqgame_dll\eqgame_dll.vcxproj]
  (compiling source file 'FloatingTextManager.cpp')
  
C:\EQS\Release-NMS-Client\eqgame_dll\MQ2DataTypes.h(2471,17): warning C4091: 'static ': ignored on left of 'MQ2DeityType::DeityMembers' when no variable is declared [C:\EQS\Release-NMS-Client\eqgame_dll\eqgame_dll.vcxproj]
  (compiling source file 'FloatingTextManager.cpp')
  
C:\EQS\Release-NMS-Client\eqgame_dll\MQ2DataTypes.h(2511,17): warning C4091: 'static ': ignored on left of 'MQ2TimeType::TimeMembers' when no variable is declared [C:\EQS\Release-NMS-Client\eqgame_dll\eqgame_dll.vcxproj]
  (compiling source file 'FloatingTextManager.cpp')
  
C:\EQS\Release-NMS-Client\eqgame_dll\MQ2DataTypes.h(2586,17): warning C4091: 'static ': ignored on left of 'MQ2TypeType::TypeMembers' when no variable is declared [C:\EQS\Release-NMS-Client\eqgame_dll\eqgame_dll.vcxproj]
  (compiling source file 'FloatingTextManager.cpp')
  
C:\EQS\Release-NMS-Client\eqgame_dll\MQ2DataTypes.h(2624,17): warning C4091: 'static ': ignored on left of 'MQ2HeadingType::HeadingMembers' when no variable is declared [C:\EQS\Release-NMS-Client\eqgame_dll\eqgame_dll.vcxproj]
  (compiling source file 'FloatingTextManager.cpp')
  
C:\EQS\Release-NMS-Client\eqgame_dll\MQ2DataTypes.h(2632,17): warning C4091: 'static ': ignored on left of 'MQ2HeadingType::HeadingMethods' when no variable is declared [C:\EQS\Release-NMS-Client\eqgame_dll\eqgame_dll.vcxproj]
  (compiling source file 'FloatingTextManager.cpp')
  
C:\EQS\Release-NMS-Client\eqgame_dll\MQ2DataTypes.h(2678,17): warning C4091: 'static ': ignored on left of 'MQ2InvSlotType::InvSlotMembers' when no variable is declared [C:\EQS\Release-NMS-Client\eqgame_dll\eqgame_dll.vcxproj]
  (compiling source file 'FloatingTextManager.cpp')
  
C:\EQS\Release-NMS-Client\eqgame_dll\MQ2DataTypes.h(2686,17): warning C4091: 'static ': ignored on left of 'MQ2InvSlotType::InvSlotMethods' when no variable is declared [C:\EQS\Release-NMS-Client\eqgame_dll\eqgame_dll.vcxproj]
  (compiling source file 'FloatingTextManager.cpp')
  
C:\EQS\Release-NMS-Client\eqgame_dll\MQ2DataTypes.h(2740,17): warning C4091: 'static ': ignored on left of 'MQ2PluginType::PluginMembers' when no variable is declared [C:\EQS\Release-NMS-Client\eqgame_dll\eqgame_dll.vcxproj]
  (compiling source file 'FloatingTextManager.cpp')
  
C:\EQS\Release-NMS-Client\eqgame_dll\MQ2DataTypes.h(2782,17): warning C4091: 'static ': ignored on left of 'MQ2BenchmarkType::BenchmarkMembers' when no variable is declared [C:\EQS\Release-NMS-Client\eqgame_dll\eqgame_dll.vcxproj]
  (compiling source file 'FloatingTextManager.cpp')
  
C:\EQS\Release-NMS-Client\eqgame_dll\MQ2DataTypes.h(2828,17): warning C4091: 'static ': ignored on left of 'MQ2SkillType::SkillMembers' when no variable is declared [C:\EQS\Release-NMS-Client\eqgame_dll\eqgame_dll.vcxproj]
  (compiling source file 'FloatingTextManager.cpp')
  
C:\EQS\Release-NMS-Client\eqgame_dll\MQ2DataTypes.h(2838,17): warning C4091: 'static ': ignored on left of 'MQ2SkillType::SkillMethods' when no variable is declared [C:\EQS\Release-NMS-Client\eqgame_dll\eqgame_dll.vcxproj]
  (compiling source file 'FloatingTextManager.cpp')
  
C:\EQS\Release-NMS-Client\eqgame_dll\MQ2DataTypes.h(2887,17): warning C4091: 'static ': ignored on left of 'MQ2AltAbilityType::AltAbilityMembers' when no variable is declared [C:\EQS\Release-NMS-Client\eqgame_dll\eqgame_dll.vcxproj]
  (compiling source file 'FloatingTextManager.cpp')
  
C:\EQS\Release-NMS-Client\eqgame_dll\MQ2DataTypes.h(2904,17): warning C4091: 'static ': ignored on left of 'MQ2AltAbilityType::AltAbilityMethods' when no variable is declared [C:\EQS\Release-NMS-Client\eqgame_dll\eqgame_dll.vcxproj]
  (compiling source file 'FloatingTextManager.cpp')
  
C:\EQS\Release-NMS-Client\eqgame_dll\MQ2DataTypes.h(2949,17): warning C4091: 'static ': ignored on left of 'MQ2TimerType::TimerMembers' when no variable is declared [C:\EQS\Release-NMS-Client\eqgame_dll\eqgame_dll.vcxproj]
  (compiling source file 'FloatingTextManager.cpp')
  
C:\EQS\Release-NMS-Client\eqgame_dll\MQ2DataTypes.h(2954,17): warning C4091: 'static ': ignored on left of 'MQ2TimerType::TimerMethods' when no variable is declared [C:\EQS\Release-NMS-Client\eqgame_dll\eqgame_dll.vcxproj]
  (compiling source file 'FloatingTextManager.cpp')
  
C:\EQS\Release-NMS-Client\eqgame_dll\MQ2DataTypes.h(3051,17): warning C4091: 'static ': ignored on left of 'MQ2ArrayType::ArrayMembers' when no variable is declared [C:\EQS\Release-NMS-Client\eqgame_dll\eqgame_dll.vcxproj]
  (compiling source file 'FloatingTextManager.cpp')
  
C:\EQS\Release-NMS-Client\eqgame_dll\MQ2DataTypes.h(3096,17): warning C4091: 'static ': ignored on left of 'MQ2GroupType::GroupMembers' when no variable is declared [C:\EQS\Release-NMS-Client\eqgame_dll\eqgame_dll.vcxproj]
  (compiling source file 'FloatingTextManager.cpp')
  
C:\EQS\Release-NMS-Client\eqgame_dll\MQ2DataTypes.h(3106,17): warning C4091: 'static ': ignored on left of 'MQ2GroupType::GroupMethods' when no variable is declared [C:\EQS\Release-NMS-Client\eqgame_dll\eqgame_dll.vcxproj]
  (compiling source file 'FloatingTextManager.cpp')
  
C:\EQS\Release-NMS-Client\eqgame_dll\MQ2DataTypes.h(3141,17): warning C4091: 'static ': ignored on left of 'MQ2GroupMemberType::GroupMemberMembers' when no variable is declared [C:\EQS\Release-NMS-Client\eqgame_dll\eqgame_dll.vcxproj]
  (compiling source file 'FloatingTextManager.cpp')
  
C:\EQS\Release-NMS-Client\eqgame_dll\MQ2DataTypes.h(3153,17): warning C4091: 'static ': ignored on left of 'MQ2GroupMemberType::GroupMemberMethods' when no variable is declared [C:\EQS\Release-NMS-Client\eqgame_dll\eqgame_dll.vcxproj]
  (compiling source file 'FloatingTextManager.cpp')
  
C:\EQS\Release-NMS-Client\eqgame_dll\MQ2DataTypes.h(3195,17): warning C4091: 'static ': ignored on left of 'MQ2RaidType::RaidMembers' when no variable is declared [C:\EQS\Release-NMS-Client\eqgame_dll\eqgame_dll.vcxproj]
  (compiling source file 'FloatingTextManager.cpp')
  
C:\EQS\Release-NMS-Client\eqgame_dll\MQ2DataTypes.h(3210,17): warning C4091: 'static ': ignored on left of 'MQ2RaidType::RaidMethods' when no variable is declared [C:\EQS\Release-NMS-Client\eqgame_dll\eqgame_dll.vcxproj]
  (compiling source file 'FloatingTextManager.cpp')
  
C:\EQS\Release-NMS-Client\eqgame_dll\MQ2DataTypes.h(3254,17): warning C4091: 'static ': ignored on left of 'MQ2RaidMemberType::RaidMemberMembers' when no variable is declared [C:\EQS\Release-NMS-Client\eqgame_dll\eqgame_dll.vcxproj]
  (compiling source file 'FloatingTextManager.cpp')
  
C:\EQS\Release-NMS-Client\eqgame_dll\MQ2DataTypes.h(3265,17): warning C4091: 'static ': ignored on left of 'MQ2RaidMemberType::RaidMemberMethods' when no variable is declared [C:\EQS\Release-NMS-Client\eqgame_dll\eqgame_dll.vcxproj]
  (compiling source file 'FloatingTextManager.cpp')
  
C:\EQS\Release-NMS-Client\eqgame_dll\MQ2DataTypes.h(3314,17): warning C4091: 'static ': ignored on left of 'MQ2EvolvingItemType::EvolvingItemMembers' when no variable is declared [C:\EQS\Release-NMS-Client\eqgame_dll\eqgame_dll.vcxproj]
  (compiling source file 'FloatingTextManager.cpp')
  
C:\EQS\Release-NMS-Client\eqgame_dll\MQ2DataTypes.h(3356,17): warning C4091: 'static ': ignored on left of 'MQ2DynamicZoneType::DynamicZoneMembers' when no variable is declared [C:\EQS\Release-NMS-Client\eqgame_dll\eqgame_dll.vcxproj]
  (compiling source file 'FloatingTextManager.cpp')
  
C:\EQS\Release-NMS-Client\eqgame_dll\MQ2DataTypes.h(3398,17): warning C4091: 'static ': ignored on left of 'MQ2DZMemberType::DZMemberTypeMembers' when no variable is declared [C:\EQS\Release-NMS-Client\eqgame_dll\eqgame_dll.vcxproj]
  (compiling source file 'FloatingTextManager.cpp')
  
C:\EQS\Release-NMS-Client\eqgame_dll\MQ2DataTypes.h(3430,17): warning C4091: 'static ': ignored on left of 'MQ2FellowshipType::FellowshipTypeMembers' when no variable is declared [C:\EQS\Release-NMS-Client\eqgame_dll\eqgame_dll.vcxproj]
  (compiling source file 'FloatingTextManager.cpp')
  
C:\EQS\Release-NMS-Client\eqgame_dll\MQ2DataTypes.h(3483,17): warning C4091: 'static ': ignored on left of 'MQ2FellowshipMemberType::FMTypeMembers' when no variable is declared [C:\EQS\Release-NMS-Client\eqgame_dll\eqgame_dll.vcxproj]
  (compiling source file 'FloatingTextManager.cpp')
  
C:\EQS\Release-NMS-Client\eqgame_dll\MQ2DataTypes.h(3521,17): warning C4091: 'static ': ignored on left of 'MQ2FriendsType::FriendsMembers' when no variable is declared [C:\EQS\Release-NMS-Client\eqgame_dll\eqgame_dll.vcxproj]
  (compiling source file 'FloatingTextManager.cpp')
  
C:\EQS\Release-NMS-Client\eqgame_dll\MQ2DataTypes.h(3525,17): warning C4091: 'static ': ignored on left of 'MQ2FriendsType::FriendsMethods' when no variable is declared [C:\EQS\Release-NMS-Client\eqgame_dll\eqgame_dll.vcxproj]
  (compiling source file 'FloatingTextManager.cpp')
  
C:\EQS\Release-NMS-Client\eqgame_dll\MQ2DataTypes.h(3564,17): warning C4091: 'static ': ignored on left of 'MQ2TargetType::TargetMembers' when no variable is declared [C:\EQS\Release-NMS-Client\eqgame_dll\eqgame_dll.vcxproj]
  (compiling source file 'FloatingTextManager.cpp')
  
C:\EQS\Release-NMS-Client\eqgame_dll\MQ2DataTypes.h(3644,17): warning C4091: 'static ': ignored on left of 'MQ2XTargetType::xTargetMembers' when no variable is declared [C:\EQS\Release-NMS-Client\eqgame_dll\eqgame_dll.vcxproj]
  (compiling source file 'FloatingTextManager.cpp')
  
C:\EQS\Release-NMS-Client\eqgame_dll\eqgame.cpp(94,9): warning C4005: 'FUNCTION_AT_ADDRESS': macro redefinition [C:\EQS\Release-NMS-Client\eqgame_dll\eqgame_dll.vcxproj]
      C:\EQS\Release-NMS-Client\eqgame_dll\MQ2Main.h(132,9):
      see previous definition of 'FUNCTION_AT_ADDRESS'
  
C:\EQS\Release-NMS-Client\eqgame_dll\EQData.h(440,14): warning C4091: 'typedef ': ignored on left of 'EQData::MaterialType' when no variable is declared [C:\EQS\Release-NMS-Client\eqgame_dll\eqgame_dll.vcxproj]
  (compiling source file 'Hooks.cpp')
  
C:\EQS\Release-NMS-Client\eqgame_dll\MQ2Main.h(776,7): warning C4200: nonstandard extension used: zero-sized array in struct/union [C:\EQS\Release-NMS-Client\eqgame_dll\eqgame_dll.vcxproj]
  (compiling source file 'FloatingTextManager.cpp')
      C:\EQS\Release-NMS-Client\eqgame_dll\MQ2Main.h(776,7):
      This member will be ignored by a defaulted constructor or copy/move assignment operator
  
C:\EQS\Release-NMS-Client\eqgame_dll\RECTF.h(3,16): warning C4091: 'typedef ': ignored on left of 'RECTF' when no variable is declared [C:\EQS\Release-NMS-Client\eqgame_dll\eqgame_dll.vcxproj]
  (compiling source file 'FloatingTextManager.cpp')
  
C:\EQS\Release-NMS-Client\eqgame_dll\eqgame.cpp(507,16): warning C4091: 'typedef ': ignored on left of 'BankRequest_Struct' when no variable is declared [C:\EQS\Release-NMS-Client\eqgame_dll\eqgame_dll.vcxproj]
C:\EQS\Release-NMS-Client\eqgame_dll\eqgame.cpp(562,36): warning C4200: nonstandard extension used: zero-sized array in struct/union [C:\EQS\Release-NMS-Client\eqgame_dll\eqgame_dll.vcxproj]
      C:\EQS\Release-NMS-Client\eqgame_dll\eqgame.cpp(562,36):
      This member will be ignored by a defaulted constructor or copy/move assignment operator
  
C:\EQS\Release-NMS-Client\eqgame_dll\eqgame.cpp(612,31): warning C4200: nonstandard extension used: zero-sized array in struct/union [C:\EQS\Release-NMS-Client\eqgame_dll\eqgame_dll.vcxproj]
      C:\EQS\Release-NMS-Client\eqgame_dll\eqgame.cpp(612,31):
      This member will be ignored by a defaulted constructor or copy/move assignment operator
  
C:\EQS\Release-NMS-Client\eqgame_dll\eqgame.cpp(1095,14): warning C4244: 'return': conversion from 'DWORD' to 'unsigned char', possible loss of data [C:\EQS\Release-NMS-Client\eqgame_dll\eqgame_dll.vcxproj]
C:\EQS\Release-NMS-Client\eqgame_dll\eqgame.cpp(1099,10): warning C4244: 'return': conversion from 'DWORD' to 'unsigned char', possible loss of data [C:\EQS\Release-NMS-Client\eqgame_dll\eqgame_dll.vcxproj]
  MQ2CommandAPI.cpp
  MQ2Commands.cpp
  MQ2Data.cpp
  MQ2DataAPI.cpp
C:\EQS\Release-NMS-Client\eqgame_dll\MQ2Internal.h(105,17): warning C4091: 'static ': ignored on left of 'MQ2Internal::SearchItemFlag' when no variable is declared [C:\EQS\Release-NMS-Client\eqgame_dll\eqgame_dll.vcxproj]
  (compiling source file 'Hooks.cpp')
  
  MQ2DataTypes.cpp
C:\EQS\Release-NMS-Client\eqgame_dll\MQ2DataTypes.h(167,17): warning C4091: 'static ': ignored on left of 'MQ2IntType::IntMembers' when no variable is declared [C:\EQS\Release-NMS-Client\eqgame_dll\eqgame_dll.vcxproj]
  (compiling source file 'Hooks.cpp')
  
C:\EQS\Release-NMS-Client\eqgame_dll\MQ2DataTypes.h(207,17): warning C4091: 'static ': ignored on left of 'MQ2ArgbType::ArgbMembers' when no variable is declared [C:\EQS\Release-NMS-Client\eqgame_dll\eqgame_dll.vcxproj]
  (compiling source file 'Hooks.cpp')
  
C:\EQS\Release-NMS-Client\eqgame_dll\MQ2DataTypes.h(284,17): warning C4091: 'static ': ignored on left of 'MQ2StringType::StringMembers' when no variable is declared [C:\EQS\Release-NMS-Client\eqgame_dll\eqgame_dll.vcxproj]
  (compiling source file 'Hooks.cpp')
  
C:\EQS\Release-NMS-Client\eqgame_dll\MQ2DataTypes.h(360,17): warning C4091: 'static ': ignored on left of 'MQ2FloatType::FloatMembers' when no variable is declared [C:\EQS\Release-NMS-Client\eqgame_dll\eqgame_dll.vcxproj]
  (compiling source file 'Hooks.cpp')
  
C:\EQS\Release-NMS-Client\eqgame_dll\MQ2DataTypes.h(408,17): warning C4091: 'static ': ignored on left of 'MQ2TicksType::TicksMembers' when no variable is declared [C:\EQS\Release-NMS-Client\eqgame_dll\eqgame_dll.vcxproj]
  (compiling source file 'Hooks.cpp')
  
C:\EQS\Release-NMS-Client\eqgame_dll\MQ2DataTypes.h(459,17): warning C4091: 'static ': ignored on left of 'MQ2SpawnType::SpawnMembers' when no variable is declared [C:\EQS\Release-NMS-Client\eqgame_dll\eqgame_dll.vcxproj]
  (compiling source file 'Hooks.cpp')
  
C:\EQS\Release-NMS-Client\eqgame_dll\MQ2DataTypes.h(559,17): warning C4091: 'static ': ignored on left of 'MQ2SpawnType::SpawnMethods' when no variable is declared [C:\EQS\Release-NMS-Client\eqgame_dll\eqgame_dll.vcxproj]
  (compiling source file 'Hooks.cpp')
  
C:\EQS\Release-NMS-Client\eqgame_dll\MQ2DataTypes.h(729,17): warning C4091: 'static ': ignored on left of 'MQ2CharacterType::CharacterMembers' when no variable is declared [C:\EQS\Release-NMS-Client\eqgame_dll\eqgame_dll.vcxproj]
  (compiling source file 'Hooks.cpp')
  
C:\EQS\Release-NMS-Client\eqgame_dll\MQ2DataTypes.h(917,17): warning C4091: 'static ': ignored on left of 'MQ2CharacterType::CharacterMethods' when no variable is declared [C:\EQS\Release-NMS-Client\eqgame_dll\eqgame_dll.vcxproj]
  (compiling source file 'Hooks.cpp')
  
C:\EQS\Release-NMS-Client\eqgame_dll\MQ2DataTypes.h(1158,17): warning C4091: 'static ': ignored on left of 'MQ2SpellType::SpellMembers' when no variable is declared [C:\EQS\Release-NMS-Client\eqgame_dll\eqgame_dll.vcxproj]
  (compiling source file 'Hooks.cpp')
  
C:\EQS\Release-NMS-Client\eqgame_dll\MQ2DataTypes.h(1188,17): warning C4091: 'static ': ignored on left of 'MQ2SpellType::SpellMethods' when no variable is declared [C:\EQS\Release-NMS-Client\eqgame_dll\eqgame_dll.vcxproj]
  (compiling source file 'Hooks.cpp')
  
C:\EQS\Release-NMS-Client\eqgame_dll\MQ2DataTypes.h(1262,17): warning C4091: 'static ': ignored on left of 'MQ2BuffType::BuffMembers' when no variable is declared [C:\EQS\Release-NMS-Client\eqgame_dll\eqgame_dll.vcxproj]
  (compiling source file 'Hooks.cpp')
  
C:\EQS\Release-NMS-Client\eqgame_dll\MQ2DataTypes.h(1272,17): warning C4091: 'static ': ignored on left of 'MQ2BuffType::BuffMethods' when no variable is declared [C:\EQS\Release-NMS-Client\eqgame_dll\eqgame_dll.vcxproj]
  (compiling source file 'Hooks.cpp')
  
C:\EQS\Release-NMS-Client\eqgame_dll\MQ2DataTypes.h(1336,17): warning C4091: 'static ': ignored on left of 'MQ2ItemType::ItemMembers' when no variable is declared [C:\EQS\Release-NMS-Client\eqgame_dll\eqgame_dll.vcxproj]
  (compiling source file 'Hooks.cpp')
  
C:\EQS\Release-NMS-Client\eqgame_dll\MQ2DataTypes.h(1469,17): warning C4091: 'static ': ignored on left of 'MQ2ItemType::ItemMethods' when no variable is declared [C:\EQS\Release-NMS-Client\eqgame_dll\eqgame_dll.vcxproj]
  (compiling source file 'Hooks.cpp')
  
C:\EQS\Release-NMS-Client\eqgame_dll\MQ2DataTypes.h(1647,17): warning C4091: 'static ': ignored on left of 'MQ2SwitchType::SwitchMembers' when no variable is declared [C:\EQS\Release-NMS-Client\eqgame_dll\eqgame_dll.vcxproj]
  (compiling source file 'Hooks.cpp')
  
C:\EQS\Release-NMS-Client\eqgame_dll\MQ2DataTypes.h(1670,17): warning C4091: 'static ': ignored on left of 'MQ2SwitchType::SwitchMethods' when no variable is declared [C:\EQS\Release-NMS-Client\eqgame_dll\eqgame_dll.vcxproj]
  (compiling source file 'Hooks.cpp')
  
C:\EQS\Release-NMS-Client\eqgame_dll\MQ2DataTypes.h(1735,17): warning C4091: 'static ': ignored on left of 'MQ2GroundType::GroundMembers' when no variable is declared [C:\EQS\Release-NMS-Client\eqgame_dll\eqgame_dll.vcxproj]
  (compiling source file 'Hooks.cpp')
  
C:\EQS\Release-NMS-Client\eqgame_dll\MQ2DataTypes.h(1750,17): warning C4091: 'static ': ignored on left of 'MQ2GroundType::GroundMethods' when no variable is declared [C:\EQS\Release-NMS-Client\eqgame_dll\eqgame_dll.vcxproj]
  (compiling source file 'Hooks.cpp')
  
C:\EQS\Release-NMS-Client\eqgame_dll\MQ2DataTypes.h(1811,17): warning C4091: 'static ': ignored on left of 'MQ2CorpseType::CorpseMembers' when no variable is declared [C:\EQS\Release-NMS-Client\eqgame_dll\eqgame_dll.vcxproj]
  (compiling source file 'Hooks.cpp')
  
C:\EQS\Release-NMS-Client\eqgame_dll\MQ2DataTypes.h(1817,17): warning C4091: 'static ': ignored on left of 'MQ2CorpseType::CorpseMethods' when no variable is declared [C:\EQS\Release-NMS-Client\eqgame_dll\eqgame_dll.vcxproj]
  (compiling source file 'Hooks.cpp')
  
C:\EQS\Release-NMS-Client\eqgame_dll\MQ2DataTypes.h(1860,17): warning C4091: 'static ': ignored on left of 'MQ2MerchantType::MerchantMembers' when no variable is declared [C:\EQS\Release-NMS-Client\eqgame_dll\eqgame_dll.vcxproj]
  (compiling source file 'Hooks.cpp')
  
C:\EQS\Release-NMS-Client\eqgame_dll\MQ2DataTypes.h(1868,17): warning C4091: 'static ': ignored on left of 'MQ2MerchantType::MerchantMethods' when no variable is declared [C:\EQS\Release-NMS-Client\eqgame_dll\eqgame_dll.vcxproj]
  (compiling source file 'Hooks.cpp')
  
C:\EQS\Release-NMS-Client\eqgame_dll\MQ2DataTypes.h(1913,17): warning C4091: 'static ': ignored on left of 'MQ2WindowType::WindowMembers' when no variable is declared [C:\EQS\Release-NMS-Client\eqgame_dll\eqgame_dll.vcxproj]
  (compiling source file 'Hooks.cpp')
  
C:\EQS\Release-NMS-Client\eqgame_dll\MQ2DataTypes.h(1949,17): warning C4091: 'static ': ignored on left of 'MQ2WindowType::WindowMethods' when no variable is declared [C:\EQS\Release-NMS-Client\eqgame_dll\eqgame_dll.vcxproj]
  (compiling source file 'Hooks.cpp')
  
C:\EQS\Release-NMS-Client\eqgame_dll\MQ2DataTypes.h(2048,17): warning C4091: 'static ': ignored on left of 'MQ2MacroType::MacroMembers' when no variable is declared [C:\EQS\Release-NMS-Client\eqgame_dll\eqgame_dll.vcxproj]
  (compiling source file 'Hooks.cpp')
  
C:\EQS\Release-NMS-Client\eqgame_dll\MQ2DataTypes.h(2096,17): warning C4091: 'static ': ignored on left of 'MQ2ZoneType::ZoneMembers' when no variable is declared [C:\EQS\Release-NMS-Client\eqgame_dll\eqgame_dll.vcxproj]
  (compiling source file 'Hooks.cpp')
  
C:\EQS\Release-NMS-Client\eqgame_dll\MQ2DataTypes.h(2143,17): warning C4091: 'static ': ignored on left of 'MQ2CurrentZoneType::CurrentZoneMembers' when no variable is declared [C:\EQS\Release-NMS-Client\eqgame_dll\eqgame_dll.vcxproj]
  (compiling source file 'Hooks.cpp')
  
C:\EQS\Release-NMS-Client\eqgame_dll\MQ2DataTypes.h(2205,17): warning C4091: 'static ': ignored on left of 'MQ2MacroQuestType::MacroQuestMembers' when no variable is declared [C:\EQS\Release-NMS-Client\eqgame_dll\eqgame_dll.vcxproj]
  (compiling source file 'Hooks.cpp')
  
C:\EQS\Release-NMS-Client\eqgame_dll\MQ2DataTypes.h(2230,17): warning C4091: 'static ': ignored on left of 'MQ2MacroQuestType::MacroQuestMethods' when no variable is declared [C:\EQS\Release-NMS-Client\eqgame_dll\eqgame_dll.vcxproj]
  (compiling source file 'Hooks.cpp')
  
C:\EQS\Release-NMS-Client\eqgame_dll\MQ2DataTypes.h(2283,17): warning C4091: 'static ': ignored on left of 'MQ2MathType::MathMembers' when no variable is declared [C:\EQS\Release-NMS-Client\eqgame_dll\eqgame_dll.vcxproj]
  (compiling source file 'Hooks.cpp')
  
C:\EQS\Release-NMS-Client\eqgame_dll\MQ2DataTypes.h(2341,17): warning C4091: 'static ': ignored on left of 'MQ2RaceType::RaceMembers' when no variable is declared [C:\EQS\Release-NMS-Client\eqgame_dll\eqgame_dll.vcxproj]
  (compiling source file 'Hooks.cpp')
  
C:\EQS\Release-NMS-Client\eqgame_dll\MQ2DataTypes.h(2379,17): warning C4091: 'static ': ignored on left of 'MQ2ClassType::ClassMembers' when no variable is declared [C:\EQS\Release-NMS-Client\eqgame_dll\eqgame_dll.vcxproj]
  (compiling source file 'Hooks.cpp')
  
C:\EQS\Release-NMS-Client\eqgame_dll\MQ2DataTypes.h(2434,17): warning C4091: 'static ': ignored on left of 'MQ2BodyType::BodyMembers' when no variable is declared [C:\EQS\Release-NMS-Client\eqgame_dll\eqgame_dll.vcxproj]
  (compiling source file 'Hooks.cpp')
  
C:\EQS\Release-NMS-Client\eqgame_dll\MQ2DataTypes.h(2471,17): warning C4091: 'static ': ignored on left of 'MQ2DeityType::DeityMembers' when no variable is declared [C:\EQS\Release-NMS-Client\eqgame_dll\eqgame_dll.vcxproj]
  (compiling source file 'Hooks.cpp')
  
C:\EQS\Release-NMS-Client\eqgame_dll\MQ2DataTypes.h(2511,17): warning C4091: 'static ': ignored on left of 'MQ2TimeType::TimeMembers' when no variable is declared [C:\EQS\Release-NMS-Client\eqgame_dll\eqgame_dll.vcxproj]
  (compiling source file 'Hooks.cpp')
  
C:\EQS\Release-NMS-Client\eqgame_dll\MQ2DataTypes.h(2586,17): warning C4091: 'static ': ignored on left of 'MQ2TypeType::TypeMembers' when no variable is declared [C:\EQS\Release-NMS-Client\eqgame_dll\eqgame_dll.vcxproj]
  (compiling source file 'Hooks.cpp')
  
C:\EQS\Release-NMS-Client\eqgame_dll\MQ2DataTypes.h(2624,17): warning C4091: 'static ': ignored on left of 'MQ2HeadingType::HeadingMembers' when no variable is declared [C:\EQS\Release-NMS-Client\eqgame_dll\eqgame_dll.vcxproj]
  (compiling source file 'Hooks.cpp')
  
C:\EQS\Release-NMS-Client\eqgame_dll\MQ2DataTypes.h(2632,17): warning C4091: 'static ': ignored on left of 'MQ2HeadingType::HeadingMethods' when no variable is declared [C:\EQS\Release-NMS-Client\eqgame_dll\eqgame_dll.vcxproj]
  (compiling source file 'Hooks.cpp')
  
C:\EQS\Release-NMS-Client\eqgame_dll\MQ2DataTypes.h(2678,17): warning C4091: 'static ': ignored on left of 'MQ2InvSlotType::InvSlotMembers' when no variable is declared [C:\EQS\Release-NMS-Client\eqgame_dll\eqgame_dll.vcxproj]
  (compiling source file 'Hooks.cpp')
  
C:\EQS\Release-NMS-Client\eqgame_dll\MQ2DataTypes.h(2686,17): warning C4091: 'static ': ignored on left of 'MQ2InvSlotType::InvSlotMethods' when no variable is declared [C:\EQS\Release-NMS-Client\eqgame_dll\eqgame_dll.vcxproj]
  (compiling source file 'Hooks.cpp')
  
C:\EQS\Release-NMS-Client\eqgame_dll\MQ2DataTypes.h(2740,17): warning C4091: 'static ': ignored on left of 'MQ2PluginType::PluginMembers' when no variable is declared [C:\EQS\Release-NMS-Client\eqgame_dll\eqgame_dll.vcxproj]
  (compiling source file 'Hooks.cpp')
  
C:\EQS\Release-NMS-Client\eqgame_dll\MQ2DataTypes.h(2782,17): warning C4091: 'static ': ignored on left of 'MQ2BenchmarkType::BenchmarkMembers' when no variable is declared [C:\EQS\Release-NMS-Client\eqgame_dll\eqgame_dll.vcxproj]
  (compiling source file 'Hooks.cpp')
  
C:\EQS\Release-NMS-Client\eqgame_dll\MQ2DataTypes.h(2828,17): warning C4091: 'static ': ignored on left of 'MQ2SkillType::SkillMembers' when no variable is declared [C:\EQS\Release-NMS-Client\eqgame_dll\eqgame_dll.vcxproj]
  (compiling source file 'Hooks.cpp')
  
C:\EQS\Release-NMS-Client\eqgame_dll\MQ2DataTypes.h(2838,17): warning C4091: 'static ': ignored on left of 'MQ2SkillType::SkillMethods' when no variable is declared [C:\EQS\Release-NMS-Client\eqgame_dll\eqgame_dll.vcxproj]
  (compiling source file 'Hooks.cpp')
  
C:\EQS\Release-NMS-Client\eqgame_dll\MQ2DataTypes.h(2887,17): warning C4091: 'static ': ignored on left of 'MQ2AltAbilityType::AltAbilityMembers' when no variable is declared [C:\EQS\Release-NMS-Client\eqgame_dll\eqgame_dll.vcxproj]
  (compiling source file 'Hooks.cpp')
  
C:\EQS\Release-NMS-Client\eqgame_dll\MQ2DataTypes.h(2904,17): warning C4091: 'static ': ignored on left of 'MQ2AltAbilityType::AltAbilityMethods' when no variable is declared [C:\EQS\Release-NMS-Client\eqgame_dll\eqgame_dll.vcxproj]
  (compiling source file 'Hooks.cpp')
  
C:\EQS\Release-NMS-Client\eqgame_dll\MQ2DataTypes.h(2949,17): warning C4091: 'static ': ignored on left of 'MQ2TimerType::TimerMembers' when no variable is declared [C:\EQS\Release-NMS-Client\eqgame_dll\eqgame_dll.vcxproj]
  (compiling source file 'Hooks.cpp')
  
C:\EQS\Release-NMS-Client\eqgame_dll\MQ2DataTypes.h(2954,17): warning C4091: 'static ': ignored on left of 'MQ2TimerType::TimerMethods' when no variable is declared [C:\EQS\Release-NMS-Client\eqgame_dll\eqgame_dll.vcxproj]
  (compiling source file 'Hooks.cpp')
  
C:\EQS\Release-NMS-Client\eqgame_dll\MQ2DataTypes.h(3051,17): warning C4091: 'static ': ignored on left of 'MQ2ArrayType::ArrayMembers' when no variable is declared [C:\EQS\Release-NMS-Client\eqgame_dll\eqgame_dll.vcxproj]
  (compiling source file 'Hooks.cpp')
  
C:\EQS\Release-NMS-Client\eqgame_dll\MQ2DataTypes.h(3096,17): warning C4091: 'static ': ignored on left of 'MQ2GroupType::GroupMembers' when no variable is declared [C:\EQS\Release-NMS-Client\eqgame_dll\eqgame_dll.vcxproj]
  (compiling source file 'Hooks.cpp')
  
C:\EQS\Release-NMS-Client\eqgame_dll\MQ2DataTypes.h(3106,17): warning C4091: 'static ': ignored on left of 'MQ2GroupType::GroupMethods' when no variable is declared [C:\EQS\Release-NMS-Client\eqgame_dll\eqgame_dll.vcxproj]
  (compiling source file 'Hooks.cpp')
  
C:\EQS\Release-NMS-Client\eqgame_dll\MQ2DataTypes.h(3141,17): warning C4091: 'static ': ignored on left of 'MQ2GroupMemberType::GroupMemberMembers' when no variable is declared [C:\EQS\Release-NMS-Client\eqgame_dll\eqgame_dll.vcxproj]
  (compiling source file 'Hooks.cpp')
  
C:\EQS\Release-NMS-Client\eqgame_dll\MQ2DataTypes.h(3153,17): warning C4091: 'static ': ignored on left of 'MQ2GroupMemberType::GroupMemberMethods' when no variable is declared [C:\EQS\Release-NMS-Client\eqgame_dll\eqgame_dll.vcxproj]
  (compiling source file 'Hooks.cpp')
  
C:\EQS\Release-NMS-Client\eqgame_dll\MQ2DataTypes.h(3195,17): warning C4091: 'static ': ignored on left of 'MQ2RaidType::RaidMembers' when no variable is declared [C:\EQS\Release-NMS-Client\eqgame_dll\eqgame_dll.vcxproj]
  (compiling source file 'Hooks.cpp')
  
C:\EQS\Release-NMS-Client\eqgame_dll\MQ2DataTypes.h(3210,17): warning C4091: 'static ': ignored on left of 'MQ2RaidType::RaidMethods' when no variable is declared [C:\EQS\Release-NMS-Client\eqgame_dll\eqgame_dll.vcxproj]
  (compiling source file 'Hooks.cpp')
  
C:\EQS\Release-NMS-Client\eqgame_dll\MQ2DataTypes.h(3254,17): warning C4091: 'static ': ignored on left of 'MQ2RaidMemberType::RaidMemberMembers' when no variable is declared [C:\EQS\Release-NMS-Client\eqgame_dll\eqgame_dll.vcxproj]
  (compiling source file 'Hooks.cpp')
  
C:\EQS\Release-NMS-Client\eqgame_dll\MQ2DataTypes.h(3265,17): warning C4091: 'static ': ignored on left of 'MQ2RaidMemberType::RaidMemberMethods' when no variable is declared [C:\EQS\Release-NMS-Client\eqgame_dll\eqgame_dll.vcxproj]
  (compiling source file 'Hooks.cpp')
  
C:\EQS\Release-NMS-Client\eqgame_dll\MQ2DataTypes.h(3314,17): warning C4091: 'static ': ignored on left of 'MQ2EvolvingItemType::EvolvingItemMembers' when no variable is declared [C:\EQS\Release-NMS-Client\eqgame_dll\eqgame_dll.vcxproj]
  (compiling source file 'Hooks.cpp')
  
C:\EQS\Release-NMS-Client\eqgame_dll\MQ2DataTypes.h(3356,17): warning C4091: 'static ': ignored on left of 'MQ2DynamicZoneType::DynamicZoneMembers' when no variable is declared [C:\EQS\Release-NMS-Client\eqgame_dll\eqgame_dll.vcxproj]
  (compiling source file 'Hooks.cpp')
  
C:\EQS\Release-NMS-Client\eqgame_dll\MQ2DataTypes.h(3398,17): warning C4091: 'static ': ignored on left of 'MQ2DZMemberType::DZMemberTypeMembers' when no variable is declared [C:\EQS\Release-NMS-Client\eqgame_dll\eqgame_dll.vcxproj]
  (compiling source file 'Hooks.cpp')
  
C:\EQS\Release-NMS-Client\eqgame_dll\MQ2DataTypes.h(3430,17): warning C4091: 'static ': ignored on left of 'MQ2FellowshipType::FellowshipTypeMembers' when no variable is declared [C:\EQS\Release-NMS-Client\eqgame_dll\eqgame_dll.vcxproj]
  (compiling source file 'Hooks.cpp')
  
C:\EQS\Release-NMS-Client\eqgame_dll\MQ2DataTypes.h(3483,17): warning C4091: 'static ': ignored on left of 'MQ2FellowshipMemberType::FMTypeMembers' when no variable is declared [C:\EQS\Release-NMS-Client\eqgame_dll\eqgame_dll.vcxproj]
  (compiling source file 'Hooks.cpp')
  
C:\EQS\Release-NMS-Client\eqgame_dll\MQ2DataTypes.h(3521,17): warning C4091: 'static ': ignored on left of 'MQ2FriendsType::FriendsMembers' when no variable is declared [C:\EQS\Release-NMS-Client\eqgame_dll\eqgame_dll.vcxproj]
  (compiling source file 'Hooks.cpp')
  
C:\EQS\Release-NMS-Client\eqgame_dll\MQ2DataTypes.h(3525,17): warning C4091: 'static ': ignored on left of 'MQ2FriendsType::FriendsMethods' when no variable is declared [C:\EQS\Release-NMS-Client\eqgame_dll\eqgame_dll.vcxproj]
  (compiling source file 'Hooks.cpp')
  
C:\EQS\Release-NMS-Client\eqgame_dll\MQ2DataTypes.h(3564,17): warning C4091: 'static ': ignored on left of 'MQ2TargetType::TargetMembers' when no variable is declared [C:\EQS\Release-NMS-Client\eqgame_dll\eqgame_dll.vcxproj]
  (compiling source file 'Hooks.cpp')
  
C:\EQS\Release-NMS-Client\eqgame_dll\MQ2DataTypes.h(3644,17): warning C4091: 'static ': ignored on left of 'MQ2XTargetType::xTargetMembers' when no variable is declared [C:\EQS\Release-NMS-Client\eqgame_dll\eqgame_dll.vcxproj]
  (compiling source file 'Hooks.cpp')
  
C:\EQS\Release-NMS-Client\eqgame_dll\MQ2Main.h(776,7): warning C4200: nonstandard extension used: zero-sized array in struct/union [C:\EQS\Release-NMS-Client\eqgame_dll\eqgame_dll.vcxproj]
  (compiling source file 'Hooks.cpp')
      C:\EQS\Release-NMS-Client\eqgame_dll\MQ2Main.h(776,7):
      This member will be ignored by a defaulted constructor or copy/move assignment operator
  
C:\EQS\Release-NMS-Client\eqgame_dll\RECTF.h(3,16): warning C4091: 'typedef ': ignored on left of 'RECTF' when no variable is declared [C:\EQS\Release-NMS-Client\eqgame_dll\eqgame_dll.vcxproj]
  (compiling source file 'Hooks.cpp')
  
C:\EQS\Release-NMS-Client\eqgame_dll\tweeny\tweenone.tcc(117,32): warning C4244: 'initializing': conversion from 'float' to 'uint32_t', possible loss of data [C:\EQS\Release-NMS-Client\eqgame_dll\eqgame_dll.vcxproj]
  (compiling source file 'FloatingTextManager.cpp')
      C:\EQS\Release-NMS-Client\eqgame_dll\tweeny\tweenone.tcc(117,32):
      the template instantiation context (the oldest one first) is
          C:\EQS\Release-NMS-Client\eqgame_dll\FloatingTextManager.cpp(111,31):
          see reference to function template instantiation 'tweeny::tween<int> tweeny::from<int>(int)' being compiled
          C:\EQS\Release-NMS-Client\eqgame_dll\tweeny\tweenone.tcc(36,62):
          while compiling class template member function 'tweeny::tween<int> tweeny::tween<int>::from(T)'
          with
          [
              T=int
          ]
          C:\EQS\Release-NMS-Client\eqgame_dll\tweeny\tweenone.tcc(38,54):
          while compiling class template member function 'tweeny::tween<int>::tween(T)'
          with
          [
              T=int
          ]
          C:\EQS\Release-NMS-Client\eqgame_dll\tweeny\tweenone.tcc(125,43):
          while compiling class template member function 'void tweeny::tween<int>::render(float)'
              C:\EQS\Release-NMS-Client\eqgame_dll\tweeny\tweenone.tcc(94,15):
              see the first reference to 'tweeny::tween<int>::render' in 'tweeny::tween<int>::seek'
              C:\EQS\Release-NMS-Client\eqgame_dll\tweeny\tweenone.tcc(85,13):
              see the first reference to 'tweeny::tween<int>::seek' in 'tweeny::tween<int>::step'
              C:\EQS\Release-NMS-Client\eqgame_dll\tweeny\tweenone.tcc(75,9):
              see the first reference to 'tweeny::tween<int>::step' in 'tweeny::tween<int>::step'
              C:\EQS\Release-NMS-Client\eqgame_dll\FloatingTextManager.cpp(174,12):
              see the first reference to 'tweeny::tween<int>::step' in 'FloatingTextManager::Render'
          C:\EQS\Release-NMS-Client\eqgame_dll\tweeny\tweenone.tcc(115,84):
          while compiling class template member function 'void tweeny::tween<int>::interpolate(float,unsigned int,T &) const'
          with
          [
              T=int
          ]
  
C:\EQS\Release-NMS-Client\eqgame_dll\EQData.h(440,14): warning C4091: 'typedef ': ignored on left of 'EQData::MaterialType' when no variable is declared [C:\EQS\Release-NMS-Client\eqgame_dll\eqgame_dll.vcxproj]
  (compiling source file 'MQ2ChatHook.cpp')
  
C:\EQS\Release-NMS-Client\eqgame_dll\core_npc.h(39,1): warning C4172: returning address of local variable or temporary : isReplaced [C:\EQS\Release-NMS-Client\eqgame_dll\eqgame_dll.vcxproj]
  MQ2DataVars.cpp
  MQ2DetourAPI.cpp
  MQ2FloatingText.cpp
  MQ2Globals.cpp
C:\EQS\Release-NMS-Client\eqgame_dll\MQ2Internal.h(105,17): warning C4091: 'static ': ignored on left of 'MQ2Internal::SearchItemFlag' when no variable is declared [C:\EQS\Release-NMS-Client\eqgame_dll\eqgame_dll.vcxproj]
  (compiling source file 'MQ2ChatHook.cpp')
  
C:\EQS\Release-NMS-Client\eqgame_dll\MQ2DataTypes.h(167,17): warning C4091: 'static ': ignored on left of 'MQ2IntType::IntMembers' when no variable is declared [C:\EQS\Release-NMS-Client\eqgame_dll\eqgame_dll.vcxproj]
  (compiling source file 'MQ2ChatHook.cpp')
  
C:\EQS\Release-NMS-Client\eqgame_dll\MQ2DataTypes.h(207,17): warning C4091: 'static ': ignored on left of 'MQ2ArgbType::ArgbMembers' when no variable is declared [C:\EQS\Release-NMS-Client\eqgame_dll\eqgame_dll.vcxproj]
  (compiling source file 'MQ2ChatHook.cpp')
  
C:\EQS\Release-NMS-Client\eqgame_dll\MQ2DataTypes.h(284,17): warning C4091: 'static ': ignored on left of 'MQ2StringType::StringMembers' when no variable is declared [C:\EQS\Release-NMS-Client\eqgame_dll\eqgame_dll.vcxproj]
  (compiling source file 'MQ2ChatHook.cpp')
  
C:\EQS\Release-NMS-Client\eqgame_dll\MQ2DataTypes.h(360,17): warning C4091: 'static ': ignored on left of 'MQ2FloatType::FloatMembers' when no variable is declared [C:\EQS\Release-NMS-Client\eqgame_dll\eqgame_dll.vcxproj]
  (compiling source file 'MQ2ChatHook.cpp')
  
C:\EQS\Release-NMS-Client\eqgame_dll\MQ2DataTypes.h(408,17): warning C4091: 'static ': ignored on left of 'MQ2TicksType::TicksMembers' when no variable is declared [C:\EQS\Release-NMS-Client\eqgame_dll\eqgame_dll.vcxproj]
  (compiling source file 'MQ2ChatHook.cpp')
  
C:\EQS\Release-NMS-Client\eqgame_dll\MQ2DataTypes.h(459,17): warning C4091: 'static ': ignored on left of 'MQ2SpawnType::SpawnMembers' when no variable is declared [C:\EQS\Release-NMS-Client\eqgame_dll\eqgame_dll.vcxproj]
  (compiling source file 'MQ2ChatHook.cpp')
  
C:\EQS\Release-NMS-Client\eqgame_dll\MQ2DataTypes.h(559,17): warning C4091: 'static ': ignored on left of 'MQ2SpawnType::SpawnMethods' when no variable is declared [C:\EQS\Release-NMS-Client\eqgame_dll\eqgame_dll.vcxproj]
  (compiling source file 'MQ2ChatHook.cpp')
  
C:\EQS\Release-NMS-Client\eqgame_dll\MQ2DataTypes.h(729,17): warning C4091: 'static ': ignored on left of 'MQ2CharacterType::CharacterMembers' when no variable is declared [C:\EQS\Release-NMS-Client\eqgame_dll\eqgame_dll.vcxproj]
  (compiling source file 'MQ2ChatHook.cpp')
  
C:\EQS\Release-NMS-Client\eqgame_dll\MQ2DataTypes.h(917,17): warning C4091: 'static ': ignored on left of 'MQ2CharacterType::CharacterMethods' when no variable is declared [C:\EQS\Release-NMS-Client\eqgame_dll\eqgame_dll.vcxproj]
  (compiling source file 'MQ2ChatHook.cpp')
  
C:\EQS\Release-NMS-Client\eqgame_dll\MQ2DataTypes.h(1158,17): warning C4091: 'static ': ignored on left of 'MQ2SpellType::SpellMembers' when no variable is declared [C:\EQS\Release-NMS-Client\eqgame_dll\eqgame_dll.vcxproj]
  (compiling source file 'MQ2ChatHook.cpp')
  
C:\EQS\Release-NMS-Client\eqgame_dll\MQ2DataTypes.h(1188,17): warning C4091: 'static ': ignored on left of 'MQ2SpellType::SpellMethods' when no variable is declared [C:\EQS\Release-NMS-Client\eqgame_dll\eqgame_dll.vcxproj]
  (compiling source file 'MQ2ChatHook.cpp')
  
C:\EQS\Release-NMS-Client\eqgame_dll\MQ2DataTypes.h(1262,17): warning C4091: 'static ': ignored on left of 'MQ2BuffType::BuffMembers' when no variable is declared [C:\EQS\Release-NMS-Client\eqgame_dll\eqgame_dll.vcxproj]
  (compiling source file 'MQ2ChatHook.cpp')
  
C:\EQS\Release-NMS-Client\eqgame_dll\MQ2DataTypes.h(1272,17): warning C4091: 'static ': ignored on left of 'MQ2BuffType::BuffMethods' when no variable is declared [C:\EQS\Release-NMS-Client\eqgame_dll\eqgame_dll.vcxproj]
  (compiling source file 'MQ2ChatHook.cpp')
  
C:\EQS\Release-NMS-Client\eqgame_dll\MQ2DataTypes.h(1336,17): warning C4091: 'static ': ignored on left of 'MQ2ItemType::ItemMembers' when no variable is declared [C:\EQS\Release-NMS-Client\eqgame_dll\eqgame_dll.vcxproj]
  (compiling source file 'MQ2ChatHook.cpp')
  
C:\EQS\Release-NMS-Client\eqgame_dll\MQ2DataTypes.h(1469,17): warning C4091: 'static ': ignored on left of 'MQ2ItemType::ItemMethods' when no variable is declared [C:\EQS\Release-NMS-Client\eqgame_dll\eqgame_dll.vcxproj]
  (compiling source file 'MQ2ChatHook.cpp')
  
C:\EQS\Release-NMS-Client\eqgame_dll\MQ2DataTypes.h(1647,17): warning C4091: 'static ': ignored on left of 'MQ2SwitchType::SwitchMembers' when no variable is declared [C:\EQS\Release-NMS-Client\eqgame_dll\eqgame_dll.vcxproj]
  (compiling source file 'MQ2ChatHook.cpp')
  
C:\EQS\Release-NMS-Client\eqgame_dll\MQ2DataTypes.h(1670,17): warning C4091: 'static ': ignored on left of 'MQ2SwitchType::SwitchMethods' when no variable is declared [C:\EQS\Release-NMS-Client\eqgame_dll\eqgame_dll.vcxproj]
  (compiling source file 'MQ2ChatHook.cpp')
  
C:\EQS\Release-NMS-Client\eqgame_dll\MQ2DataTypes.h(1735,17): warning C4091: 'static ': ignored on left of 'MQ2GroundType::GroundMembers' when no variable is declared [C:\EQS\Release-NMS-Client\eqgame_dll\eqgame_dll.vcxproj]
  (compiling source file 'MQ2ChatHook.cpp')
  
C:\EQS\Release-NMS-Client\eqgame_dll\MQ2DataTypes.h(1750,17): warning C4091: 'static ': ignored on left of 'MQ2GroundType::GroundMethods' when no variable is declared [C:\EQS\Release-NMS-Client\eqgame_dll\eqgame_dll.vcxproj]
  (compiling source file 'MQ2ChatHook.cpp')
  
C:\EQS\Release-NMS-Client\eqgame_dll\MQ2DataTypes.h(1811,17): warning C4091: 'static ': ignored on left of 'MQ2CorpseType::CorpseMembers' when no variable is declared [C:\EQS\Release-NMS-Client\eqgame_dll\eqgame_dll.vcxproj]
  (compiling source file 'MQ2ChatHook.cpp')
  
C:\EQS\Release-NMS-Client\eqgame_dll\MQ2DataTypes.h(1817,17): warning C4091: 'static ': ignored on left of 'MQ2CorpseType::CorpseMethods' when no variable is declared [C:\EQS\Release-NMS-Client\eqgame_dll\eqgame_dll.vcxproj]
  (compiling source file 'MQ2ChatHook.cpp')
  
C:\EQS\Release-NMS-Client\eqgame_dll\MQ2DataTypes.h(1860,17): warning C4091: 'static ': ignored on left of 'MQ2MerchantType::MerchantMembers' when no variable is declared [C:\EQS\Release-NMS-Client\eqgame_dll\eqgame_dll.vcxproj]
  (compiling source file 'MQ2ChatHook.cpp')
  
C:\EQS\Release-NMS-Client\eqgame_dll\MQ2DataTypes.h(1868,17): warning C4091: 'static ': ignored on left of 'MQ2MerchantType::MerchantMethods' when no variable is declared [C:\EQS\Release-NMS-Client\eqgame_dll\eqgame_dll.vcxproj]
  (compiling source file 'MQ2ChatHook.cpp')
  
C:\EQS\Release-NMS-Client\eqgame_dll\MQ2DataTypes.h(1913,17): warning C4091: 'static ': ignored on left of 'MQ2WindowType::WindowMembers' when no variable is declared [C:\EQS\Release-NMS-Client\eqgame_dll\eqgame_dll.vcxproj]
  (compiling source file 'MQ2ChatHook.cpp')
  
C:\EQS\Release-NMS-Client\eqgame_dll\MQ2DataTypes.h(1949,17): warning C4091: 'static ': ignored on left of 'MQ2WindowType::WindowMethods' when no variable is declared [C:\EQS\Release-NMS-Client\eqgame_dll\eqgame_dll.vcxproj]
  (compiling source file 'MQ2ChatHook.cpp')
  
C:\EQS\Release-NMS-Client\eqgame_dll\MQ2DataTypes.h(2048,17): warning C4091: 'static ': ignored on left of 'MQ2MacroType::MacroMembers' when no variable is declared [C:\EQS\Release-NMS-Client\eqgame_dll\eqgame_dll.vcxproj]
  (compiling source file 'MQ2ChatHook.cpp')
  
C:\EQS\Release-NMS-Client\eqgame_dll\MQ2DataTypes.h(2096,17): warning C4091: 'static ': ignored on left of 'MQ2ZoneType::ZoneMembers' when no variable is declared [C:\EQS\Release-NMS-Client\eqgame_dll\eqgame_dll.vcxproj]
  (compiling source file 'MQ2ChatHook.cpp')
  
C:\EQS\Release-NMS-Client\eqgame_dll\MQ2DataTypes.h(2143,17): warning C4091: 'static ': ignored on left of 'MQ2CurrentZoneType::CurrentZoneMembers' when no variable is declared [C:\EQS\Release-NMS-Client\eqgame_dll\eqgame_dll.vcxproj]
  (compiling source file 'MQ2ChatHook.cpp')
  
C:\EQS\Release-NMS-Client\eqgame_dll\MQ2DataTypes.h(2205,17): warning C4091: 'static ': ignored on left of 'MQ2MacroQuestType::MacroQuestMembers' when no variable is declared [C:\EQS\Release-NMS-Client\eqgame_dll\eqgame_dll.vcxproj]
  (compiling source file 'MQ2ChatHook.cpp')
  
C:\EQS\Release-NMS-Client\eqgame_dll\MQ2DataTypes.h(2230,17): warning C4091: 'static ': ignored on left of 'MQ2MacroQuestType::MacroQuestMethods' when no variable is declared [C:\EQS\Release-NMS-Client\eqgame_dll\eqgame_dll.vcxproj]
  (compiling source file 'MQ2ChatHook.cpp')
  
C:\EQS\Release-NMS-Client\eqgame_dll\MQ2DataTypes.h(2283,17): warning C4091: 'static ': ignored on left of 'MQ2MathType::MathMembers' when no variable is declared [C:\EQS\Release-NMS-Client\eqgame_dll\eqgame_dll.vcxproj]
  (compiling source file 'MQ2ChatHook.cpp')
  
C:\EQS\Release-NMS-Client\eqgame_dll\MQ2DataTypes.h(2341,17): warning C4091: 'static ': ignored on left of 'MQ2RaceType::RaceMembers' when no variable is declared [C:\EQS\Release-NMS-Client\eqgame_dll\eqgame_dll.vcxproj]
  (compiling source file 'MQ2ChatHook.cpp')
  
C:\EQS\Release-NMS-Client\eqgame_dll\MQ2DataTypes.h(2379,17): warning C4091: 'static ': ignored on left of 'MQ2ClassType::ClassMembers' when no variable is declared [C:\EQS\Release-NMS-Client\eqgame_dll\eqgame_dll.vcxproj]
  (compiling source file 'MQ2ChatHook.cpp')
  
C:\EQS\Release-NMS-Client\eqgame_dll\MQ2DataTypes.h(2434,17): warning C4091: 'static ': ignored on left of 'MQ2BodyType::BodyMembers' when no variable is declared [C:\EQS\Release-NMS-Client\eqgame_dll\eqgame_dll.vcxproj]
  (compiling source file 'MQ2ChatHook.cpp')
  
C:\EQS\Release-NMS-Client\eqgame_dll\MQ2DataTypes.h(2471,17): warning C4091: 'static ': ignored on left of 'MQ2DeityType::DeityMembers' when no variable is declared [C:\EQS\Release-NMS-Client\eqgame_dll\eqgame_dll.vcxproj]
  (compiling source file 'MQ2ChatHook.cpp')
  
C:\EQS\Release-NMS-Client\eqgame_dll\MQ2DataTypes.h(2511,17): warning C4091: 'static ': ignored on left of 'MQ2TimeType::TimeMembers' when no variable is declared [C:\EQS\Release-NMS-Client\eqgame_dll\eqgame_dll.vcxproj]
  (compiling source file 'MQ2ChatHook.cpp')
  
C:\EQS\Release-NMS-Client\eqgame_dll\MQ2DataTypes.h(2586,17): warning C4091: 'static ': ignored on left of 'MQ2TypeType::TypeMembers' when no variable is declared [C:\EQS\Release-NMS-Client\eqgame_dll\eqgame_dll.vcxproj]
  (compiling source file 'MQ2ChatHook.cpp')
  
C:\EQS\Release-NMS-Client\eqgame_dll\MQ2DataTypes.h(2624,17): warning C4091: 'static ': ignored on left of 'MQ2HeadingType::HeadingMembers' when no variable is declared [C:\EQS\Release-NMS-Client\eqgame_dll\eqgame_dll.vcxproj]
  (compiling source file 'MQ2ChatHook.cpp')
  
C:\EQS\Release-NMS-Client\eqgame_dll\MQ2DataTypes.h(2632,17): warning C4091: 'static ': ignored on left of 'MQ2HeadingType::HeadingMethods' when no variable is declared [C:\EQS\Release-NMS-Client\eqgame_dll\eqgame_dll.vcxproj]
  (compiling source file 'MQ2ChatHook.cpp')
  
C:\EQS\Release-NMS-Client\eqgame_dll\MQ2DataTypes.h(2678,17): warning C4091: 'static ': ignored on left of 'MQ2InvSlotType::InvSlotMembers' when no variable is declared [C:\EQS\Release-NMS-Client\eqgame_dll\eqgame_dll.vcxproj]
  (compiling source file 'MQ2ChatHook.cpp')
  
C:\EQS\Release-NMS-Client\eqgame_dll\MQ2DataTypes.h(2686,17): warning C4091: 'static ': ignored on left of 'MQ2InvSlotType::InvSlotMethods' when no variable is declared [C:\EQS\Release-NMS-Client\eqgame_dll\eqgame_dll.vcxproj]
  (compiling source file 'MQ2ChatHook.cpp')
  
C:\EQS\Release-NMS-Client\eqgame_dll\MQ2DataTypes.h(2740,17): warning C4091: 'static ': ignored on left of 'MQ2PluginType::PluginMembers' when no variable is declared [C:\EQS\Release-NMS-Client\eqgame_dll\eqgame_dll.vcxproj]
  (compiling source file 'MQ2ChatHook.cpp')
  
C:\EQS\Release-NMS-Client\eqgame_dll\MQ2DataTypes.h(2782,17): warning C4091: 'static ': ignored on left of 'MQ2BenchmarkType::BenchmarkMembers' when no variable is declared [C:\EQS\Release-NMS-Client\eqgame_dll\eqgame_dll.vcxproj]
  (compiling source file 'MQ2ChatHook.cpp')
  
C:\EQS\Release-NMS-Client\eqgame_dll\MQ2DataTypes.h(2828,17): warning C4091: 'static ': ignored on left of 'MQ2SkillType::SkillMembers' when no variable is declared [C:\EQS\Release-NMS-Client\eqgame_dll\eqgame_dll.vcxproj]
  (compiling source file 'MQ2ChatHook.cpp')
  
C:\EQS\Release-NMS-Client\eqgame_dll\MQ2DataTypes.h(2838,17): warning C4091: 'static ': ignored on left of 'MQ2SkillType::SkillMethods' when no variable is declared [C:\EQS\Release-NMS-Client\eqgame_dll\eqgame_dll.vcxproj]
  (compiling source file 'MQ2ChatHook.cpp')
  
C:\EQS\Release-NMS-Client\eqgame_dll\MQ2DataTypes.h(2887,17): warning C4091: 'static ': ignored on left of 'MQ2AltAbilityType::AltAbilityMembers' when no variable is declared [C:\EQS\Release-NMS-Client\eqgame_dll\eqgame_dll.vcxproj]
  (compiling source file 'MQ2ChatHook.cpp')
  
C:\EQS\Release-NMS-Client\eqgame_dll\MQ2DataTypes.h(2904,17): warning C4091: 'static ': ignored on left of 'MQ2AltAbilityType::AltAbilityMethods' when no variable is declared [C:\EQS\Release-NMS-Client\eqgame_dll\eqgame_dll.vcxproj]
  (compiling source file 'MQ2ChatHook.cpp')
  
C:\EQS\Release-NMS-Client\eqgame_dll\EQData.h(440,14): warning C4091: 'typedef ': ignored on left of 'EQData::MaterialType' when no variable is declared [C:\EQS\Release-NMS-Client\eqgame_dll\eqgame_dll.vcxproj]
  (compiling source file 'MQ2CleanUI.cpp')
  
C:\EQS\Release-NMS-Client\eqgame_dll\MQ2DataTypes.h(2949,17): warning C4091: 'static ': ignored on left of 'MQ2TimerType::TimerMembers' when no variable is declared [C:\EQS\Release-NMS-Client\eqgame_dll\eqgame_dll.vcxproj]
  (compiling source file 'MQ2ChatHook.cpp')
  
C:\EQS\Release-NMS-Client\eqgame_dll\MQ2DataTypes.h(2954,17): warning C4091: 'static ': ignored on left of 'MQ2TimerType::TimerMethods' when no variable is declared [C:\EQS\Release-NMS-Client\eqgame_dll\eqgame_dll.vcxproj]
  (compiling source file 'MQ2ChatHook.cpp')
  
C:\EQS\Release-NMS-Client\eqgame_dll\MQ2DataTypes.h(3051,17): warning C4091: 'static ': ignored on left of 'MQ2ArrayType::ArrayMembers' when no variable is declared [C:\EQS\Release-NMS-Client\eqgame_dll\eqgame_dll.vcxproj]
  (compiling source file 'MQ2ChatHook.cpp')
  
C:\EQS\Release-NMS-Client\eqgame_dll\MQ2DataTypes.h(3096,17): warning C4091: 'static ': ignored on left of 'MQ2GroupType::GroupMembers' when no variable is declared [C:\EQS\Release-NMS-Client\eqgame_dll\eqgame_dll.vcxproj]
  (compiling source file 'MQ2ChatHook.cpp')
  
C:\EQS\Release-NMS-Client\eqgame_dll\MQ2DataTypes.h(3106,17): warning C4091: 'static ': ignored on left of 'MQ2GroupType::GroupMethods' when no variable is declared [C:\EQS\Release-NMS-Client\eqgame_dll\eqgame_dll.vcxproj]
  (compiling source file 'MQ2ChatHook.cpp')
  
C:\EQS\Release-NMS-Client\eqgame_dll\MQ2DataTypes.h(3141,17): warning C4091: 'static ': ignored on left of 'MQ2GroupMemberType::GroupMemberMembers' when no variable is declared [C:\EQS\Release-NMS-Client\eqgame_dll\eqgame_dll.vcxproj]
  (compiling source file 'MQ2ChatHook.cpp')
  
C:\EQS\Release-NMS-Client\eqgame_dll\MQ2DataTypes.h(3153,17): warning C4091: 'static ': ignored on left of 'MQ2GroupMemberType::GroupMemberMethods' when no variable is declared [C:\EQS\Release-NMS-Client\eqgame_dll\eqgame_dll.vcxproj]
  (compiling source file 'MQ2ChatHook.cpp')
  
C:\EQS\Release-NMS-Client\eqgame_dll\MQ2DataTypes.h(3195,17): warning C4091: 'static ': ignored on left of 'MQ2RaidType::RaidMembers' when no variable is declared [C:\EQS\Release-NMS-Client\eqgame_dll\eqgame_dll.vcxproj]
  (compiling source file 'MQ2ChatHook.cpp')
  
C:\EQS\Release-NMS-Client\eqgame_dll\MQ2DataTypes.h(3210,17): warning C4091: 'static ': ignored on left of 'MQ2RaidType::RaidMethods' when no variable is declared [C:\EQS\Release-NMS-Client\eqgame_dll\eqgame_dll.vcxproj]
  (compiling source file 'MQ2ChatHook.cpp')
  
C:\EQS\Release-NMS-Client\eqgame_dll\MQ2DataTypes.h(3254,17): warning C4091: 'static ': ignored on left of 'MQ2RaidMemberType::RaidMemberMembers' when no variable is declared [C:\EQS\Release-NMS-Client\eqgame_dll\eqgame_dll.vcxproj]
  (compiling source file 'MQ2ChatHook.cpp')
  
C:\EQS\Release-NMS-Client\eqgame_dll\MQ2DataTypes.h(3265,17): warning C4091: 'static ': ignored on left of 'MQ2RaidMemberType::RaidMemberMethods' when no variable is declared [C:\EQS\Release-NMS-Client\eqgame_dll\eqgame_dll.vcxproj]
  (compiling source file 'MQ2ChatHook.cpp')
  
C:\EQS\Release-NMS-Client\eqgame_dll\MQ2DataTypes.h(3314,17): warning C4091: 'static ': ignored on left of 'MQ2EvolvingItemType::EvolvingItemMembers' when no variable is declared [C:\EQS\Release-NMS-Client\eqgame_dll\eqgame_dll.vcxproj]
  (compiling source file 'MQ2ChatHook.cpp')
  
C:\EQS\Release-NMS-Client\eqgame_dll\MQ2DataTypes.h(3356,17): warning C4091: 'static ': ignored on left of 'MQ2DynamicZoneType::DynamicZoneMembers' when no variable is declared [C:\EQS\Release-NMS-Client\eqgame_dll\eqgame_dll.vcxproj]
  (compiling source file 'MQ2ChatHook.cpp')
  
C:\EQS\Release-NMS-Client\eqgame_dll\MQ2DataTypes.h(3398,17): warning C4091: 'static ': ignored on left of 'MQ2DZMemberType::DZMemberTypeMembers' when no variable is declared [C:\EQS\Release-NMS-Client\eqgame_dll\eqgame_dll.vcxproj]
  (compiling source file 'MQ2ChatHook.cpp')
  
C:\EQS\Release-NMS-Client\eqgame_dll\MQ2DataTypes.h(3430,17): warning C4091: 'static ': ignored on left of 'MQ2FellowshipType::FellowshipTypeMembers' when no variable is declared [C:\EQS\Release-NMS-Client\eqgame_dll\eqgame_dll.vcxproj]
  (compiling source file 'MQ2ChatHook.cpp')
  
C:\EQS\Release-NMS-Client\eqgame_dll\MQ2DataTypes.h(3483,17): warning C4091: 'static ': ignored on left of 'MQ2FellowshipMemberType::FMTypeMembers' when no variable is declared [C:\EQS\Release-NMS-Client\eqgame_dll\eqgame_dll.vcxproj]
  (compiling source file 'MQ2ChatHook.cpp')
  
C:\EQS\Release-NMS-Client\eqgame_dll\MQ2DataTypes.h(3521,17): warning C4091: 'static ': ignored on left of 'MQ2FriendsType::FriendsMembers' when no variable is declared [C:\EQS\Release-NMS-Client\eqgame_dll\eqgame_dll.vcxproj]
  (compiling source file 'MQ2ChatHook.cpp')
  
C:\EQS\Release-NMS-Client\eqgame_dll\MQ2DataTypes.h(3525,17): warning C4091: 'static ': ignored on left of 'MQ2FriendsType::FriendsMethods' when no variable is declared [C:\EQS\Release-NMS-Client\eqgame_dll\eqgame_dll.vcxproj]
  (compiling source file 'MQ2ChatHook.cpp')
  
C:\EQS\Release-NMS-Client\eqgame_dll\MQ2DataTypes.h(3564,17): warning C4091: 'static ': ignored on left of 'MQ2TargetType::TargetMembers' when no variable is declared [C:\EQS\Release-NMS-Client\eqgame_dll\eqgame_dll.vcxproj]
  (compiling source file 'MQ2ChatHook.cpp')
  
C:\EQS\Release-NMS-Client\eqgame_dll\MQ2DataTypes.h(3644,17): warning C4091: 'static ': ignored on left of 'MQ2XTargetType::xTargetMembers' when no variable is declared [C:\EQS\Release-NMS-Client\eqgame_dll\eqgame_dll.vcxproj]
  (compiling source file 'MQ2ChatHook.cpp')
  
C:\EQS\Release-NMS-Client\eqgame_dll\MQ2Main.h(776,7): warning C4200: nonstandard extension used: zero-sized array in struct/union [C:\EQS\Release-NMS-Client\eqgame_dll\eqgame_dll.vcxproj]
  (compiling source file 'MQ2ChatHook.cpp')
      C:\EQS\Release-NMS-Client\eqgame_dll\MQ2Main.h(776,7):
      This member will be ignored by a defaulted constructor or copy/move assignment operator
  
C:\EQS\Release-NMS-Client\eqgame_dll\MQ2ChatHook.cpp(73,18): warning C4101: 'SkipTrampoline': unreferenced local variable [C:\EQS\Release-NMS-Client\eqgame_dll\eqgame_dll.vcxproj]
C:\EQS\Release-NMS-Client\eqgame_dll\MQ2ChatHook.cpp(85,14): warning C4101: 'SkipTrampoline': unreferenced local variable [C:\EQS\Release-NMS-Client\eqgame_dll\eqgame_dll.vcxproj]
  MQ2ItemDisplay.cpp
C:\EQS\Release-NMS-Client\eqgame_dll\MQ2Internal.h(105,17): warning C4091: 'static ': ignored on left of 'MQ2Internal::SearchItemFlag' when no variable is declared [C:\EQS\Release-NMS-Client\eqgame_dll\eqgame_dll.vcxproj]
  (compiling source file 'MQ2CleanUI.cpp')
  
C:\EQS\Release-NMS-Client\eqgame_dll\MQ2DataTypes.h(167,17): warning C4091: 'static ': ignored on left of 'MQ2IntType::IntMembers' when no variable is declared [C:\EQS\Release-NMS-Client\eqgame_dll\eqgame_dll.vcxproj]
  (compiling source file 'MQ2CleanUI.cpp')
  
C:\EQS\Release-NMS-Client\eqgame_dll\MQ2DataTypes.h(207,17): warning C4091: 'static ': ignored on left of 'MQ2ArgbType::ArgbMembers' when no variable is declared [C:\EQS\Release-NMS-Client\eqgame_dll\eqgame_dll.vcxproj]
  (compiling source file 'MQ2CleanUI.cpp')
  
C:\EQS\Release-NMS-Client\eqgame_dll\MQ2DataTypes.h(284,17): warning C4091: 'static ': ignored on left of 'MQ2StringType::StringMembers' when no variable is declared [C:\EQS\Release-NMS-Client\eqgame_dll\eqgame_dll.vcxproj]
  (compiling source file 'MQ2CleanUI.cpp')
  
C:\EQS\Release-NMS-Client\eqgame_dll\MQ2DataTypes.h(360,17): warning C4091: 'static ': ignored on left of 'MQ2FloatType::FloatMembers' when no variable is declared [C:\EQS\Release-NMS-Client\eqgame_dll\eqgame_dll.vcxproj]
  (compiling source file 'MQ2CleanUI.cpp')
  
C:\EQS\Release-NMS-Client\eqgame_dll\MQ2DataTypes.h(408,17): warning C4091: 'static ': ignored on left of 'MQ2TicksType::TicksMembers' when no variable is declared [C:\EQS\Release-NMS-Client\eqgame_dll\eqgame_dll.vcxproj]
  (compiling source file 'MQ2CleanUI.cpp')
  
C:\EQS\Release-NMS-Client\eqgame_dll\MQ2DataTypes.h(459,17): warning C4091: 'static ': ignored on left of 'MQ2SpawnType::SpawnMembers' when no variable is declared [C:\EQS\Release-NMS-Client\eqgame_dll\eqgame_dll.vcxproj]
  (compiling source file 'MQ2CleanUI.cpp')
  
C:\EQS\Release-NMS-Client\eqgame_dll\MQ2DataTypes.h(559,17): warning C4091: 'static ': ignored on left of 'MQ2SpawnType::SpawnMethods' when no variable is declared [C:\EQS\Release-NMS-Client\eqgame_dll\eqgame_dll.vcxproj]
  (compiling source file 'MQ2CleanUI.cpp')
  
C:\EQS\Release-NMS-Client\eqgame_dll\MQ2DataTypes.h(729,17): warning C4091: 'static ': ignored on left of 'MQ2CharacterType::CharacterMembers' when no variable is declared [C:\EQS\Release-NMS-Client\eqgame_dll\eqgame_dll.vcxproj]
  (compiling source file 'MQ2CleanUI.cpp')
  
C:\EQS\Release-NMS-Client\eqgame_dll\MQ2DataTypes.h(917,17): warning C4091: 'static ': ignored on left of 'MQ2CharacterType::CharacterMethods' when no variable is declared [C:\EQS\Release-NMS-Client\eqgame_dll\eqgame_dll.vcxproj]
  (compiling source file 'MQ2CleanUI.cpp')
  
C:\EQS\Release-NMS-Client\eqgame_dll\MQ2DataTypes.h(1158,17): warning C4091: 'static ': ignored on left of 'MQ2SpellType::SpellMembers' when no variable is declared [C:\EQS\Release-NMS-Client\eqgame_dll\eqgame_dll.vcxproj]
  (compiling source file 'MQ2CleanUI.cpp')
  
C:\EQS\Release-NMS-Client\eqgame_dll\MQ2DataTypes.h(1188,17): warning C4091: 'static ': ignored on left of 'MQ2SpellType::SpellMethods' when no variable is declared [C:\EQS\Release-NMS-Client\eqgame_dll\eqgame_dll.vcxproj]
  (compiling source file 'MQ2CleanUI.cpp')
  
C:\EQS\Release-NMS-Client\eqgame_dll\MQ2DataTypes.h(1262,17): warning C4091: 'static ': ignored on left of 'MQ2BuffType::BuffMembers' when no variable is declared [C:\EQS\Release-NMS-Client\eqgame_dll\eqgame_dll.vcxproj]
  (compiling source file 'MQ2CleanUI.cpp')
  
C:\EQS\Release-NMS-Client\eqgame_dll\MQ2DataTypes.h(1272,17): warning C4091: 'static ': ignored on left of 'MQ2BuffType::BuffMethods' when no variable is declared [C:\EQS\Release-NMS-Client\eqgame_dll\eqgame_dll.vcxproj]
  (compiling source file 'MQ2CleanUI.cpp')
  
C:\EQS\Release-NMS-Client\eqgame_dll\MQ2DataTypes.h(1336,17): warning C4091: 'static ': ignored on left of 'MQ2ItemType::ItemMembers' when no variable is declared [C:\EQS\Release-NMS-Client\eqgame_dll\eqgame_dll.vcxproj]
  (compiling source file 'MQ2CleanUI.cpp')
  
C:\EQS\Release-NMS-Client\eqgame_dll\MQ2DataTypes.h(1469,17): warning C4091: 'static ': ignored on left of 'MQ2ItemType::ItemMethods' when no variable is declared [C:\EQS\Release-NMS-Client\eqgame_dll\eqgame_dll.vcxproj]
  (compiling source file 'MQ2CleanUI.cpp')
  
C:\EQS\Release-NMS-Client\eqgame_dll\MQ2DataTypes.h(1647,17): warning C4091: 'static ': ignored on left of 'MQ2SwitchType::SwitchMembers' when no variable is declared [C:\EQS\Release-NMS-Client\eqgame_dll\eqgame_dll.vcxproj]
  (compiling source file 'MQ2CleanUI.cpp')
  
C:\EQS\Release-NMS-Client\eqgame_dll\MQ2DataTypes.h(1670,17): warning C4091: 'static ': ignored on left of 'MQ2SwitchType::SwitchMethods' when no variable is declared [C:\EQS\Release-NMS-Client\eqgame_dll\eqgame_dll.vcxproj]
  (compiling source file 'MQ2CleanUI.cpp')
  
C:\EQS\Release-NMS-Client\eqgame_dll\MQ2DataTypes.h(1735,17): warning C4091: 'static ': ignored on left of 'MQ2GroundType::GroundMembers' when no variable is declared [C:\EQS\Release-NMS-Client\eqgame_dll\eqgame_dll.vcxproj]
  (compiling source file 'MQ2CleanUI.cpp')
  
C:\EQS\Release-NMS-Client\eqgame_dll\MQ2DataTypes.h(1750,17): warning C4091: 'static ': ignored on left of 'MQ2GroundType::GroundMethods' when no variable is declared [C:\EQS\Release-NMS-Client\eqgame_dll\eqgame_dll.vcxproj]
  (compiling source file 'MQ2CleanUI.cpp')
  
C:\EQS\Release-NMS-Client\eqgame_dll\MQ2DataTypes.h(1811,17): warning C4091: 'static ': ignored on left of 'MQ2CorpseType::CorpseMembers' when no variable is declared [C:\EQS\Release-NMS-Client\eqgame_dll\eqgame_dll.vcxproj]
  (compiling source file 'MQ2CleanUI.cpp')
  
C:\EQS\Release-NMS-Client\eqgame_dll\MQ2DataTypes.h(1817,17): warning C4091: 'static ': ignored on left of 'MQ2CorpseType::CorpseMethods' when no variable is declared [C:\EQS\Release-NMS-Client\eqgame_dll\eqgame_dll.vcxproj]
  (compiling source file 'MQ2CleanUI.cpp')
  
C:\EQS\Release-NMS-Client\eqgame_dll\MQ2DataTypes.h(1860,17): warning C4091: 'static ': ignored on left of 'MQ2MerchantType::MerchantMembers' when no variable is declared [C:\EQS\Release-NMS-Client\eqgame_dll\eqgame_dll.vcxproj]
  (compiling source file 'MQ2CleanUI.cpp')
  
C:\EQS\Release-NMS-Client\eqgame_dll\MQ2DataTypes.h(1868,17): warning C4091: 'static ': ignored on left of 'MQ2MerchantType::MerchantMethods' when no variable is declared [C:\EQS\Release-NMS-Client\eqgame_dll\eqgame_dll.vcxproj]
  (compiling source file 'MQ2CleanUI.cpp')
  
C:\EQS\Release-NMS-Client\eqgame_dll\MQ2DataTypes.h(1913,17): warning C4091: 'static ': ignored on left of 'MQ2WindowType::WindowMembers' when no variable is declared [C:\EQS\Release-NMS-Client\eqgame_dll\eqgame_dll.vcxproj]
  (compiling source file 'MQ2CleanUI.cpp')
  
C:\EQS\Release-NMS-Client\eqgame_dll\MQ2DataTypes.h(1949,17): warning C4091: 'static ': ignored on left of 'MQ2WindowType::WindowMethods' when no variable is declared [C:\EQS\Release-NMS-Client\eqgame_dll\eqgame_dll.vcxproj]
  (compiling source file 'MQ2CleanUI.cpp')
  
C:\EQS\Release-NMS-Client\eqgame_dll\MQ2DataTypes.h(2048,17): warning C4091: 'static ': ignored on left of 'MQ2MacroType::MacroMembers' when no variable is declared [C:\EQS\Release-NMS-Client\eqgame_dll\eqgame_dll.vcxproj]
  (compiling source file 'MQ2CleanUI.cpp')
  
C:\EQS\Release-NMS-Client\eqgame_dll\MQ2DataTypes.h(2096,17): warning C4091: 'static ': ignored on left of 'MQ2ZoneType::ZoneMembers' when no variable is declared [C:\EQS\Release-NMS-Client\eqgame_dll\eqgame_dll.vcxproj]
  (compiling source file 'MQ2CleanUI.cpp')
  
C:\EQS\Release-NMS-Client\eqgame_dll\MQ2DataTypes.h(2143,17): warning C4091: 'static ': ignored on left of 'MQ2CurrentZoneType::CurrentZoneMembers' when no variable is declared [C:\EQS\Release-NMS-Client\eqgame_dll\eqgame_dll.vcxproj]
  (compiling source file 'MQ2CleanUI.cpp')
  
C:\EQS\Release-NMS-Client\eqgame_dll\MQ2DataTypes.h(2205,17): warning C4091: 'static ': ignored on left of 'MQ2MacroQuestType::MacroQuestMembers' when no variable is declared [C:\EQS\Release-NMS-Client\eqgame_dll\eqgame_dll.vcxproj]
  (compiling source file 'MQ2CleanUI.cpp')
  
C:\EQS\Release-NMS-Client\eqgame_dll\MQ2DataTypes.h(2230,17): warning C4091: 'static ': ignored on left of 'MQ2MacroQuestType::MacroQuestMethods' when no variable is declared [C:\EQS\Release-NMS-Client\eqgame_dll\eqgame_dll.vcxproj]
  (compiling source file 'MQ2CleanUI.cpp')
  
C:\EQS\Release-NMS-Client\eqgame_dll\MQ2DataTypes.h(2283,17): warning C4091: 'static ': ignored on left of 'MQ2MathType::MathMembers' when no variable is declared [C:\EQS\Release-NMS-Client\eqgame_dll\eqgame_dll.vcxproj]
  (compiling source file 'MQ2CleanUI.cpp')
  
C:\EQS\Release-NMS-Client\eqgame_dll\MQ2DataTypes.h(2341,17): warning C4091: 'static ': ignored on left of 'MQ2RaceType::RaceMembers' when no variable is declared [C:\EQS\Release-NMS-Client\eqgame_dll\eqgame_dll.vcxproj]
  (compiling source file 'MQ2CleanUI.cpp')
  
C:\EQS\Release-NMS-Client\eqgame_dll\MQ2DataTypes.h(2379,17): warning C4091: 'static ': ignored on left of 'MQ2ClassType::ClassMembers' when no variable is declared [C:\EQS\Release-NMS-Client\eqgame_dll\eqgame_dll.vcxproj]
  (compiling source file 'MQ2CleanUI.cpp')
  
C:\EQS\Release-NMS-Client\eqgame_dll\MQ2DataTypes.h(2434,17): warning C4091: 'static ': ignored on left of 'MQ2BodyType::BodyMembers' when no variable is declared [C:\EQS\Release-NMS-Client\eqgame_dll\eqgame_dll.vcxproj]
  (compiling source file 'MQ2CleanUI.cpp')
  
C:\EQS\Release-NMS-Client\eqgame_dll\MQ2DataTypes.h(2471,17): warning C4091: 'static ': ignored on left of 'MQ2DeityType::DeityMembers' when no variable is declared [C:\EQS\Release-NMS-Client\eqgame_dll\eqgame_dll.vcxproj]
  (compiling source file 'MQ2CleanUI.cpp')
  
C:\EQS\Release-NMS-Client\eqgame_dll\MQ2DataTypes.h(2511,17): warning C4091: 'static ': ignored on left of 'MQ2TimeType::TimeMembers' when no variable is declared [C:\EQS\Release-NMS-Client\eqgame_dll\eqgame_dll.vcxproj]
  (compiling source file 'MQ2CleanUI.cpp')
  
C:\EQS\Release-NMS-Client\eqgame_dll\MQ2DataTypes.h(2586,17): warning C4091: 'static ': ignored on left of 'MQ2TypeType::TypeMembers' when no variable is declared [C:\EQS\Release-NMS-Client\eqgame_dll\eqgame_dll.vcxproj]
  (compiling source file 'MQ2CleanUI.cpp')
  
C:\EQS\Release-NMS-Client\eqgame_dll\MQ2DataTypes.h(2624,17): warning C4091: 'static ': ignored on left of 'MQ2HeadingType::HeadingMembers' when no variable is declared [C:\EQS\Release-NMS-Client\eqgame_dll\eqgame_dll.vcxproj]
  (compiling source file 'MQ2CleanUI.cpp')
  
C:\EQS\Release-NMS-Client\eqgame_dll\MQ2DataTypes.h(2632,17): warning C4091: 'static ': ignored on left of 'MQ2HeadingType::HeadingMethods' when no variable is declared [C:\EQS\Release-NMS-Client\eqgame_dll\eqgame_dll.vcxproj]
  (compiling source file 'MQ2CleanUI.cpp')
  
C:\EQS\Release-NMS-Client\eqgame_dll\MQ2DataTypes.h(2678,17): warning C4091: 'static ': ignored on left of 'MQ2InvSlotType::InvSlotMembers' when no variable is declared [C:\EQS\Release-NMS-Client\eqgame_dll\eqgame_dll.vcxproj]
  (compiling source file 'MQ2CleanUI.cpp')
  
C:\EQS\Release-NMS-Client\eqgame_dll\MQ2DataTypes.h(2686,17): warning C4091: 'static ': ignored on left of 'MQ2InvSlotType::InvSlotMethods' when no variable is declared [C:\EQS\Release-NMS-Client\eqgame_dll\eqgame_dll.vcxproj]
  (compiling source file 'MQ2CleanUI.cpp')
  
C:\EQS\Release-NMS-Client\eqgame_dll\MQ2DataTypes.h(2740,17): warning C4091: 'static ': ignored on left of 'MQ2PluginType::PluginMembers' when no variable is declared [C:\EQS\Release-NMS-Client\eqgame_dll\eqgame_dll.vcxproj]
  (compiling source file 'MQ2CleanUI.cpp')
  
C:\EQS\Release-NMS-Client\eqgame_dll\MQ2DataTypes.h(2782,17): warning C4091: 'static ': ignored on left of 'MQ2BenchmarkType::BenchmarkMembers' when no variable is declared [C:\EQS\Release-NMS-Client\eqgame_dll\eqgame_dll.vcxproj]
  (compiling source file 'MQ2CleanUI.cpp')
  
C:\EQS\Release-NMS-Client\eqgame_dll\MQ2DataTypes.h(2828,17): warning C4091: 'static ': ignored on left of 'MQ2SkillType::SkillMembers' when no variable is declared [C:\EQS\Release-NMS-Client\eqgame_dll\eqgame_dll.vcxproj]
  (compiling source file 'MQ2CleanUI.cpp')
  
C:\EQS\Release-NMS-Client\eqgame_dll\MQ2DataTypes.h(2838,17): warning C4091: 'static ': ignored on left of 'MQ2SkillType::SkillMethods' when no variable is declared [C:\EQS\Release-NMS-Client\eqgame_dll\eqgame_dll.vcxproj]
  (compiling source file 'MQ2CleanUI.cpp')
  
C:\EQS\Release-NMS-Client\eqgame_dll\MQ2DataTypes.h(2887,17): warning C4091: 'static ': ignored on left of 'MQ2AltAbilityType::AltAbilityMembers' when no variable is declared [C:\EQS\Release-NMS-Client\eqgame_dll\eqgame_dll.vcxproj]
  (compiling source file 'MQ2CleanUI.cpp')
  
C:\EQS\Release-NMS-Client\eqgame_dll\MQ2DataTypes.h(2904,17): warning C4091: 'static ': ignored on left of 'MQ2AltAbilityType::AltAbilityMethods' when no variable is declared [C:\EQS\Release-NMS-Client\eqgame_dll\eqgame_dll.vcxproj]
  (compiling source file 'MQ2CleanUI.cpp')
  
C:\EQS\Release-NMS-Client\eqgame_dll\MQ2DataTypes.h(2949,17): warning C4091: 'static ': ignored on left of 'MQ2TimerType::TimerMembers' when no variable is declared [C:\EQS\Release-NMS-Client\eqgame_dll\eqgame_dll.vcxproj]
  (compiling source file 'MQ2CleanUI.cpp')
  
C:\EQS\Release-NMS-Client\eqgame_dll\MQ2DataTypes.h(2954,17): warning C4091: 'static ': ignored on left of 'MQ2TimerType::TimerMethods' when no variable is declared [C:\EQS\Release-NMS-Client\eqgame_dll\eqgame_dll.vcxproj]
  (compiling source file 'MQ2CleanUI.cpp')
  
C:\EQS\Release-NMS-Client\eqgame_dll\MQ2DataTypes.h(3051,17): warning C4091: 'static ': ignored on left of 'MQ2ArrayType::ArrayMembers' when no variable is declared [C:\EQS\Release-NMS-Client\eqgame_dll\eqgame_dll.vcxproj]
  (compiling source file 'MQ2CleanUI.cpp')
  
C:\EQS\Release-NMS-Client\eqgame_dll\MQ2DataTypes.h(3096,17): warning C4091: 'static ': ignored on left of 'MQ2GroupType::GroupMembers' when no variable is declared [C:\EQS\Release-NMS-Client\eqgame_dll\eqgame_dll.vcxproj]
  (compiling source file 'MQ2CleanUI.cpp')
  
C:\EQS\Release-NMS-Client\eqgame_dll\MQ2DataTypes.h(3106,17): warning C4091: 'static ': ignored on left of 'MQ2GroupType::GroupMethods' when no variable is declared [C:\EQS\Release-NMS-Client\eqgame_dll\eqgame_dll.vcxproj]
  (compiling source file 'MQ2CleanUI.cpp')
  
C:\EQS\Release-NMS-Client\eqgame_dll\MQ2DataTypes.h(3141,17): warning C4091: 'static ': ignored on left of 'MQ2GroupMemberType::GroupMemberMembers' when no variable is declared [C:\EQS\Release-NMS-Client\eqgame_dll\eqgame_dll.vcxproj]
  (compiling source file 'MQ2CleanUI.cpp')
  
C:\EQS\Release-NMS-Client\eqgame_dll\MQ2DataTypes.h(3153,17): warning C4091: 'static ': ignored on left of 'MQ2GroupMemberType::GroupMemberMethods' when no variable is declared [C:\EQS\Release-NMS-Client\eqgame_dll\eqgame_dll.vcxproj]
  (compiling source file 'MQ2CleanUI.cpp')
  
C:\EQS\Release-NMS-Client\eqgame_dll\MQ2DataTypes.h(3195,17): warning C4091: 'static ': ignored on left of 'MQ2RaidType::RaidMembers' when no variable is declared [C:\EQS\Release-NMS-Client\eqgame_dll\eqgame_dll.vcxproj]
  (compiling source file 'MQ2CleanUI.cpp')
  
C:\EQS\Release-NMS-Client\eqgame_dll\MQ2DataTypes.h(3210,17): warning C4091: 'static ': ignored on left of 'MQ2RaidType::RaidMethods' when no variable is declared [C:\EQS\Release-NMS-Client\eqgame_dll\eqgame_dll.vcxproj]
  (compiling source file 'MQ2CleanUI.cpp')
  
C:\EQS\Release-NMS-Client\eqgame_dll\MQ2DataTypes.h(3254,17): warning C4091: 'static ': ignored on left of 'MQ2RaidMemberType::RaidMemberMembers' when no variable is declared [C:\EQS\Release-NMS-Client\eqgame_dll\eqgame_dll.vcxproj]
  (compiling source file 'MQ2CleanUI.cpp')
  
C:\EQS\Release-NMS-Client\eqgame_dll\MQ2DataTypes.h(3265,17): warning C4091: 'static ': ignored on left of 'MQ2RaidMemberType::RaidMemberMethods' when no variable is declared [C:\EQS\Release-NMS-Client\eqgame_dll\eqgame_dll.vcxproj]
  (compiling source file 'MQ2CleanUI.cpp')
  
C:\EQS\Release-NMS-Client\eqgame_dll\MQ2DataTypes.h(3314,17): warning C4091: 'static ': ignored on left of 'MQ2EvolvingItemType::EvolvingItemMembers' when no variable is declared [C:\EQS\Release-NMS-Client\eqgame_dll\eqgame_dll.vcxproj]
  (compiling source file 'MQ2CleanUI.cpp')
  
C:\EQS\Release-NMS-Client\eqgame_dll\MQ2DataTypes.h(3356,17): warning C4091: 'static ': ignored on left of 'MQ2DynamicZoneType::DynamicZoneMembers' when no variable is declared [C:\EQS\Release-NMS-Client\eqgame_dll\eqgame_dll.vcxproj]
  (compiling source file 'MQ2CleanUI.cpp')
  
C:\EQS\Release-NMS-Client\eqgame_dll\MQ2DataTypes.h(3398,17): warning C4091: 'static ': ignored on left of 'MQ2DZMemberType::DZMemberTypeMembers' when no variable is declared [C:\EQS\Release-NMS-Client\eqgame_dll\eqgame_dll.vcxproj]
  (compiling source file 'MQ2CleanUI.cpp')
  
C:\EQS\Release-NMS-Client\eqgame_dll\MQ2DataTypes.h(3430,17): warning C4091: 'static ': ignored on left of 'MQ2FellowshipType::FellowshipTypeMembers' when no variable is declared [C:\EQS\Release-NMS-Client\eqgame_dll\eqgame_dll.vcxproj]
  (compiling source file 'MQ2CleanUI.cpp')
  
C:\EQS\Release-NMS-Client\eqgame_dll\MQ2DataTypes.h(3483,17): warning C4091: 'static ': ignored on left of 'MQ2FellowshipMemberType::FMTypeMembers' when no variable is declared [C:\EQS\Release-NMS-Client\eqgame_dll\eqgame_dll.vcxproj]
  (compiling source file 'MQ2CleanUI.cpp')
  
C:\EQS\Release-NMS-Client\eqgame_dll\MQ2DataTypes.h(3521,17): warning C4091: 'static ': ignored on left of 'MQ2FriendsType::FriendsMembers' when no variable is declared [C:\EQS\Release-NMS-Client\eqgame_dll\eqgame_dll.vcxproj]
  (compiling source file 'MQ2CleanUI.cpp')
  
C:\EQS\Release-NMS-Client\eqgame_dll\MQ2DataTypes.h(3525,17): warning C4091: 'static ': ignored on left of 'MQ2FriendsType::FriendsMethods' when no variable is declared [C:\EQS\Release-NMS-Client\eqgame_dll\eqgame_dll.vcxproj]
  (compiling source file 'MQ2CleanUI.cpp')
  
C:\EQS\Release-NMS-Client\eqgame_dll\MQ2DataTypes.h(3564,17): warning C4091: 'static ': ignored on left of 'MQ2TargetType::TargetMembers' when no variable is declared [C:\EQS\Release-NMS-Client\eqgame_dll\eqgame_dll.vcxproj]
  (compiling source file 'MQ2CleanUI.cpp')
  
C:\EQS\Release-NMS-Client\eqgame_dll\MQ2DataTypes.h(3644,17): warning C4091: 'static ': ignored on left of 'MQ2XTargetType::xTargetMembers' when no variable is declared [C:\EQS\Release-NMS-Client\eqgame_dll\eqgame_dll.vcxproj]
  (compiling source file 'MQ2CleanUI.cpp')
  
  MQ2Labels.cpp
C:\EQS\Release-NMS-Client\eqgame_dll\MQ2Main.h(776,7): warning C4200: nonstandard extension used: zero-sized array in struct/union [C:\EQS\Release-NMS-Client\eqgame_dll\eqgame_dll.vcxproj]
  (compiling source file 'MQ2CleanUI.cpp')
      C:\EQS\Release-NMS-Client\eqgame_dll\MQ2Main.h(776,7):
      This member will be ignored by a defaulted constructor or copy/move assignment operator
  
C:\EQS\Release-NMS-Client\eqgame_dll\EQData.h(440,14): warning C4091: 'typedef ': ignored on left of 'EQData::MaterialType' when no variable is declared [C:\EQS\Release-NMS-Client\eqgame_dll\eqgame_dll.vcxproj]
  (compiling source file 'MQ2Commands.cpp')
  
C:\EQS\Release-NMS-Client\eqgame_dll\EQData.h(440,14): warning C4091: 'typedef ': ignored on left of 'EQData::MaterialType' when no variable is declared [C:\EQS\Release-NMS-Client\eqgame_dll\eqgame_dll.vcxproj]
  (compiling source file 'MQ2CommandAPI.cpp')
  
C:\EQS\Release-NMS-Client\eqgame_dll\EQData.h(440,14): warning C4091: 'typedef ': ignored on left of 'EQData::MaterialType' when no variable is declared [C:\EQS\Release-NMS-Client\eqgame_dll\eqgame_dll.vcxproj]
  (compiling source file 'MQ2DataAPI.cpp')
  
C:\EQS\Release-NMS-Client\eqgame_dll\EQData.h(440,14): warning C4091: 'typedef ': ignored on left of 'EQData::MaterialType' when no variable is declared [C:\EQS\Release-NMS-Client\eqgame_dll\eqgame_dll.vcxproj]
  (compiling source file 'MQ2Data.cpp')
  
C:\EQS\Release-NMS-Client\eqgame_dll\EQData.h(440,14): warning C4091: 'typedef ': ignored on left of 'EQData::MaterialType' when no variable is declared [C:\EQS\Release-NMS-Client\eqgame_dll\eqgame_dll.vcxproj]
  (compiling source file 'MQ2DataTypes.cpp')
  
C:\EQS\Release-NMS-Client\eqgame_dll\MQ2Internal.h(105,17): warning C4091: 'static ': ignored on left of 'MQ2Internal::SearchItemFlag' when no variable is declared [C:\EQS\Release-NMS-Client\eqgame_dll\eqgame_dll.vcxproj]
  (compiling source file 'MQ2Commands.cpp')
  
C:\EQS\Release-NMS-Client\eqgame_dll\MQ2DataTypes.h(167,17): warning C4091: 'static ': ignored on left of 'MQ2IntType::IntMembers' when no variable is declared [C:\EQS\Release-NMS-Client\eqgame_dll\eqgame_dll.vcxproj]
  (compiling source file 'MQ2Commands.cpp')
  
C:\EQS\Release-NMS-Client\eqgame_dll\MQ2DataTypes.h(207,17): warning C4091: 'static ': ignored on left of 'MQ2ArgbType::ArgbMembers' when no variable is declared [C:\EQS\Release-NMS-Client\eqgame_dll\eqgame_dll.vcxproj]
  (compiling source file 'MQ2Commands.cpp')
  
C:\EQS\Release-NMS-Client\eqgame_dll\MQ2DataTypes.h(284,17): warning C4091: 'static ': ignored on left of 'MQ2StringType::StringMembers' when no variable is declared [C:\EQS\Release-NMS-Client\eqgame_dll\eqgame_dll.vcxproj]
  (compiling source file 'MQ2Commands.cpp')
  
C:\EQS\Release-NMS-Client\eqgame_dll\MQ2DataTypes.h(360,17): warning C4091: 'static ': ignored on left of 'MQ2FloatType::FloatMembers' when no variable is declared [C:\EQS\Release-NMS-Client\eqgame_dll\eqgame_dll.vcxproj]
  (compiling source file 'MQ2Commands.cpp')
  
C:\EQS\Release-NMS-Client\eqgame_dll\MQ2DataTypes.h(408,17): warning C4091: 'static ': ignored on left of 'MQ2TicksType::TicksMembers' when no variable is declared [C:\EQS\Release-NMS-Client\eqgame_dll\eqgame_dll.vcxproj]
  (compiling source file 'MQ2Commands.cpp')
  
C:\EQS\Release-NMS-Client\eqgame_dll\MQ2DataTypes.h(459,17): warning C4091: 'static ': ignored on left of 'MQ2SpawnType::SpawnMembers' when no variable is declared [C:\EQS\Release-NMS-Client\eqgame_dll\eqgame_dll.vcxproj]
  (compiling source file 'MQ2Commands.cpp')
  
C:\EQS\Release-NMS-Client\eqgame_dll\MQ2DataTypes.h(559,17): warning C4091: 'static ': ignored on left of 'MQ2SpawnType::SpawnMethods' when no variable is declared [C:\EQS\Release-NMS-Client\eqgame_dll\eqgame_dll.vcxproj]
  (compiling source file 'MQ2Commands.cpp')
  
C:\EQS\Release-NMS-Client\eqgame_dll\MQ2DataTypes.h(729,17): warning C4091: 'static ': ignored on left of 'MQ2CharacterType::CharacterMembers' when no variable is declared [C:\EQS\Release-NMS-Client\eqgame_dll\eqgame_dll.vcxproj]
  (compiling source file 'MQ2Commands.cpp')
  
C:\EQS\Release-NMS-Client\eqgame_dll\MQ2DataTypes.h(917,17): warning C4091: 'static ': ignored on left of 'MQ2CharacterType::CharacterMethods' when no variable is declared [C:\EQS\Release-NMS-Client\eqgame_dll\eqgame_dll.vcxproj]
  (compiling source file 'MQ2Commands.cpp')
  
C:\EQS\Release-NMS-Client\eqgame_dll\MQ2Internal.h(105,17): warning C4091: 'static ': ignored on left of 'MQ2Internal::SearchItemFlag' when no variable is declared [C:\EQS\Release-NMS-Client\eqgame_dll\eqgame_dll.vcxproj]
  (compiling source file 'MQ2CommandAPI.cpp')
  
C:\EQS\Release-NMS-Client\eqgame_dll\MQ2DataTypes.h(1158,17): warning C4091: 'static ': ignored on left of 'MQ2SpellType::SpellMembers' when no variable is declared [C:\EQS\Release-NMS-Client\eqgame_dll\eqgame_dll.vcxproj]
  (compiling source file 'MQ2Commands.cpp')
  
C:\EQS\Release-NMS-Client\eqgame_dll\MQ2DataTypes.h(1188,17): warning C4091: 'static ': ignored on left of 'MQ2SpellType::SpellMethods' when no variable is declared [C:\EQS\Release-NMS-Client\eqgame_dll\eqgame_dll.vcxproj]
  (compiling source file 'MQ2Commands.cpp')
  
C:\EQS\Release-NMS-Client\eqgame_dll\MQ2DataTypes.h(1262,17): warning C4091: 'static ': ignored on left of 'MQ2BuffType::BuffMembers' when no variable is declared [C:\EQS\Release-NMS-Client\eqgame_dll\eqgame_dll.vcxproj]
  (compiling source file 'MQ2Commands.cpp')
  
C:\EQS\Release-NMS-Client\eqgame_dll\MQ2DataTypes.h(1272,17): warning C4091: 'static ': ignored on left of 'MQ2BuffType::BuffMethods' when no variable is declared [C:\EQS\Release-NMS-Client\eqgame_dll\eqgame_dll.vcxproj]
  (compiling source file 'MQ2Commands.cpp')
  
C:\EQS\Release-NMS-Client\eqgame_dll\MQ2DataTypes.h(1336,17): warning C4091: 'static ': ignored on left of 'MQ2ItemType::ItemMembers' when no variable is declared [C:\EQS\Release-NMS-Client\eqgame_dll\eqgame_dll.vcxproj]
  (compiling source file 'MQ2Commands.cpp')
  
C:\EQS\Release-NMS-Client\eqgame_dll\MQ2DataTypes.h(1469,17): warning C4091: 'static ': ignored on left of 'MQ2ItemType::ItemMethods' when no variable is declared [C:\EQS\Release-NMS-Client\eqgame_dll\eqgame_dll.vcxproj]
  (compiling source file 'MQ2Commands.cpp')
  
C:\EQS\Release-NMS-Client\eqgame_dll\MQ2Internal.h(105,17): warning C4091: 'static ': ignored on left of 'MQ2Internal::SearchItemFlag' when no variable is declared [C:\EQS\Release-NMS-Client\eqgame_dll\eqgame_dll.vcxproj]
  (compiling source file 'MQ2DataAPI.cpp')
  
C:\EQS\Release-NMS-Client\eqgame_dll\MQ2DataTypes.h(1647,17): warning C4091: 'static ': ignored on left of 'MQ2SwitchType::SwitchMembers' when no variable is declared [C:\EQS\Release-NMS-Client\eqgame_dll\eqgame_dll.vcxproj]
  (compiling source file 'MQ2Commands.cpp')
  
C:\EQS\Release-NMS-Client\eqgame_dll\MQ2DataTypes.h(1670,17): warning C4091: 'static ': ignored on left of 'MQ2SwitchType::SwitchMethods' when no variable is declared [C:\EQS\Release-NMS-Client\eqgame_dll\eqgame_dll.vcxproj]
  (compiling source file 'MQ2Commands.cpp')
  
C:\EQS\Release-NMS-Client\eqgame_dll\MQ2DataTypes.h(1735,17): warning C4091: 'static ': ignored on left of 'MQ2GroundType::GroundMembers' when no variable is declared [C:\EQS\Release-NMS-Client\eqgame_dll\eqgame_dll.vcxproj]
  (compiling source file 'MQ2Commands.cpp')
  
C:\EQS\Release-NMS-Client\eqgame_dll\MQ2DataTypes.h(1750,17): warning C4091: 'static ': ignored on left of 'MQ2GroundType::GroundMethods' when no variable is declared [C:\EQS\Release-NMS-Client\eqgame_dll\eqgame_dll.vcxproj]
  (compiling source file 'MQ2Commands.cpp')
  
C:\EQS\Release-NMS-Client\eqgame_dll\MQ2DataTypes.h(1811,17): warning C4091: 'static ': ignored on left of 'MQ2CorpseType::CorpseMembers' when no variable is declared [C:\EQS\Release-NMS-Client\eqgame_dll\eqgame_dll.vcxproj]
  (compiling source file 'MQ2Commands.cpp')
  
C:\EQS\Release-NMS-Client\eqgame_dll\MQ2DataTypes.h(1817,17): warning C4091: 'static ': ignored on left of 'MQ2CorpseType::CorpseMethods' when no variable is declared [C:\EQS\Release-NMS-Client\eqgame_dll\eqgame_dll.vcxproj]
  (compiling source file 'MQ2Commands.cpp')
  
C:\EQS\Release-NMS-Client\eqgame_dll\MQ2DataTypes.h(1860,17): warning C4091: 'static ': ignored on left of 'MQ2MerchantType::MerchantMembers' when no variable is declared [C:\EQS\Release-NMS-Client\eqgame_dll\eqgame_dll.vcxproj]
  (compiling source file 'MQ2Commands.cpp')
  
C:\EQS\Release-NMS-Client\eqgame_dll\MQ2DataTypes.h(1868,17): warning C4091: 'static ': ignored on left of 'MQ2MerchantType::MerchantMethods' when no variable is declared [C:\EQS\Release-NMS-Client\eqgame_dll\eqgame_dll.vcxproj]
  (compiling source file 'MQ2Commands.cpp')
  
C:\EQS\Release-NMS-Client\eqgame_dll\MQ2DataTypes.h(1913,17): warning C4091: 'static ': ignored on left of 'MQ2WindowType::WindowMembers' when no variable is declared [C:\EQS\Release-NMS-Client\eqgame_dll\eqgame_dll.vcxproj]
  (compiling source file 'MQ2Commands.cpp')
  
C:\EQS\Release-NMS-Client\eqgame_dll\MQ2DataTypes.h(1949,17): warning C4091: 'static ': ignored on left of 'MQ2WindowType::WindowMethods' when no variable is declared [C:\EQS\Release-NMS-Client\eqgame_dll\eqgame_dll.vcxproj]
  (compiling source file 'MQ2Commands.cpp')
  
C:\EQS\Release-NMS-Client\eqgame_dll\MQ2DataTypes.h(2048,17): warning C4091: 'static ': ignored on left of 'MQ2MacroType::MacroMembers' when no variable is declared [C:\EQS\Release-NMS-Client\eqgame_dll\eqgame_dll.vcxproj]
  (compiling source file 'MQ2Commands.cpp')
  
C:\EQS\Release-NMS-Client\eqgame_dll\MQ2DataTypes.h(2096,17): warning C4091: 'static ': ignored on left of 'MQ2ZoneType::ZoneMembers' when no variable is declared [C:\EQS\Release-NMS-Client\eqgame_dll\eqgame_dll.vcxproj]
  (compiling source file 'MQ2Commands.cpp')
  
C:\EQS\Release-NMS-Client\eqgame_dll\MQ2DataTypes.h(2143,17): warning C4091: 'static ': ignored on left of 'MQ2CurrentZoneType::CurrentZoneMembers' when no variable is declared [C:\EQS\Release-NMS-Client\eqgame_dll\eqgame_dll.vcxproj]
  (compiling source file 'MQ2Commands.cpp')
  
C:\EQS\Release-NMS-Client\eqgame_dll\MQ2DataTypes.h(2205,17): warning C4091: 'static ': ignored on left of 'MQ2MacroQuestType::MacroQuestMembers' when no variable is declared [C:\EQS\Release-NMS-Client\eqgame_dll\eqgame_dll.vcxproj]
  (compiling source file 'MQ2Commands.cpp')
  
C:\EQS\Release-NMS-Client\eqgame_dll\MQ2DataTypes.h(2230,17): warning C4091: 'static ': ignored on left of 'MQ2MacroQuestType::MacroQuestMethods' when no variable is declared [C:\EQS\Release-NMS-Client\eqgame_dll\eqgame_dll.vcxproj]
  (compiling source file 'MQ2Commands.cpp')
  
C:\EQS\Release-NMS-Client\eqgame_dll\MQ2Internal.h(105,17): warning C4091: 'static ': ignored on left of 'MQ2Internal::SearchItemFlag' when no variable is declared [C:\EQS\Release-NMS-Client\eqgame_dll\eqgame_dll.vcxproj]
  (compiling source file 'MQ2Data.cpp')
  
C:\EQS\Release-NMS-Client\eqgame_dll\MQ2DataTypes.h(2283,17): warning C4091: 'static ': ignored on left of 'MQ2MathType::MathMembers' when no variable is declared [C:\EQS\Release-NMS-Client\eqgame_dll\eqgame_dll.vcxproj]
  (compiling source file 'MQ2Commands.cpp')
  
C:\EQS\Release-NMS-Client\eqgame_dll\MQ2DataTypes.h(2341,17): warning C4091: 'static ': ignored on left of 'MQ2RaceType::RaceMembers' when no variable is declared [C:\EQS\Release-NMS-Client\eqgame_dll\eqgame_dll.vcxproj]
  (compiling source file 'MQ2Commands.cpp')
  
C:\EQS\Release-NMS-Client\eqgame_dll\MQ2DataTypes.h(2379,17): warning C4091: 'static ': ignored on left of 'MQ2ClassType::ClassMembers' when no variable is declared [C:\EQS\Release-NMS-Client\eqgame_dll\eqgame_dll.vcxproj]
  (compiling source file 'MQ2Commands.cpp')
  
C:\EQS\Release-NMS-Client\eqgame_dll\MQ2DataTypes.h(2434,17): warning C4091: 'static ': ignored on left of 'MQ2BodyType::BodyMembers' when no variable is declared [C:\EQS\Release-NMS-Client\eqgame_dll\eqgame_dll.vcxproj]
  (compiling source file 'MQ2Commands.cpp')
  
C:\EQS\Release-NMS-Client\eqgame_dll\MQ2DataTypes.h(2471,17): warning C4091: 'static ': ignored on left of 'MQ2DeityType::DeityMembers' when no variable is declared [C:\EQS\Release-NMS-Client\eqgame_dll\eqgame_dll.vcxproj]
  (compiling source file 'MQ2Commands.cpp')
  
C:\EQS\Release-NMS-Client\eqgame_dll\MQ2DataTypes.h(2511,17): warning C4091: 'static ': ignored on left of 'MQ2TimeType::TimeMembers' when no variable is declared [C:\EQS\Release-NMS-Client\eqgame_dll\eqgame_dll.vcxproj]
  (compiling source file 'MQ2Commands.cpp')
  
C:\EQS\Release-NMS-Client\eqgame_dll\MQ2DataTypes.h(2586,17): warning C4091: 'static ': ignored on left of 'MQ2TypeType::TypeMembers' when no variable is declared [C:\EQS\Release-NMS-Client\eqgame_dll\eqgame_dll.vcxproj]
  (compiling source file 'MQ2Commands.cpp')
  
C:\EQS\Release-NMS-Client\eqgame_dll\MQ2DataTypes.h(2624,17): warning C4091: 'static ': ignored on left of 'MQ2HeadingType::HeadingMembers' when no variable is declared [C:\EQS\Release-NMS-Client\eqgame_dll\eqgame_dll.vcxproj]
  (compiling source file 'MQ2Commands.cpp')
  
C:\EQS\Release-NMS-Client\eqgame_dll\MQ2DataTypes.h(2632,17): warning C4091: 'static ': ignored on left of 'MQ2HeadingType::HeadingMethods' when no variable is declared [C:\EQS\Release-NMS-Client\eqgame_dll\eqgame_dll.vcxproj]
  (compiling source file 'MQ2Commands.cpp')
  
C:\EQS\Release-NMS-Client\eqgame_dll\MQ2DataTypes.h(2678,17): warning C4091: 'static ': ignored on left of 'MQ2InvSlotType::InvSlotMembers' when no variable is declared [C:\EQS\Release-NMS-Client\eqgame_dll\eqgame_dll.vcxproj]
  (compiling source file 'MQ2Commands.cpp')
  
C:\EQS\Release-NMS-Client\eqgame_dll\MQ2DataTypes.h(2686,17): warning C4091: 'static ': ignored on left of 'MQ2InvSlotType::InvSlotMethods' when no variable is declared [C:\EQS\Release-NMS-Client\eqgame_dll\eqgame_dll.vcxproj]
  (compiling source file 'MQ2Commands.cpp')
  
C:\EQS\Release-NMS-Client\eqgame_dll\MQ2DataTypes.h(2740,17): warning C4091: 'static ': ignored on left of 'MQ2PluginType::PluginMembers' when no variable is declared [C:\EQS\Release-NMS-Client\eqgame_dll\eqgame_dll.vcxproj]
  (compiling source file 'MQ2Commands.cpp')
  
C:\EQS\Release-NMS-Client\eqgame_dll\MQ2DataTypes.h(2782,17): warning C4091: 'static ': ignored on left of 'MQ2BenchmarkType::BenchmarkMembers' when no variable is declared [C:\EQS\Release-NMS-Client\eqgame_dll\eqgame_dll.vcxproj]
  (compiling source file 'MQ2Commands.cpp')
  
C:\EQS\Release-NMS-Client\eqgame_dll\MQ2DataTypes.h(2828,17): warning C4091: 'static ': ignored on left of 'MQ2SkillType::SkillMembers' when no variable is declared [C:\EQS\Release-NMS-Client\eqgame_dll\eqgame_dll.vcxproj]
  (compiling source file 'MQ2Commands.cpp')
  
C:\EQS\Release-NMS-Client\eqgame_dll\MQ2DataTypes.h(2838,17): warning C4091: 'static ': ignored on left of 'MQ2SkillType::SkillMethods' when no variable is declared [C:\EQS\Release-NMS-Client\eqgame_dll\eqgame_dll.vcxproj]
  (compiling source file 'MQ2Commands.cpp')
  
C:\EQS\Release-NMS-Client\eqgame_dll\MQ2DataTypes.h(2887,17): warning C4091: 'static ': ignored on left of 'MQ2AltAbilityType::AltAbilityMembers' when no variable is declared [C:\EQS\Release-NMS-Client\eqgame_dll\eqgame_dll.vcxproj]
  (compiling source file 'MQ2Commands.cpp')
  
C:\EQS\Release-NMS-Client\eqgame_dll\MQ2DataTypes.h(2904,17): warning C4091: 'static ': ignored on left of 'MQ2AltAbilityType::AltAbilityMethods' when no variable is declared [C:\EQS\Release-NMS-Client\eqgame_dll\eqgame_dll.vcxproj]
  (compiling source file 'MQ2Commands.cpp')
  
C:\EQS\Release-NMS-Client\eqgame_dll\MQ2DataTypes.h(2949,17): warning C4091: 'static ': ignored on left of 'MQ2TimerType::TimerMembers' when no variable is declared [C:\EQS\Release-NMS-Client\eqgame_dll\eqgame_dll.vcxproj]
  (compiling source file 'MQ2Commands.cpp')
  
C:\EQS\Release-NMS-Client\eqgame_dll\MQ2DataTypes.h(2954,17): warning C4091: 'static ': ignored on left of 'MQ2TimerType::TimerMethods' when no variable is declared [C:\EQS\Release-NMS-Client\eqgame_dll\eqgame_dll.vcxproj]
  (compiling source file 'MQ2Commands.cpp')
  
C:\EQS\Release-NMS-Client\eqgame_dll\MQ2DataTypes.h(3051,17): warning C4091: 'static ': ignored on left of 'MQ2ArrayType::ArrayMembers' when no variable is declared [C:\EQS\Release-NMS-Client\eqgame_dll\eqgame_dll.vcxproj]
  (compiling source file 'MQ2Commands.cpp')
  
C:\EQS\Release-NMS-Client\eqgame_dll\MQ2DataTypes.h(3096,17): warning C4091: 'static ': ignored on left of 'MQ2GroupType::GroupMembers' when no variable is declared [C:\EQS\Release-NMS-Client\eqgame_dll\eqgame_dll.vcxproj]
  (compiling source file 'MQ2Commands.cpp')
  
C:\EQS\Release-NMS-Client\eqgame_dll\MQ2DataTypes.h(3106,17): warning C4091: 'static ': ignored on left of 'MQ2GroupType::GroupMethods' when no variable is declared [C:\EQS\Release-NMS-Client\eqgame_dll\eqgame_dll.vcxproj]
  (compiling source file 'MQ2Commands.cpp')
  
C:\EQS\Release-NMS-Client\eqgame_dll\MQ2DataTypes.h(3141,17): warning C4091: 'static ': ignored on left of 'MQ2GroupMemberType::GroupMemberMembers' when no variable is declared [C:\EQS\Release-NMS-Client\eqgame_dll\eqgame_dll.vcxproj]
  (compiling source file 'MQ2Commands.cpp')
  
C:\EQS\Release-NMS-Client\eqgame_dll\MQ2DataTypes.h(3153,17): warning C4091: 'static ': ignored on left of 'MQ2GroupMemberType::GroupMemberMethods' when no variable is declared [C:\EQS\Release-NMS-Client\eqgame_dll\eqgame_dll.vcxproj]
  (compiling source file 'MQ2Commands.cpp')
  
C:\EQS\Release-NMS-Client\eqgame_dll\MQ2DataTypes.h(3195,17): warning C4091: 'static ': ignored on left of 'MQ2RaidType::RaidMembers' when no variable is declared [C:\EQS\Release-NMS-Client\eqgame_dll\eqgame_dll.vcxproj]
  (compiling source file 'MQ2Commands.cpp')
  
C:\EQS\Release-NMS-Client\eqgame_dll\MQ2DataTypes.h(3210,17): warning C4091: 'static ': ignored on left of 'MQ2RaidType::RaidMethods' when no variable is declared [C:\EQS\Release-NMS-Client\eqgame_dll\eqgame_dll.vcxproj]
  (compiling source file 'MQ2Commands.cpp')
  
C:\EQS\Release-NMS-Client\eqgame_dll\MQ2DataTypes.h(3254,17): warning C4091: 'static ': ignored on left of 'MQ2RaidMemberType::RaidMemberMembers' when no variable is declared [C:\EQS\Release-NMS-Client\eqgame_dll\eqgame_dll.vcxproj]
  (compiling source file 'MQ2Commands.cpp')
  
C:\EQS\Release-NMS-Client\eqgame_dll\MQ2DataTypes.h(3265,17): warning C4091: 'static ': ignored on left of 'MQ2RaidMemberType::RaidMemberMethods' when no variable is declared [C:\EQS\Release-NMS-Client\eqgame_dll\eqgame_dll.vcxproj]
  (compiling source file 'MQ2Commands.cpp')
  
C:\EQS\Release-NMS-Client\eqgame_dll\MQ2DataTypes.h(3314,17): warning C4091: 'static ': ignored on left of 'MQ2EvolvingItemType::EvolvingItemMembers' when no variable is declared [C:\EQS\Release-NMS-Client\eqgame_dll\eqgame_dll.vcxproj]
  (compiling source file 'MQ2Commands.cpp')
  
C:\EQS\Release-NMS-Client\eqgame_dll\MQ2DataTypes.h(3356,17): warning C4091: 'static ': ignored on left of 'MQ2DynamicZoneType::DynamicZoneMembers' when no variable is declared [C:\EQS\Release-NMS-Client\eqgame_dll\eqgame_dll.vcxproj]
  (compiling source file 'MQ2Commands.cpp')
  
C:\EQS\Release-NMS-Client\eqgame_dll\MQ2DataTypes.h(3398,17): warning C4091: 'static ': ignored on left of 'MQ2DZMemberType::DZMemberTypeMembers' when no variable is declared [C:\EQS\Release-NMS-Client\eqgame_dll\eqgame_dll.vcxproj]
  (compiling source file 'MQ2Commands.cpp')
  
C:\EQS\Release-NMS-Client\eqgame_dll\MQ2DataTypes.h(3430,17): warning C4091: 'static ': ignored on left of 'MQ2FellowshipType::FellowshipTypeMembers' when no variable is declared [C:\EQS\Release-NMS-Client\eqgame_dll\eqgame_dll.vcxproj]
  (compiling source file 'MQ2Commands.cpp')
  
C:\EQS\Release-NMS-Client\eqgame_dll\MQ2DataTypes.h(3483,17): warning C4091: 'static ': ignored on left of 'MQ2FellowshipMemberType::FMTypeMembers' when no variable is declared [C:\EQS\Release-NMS-Client\eqgame_dll\eqgame_dll.vcxproj]
  (compiling source file 'MQ2Commands.cpp')
  
C:\EQS\Release-NMS-Client\eqgame_dll\MQ2DataTypes.h(167,17): warning C4091: 'static ': ignored on left of 'MQ2IntType::IntMembers' when no variable is declared [C:\EQS\Release-NMS-Client\eqgame_dll\eqgame_dll.vcxproj]
  (compiling source file 'MQ2CommandAPI.cpp')
  
C:\EQS\Release-NMS-Client\eqgame_dll\MQ2DataTypes.h(3521,17): warning C4091: 'static ': ignored on left of 'MQ2FriendsType::FriendsMembers' when no variable is declared [C:\EQS\Release-NMS-Client\eqgame_dll\eqgame_dll.vcxproj]
  (compiling source file 'MQ2Commands.cpp')
  
C:\EQS\Release-NMS-Client\eqgame_dll\MQ2DataTypes.h(3525,17): warning C4091: 'static ': ignored on left of 'MQ2FriendsType::FriendsMethods' when no variable is declared [C:\EQS\Release-NMS-Client\eqgame_dll\eqgame_dll.vcxproj]
  (compiling source file 'MQ2Commands.cpp')
  
C:\EQS\Release-NMS-Client\eqgame_dll\MQ2DataTypes.h(207,17): warning C4091: 'static ': ignored on left of 'MQ2ArgbType::ArgbMembers' when no variable is declared [C:\EQS\Release-NMS-Client\eqgame_dll\eqgame_dll.vcxproj]
  (compiling source file 'MQ2CommandAPI.cpp')
  
C:\EQS\Release-NMS-Client\eqgame_dll\MQ2DataTypes.h(3564,17): warning C4091: 'static ': ignored on left of 'MQ2TargetType::TargetMembers' when no variable is declared [C:\EQS\Release-NMS-Client\eqgame_dll\eqgame_dll.vcxproj]
  (compiling source file 'MQ2Commands.cpp')
  
C:\EQS\Release-NMS-Client\eqgame_dll\MQ2DataTypes.h(3644,17): warning C4091: 'static ': ignored on left of 'MQ2XTargetType::xTargetMembers' when no variable is declared [C:\EQS\Release-NMS-Client\eqgame_dll\eqgame_dll.vcxproj]
  (compiling source file 'MQ2Commands.cpp')
  
C:\EQS\Release-NMS-Client\eqgame_dll\MQ2DataTypes.h(284,17): warning C4091: 'static ': ignored on left of 'MQ2StringType::StringMembers' when no variable is declared [C:\EQS\Release-NMS-Client\eqgame_dll\eqgame_dll.vcxproj]
  (compiling source file 'MQ2CommandAPI.cpp')
  
C:\EQS\Release-NMS-Client\eqgame_dll\MQ2DataTypes.h(360,17): warning C4091: 'static ': ignored on left of 'MQ2FloatType::FloatMembers' when no variable is declared [C:\EQS\Release-NMS-Client\eqgame_dll\eqgame_dll.vcxproj]
  (compiling source file 'MQ2CommandAPI.cpp')
  
C:\EQS\Release-NMS-Client\eqgame_dll\MQ2DataTypes.h(408,17): warning C4091: 'static ': ignored on left of 'MQ2TicksType::TicksMembers' when no variable is declared [C:\EQS\Release-NMS-Client\eqgame_dll\eqgame_dll.vcxproj]
  (compiling source file 'MQ2CommandAPI.cpp')
  
C:\EQS\Release-NMS-Client\eqgame_dll\MQ2DataTypes.h(459,17): warning C4091: 'static ': ignored on left of 'MQ2SpawnType::SpawnMembers' when no variable is declared [C:\EQS\Release-NMS-Client\eqgame_dll\eqgame_dll.vcxproj]
  (compiling source file 'MQ2CommandAPI.cpp')
  
C:\EQS\Release-NMS-Client\eqgame_dll\MQ2DataTypes.h(559,17): warning C4091: 'static ': ignored on left of 'MQ2SpawnType::SpawnMethods' when no variable is declared [C:\EQS\Release-NMS-Client\eqgame_dll\eqgame_dll.vcxproj]
  (compiling source file 'MQ2CommandAPI.cpp')
  
C:\EQS\Release-NMS-Client\eqgame_dll\MQ2DataTypes.h(167,17): warning C4091: 'static ': ignored on left of 'MQ2IntType::IntMembers' when no variable is declared [C:\EQS\Release-NMS-Client\eqgame_dll\eqgame_dll.vcxproj]
  (compiling source file 'MQ2DataAPI.cpp')
  
C:\EQS\Release-NMS-Client\eqgame_dll\MQ2DataTypes.h(207,17): warning C4091: 'static ': ignored on left of 'MQ2ArgbType::ArgbMembers' when no variable is declared [C:\EQS\Release-NMS-Client\eqgame_dll\eqgame_dll.vcxproj]
  (compiling source file 'MQ2DataAPI.cpp')
  
C:\EQS\Release-NMS-Client\eqgame_dll\MQ2DataTypes.h(284,17): warning C4091: 'static ': ignored on left of 'MQ2StringType::StringMembers' when no variable is declared [C:\EQS\Release-NMS-Client\eqgame_dll\eqgame_dll.vcxproj]
  (compiling source file 'MQ2DataAPI.cpp')
  
C:\EQS\Release-NMS-Client\eqgame_dll\MQ2DataTypes.h(360,17): warning C4091: 'static ': ignored on left of 'MQ2FloatType::FloatMembers' when no variable is declared [C:\EQS\Release-NMS-Client\eqgame_dll\eqgame_dll.vcxproj]
  (compiling source file 'MQ2DataAPI.cpp')
  
C:\EQS\Release-NMS-Client\eqgame_dll\MQ2DataTypes.h(729,17): warning C4091: 'static ': ignored on left of 'MQ2CharacterType::CharacterMembers' when no variable is declared [C:\EQS\Release-NMS-Client\eqgame_dll\eqgame_dll.vcxproj]
  (compiling source file 'MQ2CommandAPI.cpp')
  
C:\EQS\Release-NMS-Client\eqgame_dll\MQ2DataTypes.h(408,17): warning C4091: 'static ': ignored on left of 'MQ2TicksType::TicksMembers' when no variable is declared [C:\EQS\Release-NMS-Client\eqgame_dll\eqgame_dll.vcxproj]
  (compiling source file 'MQ2DataAPI.cpp')
  
C:\EQS\Release-NMS-Client\eqgame_dll\MQ2DataTypes.h(917,17): warning C4091: 'static ': ignored on left of 'MQ2CharacterType::CharacterMethods' when no variable is declared [C:\EQS\Release-NMS-Client\eqgame_dll\eqgame_dll.vcxproj]
  (compiling source file 'MQ2CommandAPI.cpp')
  
C:\EQS\Release-NMS-Client\eqgame_dll\MQ2Main.h(776,7): warning C4200: nonstandard extension used: zero-sized array in struct/union [C:\EQS\Release-NMS-Client\eqgame_dll\eqgame_dll.vcxproj]
  (compiling source file 'MQ2Commands.cpp')
      C:\EQS\Release-NMS-Client\eqgame_dll\MQ2Main.h(776,7):
      This member will be ignored by a defaulted constructor or copy/move assignment operator
  
C:\EQS\Release-NMS-Client\eqgame_dll\MQ2DataTypes.h(167,17): warning C4091: 'static ': ignored on left of 'MQ2IntType::IntMembers' when no variable is declared [C:\EQS\Release-NMS-Client\eqgame_dll\eqgame_dll.vcxproj]
  (compiling source file 'MQ2Data.cpp')
  
C:\EQS\Release-NMS-Client\eqgame_dll\MQ2DataTypes.h(207,17): warning C4091: 'static ': ignored on left of 'MQ2ArgbType::ArgbMembers' when no variable is declared [C:\EQS\Release-NMS-Client\eqgame_dll\eqgame_dll.vcxproj]
  (compiling source file 'MQ2Data.cpp')
  
  MQ2MacroCommands.cpp
C:\EQS\Release-NMS-Client\eqgame_dll\MQ2DataTypes.h(284,17): warning C4091: 'static ': ignored on left of 'MQ2StringType::StringMembers' when no variable is declared [C:\EQS\Release-NMS-Client\eqgame_dll\eqgame_dll.vcxproj]
  (compiling source file 'MQ2Data.cpp')
  
C:\EQS\Release-NMS-Client\eqgame_dll\MQ2DataTypes.h(360,17): warning C4091: 'static ': ignored on left of 'MQ2FloatType::FloatMembers' when no variable is declared [C:\EQS\Release-NMS-Client\eqgame_dll\eqgame_dll.vcxproj]
  (compiling source file 'MQ2Data.cpp')
  
C:\EQS\Release-NMS-Client\eqgame_dll\MQ2DataTypes.h(1158,17): warning C4091: 'static ': ignored on left of 'MQ2SpellType::SpellMembers' when no variable is declared [C:\EQS\Release-NMS-Client\eqgame_dll\eqgame_dll.vcxproj]
  (compiling source file 'MQ2CommandAPI.cpp')
  
C:\EQS\Release-NMS-Client\eqgame_dll\MQ2DataTypes.h(1188,17): warning C4091: 'static ': ignored on left of 'MQ2SpellType::SpellMethods' when no variable is declared [C:\EQS\Release-NMS-Client\eqgame_dll\eqgame_dll.vcxproj]
  (compiling source file 'MQ2CommandAPI.cpp')
  
C:\EQS\Release-NMS-Client\eqgame_dll\MQ2DataTypes.h(408,17): warning C4091: 'static ': ignored on left of 'MQ2TicksType::TicksMembers' when no variable is declared [C:\EQS\Release-NMS-Client\eqgame_dll\eqgame_dll.vcxproj]
  (compiling source file 'MQ2Data.cpp')
  
C:\EQS\Release-NMS-Client\eqgame_dll\MQ2DataTypes.h(1262,17): warning C4091: 'static ': ignored on left of 'MQ2BuffType::BuffMembers' when no variable is declared [C:\EQS\Release-NMS-Client\eqgame_dll\eqgame_dll.vcxproj]
  (compiling source file 'MQ2CommandAPI.cpp')
  
C:\EQS\Release-NMS-Client\eqgame_dll\MQ2DataTypes.h(1272,17): warning C4091: 'static ': ignored on left of 'MQ2BuffType::BuffMethods' when no variable is declared [C:\EQS\Release-NMS-Client\eqgame_dll\eqgame_dll.vcxproj]
  (compiling source file 'MQ2CommandAPI.cpp')
  
C:\EQS\Release-NMS-Client\eqgame_dll\MQ2DataTypes.h(459,17): warning C4091: 'static ': ignored on left of 'MQ2SpawnType::SpawnMembers' when no variable is declared [C:\EQS\Release-NMS-Client\eqgame_dll\eqgame_dll.vcxproj]
  (compiling source file 'MQ2Data.cpp')
  
C:\EQS\Release-NMS-Client\eqgame_dll\MQ2DataTypes.h(559,17): warning C4091: 'static ': ignored on left of 'MQ2SpawnType::SpawnMethods' when no variable is declared [C:\EQS\Release-NMS-Client\eqgame_dll\eqgame_dll.vcxproj]
  (compiling source file 'MQ2Data.cpp')
  
C:\EQS\Release-NMS-Client\eqgame_dll\MQ2DataTypes.h(1336,17): warning C4091: 'static ': ignored on left of 'MQ2ItemType::ItemMembers' when no variable is declared [C:\EQS\Release-NMS-Client\eqgame_dll\eqgame_dll.vcxproj]
  (compiling source file 'MQ2CommandAPI.cpp')
  
C:\EQS\Release-NMS-Client\eqgame_dll\MQ2DataTypes.h(1469,17): warning C4091: 'static ': ignored on left of 'MQ2ItemType::ItemMethods' when no variable is declared [C:\EQS\Release-NMS-Client\eqgame_dll\eqgame_dll.vcxproj]
  (compiling source file 'MQ2CommandAPI.cpp')
  
C:\EQS\Release-NMS-Client\eqgame_dll\MQ2DataTypes.h(729,17): warning C4091: 'static ': ignored on left of 'MQ2CharacterType::CharacterMembers' when no variable is declared [C:\EQS\Release-NMS-Client\eqgame_dll\eqgame_dll.vcxproj]
  (compiling source file 'MQ2Data.cpp')
  
C:\EQS\Release-NMS-Client\eqgame_dll\MQ2DataTypes.h(917,17): warning C4091: 'static ': ignored on left of 'MQ2CharacterType::CharacterMethods' when no variable is declared [C:\EQS\Release-NMS-Client\eqgame_dll\eqgame_dll.vcxproj]
  (compiling source file 'MQ2Data.cpp')
  
C:\EQS\Release-NMS-Client\eqgame_dll\MQ2DataTypes.h(459,17): warning C4091: 'static ': ignored on left of 'MQ2SpawnType::SpawnMembers' when no variable is declared [C:\EQS\Release-NMS-Client\eqgame_dll\eqgame_dll.vcxproj]
  (compiling source file 'MQ2DataAPI.cpp')
  
C:\EQS\Release-NMS-Client\eqgame_dll\MQ2DataTypes.h(1647,17): warning C4091: 'static ': ignored on left of 'MQ2SwitchType::SwitchMembers' when no variable is declared [C:\EQS\Release-NMS-Client\eqgame_dll\eqgame_dll.vcxproj]
  (compiling source file 'MQ2CommandAPI.cpp')
  
C:\EQS\Release-NMS-Client\eqgame_dll\MQ2DataTypes.h(1670,17): warning C4091: 'static ': ignored on left of 'MQ2SwitchType::SwitchMethods' when no variable is declared [C:\EQS\Release-NMS-Client\eqgame_dll\eqgame_dll.vcxproj]
  (compiling source file 'MQ2CommandAPI.cpp')
  
C:\EQS\Release-NMS-Client\eqgame_dll\MQ2DataTypes.h(559,17): warning C4091: 'static ': ignored on left of 'MQ2SpawnType::SpawnMethods' when no variable is declared [C:\EQS\Release-NMS-Client\eqgame_dll\eqgame_dll.vcxproj]
  (compiling source file 'MQ2DataAPI.cpp')
  
C:\EQS\Release-NMS-Client\eqgame_dll\MQ2DataTypes.h(1735,17): warning C4091: 'static ': ignored on left of 'MQ2GroundType::GroundMembers' when no variable is declared [C:\EQS\Release-NMS-Client\eqgame_dll\eqgame_dll.vcxproj]
  (compiling source file 'MQ2CommandAPI.cpp')
  
C:\EQS\Release-NMS-Client\eqgame_dll\MQ2DataTypes.h(1750,17): warning C4091: 'static ': ignored on left of 'MQ2GroundType::GroundMethods' when no variable is declared [C:\EQS\Release-NMS-Client\eqgame_dll\eqgame_dll.vcxproj]
  (compiling source file 'MQ2CommandAPI.cpp')
  
C:\EQS\Release-NMS-Client\eqgame_dll\MQ2DataTypes.h(1811,17): warning C4091: 'static ': ignored on left of 'MQ2CorpseType::CorpseMembers' when no variable is declared [C:\EQS\Release-NMS-Client\eqgame_dll\eqgame_dll.vcxproj]
  (compiling source file 'MQ2CommandAPI.cpp')
  
C:\EQS\Release-NMS-Client\eqgame_dll\MQ2DataTypes.h(1817,17): warning C4091: 'static ': ignored on left of 'MQ2CorpseType::CorpseMethods' when no variable is declared [C:\EQS\Release-NMS-Client\eqgame_dll\eqgame_dll.vcxproj]
  (compiling source file 'MQ2CommandAPI.cpp')
  
C:\EQS\Release-NMS-Client\eqgame_dll\MQ2DataTypes.h(1860,17): warning C4091: 'static ': ignored on left of 'MQ2MerchantType::MerchantMembers' when no variable is declared [C:\EQS\Release-NMS-Client\eqgame_dll\eqgame_dll.vcxproj]
  (compiling source file 'MQ2CommandAPI.cpp')
  
C:\EQS\Release-NMS-Client\eqgame_dll\MQ2DataTypes.h(1868,17): warning C4091: 'static ': ignored on left of 'MQ2MerchantType::MerchantMethods' when no variable is declared [C:\EQS\Release-NMS-Client\eqgame_dll\eqgame_dll.vcxproj]
  (compiling source file 'MQ2CommandAPI.cpp')
  
C:\EQS\Release-NMS-Client\eqgame_dll\MQ2DataTypes.h(729,17): warning C4091: 'static ': ignored on left of 'MQ2CharacterType::CharacterMembers' when no variable is declared [C:\EQS\Release-NMS-Client\eqgame_dll\eqgame_dll.vcxproj]
  (compiling source file 'MQ2DataAPI.cpp')
  
C:\EQS\Release-NMS-Client\eqgame_dll\MQ2DataTypes.h(917,17): warning C4091: 'static ': ignored on left of 'MQ2CharacterType::CharacterMethods' when no variable is declared [C:\EQS\Release-NMS-Client\eqgame_dll\eqgame_dll.vcxproj]
  (compiling source file 'MQ2DataAPI.cpp')
  
C:\EQS\Release-NMS-Client\eqgame_dll\MQ2DataTypes.h(1158,17): warning C4091: 'static ': ignored on left of 'MQ2SpellType::SpellMembers' when no variable is declared [C:\EQS\Release-NMS-Client\eqgame_dll\eqgame_dll.vcxproj]
  (compiling source file 'MQ2Data.cpp')
  
C:\EQS\Release-NMS-Client\eqgame_dll\MQ2DataTypes.h(1188,17): warning C4091: 'static ': ignored on left of 'MQ2SpellType::SpellMethods' when no variable is declared [C:\EQS\Release-NMS-Client\eqgame_dll\eqgame_dll.vcxproj]
  (compiling source file 'MQ2Data.cpp')
  
C:\EQS\Release-NMS-Client\eqgame_dll\MQ2DataTypes.h(1262,17): warning C4091: 'static ': ignored on left of 'MQ2BuffType::BuffMembers' when no variable is declared [C:\EQS\Release-NMS-Client\eqgame_dll\eqgame_dll.vcxproj]
  (compiling source file 'MQ2Data.cpp')
  
C:\EQS\Release-NMS-Client\eqgame_dll\MQ2DataTypes.h(1272,17): warning C4091: 'static ': ignored on left of 'MQ2BuffType::BuffMethods' when no variable is declared [C:\EQS\Release-NMS-Client\eqgame_dll\eqgame_dll.vcxproj]
  (compiling source file 'MQ2Data.cpp')
  
C:\EQS\Release-NMS-Client\eqgame_dll\MQ2DataTypes.h(1336,17): warning C4091: 'static ': ignored on left of 'MQ2ItemType::ItemMembers' when no variable is declared [C:\EQS\Release-NMS-Client\eqgame_dll\eqgame_dll.vcxproj]
  (compiling source file 'MQ2Data.cpp')
  
C:\EQS\Release-NMS-Client\eqgame_dll\MQ2DataTypes.h(1469,17): warning C4091: 'static ': ignored on left of 'MQ2ItemType::ItemMethods' when no variable is declared [C:\EQS\Release-NMS-Client\eqgame_dll\eqgame_dll.vcxproj]
  (compiling source file 'MQ2Data.cpp')
  
C:\EQS\Release-NMS-Client\eqgame_dll\MQ2DataTypes.h(1158,17): warning C4091: 'static ': ignored on left of 'MQ2SpellType::SpellMembers' when no variable is declared [C:\EQS\Release-NMS-Client\eqgame_dll\eqgame_dll.vcxproj]
  (compiling source file 'MQ2DataAPI.cpp')
  
C:\EQS\Release-NMS-Client\eqgame_dll\MQ2DataTypes.h(1188,17): warning C4091: 'static ': ignored on left of 'MQ2SpellType::SpellMethods' when no variable is declared [C:\EQS\Release-NMS-Client\eqgame_dll\eqgame_dll.vcxproj]
  (compiling source file 'MQ2DataAPI.cpp')
  
C:\EQS\Release-NMS-Client\eqgame_dll\MQ2DataTypes.h(1262,17): warning C4091: 'static ': ignored on left of 'MQ2BuffType::BuffMembers' when no variable is declared [C:\EQS\Release-NMS-Client\eqgame_dll\eqgame_dll.vcxproj]
  (compiling source file 'MQ2DataAPI.cpp')
  
C:\EQS\Release-NMS-Client\eqgame_dll\MQ2DataTypes.h(1272,17): warning C4091: 'static ': ignored on left of 'MQ2BuffType::BuffMethods' when no variable is declared [C:\EQS\Release-NMS-Client\eqgame_dll\eqgame_dll.vcxproj]
  (compiling source file 'MQ2DataAPI.cpp')
  
C:\EQS\Release-NMS-Client\eqgame_dll\MQ2DataTypes.h(1647,17): warning C4091: 'static ': ignored on left of 'MQ2SwitchType::SwitchMembers' when no variable is declared [C:\EQS\Release-NMS-Client\eqgame_dll\eqgame_dll.vcxproj]
  (compiling source file 'MQ2Data.cpp')
  
C:\EQS\Release-NMS-Client\eqgame_dll\MQ2DataTypes.h(1670,17): warning C4091: 'static ': ignored on left of 'MQ2SwitchType::SwitchMethods' when no variable is declared [C:\EQS\Release-NMS-Client\eqgame_dll\eqgame_dll.vcxproj]
  (compiling source file 'MQ2Data.cpp')
  
C:\EQS\Release-NMS-Client\eqgame_dll\MQ2DataTypes.h(1336,17): warning C4091: 'static ': ignored on left of 'MQ2ItemType::ItemMembers' when no variable is declared [C:\EQS\Release-NMS-Client\eqgame_dll\eqgame_dll.vcxproj]
  (compiling source file 'MQ2DataAPI.cpp')
  
C:\EQS\Release-NMS-Client\eqgame_dll\MQ2DataTypes.h(1469,17): warning C4091: 'static ': ignored on left of 'MQ2ItemType::ItemMethods' when no variable is declared [C:\EQS\Release-NMS-Client\eqgame_dll\eqgame_dll.vcxproj]
  (compiling source file 'MQ2DataAPI.cpp')
  
C:\EQS\Release-NMS-Client\eqgame_dll\MQ2DataTypes.h(1735,17): warning C4091: 'static ': ignored on left of 'MQ2GroundType::GroundMembers' when no variable is declared [C:\EQS\Release-NMS-Client\eqgame_dll\eqgame_dll.vcxproj]
  (compiling source file 'MQ2Data.cpp')
  
C:\EQS\Release-NMS-Client\eqgame_dll\MQ2DataTypes.h(1750,17): warning C4091: 'static ': ignored on left of 'MQ2GroundType::GroundMethods' when no variable is declared [C:\EQS\Release-NMS-Client\eqgame_dll\eqgame_dll.vcxproj]
  (compiling source file 'MQ2Data.cpp')
  
C:\EQS\Release-NMS-Client\eqgame_dll\MQ2DataTypes.h(1913,17): warning C4091: 'static ': ignored on left of 'MQ2WindowType::WindowMembers' when no variable is declared [C:\EQS\Release-NMS-Client\eqgame_dll\eqgame_dll.vcxproj]
  (compiling source file 'MQ2CommandAPI.cpp')
  
C:\EQS\Release-NMS-Client\eqgame_dll\MQ2DataTypes.h(1949,17): warning C4091: 'static ': ignored on left of 'MQ2WindowType::WindowMethods' when no variable is declared [C:\EQS\Release-NMS-Client\eqgame_dll\eqgame_dll.vcxproj]
  (compiling source file 'MQ2CommandAPI.cpp')
  
C:\EQS\Release-NMS-Client\eqgame_dll\MQ2DataTypes.h(1811,17): warning C4091: 'static ': ignored on left of 'MQ2CorpseType::CorpseMembers' when no variable is declared [C:\EQS\Release-NMS-Client\eqgame_dll\eqgame_dll.vcxproj]
  (compiling source file 'MQ2Data.cpp')
  
C:\EQS\Release-NMS-Client\eqgame_dll\MQ2DataTypes.h(1817,17): warning C4091: 'static ': ignored on left of 'MQ2CorpseType::CorpseMethods' when no variable is declared [C:\EQS\Release-NMS-Client\eqgame_dll\eqgame_dll.vcxproj]
  (compiling source file 'MQ2Data.cpp')
  
C:\EQS\Release-NMS-Client\eqgame_dll\MQ2DataTypes.h(1860,17): warning C4091: 'static ': ignored on left of 'MQ2MerchantType::MerchantMembers' when no variable is declared [C:\EQS\Release-NMS-Client\eqgame_dll\eqgame_dll.vcxproj]
  (compiling source file 'MQ2Data.cpp')
  
C:\EQS\Release-NMS-Client\eqgame_dll\MQ2DataTypes.h(1868,17): warning C4091: 'static ': ignored on left of 'MQ2MerchantType::MerchantMethods' when no variable is declared [C:\EQS\Release-NMS-Client\eqgame_dll\eqgame_dll.vcxproj]
  (compiling source file 'MQ2Data.cpp')
  
C:\EQS\Release-NMS-Client\eqgame_dll\MQ2DataTypes.h(1913,17): warning C4091: 'static ': ignored on left of 'MQ2WindowType::WindowMembers' when no variable is declared [C:\EQS\Release-NMS-Client\eqgame_dll\eqgame_dll.vcxproj]
  (compiling source file 'MQ2Data.cpp')
  
C:\EQS\Release-NMS-Client\eqgame_dll\MQ2DataTypes.h(1949,17): warning C4091: 'static ': ignored on left of 'MQ2WindowType::WindowMethods' when no variable is declared [C:\EQS\Release-NMS-Client\eqgame_dll\eqgame_dll.vcxproj]
  (compiling source file 'MQ2Data.cpp')
  
C:\EQS\Release-NMS-Client\eqgame_dll\MQ2DataTypes.h(1647,17): warning C4091: 'static ': ignored on left of 'MQ2SwitchType::SwitchMembers' when no variable is declared [C:\EQS\Release-NMS-Client\eqgame_dll\eqgame_dll.vcxproj]
  (compiling source file 'MQ2DataAPI.cpp')
  
C:\EQS\Release-NMS-Client\eqgame_dll\MQ2DataTypes.h(1670,17): warning C4091: 'static ': ignored on left of 'MQ2SwitchType::SwitchMethods' when no variable is declared [C:\EQS\Release-NMS-Client\eqgame_dll\eqgame_dll.vcxproj]
  (compiling source file 'MQ2DataAPI.cpp')
  
C:\EQS\Release-NMS-Client\eqgame_dll\MQ2DataTypes.h(2048,17): warning C4091: 'static ': ignored on left of 'MQ2MacroType::MacroMembers' when no variable is declared [C:\EQS\Release-NMS-Client\eqgame_dll\eqgame_dll.vcxproj]
  (compiling source file 'MQ2CommandAPI.cpp')
  
C:\EQS\Release-NMS-Client\eqgame_dll\MQ2DataTypes.h(2048,17): warning C4091: 'static ': ignored on left of 'MQ2MacroType::MacroMembers' when no variable is declared [C:\EQS\Release-NMS-Client\eqgame_dll\eqgame_dll.vcxproj]
  (compiling source file 'MQ2Data.cpp')
  
C:\EQS\Release-NMS-Client\eqgame_dll\MQ2DataTypes.h(1735,17): warning C4091: 'static ': ignored on left of 'MQ2GroundType::GroundMembers' when no variable is declared [C:\EQS\Release-NMS-Client\eqgame_dll\eqgame_dll.vcxproj]
  (compiling source file 'MQ2DataAPI.cpp')
  
C:\EQS\Release-NMS-Client\eqgame_dll\MQ2DataTypes.h(1750,17): warning C4091: 'static ': ignored on left of 'MQ2GroundType::GroundMethods' when no variable is declared [C:\EQS\Release-NMS-Client\eqgame_dll\eqgame_dll.vcxproj]
  (compiling source file 'MQ2DataAPI.cpp')
  
C:\EQS\Release-NMS-Client\eqgame_dll\MQ2DataTypes.h(2096,17): warning C4091: 'static ': ignored on left of 'MQ2ZoneType::ZoneMembers' when no variable is declared [C:\EQS\Release-NMS-Client\eqgame_dll\eqgame_dll.vcxproj]
  (compiling source file 'MQ2Data.cpp')
  
C:\EQS\Release-NMS-Client\eqgame_dll\MQ2DataTypes.h(2096,17): warning C4091: 'static ': ignored on left of 'MQ2ZoneType::ZoneMembers' when no variable is declared [C:\EQS\Release-NMS-Client\eqgame_dll\eqgame_dll.vcxproj]
  (compiling source file 'MQ2CommandAPI.cpp')
  
C:\EQS\Release-NMS-Client\eqgame_dll\MQ2DataTypes.h(1811,17): warning C4091: 'static ': ignored on left of 'MQ2CorpseType::CorpseMembers' when no variable is declared [C:\EQS\Release-NMS-Client\eqgame_dll\eqgame_dll.vcxproj]
  (compiling source file 'MQ2DataAPI.cpp')
  
C:\EQS\Release-NMS-Client\eqgame_dll\MQ2DataTypes.h(1817,17): warning C4091: 'static ': ignored on left of 'MQ2CorpseType::CorpseMethods' when no variable is declared [C:\EQS\Release-NMS-Client\eqgame_dll\eqgame_dll.vcxproj]
  (compiling source file 'MQ2DataAPI.cpp')
  
C:\EQS\Release-NMS-Client\eqgame_dll\MQ2DataTypes.h(2143,17): warning C4091: 'static ': ignored on left of 'MQ2CurrentZoneType::CurrentZoneMembers' when no variable is declared [C:\EQS\Release-NMS-Client\eqgame_dll\eqgame_dll.vcxproj]
  (compiling source file 'MQ2Data.cpp')
  
C:\EQS\Release-NMS-Client\eqgame_dll\MQ2DataTypes.h(1860,17): warning C4091: 'static ': ignored on left of 'MQ2MerchantType::MerchantMembers' when no variable is declared [C:\EQS\Release-NMS-Client\eqgame_dll\eqgame_dll.vcxproj]
  (compiling source file 'MQ2DataAPI.cpp')
  
C:\EQS\Release-NMS-Client\eqgame_dll\MQ2DataTypes.h(1868,17): warning C4091: 'static ': ignored on left of 'MQ2MerchantType::MerchantMethods' when no variable is declared [C:\EQS\Release-NMS-Client\eqgame_dll\eqgame_dll.vcxproj]
  (compiling source file 'MQ2DataAPI.cpp')
  
C:\EQS\Release-NMS-Client\eqgame_dll\MQ2DataTypes.h(1913,17): warning C4091: 'static ': ignored on left of 'MQ2WindowType::WindowMembers' when no variable is declared [C:\EQS\Release-NMS-Client\eqgame_dll\eqgame_dll.vcxproj]
  (compiling source file 'MQ2DataAPI.cpp')
  
C:\EQS\Release-NMS-Client\eqgame_dll\MQ2DataTypes.h(1949,17): warning C4091: 'static ': ignored on left of 'MQ2WindowType::WindowMethods' when no variable is declared [C:\EQS\Release-NMS-Client\eqgame_dll\eqgame_dll.vcxproj]
  (compiling source file 'MQ2DataAPI.cpp')
  
C:\EQS\Release-NMS-Client\eqgame_dll\MQ2DataTypes.h(2205,17): warning C4091: 'static ': ignored on left of 'MQ2MacroQuestType::MacroQuestMembers' when no variable is declared [C:\EQS\Release-NMS-Client\eqgame_dll\eqgame_dll.vcxproj]
  (compiling source file 'MQ2Data.cpp')
  
C:\EQS\Release-NMS-Client\eqgame_dll\MQ2DataTypes.h(2143,17): warning C4091: 'static ': ignored on left of 'MQ2CurrentZoneType::CurrentZoneMembers' when no variable is declared [C:\EQS\Release-NMS-Client\eqgame_dll\eqgame_dll.vcxproj]
  (compiling source file 'MQ2CommandAPI.cpp')
  
C:\EQS\Release-NMS-Client\eqgame_dll\MQ2DataTypes.h(2230,17): warning C4091: 'static ': ignored on left of 'MQ2MacroQuestType::MacroQuestMethods' when no variable is declared [C:\EQS\Release-NMS-Client\eqgame_dll\eqgame_dll.vcxproj]
  (compiling source file 'MQ2Data.cpp')
  
C:\EQS\Release-NMS-Client\eqgame_dll\MQ2DataTypes.h(2283,17): warning C4091: 'static ': ignored on left of 'MQ2MathType::MathMembers' when no variable is declared [C:\EQS\Release-NMS-Client\eqgame_dll\eqgame_dll.vcxproj]
  (compiling source file 'MQ2Data.cpp')
  
C:\EQS\Release-NMS-Client\eqgame_dll\MQ2DataTypes.h(2048,17): warning C4091: 'static ': ignored on left of 'MQ2MacroType::MacroMembers' when no variable is declared [C:\EQS\Release-NMS-Client\eqgame_dll\eqgame_dll.vcxproj]
  (compiling source file 'MQ2DataAPI.cpp')
  
C:\EQS\Release-NMS-Client\eqgame_dll\MQ2DataTypes.h(2205,17): warning C4091: 'static ': ignored on left of 'MQ2MacroQuestType::MacroQuestMembers' when no variable is declared [C:\EQS\Release-NMS-Client\eqgame_dll\eqgame_dll.vcxproj]
  (compiling source file 'MQ2CommandAPI.cpp')
  
C:\EQS\Release-NMS-Client\eqgame_dll\MQ2DataTypes.h(2230,17): warning C4091: 'static ': ignored on left of 'MQ2MacroQuestType::MacroQuestMethods' when no variable is declared [C:\EQS\Release-NMS-Client\eqgame_dll\eqgame_dll.vcxproj]
  (compiling source file 'MQ2CommandAPI.cpp')
  
C:\EQS\Release-NMS-Client\eqgame_dll\MQ2DataTypes.h(2341,17): warning C4091: 'static ': ignored on left of 'MQ2RaceType::RaceMembers' when no variable is declared [C:\EQS\Release-NMS-Client\eqgame_dll\eqgame_dll.vcxproj]
  (compiling source file 'MQ2Data.cpp')
  
C:\EQS\Release-NMS-Client\eqgame_dll\MQ2DataTypes.h(2096,17): warning C4091: 'static ': ignored on left of 'MQ2ZoneType::ZoneMembers' when no variable is declared [C:\EQS\Release-NMS-Client\eqgame_dll\eqgame_dll.vcxproj]
  (compiling source file 'MQ2DataAPI.cpp')
  
C:\EQS\Release-NMS-Client\eqgame_dll\MQ2DataTypes.h(2379,17): warning C4091: 'static ': ignored on left of 'MQ2ClassType::ClassMembers' when no variable is declared [C:\EQS\Release-NMS-Client\eqgame_dll\eqgame_dll.vcxproj]
  (compiling source file 'MQ2Data.cpp')
  
C:\EQS\Release-NMS-Client\eqgame_dll\MQ2DataTypes.h(2143,17): warning C4091: 'static ': ignored on left of 'MQ2CurrentZoneType::CurrentZoneMembers' when no variable is declared [C:\EQS\Release-NMS-Client\eqgame_dll\eqgame_dll.vcxproj]
  (compiling source file 'MQ2DataAPI.cpp')
  
C:\EQS\Release-NMS-Client\eqgame_dll\MQ2DataTypes.h(2434,17): warning C4091: 'static ': ignored on left of 'MQ2BodyType::BodyMembers' when no variable is declared [C:\EQS\Release-NMS-Client\eqgame_dll\eqgame_dll.vcxproj]
  (compiling source file 'MQ2Data.cpp')
  
C:\EQS\Release-NMS-Client\eqgame_dll\MQ2DataTypes.h(2205,17): warning C4091: 'static ': ignored on left of 'MQ2MacroQuestType::MacroQuestMembers' when no variable is declared [C:\EQS\Release-NMS-Client\eqgame_dll\eqgame_dll.vcxproj]
  (compiling source file 'MQ2DataAPI.cpp')
  
C:\EQS\Release-NMS-Client\eqgame_dll\MQ2DataTypes.h(2283,17): warning C4091: 'static ': ignored on left of 'MQ2MathType::MathMembers' when no variable is declared [C:\EQS\Release-NMS-Client\eqgame_dll\eqgame_dll.vcxproj]
  (compiling source file 'MQ2CommandAPI.cpp')
  
C:\EQS\Release-NMS-Client\eqgame_dll\MQ2DataTypes.h(2230,17): warning C4091: 'static ': ignored on left of 'MQ2MacroQuestType::MacroQuestMethods' when no variable is declared [C:\EQS\Release-NMS-Client\eqgame_dll\eqgame_dll.vcxproj]
  (compiling source file 'MQ2DataAPI.cpp')
  
C:\EQS\Release-NMS-Client\eqgame_dll\MQ2DataTypes.h(2471,17): warning C4091: 'static ': ignored on left of 'MQ2DeityType::DeityMembers' when no variable is declared [C:\EQS\Release-NMS-Client\eqgame_dll\eqgame_dll.vcxproj]
  (compiling source file 'MQ2Data.cpp')
  
C:\EQS\Release-NMS-Client\eqgame_dll\MQ2DataTypes.h(2283,17): warning C4091: 'static ': ignored on left of 'MQ2MathType::MathMembers' when no variable is declared [C:\EQS\Release-NMS-Client\eqgame_dll\eqgame_dll.vcxproj]
  (compiling source file 'MQ2DataAPI.cpp')
  
C:\EQS\Release-NMS-Client\eqgame_dll\MQ2DataTypes.h(2511,17): warning C4091: 'static ': ignored on left of 'MQ2TimeType::TimeMembers' when no variable is declared [C:\EQS\Release-NMS-Client\eqgame_dll\eqgame_dll.vcxproj]
  (compiling source file 'MQ2Data.cpp')
  
C:\EQS\Release-NMS-Client\eqgame_dll\MQ2DataTypes.h(2341,17): warning C4091: 'static ': ignored on left of 'MQ2RaceType::RaceMembers' when no variable is declared [C:\EQS\Release-NMS-Client\eqgame_dll\eqgame_dll.vcxproj]
  (compiling source file 'MQ2DataAPI.cpp')
  
C:\EQS\Release-NMS-Client\eqgame_dll\MQ2DataTypes.h(2586,17): warning C4091: 'static ': ignored on left of 'MQ2TypeType::TypeMembers' when no variable is declared [C:\EQS\Release-NMS-Client\eqgame_dll\eqgame_dll.vcxproj]
  (compiling source file 'MQ2Data.cpp')
  
C:\EQS\Release-NMS-Client\eqgame_dll\MQ2DataTypes.h(2341,17): warning C4091: 'static ': ignored on left of 'MQ2RaceType::RaceMembers' when no variable is declared [C:\EQS\Release-NMS-Client\eqgame_dll\eqgame_dll.vcxproj]
  (compiling source file 'MQ2CommandAPI.cpp')
  
C:\EQS\Release-NMS-Client\eqgame_dll\MQ2DataTypes.h(2379,17): warning C4091: 'static ': ignored on left of 'MQ2ClassType::ClassMembers' when no variable is declared [C:\EQS\Release-NMS-Client\eqgame_dll\eqgame_dll.vcxproj]
  (compiling source file 'MQ2DataAPI.cpp')
  
C:\EQS\Release-NMS-Client\eqgame_dll\MQ2DataTypes.h(2624,17): warning C4091: 'static ': ignored on left of 'MQ2HeadingType::HeadingMembers' when no variable is declared [C:\EQS\Release-NMS-Client\eqgame_dll\eqgame_dll.vcxproj]
  (compiling source file 'MQ2Data.cpp')
  
C:\EQS\Release-NMS-Client\eqgame_dll\MQ2DataTypes.h(2632,17): warning C4091: 'static ': ignored on left of 'MQ2HeadingType::HeadingMethods' when no variable is declared [C:\EQS\Release-NMS-Client\eqgame_dll\eqgame_dll.vcxproj]
  (compiling source file 'MQ2Data.cpp')
  
C:\EQS\Release-NMS-Client\eqgame_dll\MQ2DataTypes.h(2379,17): warning C4091: 'static ': ignored on left of 'MQ2ClassType::ClassMembers' when no variable is declared [C:\EQS\Release-NMS-Client\eqgame_dll\eqgame_dll.vcxproj]
  (compiling source file 'MQ2CommandAPI.cpp')
  
C:\EQS\Release-NMS-Client\eqgame_dll\MQ2DataTypes.h(2434,17): warning C4091: 'static ': ignored on left of 'MQ2BodyType::BodyMembers' when no variable is declared [C:\EQS\Release-NMS-Client\eqgame_dll\eqgame_dll.vcxproj]
  (compiling source file 'MQ2DataAPI.cpp')
  
C:\EQS\Release-NMS-Client\eqgame_dll\MQ2DataTypes.h(2678,17): warning C4091: 'static ': ignored on left of 'MQ2InvSlotType::InvSlotMembers' when no variable is declared [C:\EQS\Release-NMS-Client\eqgame_dll\eqgame_dll.vcxproj]
  (compiling source file 'MQ2Data.cpp')
  
C:\EQS\Release-NMS-Client\eqgame_dll\MQ2DataTypes.h(2686,17): warning C4091: 'static ': ignored on left of 'MQ2InvSlotType::InvSlotMethods' when no variable is declared [C:\EQS\Release-NMS-Client\eqgame_dll\eqgame_dll.vcxproj]
  (compiling source file 'MQ2Data.cpp')
  
C:\EQS\Release-NMS-Client\eqgame_dll\MQ2DataTypes.h(2434,17): warning C4091: 'static ': ignored on left of 'MQ2BodyType::BodyMembers' when no variable is declared [C:\EQS\Release-NMS-Client\eqgame_dll\eqgame_dll.vcxproj]
  (compiling source file 'MQ2CommandAPI.cpp')
  
C:\EQS\Release-NMS-Client\eqgame_dll\MQ2DataTypes.h(2471,17): warning C4091: 'static ': ignored on left of 'MQ2DeityType::DeityMembers' when no variable is declared [C:\EQS\Release-NMS-Client\eqgame_dll\eqgame_dll.vcxproj]
  (compiling source file 'MQ2DataAPI.cpp')
  
C:\EQS\Release-NMS-Client\eqgame_dll\MQ2DataTypes.h(2471,17): warning C4091: 'static ': ignored on left of 'MQ2DeityType::DeityMembers' when no variable is declared [C:\EQS\Release-NMS-Client\eqgame_dll\eqgame_dll.vcxproj]
  (compiling source file 'MQ2CommandAPI.cpp')
  
C:\EQS\Release-NMS-Client\eqgame_dll\MQ2DataTypes.h(2511,17): warning C4091: 'static ': ignored on left of 'MQ2TimeType::TimeMembers' when no variable is declared [C:\EQS\Release-NMS-Client\eqgame_dll\eqgame_dll.vcxproj]
  (compiling source file 'MQ2DataAPI.cpp')
  
C:\EQS\Release-NMS-Client\eqgame_dll\MQ2DataTypes.h(2740,17): warning C4091: 'static ': ignored on left of 'MQ2PluginType::PluginMembers' when no variable is declared [C:\EQS\Release-NMS-Client\eqgame_dll\eqgame_dll.vcxproj]
  (compiling source file 'MQ2Data.cpp')
  
C:\EQS\Release-NMS-Client\eqgame_dll\MQ2Commands.cpp(47,52): warning C4474: 'sprintf' : too many arguments passed for format string [C:\EQS\Release-NMS-Client\eqgame_dll\eqgame_dll.vcxproj]
      C:\EQS\Release-NMS-Client\eqgame_dll\MQ2Commands.cpp(47,52):
      placeholders and their parameters expect 1 variadic arguments, but 2 were provided
  
C:\EQS\Release-NMS-Client\eqgame_dll\MQ2DataTypes.h(2511,17): warning C4091: 'static ': ignored on left of 'MQ2TimeType::TimeMembers' when no variable is declared [C:\EQS\Release-NMS-Client\eqgame_dll\eqgame_dll.vcxproj]
  (compiling source file 'MQ2CommandAPI.cpp')
  
C:\EQS\Release-NMS-Client\eqgame_dll\MQ2DataTypes.h(2782,17): warning C4091: 'static ': ignored on left of 'MQ2BenchmarkType::BenchmarkMembers' when no variable is declared [C:\EQS\Release-NMS-Client\eqgame_dll\eqgame_dll.vcxproj]
  (compiling source file 'MQ2Data.cpp')
  
C:\EQS\Release-NMS-Client\eqgame_dll\MQ2DataTypes.h(2586,17): warning C4091: 'static ': ignored on left of 'MQ2TypeType::TypeMembers' when no variable is declared [C:\EQS\Release-NMS-Client\eqgame_dll\eqgame_dll.vcxproj]
  (compiling source file 'MQ2DataAPI.cpp')
  
C:\EQS\Release-NMS-Client\eqgame_dll\MQ2DataTypes.h(2828,17): warning C4091: 'static ': ignored on left of 'MQ2SkillType::SkillMembers' when no variable is declared [C:\EQS\Release-NMS-Client\eqgame_dll\eqgame_dll.vcxproj]
  (compiling source file 'MQ2Data.cpp')
  
C:\EQS\Release-NMS-Client\eqgame_dll\MQ2DataTypes.h(2838,17): warning C4091: 'static ': ignored on left of 'MQ2SkillType::SkillMethods' when no variable is declared [C:\EQS\Release-NMS-Client\eqgame_dll\eqgame_dll.vcxproj]
  (compiling source file 'MQ2Data.cpp')
  
C:\EQS\Release-NMS-Client\eqgame_dll\MQ2DataTypes.h(2624,17): warning C4091: 'static ': ignored on left of 'MQ2HeadingType::HeadingMembers' when no variable is declared [C:\EQS\Release-NMS-Client\eqgame_dll\eqgame_dll.vcxproj]
  (compiling source file 'MQ2DataAPI.cpp')
  
C:\EQS\Release-NMS-Client\eqgame_dll\MQ2DataTypes.h(2586,17): warning C4091: 'static ': ignored on left of 'MQ2TypeType::TypeMembers' when no variable is declared [C:\EQS\Release-NMS-Client\eqgame_dll\eqgame_dll.vcxproj]
  (compiling source file 'MQ2CommandAPI.cpp')
  
C:\EQS\Release-NMS-Client\eqgame_dll\MQ2DataTypes.h(2632,17): warning C4091: 'static ': ignored on left of 'MQ2HeadingType::HeadingMethods' when no variable is declared [C:\EQS\Release-NMS-Client\eqgame_dll\eqgame_dll.vcxproj]
  (compiling source file 'MQ2DataAPI.cpp')
  
C:\EQS\Release-NMS-Client\eqgame_dll\MQ2DataTypes.h(2624,17): warning C4091: 'static ': ignored on left of 'MQ2HeadingType::HeadingMembers' when no variable is declared [C:\EQS\Release-NMS-Client\eqgame_dll\eqgame_dll.vcxproj]
  (compiling source file 'MQ2CommandAPI.cpp')
  
C:\EQS\Release-NMS-Client\eqgame_dll\MQ2DataTypes.h(2632,17): warning C4091: 'static ': ignored on left of 'MQ2HeadingType::HeadingMethods' when no variable is declared [C:\EQS\Release-NMS-Client\eqgame_dll\eqgame_dll.vcxproj]
  (compiling source file 'MQ2CommandAPI.cpp')
  
C:\EQS\Release-NMS-Client\eqgame_dll\MQ2DataTypes.h(2887,17): warning C4091: 'static ': ignored on left of 'MQ2AltAbilityType::AltAbilityMembers' when no variable is declared [C:\EQS\Release-NMS-Client\eqgame_dll\eqgame_dll.vcxproj]
  (compiling source file 'MQ2Data.cpp')
  
C:\EQS\Release-NMS-Client\eqgame_dll\MQ2DataTypes.h(2904,17): warning C4091: 'static ': ignored on left of 'MQ2AltAbilityType::AltAbilityMethods' when no variable is declared [C:\EQS\Release-NMS-Client\eqgame_dll\eqgame_dll.vcxproj]
  (compiling source file 'MQ2Data.cpp')
  
C:\EQS\Release-NMS-Client\eqgame_dll\MQ2DataTypes.h(2678,17): warning C4091: 'static ': ignored on left of 'MQ2InvSlotType::InvSlotMembers' when no variable is declared [C:\EQS\Release-NMS-Client\eqgame_dll\eqgame_dll.vcxproj]
  (compiling source file 'MQ2DataAPI.cpp')
  
C:\EQS\Release-NMS-Client\eqgame_dll\MQ2DataTypes.h(2686,17): warning C4091: 'static ': ignored on left of 'MQ2InvSlotType::InvSlotMethods' when no variable is declared [C:\EQS\Release-NMS-Client\eqgame_dll\eqgame_dll.vcxproj]
  (compiling source file 'MQ2DataAPI.cpp')
  
C:\EQS\Release-NMS-Client\eqgame_dll\MQ2DataTypes.h(2678,17): warning C4091: 'static ': ignored on left of 'MQ2InvSlotType::InvSlotMembers' when no variable is declared [C:\EQS\Release-NMS-Client\eqgame_dll\eqgame_dll.vcxproj]
  (compiling source file 'MQ2CommandAPI.cpp')
  
C:\EQS\Release-NMS-Client\eqgame_dll\MQ2DataTypes.h(2949,17): warning C4091: 'static ': ignored on left of 'MQ2TimerType::TimerMembers' when no variable is declared [C:\EQS\Release-NMS-Client\eqgame_dll\eqgame_dll.vcxproj]
  (compiling source file 'MQ2Data.cpp')
  
C:\EQS\Release-NMS-Client\eqgame_dll\MQ2DataTypes.h(2686,17): warning C4091: 'static ': ignored on left of 'MQ2InvSlotType::InvSlotMethods' when no variable is declared [C:\EQS\Release-NMS-Client\eqgame_dll\eqgame_dll.vcxproj]
  (compiling source file 'MQ2CommandAPI.cpp')
  
C:\EQS\Release-NMS-Client\eqgame_dll\MQ2DataTypes.h(2954,17): warning C4091: 'static ': ignored on left of 'MQ2TimerType::TimerMethods' when no variable is declared [C:\EQS\Release-NMS-Client\eqgame_dll\eqgame_dll.vcxproj]
  (compiling source file 'MQ2Data.cpp')
  
C:\EQS\Release-NMS-Client\eqgame_dll\MQ2DataTypes.h(2740,17): warning C4091: 'static ': ignored on left of 'MQ2PluginType::PluginMembers' when no variable is declared [C:\EQS\Release-NMS-Client\eqgame_dll\eqgame_dll.vcxproj]
  (compiling source file 'MQ2DataAPI.cpp')
  
C:\EQS\Release-NMS-Client\eqgame_dll\MQ2DataTypes.h(2740,17): warning C4091: 'static ': ignored on left of 'MQ2PluginType::PluginMembers' when no variable is declared [C:\EQS\Release-NMS-Client\eqgame_dll\eqgame_dll.vcxproj]
  (compiling source file 'MQ2CommandAPI.cpp')
  
C:\EQS\Release-NMS-Client\eqgame_dll\MQ2DataTypes.h(2782,17): warning C4091: 'static ': ignored on left of 'MQ2BenchmarkType::BenchmarkMembers' when no variable is declared [C:\EQS\Release-NMS-Client\eqgame_dll\eqgame_dll.vcxproj]
  (compiling source file 'MQ2DataAPI.cpp')
  
C:\EQS\Release-NMS-Client\eqgame_dll\MQ2DataTypes.h(3051,17): warning C4091: 'static ': ignored on left of 'MQ2ArrayType::ArrayMembers' when no variable is declared [C:\EQS\Release-NMS-Client\eqgame_dll\eqgame_dll.vcxproj]
  (compiling source file 'MQ2Data.cpp')
  
C:\EQS\Release-NMS-Client\eqgame_dll\MQ2DataTypes.h(2782,17): warning C4091: 'static ': ignored on left of 'MQ2BenchmarkType::BenchmarkMembers' when no variable is declared [C:\EQS\Release-NMS-Client\eqgame_dll\eqgame_dll.vcxproj]
  (compiling source file 'MQ2CommandAPI.cpp')
  
C:\EQS\Release-NMS-Client\eqgame_dll\MQ2DataTypes.h(2828,17): warning C4091: 'static ': ignored on left of 'MQ2SkillType::SkillMembers' when no variable is declared [C:\EQS\Release-NMS-Client\eqgame_dll\eqgame_dll.vcxproj]
  (compiling source file 'MQ2DataAPI.cpp')
  
C:\EQS\Release-NMS-Client\eqgame_dll\MQ2DataTypes.h(2838,17): warning C4091: 'static ': ignored on left of 'MQ2SkillType::SkillMethods' when no variable is declared [C:\EQS\Release-NMS-Client\eqgame_dll\eqgame_dll.vcxproj]
  (compiling source file 'MQ2DataAPI.cpp')
  
C:\EQS\Release-NMS-Client\eqgame_dll\MQ2DataTypes.h(2828,17): warning C4091: 'static ': ignored on left of 'MQ2SkillType::SkillMembers' when no variable is declared [C:\EQS\Release-NMS-Client\eqgame_dll\eqgame_dll.vcxproj]
  (compiling source file 'MQ2CommandAPI.cpp')
  
C:\EQS\Release-NMS-Client\eqgame_dll\MQ2DataTypes.h(2838,17): warning C4091: 'static ': ignored on left of 'MQ2SkillType::SkillMethods' when no variable is declared [C:\EQS\Release-NMS-Client\eqgame_dll\eqgame_dll.vcxproj]
  (compiling source file 'MQ2CommandAPI.cpp')
  
C:\EQS\Release-NMS-Client\eqgame_dll\MQ2DataTypes.h(3096,17): warning C4091: 'static ': ignored on left of 'MQ2GroupType::GroupMembers' when no variable is declared [C:\EQS\Release-NMS-Client\eqgame_dll\eqgame_dll.vcxproj]
  (compiling source file 'MQ2Data.cpp')
  
C:\EQS\Release-NMS-Client\eqgame_dll\MQ2DataTypes.h(3106,17): warning C4091: 'static ': ignored on left of 'MQ2GroupType::GroupMethods' when no variable is declared [C:\EQS\Release-NMS-Client\eqgame_dll\eqgame_dll.vcxproj]
  (compiling source file 'MQ2Data.cpp')
  
C:\EQS\Release-NMS-Client\eqgame_dll\MQ2DataTypes.h(3141,17): warning C4091: 'static ': ignored on left of 'MQ2GroupMemberType::GroupMemberMembers' when no variable is declared [C:\EQS\Release-NMS-Client\eqgame_dll\eqgame_dll.vcxproj]
  (compiling source file 'MQ2Data.cpp')
  
C:\EQS\Release-NMS-Client\eqgame_dll\MQ2DataTypes.h(2887,17): warning C4091: 'static ': ignored on left of 'MQ2AltAbilityType::AltAbilityMembers' when no variable is declared [C:\EQS\Release-NMS-Client\eqgame_dll\eqgame_dll.vcxproj]
  (compiling source file 'MQ2DataAPI.cpp')
  
C:\EQS\Release-NMS-Client\eqgame_dll\MQ2DataTypes.h(3153,17): warning C4091: 'static ': ignored on left of 'MQ2GroupMemberType::GroupMemberMethods' when no variable is declared [C:\EQS\Release-NMS-Client\eqgame_dll\eqgame_dll.vcxproj]
  (compiling source file 'MQ2Data.cpp')
  
C:\EQS\Release-NMS-Client\eqgame_dll\MQ2DataTypes.h(2904,17): warning C4091: 'static ': ignored on left of 'MQ2AltAbilityType::AltAbilityMethods' when no variable is declared [C:\EQS\Release-NMS-Client\eqgame_dll\eqgame_dll.vcxproj]
  (compiling source file 'MQ2DataAPI.cpp')
  
C:\EQS\Release-NMS-Client\eqgame_dll\MQ2DataTypes.h(2887,17): warning C4091: 'static ': ignored on left of 'MQ2AltAbilityType::AltAbilityMembers' when no variable is declared [C:\EQS\Release-NMS-Client\eqgame_dll\eqgame_dll.vcxproj]
  (compiling source file 'MQ2CommandAPI.cpp')
  
C:\EQS\Release-NMS-Client\eqgame_dll\MQ2DataTypes.h(2904,17): warning C4091: 'static ': ignored on left of 'MQ2AltAbilityType::AltAbilityMethods' when no variable is declared [C:\EQS\Release-NMS-Client\eqgame_dll\eqgame_dll.vcxproj]
  (compiling source file 'MQ2CommandAPI.cpp')
  
C:\EQS\Release-NMS-Client\eqgame_dll\MQ2DataTypes.h(3195,17): warning C4091: 'static ': ignored on left of 'MQ2RaidType::RaidMembers' when no variable is declared [C:\EQS\Release-NMS-Client\eqgame_dll\eqgame_dll.vcxproj]
  (compiling source file 'MQ2Data.cpp')
  
C:\EQS\Release-NMS-Client\eqgame_dll\MQ2DataTypes.h(3210,17): warning C4091: 'static ': ignored on left of 'MQ2RaidType::RaidMethods' when no variable is declared [C:\EQS\Release-NMS-Client\eqgame_dll\eqgame_dll.vcxproj]
  (compiling source file 'MQ2Data.cpp')
  
C:\EQS\Release-NMS-Client\eqgame_dll\MQ2DataTypes.h(2949,17): warning C4091: 'static ': ignored on left of 'MQ2TimerType::TimerMembers' when no variable is declared [C:\EQS\Release-NMS-Client\eqgame_dll\eqgame_dll.vcxproj]
  (compiling source file 'MQ2DataAPI.cpp')
  
C:\EQS\Release-NMS-Client\eqgame_dll\MQ2DataTypes.h(2954,17): warning C4091: 'static ': ignored on left of 'MQ2TimerType::TimerMethods' when no variable is declared [C:\EQS\Release-NMS-Client\eqgame_dll\eqgame_dll.vcxproj]
  (compiling source file 'MQ2DataAPI.cpp')
  
C:\EQS\Release-NMS-Client\eqgame_dll\MQ2DataTypes.h(3254,17): warning C4091: 'static ': ignored on left of 'MQ2RaidMemberType::RaidMemberMembers' when no variable is declared [C:\EQS\Release-NMS-Client\eqgame_dll\eqgame_dll.vcxproj]
  (compiling source file 'MQ2Data.cpp')
  
C:\EQS\Release-NMS-Client\eqgame_dll\MQ2DataTypes.h(3265,17): warning C4091: 'static ': ignored on left of 'MQ2RaidMemberType::RaidMemberMethods' when no variable is declared [C:\EQS\Release-NMS-Client\eqgame_dll\eqgame_dll.vcxproj]
  (compiling source file 'MQ2Data.cpp')
  
C:\EQS\Release-NMS-Client\eqgame_dll\MQ2DataTypes.h(2949,17): warning C4091: 'static ': ignored on left of 'MQ2TimerType::TimerMembers' when no variable is declared [C:\EQS\Release-NMS-Client\eqgame_dll\eqgame_dll.vcxproj]
  (compiling source file 'MQ2CommandAPI.cpp')
  
C:\EQS\Release-NMS-Client\eqgame_dll\MQ2DataTypes.h(2954,17): warning C4091: 'static ': ignored on left of 'MQ2TimerType::TimerMethods' when no variable is declared [C:\EQS\Release-NMS-Client\eqgame_dll\eqgame_dll.vcxproj]
  (compiling source file 'MQ2CommandAPI.cpp')
  
C:\EQS\Release-NMS-Client\eqgame_dll\MQ2DataTypes.h(3051,17): warning C4091: 'static ': ignored on left of 'MQ2ArrayType::ArrayMembers' when no variable is declared [C:\EQS\Release-NMS-Client\eqgame_dll\eqgame_dll.vcxproj]
  (compiling source file 'MQ2DataAPI.cpp')
  
C:\EQS\Release-NMS-Client\eqgame_dll\MQ2DataTypes.h(3314,17): warning C4091: 'static ': ignored on left of 'MQ2EvolvingItemType::EvolvingItemMembers' when no variable is declared [C:\EQS\Release-NMS-Client\eqgame_dll\eqgame_dll.vcxproj]
  (compiling source file 'MQ2Data.cpp')
  
C:\EQS\Release-NMS-Client\eqgame_dll\MQ2DataTypes.h(3051,17): warning C4091: 'static ': ignored on left of 'MQ2ArrayType::ArrayMembers' when no variable is declared [C:\EQS\Release-NMS-Client\eqgame_dll\eqgame_dll.vcxproj]
  (compiling source file 'MQ2CommandAPI.cpp')
  
C:\EQS\Release-NMS-Client\eqgame_dll\MQ2DataTypes.h(3356,17): warning C4091: 'static ': ignored on left of 'MQ2DynamicZoneType::DynamicZoneMembers' when no variable is declared [C:\EQS\Release-NMS-Client\eqgame_dll\eqgame_dll.vcxproj]
  (compiling source file 'MQ2Data.cpp')
  
C:\EQS\Release-NMS-Client\eqgame_dll\MQ2DataTypes.h(3096,17): warning C4091: 'static ': ignored on left of 'MQ2GroupType::GroupMembers' when no variable is declared [C:\EQS\Release-NMS-Client\eqgame_dll\eqgame_dll.vcxproj]
  (compiling source file 'MQ2DataAPI.cpp')
  
C:\EQS\Release-NMS-Client\eqgame_dll\MQ2DataTypes.h(3106,17): warning C4091: 'static ': ignored on left of 'MQ2GroupType::GroupMethods' when no variable is declared [C:\EQS\Release-NMS-Client\eqgame_dll\eqgame_dll.vcxproj]
  (compiling source file 'MQ2DataAPI.cpp')
  
C:\EQS\Release-NMS-Client\eqgame_dll\MQ2DataTypes.h(3096,17): warning C4091: 'static ': ignored on left of 'MQ2GroupType::GroupMembers' when no variable is declared [C:\EQS\Release-NMS-Client\eqgame_dll\eqgame_dll.vcxproj]
  (compiling source file 'MQ2CommandAPI.cpp')
  
C:\EQS\Release-NMS-Client\eqgame_dll\MQ2DataTypes.h(3106,17): warning C4091: 'static ': ignored on left of 'MQ2GroupType::GroupMethods' when no variable is declared [C:\EQS\Release-NMS-Client\eqgame_dll\eqgame_dll.vcxproj]
  (compiling source file 'MQ2CommandAPI.cpp')
  
C:\EQS\Release-NMS-Client\eqgame_dll\MQ2DataTypes.h(3141,17): warning C4091: 'static ': ignored on left of 'MQ2GroupMemberType::GroupMemberMembers' when no variable is declared [C:\EQS\Release-NMS-Client\eqgame_dll\eqgame_dll.vcxproj]
  (compiling source file 'MQ2DataAPI.cpp')
  
C:\EQS\Release-NMS-Client\eqgame_dll\MQ2DataTypes.h(3153,17): warning C4091: 'static ': ignored on left of 'MQ2GroupMemberType::GroupMemberMethods' when no variable is declared [C:\EQS\Release-NMS-Client\eqgame_dll\eqgame_dll.vcxproj]
  (compiling source file 'MQ2DataAPI.cpp')
  
C:\EQS\Release-NMS-Client\eqgame_dll\MQ2DataTypes.h(3398,17): warning C4091: 'static ': ignored on left of 'MQ2DZMemberType::DZMemberTypeMembers' when no variable is declared [C:\EQS\Release-NMS-Client\eqgame_dll\eqgame_dll.vcxproj]
  (compiling source file 'MQ2Data.cpp')
  
C:\EQS\Release-NMS-Client\eqgame_dll\MQ2DataTypes.h(3141,17): warning C4091: 'static ': ignored on left of 'MQ2GroupMemberType::GroupMemberMembers' when no variable is declared [C:\EQS\Release-NMS-Client\eqgame_dll\eqgame_dll.vcxproj]
  (compiling source file 'MQ2CommandAPI.cpp')
  
C:\EQS\Release-NMS-Client\eqgame_dll\MQ2DataTypes.h(3153,17): warning C4091: 'static ': ignored on left of 'MQ2GroupMemberType::GroupMemberMethods' when no variable is declared [C:\EQS\Release-NMS-Client\eqgame_dll\eqgame_dll.vcxproj]
  (compiling source file 'MQ2CommandAPI.cpp')
  
C:\EQS\Release-NMS-Client\eqgame_dll\MQ2DataTypes.h(3430,17): warning C4091: 'static ': ignored on left of 'MQ2FellowshipType::FellowshipTypeMembers' when no variable is declared [C:\EQS\Release-NMS-Client\eqgame_dll\eqgame_dll.vcxproj]
  (compiling source file 'MQ2Data.cpp')
  
C:\EQS\Release-NMS-Client\eqgame_dll\MQ2DataTypes.h(3195,17): warning C4091: 'static ': ignored on left of 'MQ2RaidType::RaidMembers' when no variable is declared [C:\EQS\Release-NMS-Client\eqgame_dll\eqgame_dll.vcxproj]
  (compiling source file 'MQ2DataAPI.cpp')
  
C:\EQS\Release-NMS-Client\eqgame_dll\MQ2DataTypes.h(3210,17): warning C4091: 'static ': ignored on left of 'MQ2RaidType::RaidMethods' when no variable is declared [C:\EQS\Release-NMS-Client\eqgame_dll\eqgame_dll.vcxproj]
  (compiling source file 'MQ2DataAPI.cpp')
  
C:\EQS\Release-NMS-Client\eqgame_dll\MQ2DataTypes.h(3195,17): warning C4091: 'static ': ignored on left of 'MQ2RaidType::RaidMembers' when no variable is declared [C:\EQS\Release-NMS-Client\eqgame_dll\eqgame_dll.vcxproj]
  (compiling source file 'MQ2CommandAPI.cpp')
  
C:\EQS\Release-NMS-Client\eqgame_dll\MQ2DataTypes.h(3210,17): warning C4091: 'static ': ignored on left of 'MQ2RaidType::RaidMethods' when no variable is declared [C:\EQS\Release-NMS-Client\eqgame_dll\eqgame_dll.vcxproj]
  (compiling source file 'MQ2CommandAPI.cpp')
  
C:\EQS\Release-NMS-Client\eqgame_dll\MQ2DataTypes.h(3483,17): warning C4091: 'static ': ignored on left of 'MQ2FellowshipMemberType::FMTypeMembers' when no variable is declared [C:\EQS\Release-NMS-Client\eqgame_dll\eqgame_dll.vcxproj]
  (compiling source file 'MQ2Data.cpp')
  
C:\EQS\Release-NMS-Client\eqgame_dll\MQ2DataTypes.h(3254,17): warning C4091: 'static ': ignored on left of 'MQ2RaidMemberType::RaidMemberMembers' when no variable is declared [C:\EQS\Release-NMS-Client\eqgame_dll\eqgame_dll.vcxproj]
  (compiling source file 'MQ2DataAPI.cpp')
  
C:\EQS\Release-NMS-Client\eqgame_dll\MQ2DataTypes.h(3254,17): warning C4091: 'static ': ignored on left of 'MQ2RaidMemberType::RaidMemberMembers' when no variable is declared [C:\EQS\Release-NMS-Client\eqgame_dll\eqgame_dll.vcxproj]
  (compiling source file 'MQ2CommandAPI.cpp')
  
C:\EQS\Release-NMS-Client\eqgame_dll\MQ2DataTypes.h(3265,17): warning C4091: 'static ': ignored on left of 'MQ2RaidMemberType::RaidMemberMethods' when no variable is declared [C:\EQS\Release-NMS-Client\eqgame_dll\eqgame_dll.vcxproj]
  (compiling source file 'MQ2DataAPI.cpp')
  
C:\EQS\Release-NMS-Client\eqgame_dll\MQ2DataTypes.h(3265,17): warning C4091: 'static ': ignored on left of 'MQ2RaidMemberType::RaidMemberMethods' when no variable is declared [C:\EQS\Release-NMS-Client\eqgame_dll\eqgame_dll.vcxproj]
  (compiling source file 'MQ2CommandAPI.cpp')
  
C:\EQS\Release-NMS-Client\eqgame_dll\MQ2DataTypes.h(3521,17): warning C4091: 'static ': ignored on left of 'MQ2FriendsType::FriendsMembers' when no variable is declared [C:\EQS\Release-NMS-Client\eqgame_dll\eqgame_dll.vcxproj]
  (compiling source file 'MQ2Data.cpp')
  
C:\EQS\Release-NMS-Client\eqgame_dll\MQ2DataTypes.h(3314,17): warning C4091: 'static ': ignored on left of 'MQ2EvolvingItemType::EvolvingItemMembers' when no variable is declared [C:\EQS\Release-NMS-Client\eqgame_dll\eqgame_dll.vcxproj]
  (compiling source file 'MQ2DataAPI.cpp')
  
C:\EQS\Release-NMS-Client\eqgame_dll\MQ2DataTypes.h(3525,17): warning C4091: 'static ': ignored on left of 'MQ2FriendsType::FriendsMethods' when no variable is declared [C:\EQS\Release-NMS-Client\eqgame_dll\eqgame_dll.vcxproj]
  (compiling source file 'MQ2Data.cpp')
  
C:\EQS\Release-NMS-Client\eqgame_dll\MQ2DataTypes.h(3314,17): warning C4091: 'static ': ignored on left of 'MQ2EvolvingItemType::EvolvingItemMembers' when no variable is declared [C:\EQS\Release-NMS-Client\eqgame_dll\eqgame_dll.vcxproj]
  (compiling source file 'MQ2CommandAPI.cpp')
  
C:\EQS\Release-NMS-Client\eqgame_dll\MQ2DataTypes.h(3356,17): warning C4091: 'static ': ignored on left of 'MQ2DynamicZoneType::DynamicZoneMembers' when no variable is declared [C:\EQS\Release-NMS-Client\eqgame_dll\eqgame_dll.vcxproj]
  (compiling source file 'MQ2DataAPI.cpp')
  
C:\EQS\Release-NMS-Client\eqgame_dll\MQ2DataTypes.h(3564,17): warning C4091: 'static ': ignored on left of 'MQ2TargetType::TargetMembers' when no variable is declared [C:\EQS\Release-NMS-Client\eqgame_dll\eqgame_dll.vcxproj]
  (compiling source file 'MQ2Data.cpp')
  
C:\EQS\Release-NMS-Client\eqgame_dll\MQ2DataTypes.h(3356,17): warning C4091: 'static ': ignored on left of 'MQ2DynamicZoneType::DynamicZoneMembers' when no variable is declared [C:\EQS\Release-NMS-Client\eqgame_dll\eqgame_dll.vcxproj]
  (compiling source file 'MQ2CommandAPI.cpp')
  
C:\EQS\Release-NMS-Client\eqgame_dll\MQ2DataTypes.h(3398,17): warning C4091: 'static ': ignored on left of 'MQ2DZMemberType::DZMemberTypeMembers' when no variable is declared [C:\EQS\Release-NMS-Client\eqgame_dll\eqgame_dll.vcxproj]
  (compiling source file 'MQ2DataAPI.cpp')
  
C:\EQS\Release-NMS-Client\eqgame_dll\MQ2DataTypes.h(3398,17): warning C4091: 'static ': ignored on left of 'MQ2DZMemberType::DZMemberTypeMembers' when no variable is declared [C:\EQS\Release-NMS-Client\eqgame_dll\eqgame_dll.vcxproj]
  (compiling source file 'MQ2CommandAPI.cpp')
  
C:\EQS\Release-NMS-Client\eqgame_dll\MQ2DataTypes.h(3644,17): warning C4091: 'static ': ignored on left of 'MQ2XTargetType::xTargetMembers' when no variable is declared [C:\EQS\Release-NMS-Client\eqgame_dll\eqgame_dll.vcxproj]
  (compiling source file 'MQ2Data.cpp')
  
C:\EQS\Release-NMS-Client\eqgame_dll\MQ2DataTypes.h(3430,17): warning C4091: 'static ': ignored on left of 'MQ2FellowshipType::FellowshipTypeMembers' when no variable is declared [C:\EQS\Release-NMS-Client\eqgame_dll\eqgame_dll.vcxproj]
  (compiling source file 'MQ2CommandAPI.cpp')
  
C:\EQS\Release-NMS-Client\eqgame_dll\MQ2DataTypes.h(3483,17): warning C4091: 'static ': ignored on left of 'MQ2FellowshipMemberType::FMTypeMembers' when no variable is declared [C:\EQS\Release-NMS-Client\eqgame_dll\eqgame_dll.vcxproj]
  (compiling source file 'MQ2CommandAPI.cpp')
  
C:\EQS\Release-NMS-Client\eqgame_dll\MQ2DataTypes.h(3521,17): warning C4091: 'static ': ignored on left of 'MQ2FriendsType::FriendsMembers' when no variable is declared [C:\EQS\Release-NMS-Client\eqgame_dll\eqgame_dll.vcxproj]
  (compiling source file 'MQ2CommandAPI.cpp')
  
C:\EQS\Release-NMS-Client\eqgame_dll\MQ2DataTypes.h(3525,17): warning C4091: 'static ': ignored on left of 'MQ2FriendsType::FriendsMethods' when no variable is declared [C:\EQS\Release-NMS-Client\eqgame_dll\eqgame_dll.vcxproj]
  (compiling source file 'MQ2CommandAPI.cpp')
  
C:\EQS\Release-NMS-Client\eqgame_dll\MQ2DataTypes.h(3564,17): warning C4091: 'static ': ignored on left of 'MQ2TargetType::TargetMembers' when no variable is declared [C:\EQS\Release-NMS-Client\eqgame_dll\eqgame_dll.vcxproj]
  (compiling source file 'MQ2CommandAPI.cpp')
  
C:\EQS\Release-NMS-Client\eqgame_dll\MQ2DataTypes.h(3644,17): warning C4091: 'static ': ignored on left of 'MQ2XTargetType::xTargetMembers' when no variable is declared [C:\EQS\Release-NMS-Client\eqgame_dll\eqgame_dll.vcxproj]
  (compiling source file 'MQ2CommandAPI.cpp')
  
C:\EQS\Release-NMS-Client\eqgame_dll\MQ2DataTypes.h(3430,17): warning C4091: 'static ': ignored on left of 'MQ2FellowshipType::FellowshipTypeMembers' when no variable is declared [C:\EQS\Release-NMS-Client\eqgame_dll\eqgame_dll.vcxproj]
  (compiling source file 'MQ2DataAPI.cpp')
  
C:\EQS\Release-NMS-Client\eqgame_dll\MQ2DataTypes.h(3483,17): warning C4091: 'static ': ignored on left of 'MQ2FellowshipMemberType::FMTypeMembers' when no variable is declared [C:\EQS\Release-NMS-Client\eqgame_dll\eqgame_dll.vcxproj]
  (compiling source file 'MQ2DataAPI.cpp')
  
C:\EQS\Release-NMS-Client\eqgame_dll\MQ2DataTypes.h(3521,17): warning C4091: 'static ': ignored on left of 'MQ2FriendsType::FriendsMembers' when no variable is declared [C:\EQS\Release-NMS-Client\eqgame_dll\eqgame_dll.vcxproj]
  (compiling source file 'MQ2DataAPI.cpp')
  
C:\EQS\Release-NMS-Client\eqgame_dll\MQ2DataTypes.h(3525,17): warning C4091: 'static ': ignored on left of 'MQ2FriendsType::FriendsMethods' when no variable is declared [C:\EQS\Release-NMS-Client\eqgame_dll\eqgame_dll.vcxproj]
  (compiling source file 'MQ2DataAPI.cpp')
  
C:\EQS\Release-NMS-Client\eqgame_dll\MQ2DataTypes.h(3564,17): warning C4091: 'static ': ignored on left of 'MQ2TargetType::TargetMembers' when no variable is declared [C:\EQS\Release-NMS-Client\eqgame_dll\eqgame_dll.vcxproj]
  (compiling source file 'MQ2DataAPI.cpp')
  
C:\EQS\Release-NMS-Client\eqgame_dll\MQ2DataTypes.h(3644,17): warning C4091: 'static ': ignored on left of 'MQ2XTargetType::xTargetMembers' when no variable is declared [C:\EQS\Release-NMS-Client\eqgame_dll\eqgame_dll.vcxproj]
  (compiling source file 'MQ2DataAPI.cpp')
  
C:\EQS\Release-NMS-Client\eqgame_dll\MQ2Main.h(776,7): warning C4200: nonstandard extension used: zero-sized array in struct/union [C:\EQS\Release-NMS-Client\eqgame_dll\eqgame_dll.vcxproj]
  (compiling source file 'MQ2CommandAPI.cpp')
      C:\EQS\Release-NMS-Client\eqgame_dll\MQ2Main.h(776,7):
      This member will be ignored by a defaulted constructor or copy/move assignment operator
  
C:\EQS\Release-NMS-Client\eqgame_dll\MQ2Internal.h(105,17): warning C4091: 'static ': ignored on left of 'MQ2Internal::SearchItemFlag' when no variable is declared [C:\EQS\Release-NMS-Client\eqgame_dll\eqgame_dll.vcxproj]
  (compiling source file 'MQ2DataTypes.cpp')
  
C:\EQS\Release-NMS-Client\eqgame_dll\MQ2CommandAPI.cpp(178,40): warning C4244: '=': conversion from 'DWORD' to 'BYTE', possible loss of data [C:\EQS\Release-NMS-Client\eqgame_dll\eqgame_dll.vcxproj]
C:\EQS\Release-NMS-Client\eqgame_dll\MQ2CommandAPI.cpp(164,21): warning C4101: 'g_savedCI2Class': unreferenced local variable [C:\EQS\Release-NMS-Client\eqgame_dll\eqgame_dll.vcxproj]
C:\EQS\Release-NMS-Client\eqgame_dll\MQ2Main.h(776,7): warning C4200: nonstandard extension used: zero-sized array in struct/union [C:\EQS\Release-NMS-Client\eqgame_dll\eqgame_dll.vcxproj]
  (compiling source file 'MQ2Data.cpp')
      C:\EQS\Release-NMS-Client\eqgame_dll\MQ2Main.h(776,7):
      This member will be ignored by a defaulted constructor or copy/move assignment operator
  
C:\EQS\Release-NMS-Client\eqgame_dll\MQ2Main.h(776,7): warning C4200: nonstandard extension used: zero-sized array in struct/union [C:\EQS\Release-NMS-Client\eqgame_dll\eqgame_dll.vcxproj]
  (compiling source file 'MQ2DataAPI.cpp')
      C:\EQS\Release-NMS-Client\eqgame_dll\MQ2Main.h(776,7):
      This member will be ignored by a defaulted constructor or copy/move assignment operator
  
C:\EQS\Release-NMS-Client\eqgame_dll\MQ2DataTypes.h(167,17): warning C4091: 'static ': ignored on left of 'MQ2IntType::IntMembers' when no variable is declared [C:\EQS\Release-NMS-Client\eqgame_dll\eqgame_dll.vcxproj]
  (compiling source file 'MQ2DataTypes.cpp')
  
C:\EQS\Release-NMS-Client\eqgame_dll\MQ2DataTypes.h(207,17): warning C4091: 'static ': ignored on left of 'MQ2ArgbType::ArgbMembers' when no variable is declared [C:\EQS\Release-NMS-Client\eqgame_dll\eqgame_dll.vcxproj]
  (compiling source file 'MQ2DataTypes.cpp')
  
C:\EQS\Release-NMS-Client\eqgame_dll\MQ2DataTypes.h(284,17): warning C4091: 'static ': ignored on left of 'MQ2StringType::StringMembers' when no variable is declared [C:\EQS\Release-NMS-Client\eqgame_dll\eqgame_dll.vcxproj]
  (compiling source file 'MQ2DataTypes.cpp')
  
C:\EQS\Release-NMS-Client\eqgame_dll\MQ2DataTypes.h(360,17): warning C4091: 'static ': ignored on left of 'MQ2FloatType::FloatMembers' when no variable is declared [C:\EQS\Release-NMS-Client\eqgame_dll\eqgame_dll.vcxproj]
  (compiling source file 'MQ2DataTypes.cpp')
  
C:\EQS\Release-NMS-Client\eqgame_dll\MQ2DataTypes.h(408,17): warning C4091: 'static ': ignored on left of 'MQ2TicksType::TicksMembers' when no variable is declared [C:\EQS\Release-NMS-Client\eqgame_dll\eqgame_dll.vcxproj]
  (compiling source file 'MQ2DataTypes.cpp')
  
C:\EQS\Release-NMS-Client\eqgame_dll\MQ2DataTypes.h(459,17): warning C4091: 'static ': ignored on left of 'MQ2SpawnType::SpawnMembers' when no variable is declared [C:\EQS\Release-NMS-Client\eqgame_dll\eqgame_dll.vcxproj]
  (compiling source file 'MQ2DataTypes.cpp')
  
C:\EQS\Release-NMS-Client\eqgame_dll\MQ2DataTypes.h(559,17): warning C4091: 'static ': ignored on left of 'MQ2SpawnType::SpawnMethods' when no variable is declared [C:\EQS\Release-NMS-Client\eqgame_dll\eqgame_dll.vcxproj]
  (compiling source file 'MQ2DataTypes.cpp')
  
C:\EQS\Release-NMS-Client\eqgame_dll\MQ2DataTypes.h(729,17): warning C4091: 'static ': ignored on left of 'MQ2CharacterType::CharacterMembers' when no variable is declared [C:\EQS\Release-NMS-Client\eqgame_dll\eqgame_dll.vcxproj]
  (compiling source file 'MQ2DataTypes.cpp')
  
C:\EQS\Release-NMS-Client\eqgame_dll\MQ2DataTypes.h(917,17): warning C4091: 'static ': ignored on left of 'MQ2CharacterType::CharacterMethods' when no variable is declared [C:\EQS\Release-NMS-Client\eqgame_dll\eqgame_dll.vcxproj]
  (compiling source file 'MQ2DataTypes.cpp')
  
C:\EQS\Release-NMS-Client\eqgame_dll\MQ2DataTypes.h(1158,17): warning C4091: 'static ': ignored on left of 'MQ2SpellType::SpellMembers' when no variable is declared [C:\EQS\Release-NMS-Client\eqgame_dll\eqgame_dll.vcxproj]
  (compiling source file 'MQ2DataTypes.cpp')
  
C:\EQS\Release-NMS-Client\eqgame_dll\MQ2DataTypes.h(1188,17): warning C4091: 'static ': ignored on left of 'MQ2SpellType::SpellMethods' when no variable is declared [C:\EQS\Release-NMS-Client\eqgame_dll\eqgame_dll.vcxproj]
  (compiling source file 'MQ2DataTypes.cpp')
  
C:\EQS\Release-NMS-Client\eqgame_dll\MQ2DataTypes.h(1262,17): warning C4091: 'static ': ignored on left of 'MQ2BuffType::BuffMembers' when no variable is declared [C:\EQS\Release-NMS-Client\eqgame_dll\eqgame_dll.vcxproj]
  (compiling source file 'MQ2DataTypes.cpp')
  
C:\EQS\Release-NMS-Client\eqgame_dll\MQ2DataTypes.h(1272,17): warning C4091: 'static ': ignored on left of 'MQ2BuffType::BuffMethods' when no variable is declared [C:\EQS\Release-NMS-Client\eqgame_dll\eqgame_dll.vcxproj]
  (compiling source file 'MQ2DataTypes.cpp')
  
C:\EQS\Release-NMS-Client\eqgame_dll\MQ2DataTypes.h(1336,17): warning C4091: 'static ': ignored on left of 'MQ2ItemType::ItemMembers' when no variable is declared [C:\EQS\Release-NMS-Client\eqgame_dll\eqgame_dll.vcxproj]
  (compiling source file 'MQ2DataTypes.cpp')
  
C:\EQS\Release-NMS-Client\eqgame_dll\MQ2DataTypes.h(1469,17): warning C4091: 'static ': ignored on left of 'MQ2ItemType::ItemMethods' when no variable is declared [C:\EQS\Release-NMS-Client\eqgame_dll\eqgame_dll.vcxproj]
  (compiling source file 'MQ2DataTypes.cpp')
  
C:\EQS\Release-NMS-Client\eqgame_dll\MQ2DataTypes.h(1647,17): warning C4091: 'static ': ignored on left of 'MQ2SwitchType::SwitchMembers' when no variable is declared [C:\EQS\Release-NMS-Client\eqgame_dll\eqgame_dll.vcxproj]
  (compiling source file 'MQ2DataTypes.cpp')
  
C:\EQS\Release-NMS-Client\eqgame_dll\MQ2DataTypes.h(1670,17): warning C4091: 'static ': ignored on left of 'MQ2SwitchType::SwitchMethods' when no variable is declared [C:\EQS\Release-NMS-Client\eqgame_dll\eqgame_dll.vcxproj]
  (compiling source file 'MQ2DataTypes.cpp')
  
C:\EQS\Release-NMS-Client\eqgame_dll\MQ2DataTypes.h(1735,17): warning C4091: 'static ': ignored on left of 'MQ2GroundType::GroundMembers' when no variable is declared [C:\EQS\Release-NMS-Client\eqgame_dll\eqgame_dll.vcxproj]
  (compiling source file 'MQ2DataTypes.cpp')
  
C:\EQS\Release-NMS-Client\eqgame_dll\MQ2DataTypes.h(1750,17): warning C4091: 'static ': ignored on left of 'MQ2GroundType::GroundMethods' when no variable is declared [C:\EQS\Release-NMS-Client\eqgame_dll\eqgame_dll.vcxproj]
  (compiling source file 'MQ2DataTypes.cpp')
  
C:\EQS\Release-NMS-Client\eqgame_dll\MQ2DataTypes.h(1811,17): warning C4091: 'static ': ignored on left of 'MQ2CorpseType::CorpseMembers' when no variable is declared [C:\EQS\Release-NMS-Client\eqgame_dll\eqgame_dll.vcxproj]
  (compiling source file 'MQ2DataTypes.cpp')
  
C:\EQS\Release-NMS-Client\eqgame_dll\MQ2DataTypes.h(1817,17): warning C4091: 'static ': ignored on left of 'MQ2CorpseType::CorpseMethods' when no variable is declared [C:\EQS\Release-NMS-Client\eqgame_dll\eqgame_dll.vcxproj]
  (compiling source file 'MQ2DataTypes.cpp')
  
C:\EQS\Release-NMS-Client\eqgame_dll\MQ2DataTypes.h(1860,17): warning C4091: 'static ': ignored on left of 'MQ2MerchantType::MerchantMembers' when no variable is declared [C:\EQS\Release-NMS-Client\eqgame_dll\eqgame_dll.vcxproj]
  (compiling source file 'MQ2DataTypes.cpp')
  
C:\EQS\Release-NMS-Client\eqgame_dll\MQ2DataTypes.h(1868,17): warning C4091: 'static ': ignored on left of 'MQ2MerchantType::MerchantMethods' when no variable is declared [C:\EQS\Release-NMS-Client\eqgame_dll\eqgame_dll.vcxproj]
  (compiling source file 'MQ2DataTypes.cpp')
  
C:\EQS\Release-NMS-Client\eqgame_dll\MQ2DataTypes.h(1913,17): warning C4091: 'static ': ignored on left of 'MQ2WindowType::WindowMembers' when no variable is declared [C:\EQS\Release-NMS-Client\eqgame_dll\eqgame_dll.vcxproj]
  (compiling source file 'MQ2DataTypes.cpp')
  
C:\EQS\Release-NMS-Client\eqgame_dll\MQ2DataTypes.h(1949,17): warning C4091: 'static ': ignored on left of 'MQ2WindowType::WindowMethods' when no variable is declared [C:\EQS\Release-NMS-Client\eqgame_dll\eqgame_dll.vcxproj]
  (compiling source file 'MQ2DataTypes.cpp')
  
C:\EQS\Release-NMS-Client\eqgame_dll\MQ2DataTypes.h(2048,17): warning C4091: 'static ': ignored on left of 'MQ2MacroType::MacroMembers' when no variable is declared [C:\EQS\Release-NMS-Client\eqgame_dll\eqgame_dll.vcxproj]
  (compiling source file 'MQ2DataTypes.cpp')
  
C:\EQS\Release-NMS-Client\eqgame_dll\MQ2DataTypes.h(2096,17): warning C4091: 'static ': ignored on left of 'MQ2ZoneType::ZoneMembers' when no variable is declared [C:\EQS\Release-NMS-Client\eqgame_dll\eqgame_dll.vcxproj]
  (compiling source file 'MQ2DataTypes.cpp')
  
C:\EQS\Release-NMS-Client\eqgame_dll\MQ2DataTypes.h(2143,17): warning C4091: 'static ': ignored on left of 'MQ2CurrentZoneType::CurrentZoneMembers' when no variable is declared [C:\EQS\Release-NMS-Client\eqgame_dll\eqgame_dll.vcxproj]
  (compiling source file 'MQ2DataTypes.cpp')
  
C:\EQS\Release-NMS-Client\eqgame_dll\MQ2DataTypes.h(2205,17): warning C4091: 'static ': ignored on left of 'MQ2MacroQuestType::MacroQuestMembers' when no variable is declared [C:\EQS\Release-NMS-Client\eqgame_dll\eqgame_dll.vcxproj]
  (compiling source file 'MQ2DataTypes.cpp')
  
C:\EQS\Release-NMS-Client\eqgame_dll\MQ2DataTypes.h(2230,17): warning C4091: 'static ': ignored on left of 'MQ2MacroQuestType::MacroQuestMethods' when no variable is declared [C:\EQS\Release-NMS-Client\eqgame_dll\eqgame_dll.vcxproj]
  (compiling source file 'MQ2DataTypes.cpp')
  
C:\EQS\Release-NMS-Client\eqgame_dll\MQ2DataTypes.h(2283,17): warning C4091: 'static ': ignored on left of 'MQ2MathType::MathMembers' when no variable is declared [C:\EQS\Release-NMS-Client\eqgame_dll\eqgame_dll.vcxproj]
  (compiling source file 'MQ2DataTypes.cpp')
  
C:\EQS\Release-NMS-Client\eqgame_dll\MQ2DataTypes.h(2341,17): warning C4091: 'static ': ignored on left of 'MQ2RaceType::RaceMembers' when no variable is declared [C:\EQS\Release-NMS-Client\eqgame_dll\eqgame_dll.vcxproj]
  (compiling source file 'MQ2DataTypes.cpp')
  
C:\EQS\Release-NMS-Client\eqgame_dll\MQ2DataTypes.h(2379,17): warning C4091: 'static ': ignored on left of 'MQ2ClassType::ClassMembers' when no variable is declared [C:\EQS\Release-NMS-Client\eqgame_dll\eqgame_dll.vcxproj]
  (compiling source file 'MQ2DataTypes.cpp')
  
C:\EQS\Release-NMS-Client\eqgame_dll\MQ2DataTypes.h(2434,17): warning C4091: 'static ': ignored on left of 'MQ2BodyType::BodyMembers' when no variable is declared [C:\EQS\Release-NMS-Client\eqgame_dll\eqgame_dll.vcxproj]
  (compiling source file 'MQ2DataTypes.cpp')
  
C:\EQS\Release-NMS-Client\eqgame_dll\MQ2DataTypes.h(2471,17): warning C4091: 'static ': ignored on left of 'MQ2DeityType::DeityMembers' when no variable is declared [C:\EQS\Release-NMS-Client\eqgame_dll\eqgame_dll.vcxproj]
  (compiling source file 'MQ2DataTypes.cpp')
  
C:\EQS\Release-NMS-Client\eqgame_dll\MQ2DataTypes.h(2511,17): warning C4091: 'static ': ignored on left of 'MQ2TimeType::TimeMembers' when no variable is declared [C:\EQS\Release-NMS-Client\eqgame_dll\eqgame_dll.vcxproj]
  (compiling source file 'MQ2DataTypes.cpp')
  
C:\EQS\Release-NMS-Client\eqgame_dll\MQ2DataTypes.h(2586,17): warning C4091: 'static ': ignored on left of 'MQ2TypeType::TypeMembers' when no variable is declared [C:\EQS\Release-NMS-Client\eqgame_dll\eqgame_dll.vcxproj]
  (compiling source file 'MQ2DataTypes.cpp')
  
C:\EQS\Release-NMS-Client\eqgame_dll\MQ2DataTypes.h(2624,17): warning C4091: 'static ': ignored on left of 'MQ2HeadingType::HeadingMembers' when no variable is declared [C:\EQS\Release-NMS-Client\eqgame_dll\eqgame_dll.vcxproj]
  (compiling source file 'MQ2DataTypes.cpp')
  
C:\EQS\Release-NMS-Client\eqgame_dll\MQ2DataTypes.h(2632,17): warning C4091: 'static ': ignored on left of 'MQ2HeadingType::HeadingMethods' when no variable is declared [C:\EQS\Release-NMS-Client\eqgame_dll\eqgame_dll.vcxproj]
  (compiling source file 'MQ2DataTypes.cpp')
  
C:\EQS\Release-NMS-Client\eqgame_dll\MQ2DataTypes.h(2678,17): warning C4091: 'static ': ignored on left of 'MQ2InvSlotType::InvSlotMembers' when no variable is declared [C:\EQS\Release-NMS-Client\eqgame_dll\eqgame_dll.vcxproj]
  (compiling source file 'MQ2DataTypes.cpp')
  
C:\EQS\Release-NMS-Client\eqgame_dll\MQ2DataTypes.h(2686,17): warning C4091: 'static ': ignored on left of 'MQ2InvSlotType::InvSlotMethods' when no variable is declared [C:\EQS\Release-NMS-Client\eqgame_dll\eqgame_dll.vcxproj]
  (compiling source file 'MQ2DataTypes.cpp')
  
C:\EQS\Release-NMS-Client\eqgame_dll\MQ2DataTypes.h(2740,17): warning C4091: 'static ': ignored on left of 'MQ2PluginType::PluginMembers' when no variable is declared [C:\EQS\Release-NMS-Client\eqgame_dll\eqgame_dll.vcxproj]
  (compiling source file 'MQ2DataTypes.cpp')
  
C:\EQS\Release-NMS-Client\eqgame_dll\MQ2DataTypes.h(2782,17): warning C4091: 'static ': ignored on left of 'MQ2BenchmarkType::BenchmarkMembers' when no variable is declared [C:\EQS\Release-NMS-Client\eqgame_dll\eqgame_dll.vcxproj]
  (compiling source file 'MQ2DataTypes.cpp')
  
C:\EQS\Release-NMS-Client\eqgame_dll\MQ2DataTypes.h(2828,17): warning C4091: 'static ': ignored on left of 'MQ2SkillType::SkillMembers' when no variable is declared [C:\EQS\Release-NMS-Client\eqgame_dll\eqgame_dll.vcxproj]
  (compiling source file 'MQ2DataTypes.cpp')
  
C:\EQS\Release-NMS-Client\eqgame_dll\MQ2DataTypes.h(2838,17): warning C4091: 'static ': ignored on left of 'MQ2SkillType::SkillMethods' when no variable is declared [C:\EQS\Release-NMS-Client\eqgame_dll\eqgame_dll.vcxproj]
  (compiling source file 'MQ2DataTypes.cpp')
  
C:\EQS\Release-NMS-Client\eqgame_dll\MQ2DataTypes.h(2887,17): warning C4091: 'static ': ignored on left of 'MQ2AltAbilityType::AltAbilityMembers' when no variable is declared [C:\EQS\Release-NMS-Client\eqgame_dll\eqgame_dll.vcxproj]
  (compiling source file 'MQ2DataTypes.cpp')
  
C:\EQS\Release-NMS-Client\eqgame_dll\MQ2DataTypes.h(2904,17): warning C4091: 'static ': ignored on left of 'MQ2AltAbilityType::AltAbilityMethods' when no variable is declared [C:\EQS\Release-NMS-Client\eqgame_dll\eqgame_dll.vcxproj]
  (compiling source file 'MQ2DataTypes.cpp')
  
C:\EQS\Release-NMS-Client\eqgame_dll\MQ2DataTypes.h(2949,17): warning C4091: 'static ': ignored on left of 'MQ2TimerType::TimerMembers' when no variable is declared [C:\EQS\Release-NMS-Client\eqgame_dll\eqgame_dll.vcxproj]
  (compiling source file 'MQ2DataTypes.cpp')
  
C:\EQS\Release-NMS-Client\eqgame_dll\MQ2DataTypes.h(2954,17): warning C4091: 'static ': ignored on left of 'MQ2TimerType::TimerMethods' when no variable is declared [C:\EQS\Release-NMS-Client\eqgame_dll\eqgame_dll.vcxproj]
  (compiling source file 'MQ2DataTypes.cpp')
  
C:\EQS\Release-NMS-Client\eqgame_dll\MQ2DataTypes.h(3051,17): warning C4091: 'static ': ignored on left of 'MQ2ArrayType::ArrayMembers' when no variable is declared [C:\EQS\Release-NMS-Client\eqgame_dll\eqgame_dll.vcxproj]
  (compiling source file 'MQ2DataTypes.cpp')
  
C:\EQS\Release-NMS-Client\eqgame_dll\MQ2DataTypes.h(3096,17): warning C4091: 'static ': ignored on left of 'MQ2GroupType::GroupMembers' when no variable is declared [C:\EQS\Release-NMS-Client\eqgame_dll\eqgame_dll.vcxproj]
  (compiling source file 'MQ2DataTypes.cpp')
  
C:\EQS\Release-NMS-Client\eqgame_dll\MQ2DataTypes.h(3106,17): warning C4091: 'static ': ignored on left of 'MQ2GroupType::GroupMethods' when no variable is declared [C:\EQS\Release-NMS-Client\eqgame_dll\eqgame_dll.vcxproj]
  (compiling source file 'MQ2DataTypes.cpp')
  
C:\EQS\Release-NMS-Client\eqgame_dll\MQ2DataTypes.h(3141,17): warning C4091: 'static ': ignored on left of 'MQ2GroupMemberType::GroupMemberMembers' when no variable is declared [C:\EQS\Release-NMS-Client\eqgame_dll\eqgame_dll.vcxproj]
  (compiling source file 'MQ2DataTypes.cpp')
  
C:\EQS\Release-NMS-Client\eqgame_dll\MQ2DataTypes.h(3153,17): warning C4091: 'static ': ignored on left of 'MQ2GroupMemberType::GroupMemberMethods' when no variable is declared [C:\EQS\Release-NMS-Client\eqgame_dll\eqgame_dll.vcxproj]
  (compiling source file 'MQ2DataTypes.cpp')
  
C:\EQS\Release-NMS-Client\eqgame_dll\MQ2DataTypes.h(3195,17): warning C4091: 'static ': ignored on left of 'MQ2RaidType::RaidMembers' when no variable is declared [C:\EQS\Release-NMS-Client\eqgame_dll\eqgame_dll.vcxproj]
  (compiling source file 'MQ2DataTypes.cpp')
  
C:\EQS\Release-NMS-Client\eqgame_dll\MQ2DataTypes.h(3210,17): warning C4091: 'static ': ignored on left of 'MQ2RaidType::RaidMethods' when no variable is declared [C:\EQS\Release-NMS-Client\eqgame_dll\eqgame_dll.vcxproj]
  (compiling source file 'MQ2DataTypes.cpp')
  
C:\EQS\Release-NMS-Client\eqgame_dll\MQ2DataTypes.h(3254,17): warning C4091: 'static ': ignored on left of 'MQ2RaidMemberType::RaidMemberMembers' when no variable is declared [C:\EQS\Release-NMS-Client\eqgame_dll\eqgame_dll.vcxproj]
  (compiling source file 'MQ2DataTypes.cpp')
  
C:\EQS\Release-NMS-Client\eqgame_dll\MQ2DataTypes.h(3265,17): warning C4091: 'static ': ignored on left of 'MQ2RaidMemberType::RaidMemberMethods' when no variable is declared [C:\EQS\Release-NMS-Client\eqgame_dll\eqgame_dll.vcxproj]
  (compiling source file 'MQ2DataTypes.cpp')
  
C:\EQS\Release-NMS-Client\eqgame_dll\MQ2DataTypes.h(3314,17): warning C4091: 'static ': ignored on left of 'MQ2EvolvingItemType::EvolvingItemMembers' when no variable is declared [C:\EQS\Release-NMS-Client\eqgame_dll\eqgame_dll.vcxproj]
  (compiling source file 'MQ2DataTypes.cpp')
  
C:\EQS\Release-NMS-Client\eqgame_dll\MQ2DataTypes.h(3356,17): warning C4091: 'static ': ignored on left of 'MQ2DynamicZoneType::DynamicZoneMembers' when no variable is declared [C:\EQS\Release-NMS-Client\eqgame_dll\eqgame_dll.vcxproj]
  (compiling source file 'MQ2DataTypes.cpp')
  
C:\EQS\Release-NMS-Client\eqgame_dll\MQ2DataTypes.h(3398,17): warning C4091: 'static ': ignored on left of 'MQ2DZMemberType::DZMemberTypeMembers' when no variable is declared [C:\EQS\Release-NMS-Client\eqgame_dll\eqgame_dll.vcxproj]
  (compiling source file 'MQ2DataTypes.cpp')
  
C:\EQS\Release-NMS-Client\eqgame_dll\MQ2DataTypes.h(3430,17): warning C4091: 'static ': ignored on left of 'MQ2FellowshipType::FellowshipTypeMembers' when no variable is declared [C:\EQS\Release-NMS-Client\eqgame_dll\eqgame_dll.vcxproj]
  (compiling source file 'MQ2DataTypes.cpp')
  
C:\EQS\Release-NMS-Client\eqgame_dll\MQ2DataTypes.h(3483,17): warning C4091: 'static ': ignored on left of 'MQ2FellowshipMemberType::FMTypeMembers' when no variable is declared [C:\EQS\Release-NMS-Client\eqgame_dll\eqgame_dll.vcxproj]
  (compiling source file 'MQ2DataTypes.cpp')
  
C:\EQS\Release-NMS-Client\eqgame_dll\MQ2DataTypes.h(3521,17): warning C4091: 'static ': ignored on left of 'MQ2FriendsType::FriendsMembers' when no variable is declared [C:\EQS\Release-NMS-Client\eqgame_dll\eqgame_dll.vcxproj]
  (compiling source file 'MQ2DataTypes.cpp')
  
C:\EQS\Release-NMS-Client\eqgame_dll\MQ2DataTypes.h(3525,17): warning C4091: 'static ': ignored on left of 'MQ2FriendsType::FriendsMethods' when no variable is declared [C:\EQS\Release-NMS-Client\eqgame_dll\eqgame_dll.vcxproj]
  (compiling source file 'MQ2DataTypes.cpp')
  
C:\EQS\Release-NMS-Client\eqgame_dll\MQ2DataTypes.h(3564,17): warning C4091: 'static ': ignored on left of 'MQ2TargetType::TargetMembers' when no variable is declared [C:\EQS\Release-NMS-Client\eqgame_dll\eqgame_dll.vcxproj]
  (compiling source file 'MQ2DataTypes.cpp')
  
C:\EQS\Release-NMS-Client\eqgame_dll\MQ2DataTypes.h(3644,17): warning C4091: 'static ': ignored on left of 'MQ2XTargetType::xTargetMembers' when no variable is declared [C:\EQS\Release-NMS-Client\eqgame_dll\eqgame_dll.vcxproj]
  (compiling source file 'MQ2DataTypes.cpp')
  
C:\EQS\Release-NMS-Client\eqgame_dll\MQ2Main.h(776,7): warning C4200: nonstandard extension used: zero-sized array in struct/union [C:\EQS\Release-NMS-Client\eqgame_dll\eqgame_dll.vcxproj]
  (compiling source file 'MQ2DataTypes.cpp')
      C:\EQS\Release-NMS-Client\eqgame_dll\MQ2Main.h(776,7):
      This member will be ignored by a defaulted constructor or copy/move assignment operator
  
C:\EQS\Release-NMS-Client\eqgame_dll\EQData.h(440,14): warning C4091: 'typedef ': ignored on left of 'EQData::MaterialType' when no variable is declared [C:\EQS\Release-NMS-Client\eqgame_dll\eqgame_dll.vcxproj]
  (compiling source file 'MQ2DetourAPI.cpp')
  
C:\EQS\Release-NMS-Client\eqgame_dll\EQData.h(440,14): warning C4091: 'typedef ': ignored on left of 'EQData::MaterialType' when no variable is declared [C:\EQS\Release-NMS-Client\eqgame_dll\eqgame_dll.vcxproj]
  (compiling source file 'MQ2DataVars.cpp')
  
C:\EQS\Release-NMS-Client\eqgame_dll\EQData.h(440,14): warning C4091: 'typedef ': ignored on left of 'EQData::MaterialType' when no variable is declared [C:\EQS\Release-NMS-Client\eqgame_dll\eqgame_dll.vcxproj]
  (compiling source file 'MQ2FloatingText.cpp')
  
  MQ2Map.cpp
  MQ2MapAPI.cpp
  multi_pet.cpp
  pet_window.cpp
C:\EQS\Release-NMS-Client\eqgame_dll\MQ2Internal.h(105,17): warning C4091: 'static ': ignored on left of 'MQ2Internal::SearchItemFlag' when no variable is declared [C:\EQS\Release-NMS-Client\eqgame_dll\eqgame_dll.vcxproj]
  (compiling source file 'MQ2DetourAPI.cpp')
  
C:\EQS\Release-NMS-Client\eqgame_dll\MQ2Internal.h(105,17): warning C4091: 'static ': ignored on left of 'MQ2Internal::SearchItemFlag' when no variable is declared [C:\EQS\Release-NMS-Client\eqgame_dll\eqgame_dll.vcxproj]
  (compiling source file 'MQ2FloatingText.cpp')
  
C:\EQS\Release-NMS-Client\eqgame_dll\MQ2DataTypes.h(167,17): warning C4091: 'static ': ignored on left of 'MQ2IntType::IntMembers' when no variable is declared [C:\EQS\Release-NMS-Client\eqgame_dll\eqgame_dll.vcxproj]
  (compiling source file 'MQ2DetourAPI.cpp')
  
C:\EQS\Release-NMS-Client\eqgame_dll\MQ2DataTypes.h(207,17): warning C4091: 'static ': ignored on left of 'MQ2ArgbType::ArgbMembers' when no variable is declared [C:\EQS\Release-NMS-Client\eqgame_dll\eqgame_dll.vcxproj]
  (compiling source file 'MQ2DetourAPI.cpp')
  
C:\EQS\Release-NMS-Client\eqgame_dll\MQ2DataTypes.h(284,17): warning C4091: 'static ': ignored on left of 'MQ2StringType::StringMembers' when no variable is declared [C:\EQS\Release-NMS-Client\eqgame_dll\eqgame_dll.vcxproj]
  (compiling source file 'MQ2DetourAPI.cpp')
  
C:\EQS\Release-NMS-Client\eqgame_dll\MQ2DataTypes.h(360,17): warning C4091: 'static ': ignored on left of 'MQ2FloatType::FloatMembers' when no variable is declared [C:\EQS\Release-NMS-Client\eqgame_dll\eqgame_dll.vcxproj]
  (compiling source file 'MQ2DetourAPI.cpp')
  
C:\EQS\Release-NMS-Client\eqgame_dll\MQ2Internal.h(105,17): warning C4091: 'static ': ignored on left of 'MQ2Internal::SearchItemFlag' when no variable is declared [C:\EQS\Release-NMS-Client\eqgame_dll\eqgame_dll.vcxproj]
  (compiling source file 'MQ2DataVars.cpp')
  
C:\EQS\Release-NMS-Client\eqgame_dll\MQ2DataTypes.h(408,17): warning C4091: 'static ': ignored on left of 'MQ2TicksType::TicksMembers' when no variable is declared [C:\EQS\Release-NMS-Client\eqgame_dll\eqgame_dll.vcxproj]
  (compiling source file 'MQ2DetourAPI.cpp')
  
C:\EQS\Release-NMS-Client\eqgame_dll\MQ2DataTypes.h(459,17): warning C4091: 'static ': ignored on left of 'MQ2SpawnType::SpawnMembers' when no variable is declared [C:\EQS\Release-NMS-Client\eqgame_dll\eqgame_dll.vcxproj]
  (compiling source file 'MQ2DetourAPI.cpp')
  
C:\EQS\Release-NMS-Client\eqgame_dll\MQ2DataTypes.h(559,17): warning C4091: 'static ': ignored on left of 'MQ2SpawnType::SpawnMethods' when no variable is declared [C:\EQS\Release-NMS-Client\eqgame_dll\eqgame_dll.vcxproj]
  (compiling source file 'MQ2DetourAPI.cpp')
  
C:\EQS\Release-NMS-Client\eqgame_dll\EQData.h(440,14): warning C4091: 'typedef ': ignored on left of 'EQData::MaterialType' when no variable is declared [C:\EQS\Release-NMS-Client\eqgame_dll\eqgame_dll.vcxproj]
  (compiling source file 'MQ2Globals.cpp')
  
C:\EQS\Release-NMS-Client\eqgame_dll\MQ2DataTypes.h(729,17): warning C4091: 'static ': ignored on left of 'MQ2CharacterType::CharacterMembers' when no variable is declared [C:\EQS\Release-NMS-Client\eqgame_dll\eqgame_dll.vcxproj]
  (compiling source file 'MQ2DetourAPI.cpp')
  
C:\EQS\Release-NMS-Client\eqgame_dll\MQ2DataTypes.h(917,17): warning C4091: 'static ': ignored on left of 'MQ2CharacterType::CharacterMethods' when no variable is declared [C:\EQS\Release-NMS-Client\eqgame_dll\eqgame_dll.vcxproj]
  (compiling source file 'MQ2DetourAPI.cpp')
  
C:\EQS\Release-NMS-Client\eqgame_dll\MQ2DataTypes.h(1158,17): warning C4091: 'static ': ignored on left of 'MQ2SpellType::SpellMembers' when no variable is declared [C:\EQS\Release-NMS-Client\eqgame_dll\eqgame_dll.vcxproj]
  (compiling source file 'MQ2DetourAPI.cpp')
  
C:\EQS\Release-NMS-Client\eqgame_dll\MQ2DataTypes.h(1188,17): warning C4091: 'static ': ignored on left of 'MQ2SpellType::SpellMethods' when no variable is declared [C:\EQS\Release-NMS-Client\eqgame_dll\eqgame_dll.vcxproj]
  (compiling source file 'MQ2DetourAPI.cpp')
  
C:\EQS\Release-NMS-Client\eqgame_dll\MQ2DataTypes.h(1262,17): warning C4091: 'static ': ignored on left of 'MQ2BuffType::BuffMembers' when no variable is declared [C:\EQS\Release-NMS-Client\eqgame_dll\eqgame_dll.vcxproj]
  (compiling source file 'MQ2DetourAPI.cpp')
  
C:\EQS\Release-NMS-Client\eqgame_dll\MQ2DataTypes.h(1272,17): warning C4091: 'static ': ignored on left of 'MQ2BuffType::BuffMethods' when no variable is declared [C:\EQS\Release-NMS-Client\eqgame_dll\eqgame_dll.vcxproj]
  (compiling source file 'MQ2DetourAPI.cpp')
  
C:\EQS\Release-NMS-Client\eqgame_dll\MQ2DataTypes.h(1336,17): warning C4091: 'static ': ignored on left of 'MQ2ItemType::ItemMembers' when no variable is declared [C:\EQS\Release-NMS-Client\eqgame_dll\eqgame_dll.vcxproj]
  (compiling source file 'MQ2DetourAPI.cpp')
  
C:\EQS\Release-NMS-Client\eqgame_dll\MQ2DataTypes.h(1469,17): warning C4091: 'static ': ignored on left of 'MQ2ItemType::ItemMethods' when no variable is declared [C:\EQS\Release-NMS-Client\eqgame_dll\eqgame_dll.vcxproj]
  (compiling source file 'MQ2DetourAPI.cpp')
  
C:\EQS\Release-NMS-Client\eqgame_dll\MQ2DataTypes.h(1647,17): warning C4091: 'static ': ignored on left of 'MQ2SwitchType::SwitchMembers' when no variable is declared [C:\EQS\Release-NMS-Client\eqgame_dll\eqgame_dll.vcxproj]
  (compiling source file 'MQ2DetourAPI.cpp')
  
C:\EQS\Release-NMS-Client\eqgame_dll\MQ2DataTypes.h(1670,17): warning C4091: 'static ': ignored on left of 'MQ2SwitchType::SwitchMethods' when no variable is declared [C:\EQS\Release-NMS-Client\eqgame_dll\eqgame_dll.vcxproj]
  (compiling source file 'MQ2DetourAPI.cpp')
  
C:\EQS\Release-NMS-Client\eqgame_dll\MQ2DataTypes.h(167,17): warning C4091: 'static ': ignored on left of 'MQ2IntType::IntMembers' when no variable is declared [C:\EQS\Release-NMS-Client\eqgame_dll\eqgame_dll.vcxproj]
  (compiling source file 'MQ2DataVars.cpp')
  
C:\EQS\Release-NMS-Client\eqgame_dll\MQ2DataTypes.h(1735,17): warning C4091: 'static ': ignored on left of 'MQ2GroundType::GroundMembers' when no variable is declared [C:\EQS\Release-NMS-Client\eqgame_dll\eqgame_dll.vcxproj]
  (compiling source file 'MQ2DetourAPI.cpp')
  
C:\EQS\Release-NMS-Client\eqgame_dll\MQ2DataTypes.h(207,17): warning C4091: 'static ': ignored on left of 'MQ2ArgbType::ArgbMembers' when no variable is declared [C:\EQS\Release-NMS-Client\eqgame_dll\eqgame_dll.vcxproj]
  (compiling source file 'MQ2DataVars.cpp')
  
C:\EQS\Release-NMS-Client\eqgame_dll\MQ2DataTypes.h(1750,17): warning C4091: 'static ': ignored on left of 'MQ2GroundType::GroundMethods' when no variable is declared [C:\EQS\Release-NMS-Client\eqgame_dll\eqgame_dll.vcxproj]
  (compiling source file 'MQ2DetourAPI.cpp')
  
C:\EQS\Release-NMS-Client\eqgame_dll\MQ2DataTypes.h(1811,17): warning C4091: 'static ': ignored on left of 'MQ2CorpseType::CorpseMembers' when no variable is declared [C:\EQS\Release-NMS-Client\eqgame_dll\eqgame_dll.vcxproj]
  (compiling source file 'MQ2DetourAPI.cpp')
  
C:\EQS\Release-NMS-Client\eqgame_dll\MQ2DataTypes.h(1817,17): warning C4091: 'static ': ignored on left of 'MQ2CorpseType::CorpseMethods' when no variable is declared [C:\EQS\Release-NMS-Client\eqgame_dll\eqgame_dll.vcxproj]
  (compiling source file 'MQ2DetourAPI.cpp')
  
C:\EQS\Release-NMS-Client\eqgame_dll\MQ2DataTypes.h(284,17): warning C4091: 'static ': ignored on left of 'MQ2StringType::StringMembers' when no variable is declared [C:\EQS\Release-NMS-Client\eqgame_dll\eqgame_dll.vcxproj]
  (compiling source file 'MQ2DataVars.cpp')
  
C:\EQS\Release-NMS-Client\eqgame_dll\MQ2DataTypes.h(1860,17): warning C4091: 'static ': ignored on left of 'MQ2MerchantType::MerchantMembers' when no variable is declared [C:\EQS\Release-NMS-Client\eqgame_dll\eqgame_dll.vcxproj]
  (compiling source file 'MQ2DetourAPI.cpp')
  
C:\EQS\Release-NMS-Client\eqgame_dll\MQ2DataTypes.h(1868,17): warning C4091: 'static ': ignored on left of 'MQ2MerchantType::MerchantMethods' when no variable is declared [C:\EQS\Release-NMS-Client\eqgame_dll\eqgame_dll.vcxproj]
  (compiling source file 'MQ2DetourAPI.cpp')
  
C:\EQS\Release-NMS-Client\eqgame_dll\MQ2DataTypes.h(360,17): warning C4091: 'static ': ignored on left of 'MQ2FloatType::FloatMembers' when no variable is declared [C:\EQS\Release-NMS-Client\eqgame_dll\eqgame_dll.vcxproj]
  (compiling source file 'MQ2DataVars.cpp')
  
C:\EQS\Release-NMS-Client\eqgame_dll\MQ2DataTypes.h(1913,17): warning C4091: 'static ': ignored on left of 'MQ2WindowType::WindowMembers' when no variable is declared [C:\EQS\Release-NMS-Client\eqgame_dll\eqgame_dll.vcxproj]
  (compiling source file 'MQ2DetourAPI.cpp')
  
C:\EQS\Release-NMS-Client\eqgame_dll\MQ2DataTypes.h(1949,17): warning C4091: 'static ': ignored on left of 'MQ2WindowType::WindowMethods' when no variable is declared [C:\EQS\Release-NMS-Client\eqgame_dll\eqgame_dll.vcxproj]
  (compiling source file 'MQ2DetourAPI.cpp')
  
C:\EQS\Release-NMS-Client\eqgame_dll\MQ2DataTypes.h(408,17): warning C4091: 'static ': ignored on left of 'MQ2TicksType::TicksMembers' when no variable is declared [C:\EQS\Release-NMS-Client\eqgame_dll\eqgame_dll.vcxproj]
  (compiling source file 'MQ2DataVars.cpp')
  
C:\EQS\Release-NMS-Client\eqgame_dll\MQ2DataTypes.h(2048,17): warning C4091: 'static ': ignored on left of 'MQ2MacroType::MacroMembers' when no variable is declared [C:\EQS\Release-NMS-Client\eqgame_dll\eqgame_dll.vcxproj]
  (compiling source file 'MQ2DetourAPI.cpp')
  
C:\EQS\Release-NMS-Client\eqgame_dll\MQ2DataTypes.h(459,17): warning C4091: 'static ': ignored on left of 'MQ2SpawnType::SpawnMembers' when no variable is declared [C:\EQS\Release-NMS-Client\eqgame_dll\eqgame_dll.vcxproj]
  (compiling source file 'MQ2DataVars.cpp')
  
C:\EQS\Release-NMS-Client\eqgame_dll\MQ2DataTypes.h(559,17): warning C4091: 'static ': ignored on left of 'MQ2SpawnType::SpawnMethods' when no variable is declared [C:\EQS\Release-NMS-Client\eqgame_dll\eqgame_dll.vcxproj]
  (compiling source file 'MQ2DataVars.cpp')
  
C:\EQS\Release-NMS-Client\eqgame_dll\MQ2DataTypes.h(2096,17): warning C4091: 'static ': ignored on left of 'MQ2ZoneType::ZoneMembers' when no variable is declared [C:\EQS\Release-NMS-Client\eqgame_dll\eqgame_dll.vcxproj]
  (compiling source file 'MQ2DetourAPI.cpp')
  
C:\EQS\Release-NMS-Client\eqgame_dll\MQ2DataTypes.h(2143,17): warning C4091: 'static ': ignored on left of 'MQ2CurrentZoneType::CurrentZoneMembers' when no variable is declared [C:\EQS\Release-NMS-Client\eqgame_dll\eqgame_dll.vcxproj]
  (compiling source file 'MQ2DetourAPI.cpp')
  
C:\EQS\Release-NMS-Client\eqgame_dll\MQ2DataTypes.h(167,17): warning C4091: 'static ': ignored on left of 'MQ2IntType::IntMembers' when no variable is declared [C:\EQS\Release-NMS-Client\eqgame_dll\eqgame_dll.vcxproj]
  (compiling source file 'MQ2FloatingText.cpp')
  
C:\EQS\Release-NMS-Client\eqgame_dll\MQ2DataTypes.h(207,17): warning C4091: 'static ': ignored on left of 'MQ2ArgbType::ArgbMembers' when no variable is declared [C:\EQS\Release-NMS-Client\eqgame_dll\eqgame_dll.vcxproj]
  (compiling source file 'MQ2FloatingText.cpp')
  
C:\EQS\Release-NMS-Client\eqgame_dll\MQ2DataTypes.h(2205,17): warning C4091: 'static ': ignored on left of 'MQ2MacroQuestType::MacroQuestMembers' when no variable is declared [C:\EQS\Release-NMS-Client\eqgame_dll\eqgame_dll.vcxproj]
  (compiling source file 'MQ2DetourAPI.cpp')
  
C:\EQS\Release-NMS-Client\eqgame_dll\MQ2DataTypes.h(2230,17): warning C4091: 'static ': ignored on left of 'MQ2MacroQuestType::MacroQuestMethods' when no variable is declared [C:\EQS\Release-NMS-Client\eqgame_dll\eqgame_dll.vcxproj]
  (compiling source file 'MQ2DetourAPI.cpp')
  
C:\EQS\Release-NMS-Client\eqgame_dll\MQ2DataTypes.h(284,17): warning C4091: 'static ': ignored on left of 'MQ2StringType::StringMembers' when no variable is declared [C:\EQS\Release-NMS-Client\eqgame_dll\eqgame_dll.vcxproj]
  (compiling source file 'MQ2FloatingText.cpp')
  
C:\EQS\Release-NMS-Client\eqgame_dll\MQ2DataTypes.h(2283,17): warning C4091: 'static ': ignored on left of 'MQ2MathType::MathMembers' when no variable is declared [C:\EQS\Release-NMS-Client\eqgame_dll\eqgame_dll.vcxproj]
  (compiling source file 'MQ2DetourAPI.cpp')
  
C:\EQS\Release-NMS-Client\eqgame_dll\MQ2DataTypes.h(360,17): warning C4091: 'static ': ignored on left of 'MQ2FloatType::FloatMembers' when no variable is declared [C:\EQS\Release-NMS-Client\eqgame_dll\eqgame_dll.vcxproj]
  (compiling source file 'MQ2FloatingText.cpp')
  
C:\EQS\Release-NMS-Client\eqgame_dll\MQ2DataTypes.h(2341,17): warning C4091: 'static ': ignored on left of 'MQ2RaceType::RaceMembers' when no variable is declared [C:\EQS\Release-NMS-Client\eqgame_dll\eqgame_dll.vcxproj]
  (compiling source file 'MQ2DetourAPI.cpp')
  
C:\EQS\Release-NMS-Client\eqgame_dll\MQ2DataTypes.h(729,17): warning C4091: 'static ': ignored on left of 'MQ2CharacterType::CharacterMembers' when no variable is declared [C:\EQS\Release-NMS-Client\eqgame_dll\eqgame_dll.vcxproj]
  (compiling source file 'MQ2DataVars.cpp')
  
C:\EQS\Release-NMS-Client\eqgame_dll\MQ2DataTypes.h(917,17): warning C4091: 'static ': ignored on left of 'MQ2CharacterType::CharacterMethods' when no variable is declared [C:\EQS\Release-NMS-Client\eqgame_dll\eqgame_dll.vcxproj]
  (compiling source file 'MQ2DataVars.cpp')
  
C:\EQS\Release-NMS-Client\eqgame_dll\MQ2DataTypes.h(2379,17): warning C4091: 'static ': ignored on left of 'MQ2ClassType::ClassMembers' when no variable is declared [C:\EQS\Release-NMS-Client\eqgame_dll\eqgame_dll.vcxproj]
  (compiling source file 'MQ2DetourAPI.cpp')
  
C:\EQS\Release-NMS-Client\eqgame_dll\MQ2DataTypes.h(408,17): warning C4091: 'static ': ignored on left of 'MQ2TicksType::TicksMembers' when no variable is declared [C:\EQS\Release-NMS-Client\eqgame_dll\eqgame_dll.vcxproj]
  (compiling source file 'MQ2FloatingText.cpp')
  
C:\EQS\Release-NMS-Client\eqgame_dll\MQ2DataTypes.h(2434,17): warning C4091: 'static ': ignored on left of 'MQ2BodyType::BodyMembers' when no variable is declared [C:\EQS\Release-NMS-Client\eqgame_dll\eqgame_dll.vcxproj]
  (compiling source file 'MQ2DetourAPI.cpp')
  
C:\EQS\Release-NMS-Client\eqgame_dll\MQ2DataTypes.h(459,17): warning C4091: 'static ': ignored on left of 'MQ2SpawnType::SpawnMembers' when no variable is declared [C:\EQS\Release-NMS-Client\eqgame_dll\eqgame_dll.vcxproj]
  (compiling source file 'MQ2FloatingText.cpp')
  
C:\EQS\Release-NMS-Client\eqgame_dll\MQ2DataTypes.h(559,17): warning C4091: 'static ': ignored on left of 'MQ2SpawnType::SpawnMethods' when no variable is declared [C:\EQS\Release-NMS-Client\eqgame_dll\eqgame_dll.vcxproj]
  (compiling source file 'MQ2FloatingText.cpp')
  
C:\EQS\Release-NMS-Client\eqgame_dll\MQ2DataTypes.h(2471,17): warning C4091: 'static ': ignored on left of 'MQ2DeityType::DeityMembers' when no variable is declared [C:\EQS\Release-NMS-Client\eqgame_dll\eqgame_dll.vcxproj]
  (compiling source file 'MQ2DetourAPI.cpp')
  
C:\EQS\Release-NMS-Client\eqgame_dll\MQ2DataTypes.h(2511,17): warning C4091: 'static ': ignored on left of 'MQ2TimeType::TimeMembers' when no variable is declared [C:\EQS\Release-NMS-Client\eqgame_dll\eqgame_dll.vcxproj]
  (compiling source file 'MQ2DetourAPI.cpp')
  
C:\EQS\Release-NMS-Client\eqgame_dll\MQ2DataTypes.h(2586,17): warning C4091: 'static ': ignored on left of 'MQ2TypeType::TypeMembers' when no variable is declared [C:\EQS\Release-NMS-Client\eqgame_dll\eqgame_dll.vcxproj]
  (compiling source file 'MQ2DetourAPI.cpp')
  
C:\EQS\Release-NMS-Client\eqgame_dll\MQ2DataTypes.h(2624,17): warning C4091: 'static ': ignored on left of 'MQ2HeadingType::HeadingMembers' when no variable is declared [C:\EQS\Release-NMS-Client\eqgame_dll\eqgame_dll.vcxproj]
  (compiling source file 'MQ2DetourAPI.cpp')
  
C:\EQS\Release-NMS-Client\eqgame_dll\MQ2DataTypes.h(2632,17): warning C4091: 'static ': ignored on left of 'MQ2HeadingType::HeadingMethods' when no variable is declared [C:\EQS\Release-NMS-Client\eqgame_dll\eqgame_dll.vcxproj]
  (compiling source file 'MQ2DetourAPI.cpp')
  
C:\EQS\Release-NMS-Client\eqgame_dll\MQ2DataTypes.h(729,17): warning C4091: 'static ': ignored on left of 'MQ2CharacterType::CharacterMembers' when no variable is declared [C:\EQS\Release-NMS-Client\eqgame_dll\eqgame_dll.vcxproj]
  (compiling source file 'MQ2FloatingText.cpp')
  
C:\EQS\Release-NMS-Client\eqgame_dll\MQ2DataTypes.h(917,17): warning C4091: 'static ': ignored on left of 'MQ2CharacterType::CharacterMethods' when no variable is declared [C:\EQS\Release-NMS-Client\eqgame_dll\eqgame_dll.vcxproj]
  (compiling source file 'MQ2FloatingText.cpp')
  
C:\EQS\Release-NMS-Client\eqgame_dll\MQ2DataTypes.h(2678,17): warning C4091: 'static ': ignored on left of 'MQ2InvSlotType::InvSlotMembers' when no variable is declared [C:\EQS\Release-NMS-Client\eqgame_dll\eqgame_dll.vcxproj]
  (compiling source file 'MQ2DetourAPI.cpp')
  
C:\EQS\Release-NMS-Client\eqgame_dll\MQ2DataTypes.h(2686,17): warning C4091: 'static ': ignored on left of 'MQ2InvSlotType::InvSlotMethods' when no variable is declared [C:\EQS\Release-NMS-Client\eqgame_dll\eqgame_dll.vcxproj]
  (compiling source file 'MQ2DetourAPI.cpp')
  
C:\EQS\Release-NMS-Client\eqgame_dll\MQ2DataTypes.h(1158,17): warning C4091: 'static ': ignored on left of 'MQ2SpellType::SpellMembers' when no variable is declared [C:\EQS\Release-NMS-Client\eqgame_dll\eqgame_dll.vcxproj]
  (compiling source file 'MQ2DataVars.cpp')
  
C:\EQS\Release-NMS-Client\eqgame_dll\MQ2DataTypes.h(1188,17): warning C4091: 'static ': ignored on left of 'MQ2SpellType::SpellMethods' when no variable is declared [C:\EQS\Release-NMS-Client\eqgame_dll\eqgame_dll.vcxproj]
  (compiling source file 'MQ2DataVars.cpp')
  
C:\EQS\Release-NMS-Client\eqgame_dll\MQ2DataTypes.h(2740,17): warning C4091: 'static ': ignored on left of 'MQ2PluginType::PluginMembers' when no variable is declared [C:\EQS\Release-NMS-Client\eqgame_dll\eqgame_dll.vcxproj]
  (compiling source file 'MQ2DetourAPI.cpp')
  
C:\EQS\Release-NMS-Client\eqgame_dll\MQ2DataTypes.h(2782,17): warning C4091: 'static ': ignored on left of 'MQ2BenchmarkType::BenchmarkMembers' when no variable is declared [C:\EQS\Release-NMS-Client\eqgame_dll\eqgame_dll.vcxproj]
  (compiling source file 'MQ2DetourAPI.cpp')
  
C:\EQS\Release-NMS-Client\eqgame_dll\MQ2DataTypes.h(1262,17): warning C4091: 'static ': ignored on left of 'MQ2BuffType::BuffMembers' when no variable is declared [C:\EQS\Release-NMS-Client\eqgame_dll\eqgame_dll.vcxproj]
  (compiling source file 'MQ2DataVars.cpp')
  
C:\EQS\Release-NMS-Client\eqgame_dll\MQ2DataTypes.h(1272,17): warning C4091: 'static ': ignored on left of 'MQ2BuffType::BuffMethods' when no variable is declared [C:\EQS\Release-NMS-Client\eqgame_dll\eqgame_dll.vcxproj]
  (compiling source file 'MQ2DataVars.cpp')
  
C:\EQS\Release-NMS-Client\eqgame_dll\MQ2DataTypes.h(2828,17): warning C4091: 'static ': ignored on left of 'MQ2SkillType::SkillMembers' when no variable is declared [C:\EQS\Release-NMS-Client\eqgame_dll\eqgame_dll.vcxproj]
  (compiling source file 'MQ2DetourAPI.cpp')
  
C:\EQS\Release-NMS-Client\eqgame_dll\MQ2DataTypes.h(2838,17): warning C4091: 'static ': ignored on left of 'MQ2SkillType::SkillMethods' when no variable is declared [C:\EQS\Release-NMS-Client\eqgame_dll\eqgame_dll.vcxproj]
  (compiling source file 'MQ2DetourAPI.cpp')
  
C:\EQS\Release-NMS-Client\eqgame_dll\MQ2DataTypes.h(1336,17): warning C4091: 'static ': ignored on left of 'MQ2ItemType::ItemMembers' when no variable is declared [C:\EQS\Release-NMS-Client\eqgame_dll\eqgame_dll.vcxproj]
  (compiling source file 'MQ2DataVars.cpp')
  
C:\EQS\Release-NMS-Client\eqgame_dll\MQ2DataTypes.h(1469,17): warning C4091: 'static ': ignored on left of 'MQ2ItemType::ItemMethods' when no variable is declared [C:\EQS\Release-NMS-Client\eqgame_dll\eqgame_dll.vcxproj]
  (compiling source file 'MQ2DataVars.cpp')
  
C:\EQS\Release-NMS-Client\eqgame_dll\MQ2DataTypes.h(2887,17): warning C4091: 'static ': ignored on left of 'MQ2AltAbilityType::AltAbilityMembers' when no variable is declared [C:\EQS\Release-NMS-Client\eqgame_dll\eqgame_dll.vcxproj]
  (compiling source file 'MQ2DetourAPI.cpp')
  
C:\EQS\Release-NMS-Client\eqgame_dll\MQ2DataTypes.h(2904,17): warning C4091: 'static ': ignored on left of 'MQ2AltAbilityType::AltAbilityMethods' when no variable is declared [C:\EQS\Release-NMS-Client\eqgame_dll\eqgame_dll.vcxproj]
  (compiling source file 'MQ2DetourAPI.cpp')
  
C:\EQS\Release-NMS-Client\eqgame_dll\MQ2DataTypes.h(2949,17): warning C4091: 'static ': ignored on left of 'MQ2TimerType::TimerMembers' when no variable is declared [C:\EQS\Release-NMS-Client\eqgame_dll\eqgame_dll.vcxproj]
  (compiling source file 'MQ2DetourAPI.cpp')
  
C:\EQS\Release-NMS-Client\eqgame_dll\MQ2DataTypes.h(2954,17): warning C4091: 'static ': ignored on left of 'MQ2TimerType::TimerMethods' when no variable is declared [C:\EQS\Release-NMS-Client\eqgame_dll\eqgame_dll.vcxproj]
  (compiling source file 'MQ2DetourAPI.cpp')
  
C:\EQS\Release-NMS-Client\eqgame_dll\MQ2DataTypes.h(1158,17): warning C4091: 'static ': ignored on left of 'MQ2SpellType::SpellMembers' when no variable is declared [C:\EQS\Release-NMS-Client\eqgame_dll\eqgame_dll.vcxproj]
  (compiling source file 'MQ2FloatingText.cpp')
  
C:\EQS\Release-NMS-Client\eqgame_dll\MQ2DataTypes.h(1188,17): warning C4091: 'static ': ignored on left of 'MQ2SpellType::SpellMethods' when no variable is declared [C:\EQS\Release-NMS-Client\eqgame_dll\eqgame_dll.vcxproj]
  (compiling source file 'MQ2FloatingText.cpp')
  
  MQ2MapCommands.cpp
C:\EQS\Release-NMS-Client\eqgame_dll\MQ2DataTypes.h(3051,17): warning C4091: 'static ': ignored on left of 'MQ2ArrayType::ArrayMembers' when no variable is declared [C:\EQS\Release-NMS-Client\eqgame_dll\eqgame_dll.vcxproj]
  (compiling source file 'MQ2DetourAPI.cpp')
  
C:\EQS\Release-NMS-Client\eqgame_dll\MQ2DataTypes.h(1262,17): warning C4091: 'static ': ignored on left of 'MQ2BuffType::BuffMembers' when no variable is declared [C:\EQS\Release-NMS-Client\eqgame_dll\eqgame_dll.vcxproj]
  (compiling source file 'MQ2FloatingText.cpp')
  
C:\EQS\Release-NMS-Client\eqgame_dll\MQ2DataTypes.h(1272,17): warning C4091: 'static ': ignored on left of 'MQ2BuffType::BuffMethods' when no variable is declared [C:\EQS\Release-NMS-Client\eqgame_dll\eqgame_dll.vcxproj]
  (compiling source file 'MQ2FloatingText.cpp')
  
C:\EQS\Release-NMS-Client\eqgame_dll\MQ2DataTypes.h(3096,17): warning C4091: 'static ': ignored on left of 'MQ2GroupType::GroupMembers' when no variable is declared [C:\EQS\Release-NMS-Client\eqgame_dll\eqgame_dll.vcxproj]
  (compiling source file 'MQ2DetourAPI.cpp')
  
C:\EQS\Release-NMS-Client\eqgame_dll\MQ2DataTypes.h(3106,17): warning C4091: 'static ': ignored on left of 'MQ2GroupType::GroupMethods' when no variable is declared [C:\EQS\Release-NMS-Client\eqgame_dll\eqgame_dll.vcxproj]
  (compiling source file 'MQ2DetourAPI.cpp')
  
C:\EQS\Release-NMS-Client\eqgame_dll\MQ2DataTypes.h(1647,17): warning C4091: 'static ': ignored on left of 'MQ2SwitchType::SwitchMembers' when no variable is declared [C:\EQS\Release-NMS-Client\eqgame_dll\eqgame_dll.vcxproj]
  (compiling source file 'MQ2DataVars.cpp')
  
C:\EQS\Release-NMS-Client\eqgame_dll\MQ2DataTypes.h(1670,17): warning C4091: 'static ': ignored on left of 'MQ2SwitchType::SwitchMethods' when no variable is declared [C:\EQS\Release-NMS-Client\eqgame_dll\eqgame_dll.vcxproj]
  (compiling source file 'MQ2DataVars.cpp')
  
C:\EQS\Release-NMS-Client\eqgame_dll\MQ2DataTypes.h(3141,17): warning C4091: 'static ': ignored on left of 'MQ2GroupMemberType::GroupMemberMembers' when no variable is declared [C:\EQS\Release-NMS-Client\eqgame_dll\eqgame_dll.vcxproj]
  (compiling source file 'MQ2DetourAPI.cpp')
  
C:\EQS\Release-NMS-Client\eqgame_dll\MQ2DataTypes.h(3153,17): warning C4091: 'static ': ignored on left of 'MQ2GroupMemberType::GroupMemberMethods' when no variable is declared [C:\EQS\Release-NMS-Client\eqgame_dll\eqgame_dll.vcxproj]
  (compiling source file 'MQ2DetourAPI.cpp')
  
C:\EQS\Release-NMS-Client\eqgame_dll\MQ2DataTypes.h(1336,17): warning C4091: 'static ': ignored on left of 'MQ2ItemType::ItemMembers' when no variable is declared [C:\EQS\Release-NMS-Client\eqgame_dll\eqgame_dll.vcxproj]
  (compiling source file 'MQ2FloatingText.cpp')
  
C:\EQS\Release-NMS-Client\eqgame_dll\MQ2DataTypes.h(1469,17): warning C4091: 'static ': ignored on left of 'MQ2ItemType::ItemMethods' when no variable is declared [C:\EQS\Release-NMS-Client\eqgame_dll\eqgame_dll.vcxproj]
  (compiling source file 'MQ2FloatingText.cpp')
  
C:\EQS\Release-NMS-Client\eqgame_dll\MQ2DataTypes.h(1735,17): warning C4091: 'static ': ignored on left of 'MQ2GroundType::GroundMembers' when no variable is declared [C:\EQS\Release-NMS-Client\eqgame_dll\eqgame_dll.vcxproj]
  (compiling source file 'MQ2DataVars.cpp')
  
C:\EQS\Release-NMS-Client\eqgame_dll\MQ2DataTypes.h(3195,17): warning C4091: 'static ': ignored on left of 'MQ2RaidType::RaidMembers' when no variable is declared [C:\EQS\Release-NMS-Client\eqgame_dll\eqgame_dll.vcxproj]
  (compiling source file 'MQ2DetourAPI.cpp')
  
C:\EQS\Release-NMS-Client\eqgame_dll\MQ2DataTypes.h(1750,17): warning C4091: 'static ': ignored on left of 'MQ2GroundType::GroundMethods' when no variable is declared [C:\EQS\Release-NMS-Client\eqgame_dll\eqgame_dll.vcxproj]
  (compiling source file 'MQ2DataVars.cpp')
  
C:\EQS\Release-NMS-Client\eqgame_dll\MQ2DataTypes.h(3210,17): warning C4091: 'static ': ignored on left of 'MQ2RaidType::RaidMethods' when no variable is declared [C:\EQS\Release-NMS-Client\eqgame_dll\eqgame_dll.vcxproj]
  (compiling source file 'MQ2DetourAPI.cpp')
  
C:\EQS\Release-NMS-Client\eqgame_dll\MQ2DataTypes.h(3254,17): warning C4091: 'static ': ignored on left of 'MQ2RaidMemberType::RaidMemberMembers' when no variable is declared [C:\EQS\Release-NMS-Client\eqgame_dll\eqgame_dll.vcxproj]
  (compiling source file 'MQ2DetourAPI.cpp')
  
C:\EQS\Release-NMS-Client\eqgame_dll\MQ2DataTypes.h(3265,17): warning C4091: 'static ': ignored on left of 'MQ2RaidMemberType::RaidMemberMethods' when no variable is declared [C:\EQS\Release-NMS-Client\eqgame_dll\eqgame_dll.vcxproj]
  (compiling source file 'MQ2DetourAPI.cpp')
  
C:\EQS\Release-NMS-Client\eqgame_dll\MQ2DataTypes.h(1811,17): warning C4091: 'static ': ignored on left of 'MQ2CorpseType::CorpseMembers' when no variable is declared [C:\EQS\Release-NMS-Client\eqgame_dll\eqgame_dll.vcxproj]
  (compiling source file 'MQ2DataVars.cpp')
  
C:\EQS\Release-NMS-Client\eqgame_dll\MQ2DataTypes.h(1817,17): warning C4091: 'static ': ignored on left of 'MQ2CorpseType::CorpseMethods' when no variable is declared [C:\EQS\Release-NMS-Client\eqgame_dll\eqgame_dll.vcxproj]
  (compiling source file 'MQ2DataVars.cpp')
  
C:\EQS\Release-NMS-Client\eqgame_dll\MQ2DataTypes.h(3314,17): warning C4091: 'static ': ignored on left of 'MQ2EvolvingItemType::EvolvingItemMembers' when no variable is declared [C:\EQS\Release-NMS-Client\eqgame_dll\eqgame_dll.vcxproj]
  (compiling source file 'MQ2DetourAPI.cpp')
  
C:\EQS\Release-NMS-Client\eqgame_dll\MQ2DataTypes.h(1860,17): warning C4091: 'static ': ignored on left of 'MQ2MerchantType::MerchantMembers' when no variable is declared [C:\EQS\Release-NMS-Client\eqgame_dll\eqgame_dll.vcxproj]
  (compiling source file 'MQ2DataVars.cpp')
  
C:\EQS\Release-NMS-Client\eqgame_dll\MQ2DataTypes.h(1868,17): warning C4091: 'static ': ignored on left of 'MQ2MerchantType::MerchantMethods' when no variable is declared [C:\EQS\Release-NMS-Client\eqgame_dll\eqgame_dll.vcxproj]
  (compiling source file 'MQ2DataVars.cpp')
  
C:\EQS\Release-NMS-Client\eqgame_dll\MQ2DataTypes.h(3356,17): warning C4091: 'static ': ignored on left of 'MQ2DynamicZoneType::DynamicZoneMembers' when no variable is declared [C:\EQS\Release-NMS-Client\eqgame_dll\eqgame_dll.vcxproj]
  (compiling source file 'MQ2DetourAPI.cpp')
  
C:\EQS\Release-NMS-Client\eqgame_dll\MQ2DataTypes.h(1913,17): warning C4091: 'static ': ignored on left of 'MQ2WindowType::WindowMembers' when no variable is declared [C:\EQS\Release-NMS-Client\eqgame_dll\eqgame_dll.vcxproj]
  (compiling source file 'MQ2DataVars.cpp')
  
C:\EQS\Release-NMS-Client\eqgame_dll\MQ2DataTypes.h(1949,17): warning C4091: 'static ': ignored on left of 'MQ2WindowType::WindowMethods' when no variable is declared [C:\EQS\Release-NMS-Client\eqgame_dll\eqgame_dll.vcxproj]
  (compiling source file 'MQ2DataVars.cpp')
  
C:\EQS\Release-NMS-Client\eqgame_dll\MQ2DataTypes.h(3398,17): warning C4091: 'static ': ignored on left of 'MQ2DZMemberType::DZMemberTypeMembers' when no variable is declared [C:\EQS\Release-NMS-Client\eqgame_dll\eqgame_dll.vcxproj]
  (compiling source file 'MQ2DetourAPI.cpp')
  
C:\EQS\Release-NMS-Client\eqgame_dll\MQ2DataTypes.h(3430,17): warning C4091: 'static ': ignored on left of 'MQ2FellowshipType::FellowshipTypeMembers' when no variable is declared [C:\EQS\Release-NMS-Client\eqgame_dll\eqgame_dll.vcxproj]
  (compiling source file 'MQ2DetourAPI.cpp')
  
C:\EQS\Release-NMS-Client\eqgame_dll\MQ2DataTypes.h(2048,17): warning C4091: 'static ': ignored on left of 'MQ2MacroType::MacroMembers' when no variable is declared [C:\EQS\Release-NMS-Client\eqgame_dll\eqgame_dll.vcxproj]
  (compiling source file 'MQ2DataVars.cpp')
  
C:\EQS\Release-NMS-Client\eqgame_dll\MQ2DataTypes.h(1647,17): warning C4091: 'static ': ignored on left of 'MQ2SwitchType::SwitchMembers' when no variable is declared [C:\EQS\Release-NMS-Client\eqgame_dll\eqgame_dll.vcxproj]
  (compiling source file 'MQ2FloatingText.cpp')
  
C:\EQS\Release-NMS-Client\eqgame_dll\MQ2DataTypes.h(1670,17): warning C4091: 'static ': ignored on left of 'MQ2SwitchType::SwitchMethods' when no variable is declared [C:\EQS\Release-NMS-Client\eqgame_dll\eqgame_dll.vcxproj]
  (compiling source file 'MQ2FloatingText.cpp')
  
C:\EQS\Release-NMS-Client\eqgame_dll\MQ2DataTypes.h(2096,17): warning C4091: 'static ': ignored on left of 'MQ2ZoneType::ZoneMembers' when no variable is declared [C:\EQS\Release-NMS-Client\eqgame_dll\eqgame_dll.vcxproj]
  (compiling source file 'MQ2DataVars.cpp')
  
C:\EQS\Release-NMS-Client\eqgame_dll\MQ2DataTypes.h(3483,17): warning C4091: 'static ': ignored on left of 'MQ2FellowshipMemberType::FMTypeMembers' when no variable is declared [C:\EQS\Release-NMS-Client\eqgame_dll\eqgame_dll.vcxproj]
  (compiling source file 'MQ2DetourAPI.cpp')
  
C:\EQS\Release-NMS-Client\eqgame_dll\MQ2DataTypes.h(2143,17): warning C4091: 'static ': ignored on left of 'MQ2CurrentZoneType::CurrentZoneMembers' when no variable is declared [C:\EQS\Release-NMS-Client\eqgame_dll\eqgame_dll.vcxproj]
  (compiling source file 'MQ2DataVars.cpp')
  
C:\EQS\Release-NMS-Client\eqgame_dll\MQ2DataTypes.h(3521,17): warning C4091: 'static ': ignored on left of 'MQ2FriendsType::FriendsMembers' when no variable is declared [C:\EQS\Release-NMS-Client\eqgame_dll\eqgame_dll.vcxproj]
  (compiling source file 'MQ2DetourAPI.cpp')
  
C:\EQS\Release-NMS-Client\eqgame_dll\MQ2DataTypes.h(3525,17): warning C4091: 'static ': ignored on left of 'MQ2FriendsType::FriendsMethods' when no variable is declared [C:\EQS\Release-NMS-Client\eqgame_dll\eqgame_dll.vcxproj]
  (compiling source file 'MQ2DetourAPI.cpp')
  
C:\EQS\Release-NMS-Client\eqgame_dll\MQ2DataTypes.h(1735,17): warning C4091: 'static ': ignored on left of 'MQ2GroundType::GroundMembers' when no variable is declared [C:\EQS\Release-NMS-Client\eqgame_dll\eqgame_dll.vcxproj]
  (compiling source file 'MQ2FloatingText.cpp')
  
C:\EQS\Release-NMS-Client\eqgame_dll\MQ2DataTypes.h(1750,17): warning C4091: 'static ': ignored on left of 'MQ2GroundType::GroundMethods' when no variable is declared [C:\EQS\Release-NMS-Client\eqgame_dll\eqgame_dll.vcxproj]
  (compiling source file 'MQ2FloatingText.cpp')
  
C:\EQS\Release-NMS-Client\eqgame_dll\MQ2DataTypes.h(3564,17): warning C4091: 'static ': ignored on left of 'MQ2TargetType::TargetMembers' when no variable is declared [C:\EQS\Release-NMS-Client\eqgame_dll\eqgame_dll.vcxproj]
  (compiling source file 'MQ2DetourAPI.cpp')
  
C:\EQS\Release-NMS-Client\eqgame_dll\MQ2DataTypes.h(2205,17): warning C4091: 'static ': ignored on left of 'MQ2MacroQuestType::MacroQuestMembers' when no variable is declared [C:\EQS\Release-NMS-Client\eqgame_dll\eqgame_dll.vcxproj]
  (compiling source file 'MQ2DataVars.cpp')
  
C:\EQS\Release-NMS-Client\eqgame_dll\MQ2DataTypes.h(2230,17): warning C4091: 'static ': ignored on left of 'MQ2MacroQuestType::MacroQuestMethods' when no variable is declared [C:\EQS\Release-NMS-Client\eqgame_dll\eqgame_dll.vcxproj]
  (compiling source file 'MQ2DataVars.cpp')
  
C:\EQS\Release-NMS-Client\eqgame_dll\MQ2DataTypes.h(1811,17): warning C4091: 'static ': ignored on left of 'MQ2CorpseType::CorpseMembers' when no variable is declared [C:\EQS\Release-NMS-Client\eqgame_dll\eqgame_dll.vcxproj]
  (compiling source file 'MQ2FloatingText.cpp')
  
C:\EQS\Release-NMS-Client\eqgame_dll\MQ2DataTypes.h(1817,17): warning C4091: 'static ': ignored on left of 'MQ2CorpseType::CorpseMethods' when no variable is declared [C:\EQS\Release-NMS-Client\eqgame_dll\eqgame_dll.vcxproj]
  (compiling source file 'MQ2FloatingText.cpp')
  
C:\EQS\Release-NMS-Client\eqgame_dll\MQ2DataTypes.h(1860,17): warning C4091: 'static ': ignored on left of 'MQ2MerchantType::MerchantMembers' when no variable is declared [C:\EQS\Release-NMS-Client\eqgame_dll\eqgame_dll.vcxproj]
  (compiling source file 'MQ2FloatingText.cpp')
  
C:\EQS\Release-NMS-Client\eqgame_dll\MQ2DataTypes.h(1868,17): warning C4091: 'static ': ignored on left of 'MQ2MerchantType::MerchantMethods' when no variable is declared [C:\EQS\Release-NMS-Client\eqgame_dll\eqgame_dll.vcxproj]
  (compiling source file 'MQ2FloatingText.cpp')
  
C:\EQS\Release-NMS-Client\eqgame_dll\MQ2DataTypes.h(2283,17): warning C4091: 'static ': ignored on left of 'MQ2MathType::MathMembers' when no variable is declared [C:\EQS\Release-NMS-Client\eqgame_dll\eqgame_dll.vcxproj]
  (compiling source file 'MQ2DataVars.cpp')
  
C:\EQS\Release-NMS-Client\eqgame_dll\MQ2DataTypes.h(3644,17): warning C4091: 'static ': ignored on left of 'MQ2XTargetType::xTargetMembers' when no variable is declared [C:\EQS\Release-NMS-Client\eqgame_dll\eqgame_dll.vcxproj]
  (compiling source file 'MQ2DetourAPI.cpp')
  
C:\EQS\Release-NMS-Client\eqgame_dll\MQ2DataTypes.h(1913,17): warning C4091: 'static ': ignored on left of 'MQ2WindowType::WindowMembers' when no variable is declared [C:\EQS\Release-NMS-Client\eqgame_dll\eqgame_dll.vcxproj]
  (compiling source file 'MQ2FloatingText.cpp')
  
C:\EQS\Release-NMS-Client\eqgame_dll\MQ2DataTypes.h(1949,17): warning C4091: 'static ': ignored on left of 'MQ2WindowType::WindowMethods' when no variable is declared [C:\EQS\Release-NMS-Client\eqgame_dll\eqgame_dll.vcxproj]
  (compiling source file 'MQ2FloatingText.cpp')
  
C:\EQS\Release-NMS-Client\eqgame_dll\MQ2DataTypes.h(2341,17): warning C4091: 'static ': ignored on left of 'MQ2RaceType::RaceMembers' when no variable is declared [C:\EQS\Release-NMS-Client\eqgame_dll\eqgame_dll.vcxproj]
  (compiling source file 'MQ2DataVars.cpp')
  
C:\EQS\Release-NMS-Client\eqgame_dll\MQ2DataTypes.h(2379,17): warning C4091: 'static ': ignored on left of 'MQ2ClassType::ClassMembers' when no variable is declared [C:\EQS\Release-NMS-Client\eqgame_dll\eqgame_dll.vcxproj]
  (compiling source file 'MQ2DataVars.cpp')
  
C:\EQS\Release-NMS-Client\eqgame_dll\MQ2DataTypes.h(2048,17): warning C4091: 'static ': ignored on left of 'MQ2MacroType::MacroMembers' when no variable is declared [C:\EQS\Release-NMS-Client\eqgame_dll\eqgame_dll.vcxproj]
  (compiling source file 'MQ2FloatingText.cpp')
  
C:\EQS\Release-NMS-Client\eqgame_dll\MQ2DataTypes.h(2434,17): warning C4091: 'static ': ignored on left of 'MQ2BodyType::BodyMembers' when no variable is declared [C:\EQS\Release-NMS-Client\eqgame_dll\eqgame_dll.vcxproj]
  (compiling source file 'MQ2DataVars.cpp')
  
C:\EQS\Release-NMS-Client\eqgame_dll\MQ2DataTypes.h(2096,17): warning C4091: 'static ': ignored on left of 'MQ2ZoneType::ZoneMembers' when no variable is declared [C:\EQS\Release-NMS-Client\eqgame_dll\eqgame_dll.vcxproj]
  (compiling source file 'MQ2FloatingText.cpp')
  
C:\EQS\Release-NMS-Client\eqgame_dll\MQ2DataTypes.h(2471,17): warning C4091: 'static ': ignored on left of 'MQ2DeityType::DeityMembers' when no variable is declared [C:\EQS\Release-NMS-Client\eqgame_dll\eqgame_dll.vcxproj]
  (compiling source file 'MQ2DataVars.cpp')
  
C:\EQS\Release-NMS-Client\eqgame_dll\MQ2DataTypes.h(2143,17): warning C4091: 'static ': ignored on left of 'MQ2CurrentZoneType::CurrentZoneMembers' when no variable is declared [C:\EQS\Release-NMS-Client\eqgame_dll\eqgame_dll.vcxproj]
  (compiling source file 'MQ2FloatingText.cpp')
  
C:\EQS\Release-NMS-Client\eqgame_dll\MQ2DataTypes.h(2511,17): warning C4091: 'static ': ignored on left of 'MQ2TimeType::TimeMembers' when no variable is declared [C:\EQS\Release-NMS-Client\eqgame_dll\eqgame_dll.vcxproj]
  (compiling source file 'MQ2DataVars.cpp')
  
C:\EQS\Release-NMS-Client\eqgame_dll\MQ2DataTypes.h(2205,17): warning C4091: 'static ': ignored on left of 'MQ2MacroQuestType::MacroQuestMembers' when no variable is declared [C:\EQS\Release-NMS-Client\eqgame_dll\eqgame_dll.vcxproj]
  (compiling source file 'MQ2FloatingText.cpp')
  
C:\EQS\Release-NMS-Client\eqgame_dll\MQ2DataTypes.h(2230,17): warning C4091: 'static ': ignored on left of 'MQ2MacroQuestType::MacroQuestMethods' when no variable is declared [C:\EQS\Release-NMS-Client\eqgame_dll\eqgame_dll.vcxproj]
  (compiling source file 'MQ2FloatingText.cpp')
  
C:\EQS\Release-NMS-Client\eqgame_dll\MQ2DataTypes.h(2586,17): warning C4091: 'static ': ignored on left of 'MQ2TypeType::TypeMembers' when no variable is declared [C:\EQS\Release-NMS-Client\eqgame_dll\eqgame_dll.vcxproj]
  (compiling source file 'MQ2DataVars.cpp')
  
C:\EQS\Release-NMS-Client\eqgame_dll\MQ2DataTypes.h(2283,17): warning C4091: 'static ': ignored on left of 'MQ2MathType::MathMembers' when no variable is declared [C:\EQS\Release-NMS-Client\eqgame_dll\eqgame_dll.vcxproj]
  (compiling source file 'MQ2FloatingText.cpp')
  
C:\EQS\Release-NMS-Client\eqgame_dll\MQ2DataTypes.h(2624,17): warning C4091: 'static ': ignored on left of 'MQ2HeadingType::HeadingMembers' when no variable is declared [C:\EQS\Release-NMS-Client\eqgame_dll\eqgame_dll.vcxproj]
  (compiling source file 'MQ2DataVars.cpp')
  
C:\EQS\Release-NMS-Client\eqgame_dll\MQ2DataTypes.h(2632,17): warning C4091: 'static ': ignored on left of 'MQ2HeadingType::HeadingMethods' when no variable is declared [C:\EQS\Release-NMS-Client\eqgame_dll\eqgame_dll.vcxproj]
  (compiling source file 'MQ2DataVars.cpp')
  
C:\EQS\Release-NMS-Client\eqgame_dll\MQ2DataTypes.h(2341,17): warning C4091: 'static ': ignored on left of 'MQ2RaceType::RaceMembers' when no variable is declared [C:\EQS\Release-NMS-Client\eqgame_dll\eqgame_dll.vcxproj]
  (compiling source file 'MQ2FloatingText.cpp')
  
C:\EQS\Release-NMS-Client\eqgame_dll\MQ2DataTypes.h(2678,17): warning C4091: 'static ': ignored on left of 'MQ2InvSlotType::InvSlotMembers' when no variable is declared [C:\EQS\Release-NMS-Client\eqgame_dll\eqgame_dll.vcxproj]
  (compiling source file 'MQ2DataVars.cpp')
  
C:\EQS\Release-NMS-Client\eqgame_dll\MQ2DataTypes.h(2686,17): warning C4091: 'static ': ignored on left of 'MQ2InvSlotType::InvSlotMethods' when no variable is declared [C:\EQS\Release-NMS-Client\eqgame_dll\eqgame_dll.vcxproj]
  (compiling source file 'MQ2DataVars.cpp')
  
C:\EQS\Release-NMS-Client\eqgame_dll\MQ2DataTypes.h(2379,17): warning C4091: 'static ': ignored on left of 'MQ2ClassType::ClassMembers' when no variable is declared [C:\EQS\Release-NMS-Client\eqgame_dll\eqgame_dll.vcxproj]
  (compiling source file 'MQ2FloatingText.cpp')
  
C:\EQS\Release-NMS-Client\eqgame_dll\MQ2DataTypes.h(2740,17): warning C4091: 'static ': ignored on left of 'MQ2PluginType::PluginMembers' when no variable is declared [C:\EQS\Release-NMS-Client\eqgame_dll\eqgame_dll.vcxproj]
  (compiling source file 'MQ2DataVars.cpp')
  
C:\EQS\Release-NMS-Client\eqgame_dll\MQ2DataTypes.h(2434,17): warning C4091: 'static ': ignored on left of 'MQ2BodyType::BodyMembers' when no variable is declared [C:\EQS\Release-NMS-Client\eqgame_dll\eqgame_dll.vcxproj]
  (compiling source file 'MQ2FloatingText.cpp')
  
C:\EQS\Release-NMS-Client\eqgame_dll\MQ2DataTypes.h(2782,17): warning C4091: 'static ': ignored on left of 'MQ2BenchmarkType::BenchmarkMembers' when no variable is declared [C:\EQS\Release-NMS-Client\eqgame_dll\eqgame_dll.vcxproj]
  (compiling source file 'MQ2DataVars.cpp')
  
C:\EQS\Release-NMS-Client\eqgame_dll\MQ2DataTypes.h(2471,17): warning C4091: 'static ': ignored on left of 'MQ2DeityType::DeityMembers' when no variable is declared [C:\EQS\Release-NMS-Client\eqgame_dll\eqgame_dll.vcxproj]
  (compiling source file 'MQ2FloatingText.cpp')
  
C:\EQS\Release-NMS-Client\eqgame_dll\MQ2DataTypes.h(2828,17): warning C4091: 'static ': ignored on left of 'MQ2SkillType::SkillMembers' when no variable is declared [C:\EQS\Release-NMS-Client\eqgame_dll\eqgame_dll.vcxproj]
  (compiling source file 'MQ2DataVars.cpp')
  
C:\EQS\Release-NMS-Client\eqgame_dll\MQ2DataTypes.h(2838,17): warning C4091: 'static ': ignored on left of 'MQ2SkillType::SkillMethods' when no variable is declared [C:\EQS\Release-NMS-Client\eqgame_dll\eqgame_dll.vcxproj]
  (compiling source file 'MQ2DataVars.cpp')
  
C:\EQS\Release-NMS-Client\eqgame_dll\MQ2DataTypes.h(2511,17): warning C4091: 'static ': ignored on left of 'MQ2TimeType::TimeMembers' when no variable is declared [C:\EQS\Release-NMS-Client\eqgame_dll\eqgame_dll.vcxproj]
  (compiling source file 'MQ2FloatingText.cpp')
  
C:\EQS\Release-NMS-Client\eqgame_dll\MQ2DataTypes.h(2887,17): warning C4091: 'static ': ignored on left of 'MQ2AltAbilityType::AltAbilityMembers' when no variable is declared [C:\EQS\Release-NMS-Client\eqgame_dll\eqgame_dll.vcxproj]
  (compiling source file 'MQ2DataVars.cpp')
  
C:\EQS\Release-NMS-Client\eqgame_dll\MQ2DataTypes.h(2904,17): warning C4091: 'static ': ignored on left of 'MQ2AltAbilityType::AltAbilityMethods' when no variable is declared [C:\EQS\Release-NMS-Client\eqgame_dll\eqgame_dll.vcxproj]
  (compiling source file 'MQ2DataVars.cpp')
  
C:\EQS\Release-NMS-Client\eqgame_dll\MQ2DataTypes.h(2586,17): warning C4091: 'static ': ignored on left of 'MQ2TypeType::TypeMembers' when no variable is declared [C:\EQS\Release-NMS-Client\eqgame_dll\eqgame_dll.vcxproj]
  (compiling source file 'MQ2FloatingText.cpp')
  
C:\EQS\Release-NMS-Client\eqgame_dll\MQ2DataTypes.h(2949,17): warning C4091: 'static ': ignored on left of 'MQ2TimerType::TimerMembers' when no variable is declared [C:\EQS\Release-NMS-Client\eqgame_dll\eqgame_dll.vcxproj]
  (compiling source file 'MQ2DataVars.cpp')
  
C:\EQS\Release-NMS-Client\eqgame_dll\MQ2DataTypes.h(2954,17): warning C4091: 'static ': ignored on left of 'MQ2TimerType::TimerMethods' when no variable is declared [C:\EQS\Release-NMS-Client\eqgame_dll\eqgame_dll.vcxproj]
  (compiling source file 'MQ2DataVars.cpp')
  
C:\EQS\Release-NMS-Client\eqgame_dll\MQ2DataTypes.h(2624,17): warning C4091: 'static ': ignored on left of 'MQ2HeadingType::HeadingMembers' when no variable is declared [C:\EQS\Release-NMS-Client\eqgame_dll\eqgame_dll.vcxproj]
  (compiling source file 'MQ2FloatingText.cpp')
  
C:\EQS\Release-NMS-Client\eqgame_dll\MQ2DataTypes.h(2632,17): warning C4091: 'static ': ignored on left of 'MQ2HeadingType::HeadingMethods' when no variable is declared [C:\EQS\Release-NMS-Client\eqgame_dll\eqgame_dll.vcxproj]
  (compiling source file 'MQ2FloatingText.cpp')
  
C:\EQS\Release-NMS-Client\eqgame_dll\MQ2DataTypes.h(2678,17): warning C4091: 'static ': ignored on left of 'MQ2InvSlotType::InvSlotMembers' when no variable is declared [C:\EQS\Release-NMS-Client\eqgame_dll\eqgame_dll.vcxproj]
  (compiling source file 'MQ2FloatingText.cpp')
  
C:\EQS\Release-NMS-Client\eqgame_dll\MQ2DataTypes.h(2686,17): warning C4091: 'static ': ignored on left of 'MQ2InvSlotType::InvSlotMethods' when no variable is declared [C:\EQS\Release-NMS-Client\eqgame_dll\eqgame_dll.vcxproj]
  (compiling source file 'MQ2FloatingText.cpp')
  
C:\EQS\Release-NMS-Client\eqgame_dll\MQ2DataTypes.h(3051,17): warning C4091: 'static ': ignored on left of 'MQ2ArrayType::ArrayMembers' when no variable is declared [C:\EQS\Release-NMS-Client\eqgame_dll\eqgame_dll.vcxproj]
  (compiling source file 'MQ2DataVars.cpp')
  
C:\EQS\Release-NMS-Client\eqgame_dll\MQ2Main.h(776,7): warning C4200: nonstandard extension used: zero-sized array in struct/union [C:\EQS\Release-NMS-Client\eqgame_dll\eqgame_dll.vcxproj]
  (compiling source file 'MQ2DetourAPI.cpp')
      C:\EQS\Release-NMS-Client\eqgame_dll\MQ2Main.h(776,7):
      This member will be ignored by a defaulted constructor or copy/move assignment operator
  
C:\EQS\Release-NMS-Client\eqgame_dll\MQ2DataTypes.h(2740,17): warning C4091: 'static ': ignored on left of 'MQ2PluginType::PluginMembers' when no variable is declared [C:\EQS\Release-NMS-Client\eqgame_dll\eqgame_dll.vcxproj]
  (compiling source file 'MQ2FloatingText.cpp')
  
C:\EQS\Release-NMS-Client\eqgame_dll\MQ2DataTypes.h(3096,17): warning C4091: 'static ': ignored on left of 'MQ2GroupType::GroupMembers' when no variable is declared [C:\EQS\Release-NMS-Client\eqgame_dll\eqgame_dll.vcxproj]
  (compiling source file 'MQ2DataVars.cpp')
  
C:\EQS\Release-NMS-Client\eqgame_dll\MQ2DataTypes.h(3106,17): warning C4091: 'static ': ignored on left of 'MQ2GroupType::GroupMethods' when no variable is declared [C:\EQS\Release-NMS-Client\eqgame_dll\eqgame_dll.vcxproj]
  (compiling source file 'MQ2DataVars.cpp')
  
C:\EQS\Release-NMS-Client\eqgame_dll\MQ2DataTypes.h(2782,17): warning C4091: 'static ': ignored on left of 'MQ2BenchmarkType::BenchmarkMembers' when no variable is declared [C:\EQS\Release-NMS-Client\eqgame_dll\eqgame_dll.vcxproj]
  (compiling source file 'MQ2FloatingText.cpp')
  
C:\EQS\Release-NMS-Client\eqgame_dll\MQ2DataTypes.h(2828,17): warning C4091: 'static ': ignored on left of 'MQ2SkillType::SkillMembers' when no variable is declared [C:\EQS\Release-NMS-Client\eqgame_dll\eqgame_dll.vcxproj]
  (compiling source file 'MQ2FloatingText.cpp')
  
C:\EQS\Release-NMS-Client\eqgame_dll\MQ2DataTypes.h(2838,17): warning C4091: 'static ': ignored on left of 'MQ2SkillType::SkillMethods' when no variable is declared [C:\EQS\Release-NMS-Client\eqgame_dll\eqgame_dll.vcxproj]
  (compiling source file 'MQ2FloatingText.cpp')
  
C:\EQS\Release-NMS-Client\eqgame_dll\MQ2DataTypes.h(3141,17): warning C4091: 'static ': ignored on left of 'MQ2GroupMemberType::GroupMemberMembers' when no variable is declared [C:\EQS\Release-NMS-Client\eqgame_dll\eqgame_dll.vcxproj]
  (compiling source file 'MQ2DataVars.cpp')
  
C:\EQS\Release-NMS-Client\eqgame_dll\MQ2DataTypes.h(3153,17): warning C4091: 'static ': ignored on left of 'MQ2GroupMemberType::GroupMemberMethods' when no variable is declared [C:\EQS\Release-NMS-Client\eqgame_dll\eqgame_dll.vcxproj]
  (compiling source file 'MQ2DataVars.cpp')
  
C:\EQS\Release-NMS-Client\eqgame_dll\MQ2DataTypes.h(2887,17): warning C4091: 'static ': ignored on left of 'MQ2AltAbilityType::AltAbilityMembers' when no variable is declared [C:\EQS\Release-NMS-Client\eqgame_dll\eqgame_dll.vcxproj]
  (compiling source file 'MQ2FloatingText.cpp')
  
C:\EQS\Release-NMS-Client\eqgame_dll\MQ2DataTypes.h(2904,17): warning C4091: 'static ': ignored on left of 'MQ2AltAbilityType::AltAbilityMethods' when no variable is declared [C:\EQS\Release-NMS-Client\eqgame_dll\eqgame_dll.vcxproj]
  (compiling source file 'MQ2FloatingText.cpp')
  
C:\EQS\Release-NMS-Client\eqgame_dll\MQ2DataTypes.h(3195,17): warning C4091: 'static ': ignored on left of 'MQ2RaidType::RaidMembers' when no variable is declared [C:\EQS\Release-NMS-Client\eqgame_dll\eqgame_dll.vcxproj]
  (compiling source file 'MQ2DataVars.cpp')
  
C:\EQS\Release-NMS-Client\eqgame_dll\MQ2DataTypes.h(3210,17): warning C4091: 'static ': ignored on left of 'MQ2RaidType::RaidMethods' when no variable is declared [C:\EQS\Release-NMS-Client\eqgame_dll\eqgame_dll.vcxproj]
  (compiling source file 'MQ2DataVars.cpp')
  
C:\EQS\Release-NMS-Client\eqgame_dll\MQ2DataTypes.h(2949,17): warning C4091: 'static ': ignored on left of 'MQ2TimerType::TimerMembers' when no variable is declared [C:\EQS\Release-NMS-Client\eqgame_dll\eqgame_dll.vcxproj]
  (compiling source file 'MQ2FloatingText.cpp')
  
C:\EQS\Release-NMS-Client\eqgame_dll\MQ2DataTypes.h(2954,17): warning C4091: 'static ': ignored on left of 'MQ2TimerType::TimerMethods' when no variable is declared [C:\EQS\Release-NMS-Client\eqgame_dll\eqgame_dll.vcxproj]
  (compiling source file 'MQ2FloatingText.cpp')
  
C:\EQS\Release-NMS-Client\eqgame_dll\MQ2DetourAPI.cpp(255,26): warning C4838: conversion from 'DWORD' to 'int' requires a narrowing conversion [C:\EQS\Release-NMS-Client\eqgame_dll\eqgame_dll.vcxproj]
C:\EQS\Release-NMS-Client\eqgame_dll\MQ2DetourAPI.cpp(257,21): warning C4838: conversion from 'DWORD' to 'int' requires a narrowing conversion [C:\EQS\Release-NMS-Client\eqgame_dll\eqgame_dll.vcxproj]
C:\EQS\Release-NMS-Client\eqgame_dll\MQ2DetourAPI.cpp(258,21): warning C4838: conversion from 'DWORD' to 'int' requires a narrowing conversion [C:\EQS\Release-NMS-Client\eqgame_dll\eqgame_dll.vcxproj]
C:\EQS\Release-NMS-Client\eqgame_dll\MQ2DetourAPI.cpp(259,21): warning C4838: conversion from 'DWORD' to 'int' requires a narrowing conversion [C:\EQS\Release-NMS-Client\eqgame_dll\eqgame_dll.vcxproj]
C:\EQS\Release-NMS-Client\eqgame_dll\MQ2DetourAPI.cpp(260,21): warning C4838: conversion from 'DWORD' to 'int' requires a narrowing conversion [C:\EQS\Release-NMS-Client\eqgame_dll\eqgame_dll.vcxproj]
C:\EQS\Release-NMS-Client\eqgame_dll\MQ2DetourAPI.cpp(261,21): warning C4838: conversion from 'DWORD' to 'int' requires a narrowing conversion [C:\EQS\Release-NMS-Client\eqgame_dll\eqgame_dll.vcxproj]
C:\EQS\Release-NMS-Client\eqgame_dll\MQ2DetourAPI.cpp(262,21): warning C4838: conversion from 'DWORD' to 'int' requires a narrowing conversion [C:\EQS\Release-NMS-Client\eqgame_dll\eqgame_dll.vcxproj]
C:\EQS\Release-NMS-Client\eqgame_dll\MQ2DataTypes.h(3051,17): warning C4091: 'static ': ignored on left of 'MQ2ArrayType::ArrayMembers' when no variable is declared [C:\EQS\Release-NMS-Client\eqgame_dll\eqgame_dll.vcxproj]
  (compiling source file 'MQ2FloatingText.cpp')
  
C:\EQS\Release-NMS-Client\eqgame_dll\MQ2DataTypes.h(3096,17): warning C4091: 'static ': ignored on left of 'MQ2GroupType::GroupMembers' when no variable is declared [C:\EQS\Release-NMS-Client\eqgame_dll\eqgame_dll.vcxproj]
  (compiling source file 'MQ2FloatingText.cpp')
  
C:\EQS\Release-NMS-Client\eqgame_dll\MQ2DataTypes.h(3106,17): warning C4091: 'static ': ignored on left of 'MQ2GroupType::GroupMethods' when no variable is declared [C:\EQS\Release-NMS-Client\eqgame_dll\eqgame_dll.vcxproj]
  (compiling source file 'MQ2FloatingText.cpp')
  
C:\EQS\Release-NMS-Client\eqgame_dll\MQ2DataTypes.h(3141,17): warning C4091: 'static ': ignored on left of 'MQ2GroupMemberType::GroupMemberMembers' when no variable is declared [C:\EQS\Release-NMS-Client\eqgame_dll\eqgame_dll.vcxproj]
  (compiling source file 'MQ2FloatingText.cpp')
  
C:\EQS\Release-NMS-Client\eqgame_dll\MQ2DataTypes.h(3153,17): warning C4091: 'static ': ignored on left of 'MQ2GroupMemberType::GroupMemberMethods' when no variable is declared [C:\EQS\Release-NMS-Client\eqgame_dll\eqgame_dll.vcxproj]
  (compiling source file 'MQ2FloatingText.cpp')
  
C:\EQS\Release-NMS-Client\eqgame_dll\MQ2DataTypes.h(3195,17): warning C4091: 'static ': ignored on left of 'MQ2RaidType::RaidMembers' when no variable is declared [C:\EQS\Release-NMS-Client\eqgame_dll\eqgame_dll.vcxproj]
  (compiling source file 'MQ2FloatingText.cpp')
  
C:\EQS\Release-NMS-Client\eqgame_dll\MQ2DataTypes.h(3210,17): warning C4091: 'static ': ignored on left of 'MQ2RaidType::RaidMethods' when no variable is declared [C:\EQS\Release-NMS-Client\eqgame_dll\eqgame_dll.vcxproj]
  (compiling source file 'MQ2FloatingText.cpp')
  
C:\EQS\Release-NMS-Client\eqgame_dll\MQ2DataTypes.h(3254,17): warning C4091: 'static ': ignored on left of 'MQ2RaidMemberType::RaidMemberMembers' when no variable is declared [C:\EQS\Release-NMS-Client\eqgame_dll\eqgame_dll.vcxproj]
  (compiling source file 'MQ2DataVars.cpp')
  
C:\EQS\Release-NMS-Client\eqgame_dll\MQ2DataTypes.h(3265,17): warning C4091: 'static ': ignored on left of 'MQ2RaidMemberType::RaidMemberMethods' when no variable is declared [C:\EQS\Release-NMS-Client\eqgame_dll\eqgame_dll.vcxproj]
  (compiling source file 'MQ2DataVars.cpp')
  
C:\EQS\Release-NMS-Client\eqgame_dll\MQ2DataTypes.h(3254,17): warning C4091: 'static ': ignored on left of 'MQ2RaidMemberType::RaidMemberMembers' when no variable is declared [C:\EQS\Release-NMS-Client\eqgame_dll\eqgame_dll.vcxproj]
  (compiling source file 'MQ2FloatingText.cpp')
  
C:\EQS\Release-NMS-Client\eqgame_dll\MQ2DataTypes.h(3265,17): warning C4091: 'static ': ignored on left of 'MQ2RaidMemberType::RaidMemberMethods' when no variable is declared [C:\EQS\Release-NMS-Client\eqgame_dll\eqgame_dll.vcxproj]
  (compiling source file 'MQ2FloatingText.cpp')
  
C:\EQS\Release-NMS-Client\eqgame_dll\MQ2DataTypes.h(3314,17): warning C4091: 'static ': ignored on left of 'MQ2EvolvingItemType::EvolvingItemMembers' when no variable is declared [C:\EQS\Release-NMS-Client\eqgame_dll\eqgame_dll.vcxproj]
  (compiling source file 'MQ2FloatingText.cpp')
  
C:\EQS\Release-NMS-Client\eqgame_dll\MQ2DataTypes.h(3314,17): warning C4091: 'static ': ignored on left of 'MQ2EvolvingItemType::EvolvingItemMembers' when no variable is declared [C:\EQS\Release-NMS-Client\eqgame_dll\eqgame_dll.vcxproj]
  (compiling source file 'MQ2DataVars.cpp')
  
C:\EQS\Release-NMS-Client\eqgame_dll\MQ2DataTypes.h(3356,17): warning C4091: 'static ': ignored on left of 'MQ2DynamicZoneType::DynamicZoneMembers' when no variable is declared [C:\EQS\Release-NMS-Client\eqgame_dll\eqgame_dll.vcxproj]
  (compiling source file 'MQ2FloatingText.cpp')
  
C:\EQS\Release-NMS-Client\eqgame_dll\MQ2DataTypes.h(3356,17): warning C4091: 'static ': ignored on left of 'MQ2DynamicZoneType::DynamicZoneMembers' when no variable is declared [C:\EQS\Release-NMS-Client\eqgame_dll\eqgame_dll.vcxproj]
  (compiling source file 'MQ2DataVars.cpp')
  
C:\EQS\Release-NMS-Client\eqgame_dll\MQ2DataTypes.h(3398,17): warning C4091: 'static ': ignored on left of 'MQ2DZMemberType::DZMemberTypeMembers' when no variable is declared [C:\EQS\Release-NMS-Client\eqgame_dll\eqgame_dll.vcxproj]
  (compiling source file 'MQ2FloatingText.cpp')
  
C:\EQS\Release-NMS-Client\eqgame_dll\MQ2DataTypes.h(3430,17): warning C4091: 'static ': ignored on left of 'MQ2FellowshipType::FellowshipTypeMembers' when no variable is declared [C:\EQS\Release-NMS-Client\eqgame_dll\eqgame_dll.vcxproj]
  (compiling source file 'MQ2FloatingText.cpp')
  
C:\EQS\Release-NMS-Client\eqgame_dll\MQ2DataTypes.h(3398,17): warning C4091: 'static ': ignored on left of 'MQ2DZMemberType::DZMemberTypeMembers' when no variable is declared [C:\EQS\Release-NMS-Client\eqgame_dll\eqgame_dll.vcxproj]
  (compiling source file 'MQ2DataVars.cpp')
  
C:\EQS\Release-NMS-Client\eqgame_dll\MQ2DataTypes.h(3430,17): warning C4091: 'static ': ignored on left of 'MQ2FellowshipType::FellowshipTypeMembers' when no variable is declared [C:\EQS\Release-NMS-Client\eqgame_dll\eqgame_dll.vcxproj]
  (compiling source file 'MQ2DataVars.cpp')
  
C:\EQS\Release-NMS-Client\eqgame_dll\MQ2DataTypes.h(3483,17): warning C4091: 'static ': ignored on left of 'MQ2FellowshipMemberType::FMTypeMembers' when no variable is declared [C:\EQS\Release-NMS-Client\eqgame_dll\eqgame_dll.vcxproj]
  (compiling source file 'MQ2FloatingText.cpp')
  
C:\EQS\Release-NMS-Client\eqgame_dll\MQ2DataTypes.h(3521,17): warning C4091: 'static ': ignored on left of 'MQ2FriendsType::FriendsMembers' when no variable is declared [C:\EQS\Release-NMS-Client\eqgame_dll\eqgame_dll.vcxproj]
  (compiling source file 'MQ2FloatingText.cpp')
  
C:\EQS\Release-NMS-Client\eqgame_dll\MQ2DataTypes.h(3525,17): warning C4091: 'static ': ignored on left of 'MQ2FriendsType::FriendsMethods' when no variable is declared [C:\EQS\Release-NMS-Client\eqgame_dll\eqgame_dll.vcxproj]
  (compiling source file 'MQ2FloatingText.cpp')
  
C:\EQS\Release-NMS-Client\eqgame_dll\MQ2DataTypes.h(3483,17): warning C4091: 'static ': ignored on left of 'MQ2FellowshipMemberType::FMTypeMembers' when no variable is declared [C:\EQS\Release-NMS-Client\eqgame_dll\eqgame_dll.vcxproj]
  (compiling source file 'MQ2DataVars.cpp')
  
C:\EQS\Release-NMS-Client\eqgame_dll\MQ2DataTypes.h(3564,17): warning C4091: 'static ': ignored on left of 'MQ2TargetType::TargetMembers' when no variable is declared [C:\EQS\Release-NMS-Client\eqgame_dll\eqgame_dll.vcxproj]
  (compiling source file 'MQ2FloatingText.cpp')
  
C:\EQS\Release-NMS-Client\eqgame_dll\MQ2DataTypes.h(3521,17): warning C4091: 'static ': ignored on left of 'MQ2FriendsType::FriendsMembers' when no variable is declared [C:\EQS\Release-NMS-Client\eqgame_dll\eqgame_dll.vcxproj]
  (compiling source file 'MQ2DataVars.cpp')
  
C:\EQS\Release-NMS-Client\eqgame_dll\MQ2DataTypes.h(3525,17): warning C4091: 'static ': ignored on left of 'MQ2FriendsType::FriendsMethods' when no variable is declared [C:\EQS\Release-NMS-Client\eqgame_dll\eqgame_dll.vcxproj]
  (compiling source file 'MQ2DataVars.cpp')
  
C:\EQS\Release-NMS-Client\eqgame_dll\MQ2DataTypes.h(3564,17): warning C4091: 'static ': ignored on left of 'MQ2TargetType::TargetMembers' when no variable is declared [C:\EQS\Release-NMS-Client\eqgame_dll\eqgame_dll.vcxproj]
  (compiling source file 'MQ2DataVars.cpp')
  
C:\EQS\Release-NMS-Client\eqgame_dll\MQ2DataTypes.h(3644,17): warning C4091: 'static ': ignored on left of 'MQ2XTargetType::xTargetMembers' when no variable is declared [C:\EQS\Release-NMS-Client\eqgame_dll\eqgame_dll.vcxproj]
  (compiling source file 'MQ2FloatingText.cpp')
  
C:\EQS\Release-NMS-Client\eqgame_dll\MQ2DataTypes.h(3644,17): warning C4091: 'static ': ignored on left of 'MQ2XTargetType::xTargetMembers' when no variable is declared [C:\EQS\Release-NMS-Client\eqgame_dll\eqgame_dll.vcxproj]
  (compiling source file 'MQ2DataVars.cpp')
  
C:\EQS\Release-NMS-Client\eqgame_dll\MQ2Main.h(776,7): warning C4200: nonstandard extension used: zero-sized array in struct/union [C:\EQS\Release-NMS-Client\eqgame_dll\eqgame_dll.vcxproj]
  (compiling source file 'MQ2FloatingText.cpp')
      C:\EQS\Release-NMS-Client\eqgame_dll\MQ2Main.h(776,7):
      This member will be ignored by a defaulted constructor or copy/move assignment operator
  
C:\EQS\Release-NMS-Client\eqgame_dll\MQ2Main.h(776,7): warning C4200: nonstandard extension used: zero-sized array in struct/union [C:\EQS\Release-NMS-Client\eqgame_dll\eqgame_dll.vcxproj]
  (compiling source file 'MQ2DataVars.cpp')
      C:\EQS\Release-NMS-Client\eqgame_dll\MQ2Main.h(776,7):
      This member will be ignored by a defaulted constructor or copy/move assignment operator
  
C:\EQS\Release-NMS-Client\eqgame_dll\RECTF.h(3,16): warning C4091: 'typedef ': ignored on left of 'RECTF' when no variable is declared [C:\EQS\Release-NMS-Client\eqgame_dll\eqgame_dll.vcxproj]
  (compiling source file 'MQ2FloatingText.cpp')
  
C:\EQS\Release-NMS-Client\eqgame_dll\MQ2Internal.h(105,17): warning C4091: 'static ': ignored on left of 'MQ2Internal::SearchItemFlag' when no variable is declared [C:\EQS\Release-NMS-Client\eqgame_dll\eqgame_dll.vcxproj]
  (compiling source file 'MQ2Globals.cpp')
  
C:\EQS\Release-NMS-Client\eqgame_dll\EQData.h(440,14): warning C4091: 'typedef ': ignored on left of 'EQData::MaterialType' when no variable is declared [C:\EQS\Release-NMS-Client\eqgame_dll\eqgame_dll.vcxproj]
  (compiling source file 'MQ2ItemDisplay.cpp')
  
C:\EQS\Release-NMS-Client\eqgame_dll\MQ2DataTypes.h(167,17): warning C4091: 'static ': ignored on left of 'MQ2IntType::IntMembers' when no variable is declared [C:\EQS\Release-NMS-Client\eqgame_dll\eqgame_dll.vcxproj]
  (compiling source file 'MQ2Globals.cpp')
  
C:\EQS\Release-NMS-Client\eqgame_dll\MQ2DataTypes.h(207,17): warning C4091: 'static ': ignored on left of 'MQ2ArgbType::ArgbMembers' when no variable is declared [C:\EQS\Release-NMS-Client\eqgame_dll\eqgame_dll.vcxproj]
  (compiling source file 'MQ2Globals.cpp')
  
C:\EQS\Release-NMS-Client\eqgame_dll\MQ2DataTypes.h(284,17): warning C4091: 'static ': ignored on left of 'MQ2StringType::StringMembers' when no variable is declared [C:\EQS\Release-NMS-Client\eqgame_dll\eqgame_dll.vcxproj]
  (compiling source file 'MQ2Globals.cpp')
  
C:\EQS\Release-NMS-Client\eqgame_dll\MQ2DataTypes.h(360,17): warning C4091: 'static ': ignored on left of 'MQ2FloatType::FloatMembers' when no variable is declared [C:\EQS\Release-NMS-Client\eqgame_dll\eqgame_dll.vcxproj]
  (compiling source file 'MQ2Globals.cpp')
  
C:\EQS\Release-NMS-Client\eqgame_dll\MQ2DataTypes.h(408,17): warning C4091: 'static ': ignored on left of 'MQ2TicksType::TicksMembers' when no variable is declared [C:\EQS\Release-NMS-Client\eqgame_dll\eqgame_dll.vcxproj]
  (compiling source file 'MQ2Globals.cpp')
  
C:\EQS\Release-NMS-Client\eqgame_dll\MQ2DataTypes.h(459,17): warning C4091: 'static ': ignored on left of 'MQ2SpawnType::SpawnMembers' when no variable is declared [C:\EQS\Release-NMS-Client\eqgame_dll\eqgame_dll.vcxproj]
  (compiling source file 'MQ2Globals.cpp')
  
C:\EQS\Release-NMS-Client\eqgame_dll\MQ2DataTypes.h(559,17): warning C4091: 'static ': ignored on left of 'MQ2SpawnType::SpawnMethods' when no variable is declared [C:\EQS\Release-NMS-Client\eqgame_dll\eqgame_dll.vcxproj]
  (compiling source file 'MQ2Globals.cpp')
  
C:\EQS\Release-NMS-Client\eqgame_dll\MQ2DataTypes.h(729,17): warning C4091: 'static ': ignored on left of 'MQ2CharacterType::CharacterMembers' when no variable is declared [C:\EQS\Release-NMS-Client\eqgame_dll\eqgame_dll.vcxproj]
  (compiling source file 'MQ2Globals.cpp')
  
C:\EQS\Release-NMS-Client\eqgame_dll\MQ2DataTypes.h(917,17): warning C4091: 'static ': ignored on left of 'MQ2CharacterType::CharacterMethods' when no variable is declared [C:\EQS\Release-NMS-Client\eqgame_dll\eqgame_dll.vcxproj]
  (compiling source file 'MQ2Globals.cpp')
  
C:\EQS\Release-NMS-Client\eqgame_dll\MQ2DataTypes.h(1158,17): warning C4091: 'static ': ignored on left of 'MQ2SpellType::SpellMembers' when no variable is declared [C:\EQS\Release-NMS-Client\eqgame_dll\eqgame_dll.vcxproj]
  (compiling source file 'MQ2Globals.cpp')
  
C:\EQS\Release-NMS-Client\eqgame_dll\MQ2DataTypes.h(1188,17): warning C4091: 'static ': ignored on left of 'MQ2SpellType::SpellMethods' when no variable is declared [C:\EQS\Release-NMS-Client\eqgame_dll\eqgame_dll.vcxproj]
  (compiling source file 'MQ2Globals.cpp')
  
C:\EQS\Release-NMS-Client\eqgame_dll\MQ2DataTypes.h(1262,17): warning C4091: 'static ': ignored on left of 'MQ2BuffType::BuffMembers' when no variable is declared [C:\EQS\Release-NMS-Client\eqgame_dll\eqgame_dll.vcxproj]
  (compiling source file 'MQ2Globals.cpp')
  
C:\EQS\Release-NMS-Client\eqgame_dll\MQ2DataTypes.h(1272,17): warning C4091: 'static ': ignored on left of 'MQ2BuffType::BuffMethods' when no variable is declared [C:\EQS\Release-NMS-Client\eqgame_dll\eqgame_dll.vcxproj]
  (compiling source file 'MQ2Globals.cpp')
  
C:\EQS\Release-NMS-Client\eqgame_dll\MQ2DataTypes.h(1336,17): warning C4091: 'static ': ignored on left of 'MQ2ItemType::ItemMembers' when no variable is declared [C:\EQS\Release-NMS-Client\eqgame_dll\eqgame_dll.vcxproj]
  (compiling source file 'MQ2Globals.cpp')
  
C:\EQS\Release-NMS-Client\eqgame_dll\MQ2DataTypes.h(1469,17): warning C4091: 'static ': ignored on left of 'MQ2ItemType::ItemMethods' when no variable is declared [C:\EQS\Release-NMS-Client\eqgame_dll\eqgame_dll.vcxproj]
  (compiling source file 'MQ2Globals.cpp')
  
C:\EQS\Release-NMS-Client\eqgame_dll\MQ2DataTypes.h(1647,17): warning C4091: 'static ': ignored on left of 'MQ2SwitchType::SwitchMembers' when no variable is declared [C:\EQS\Release-NMS-Client\eqgame_dll\eqgame_dll.vcxproj]
  (compiling source file 'MQ2Globals.cpp')
  
C:\EQS\Release-NMS-Client\eqgame_dll\MQ2DataTypes.h(1670,17): warning C4091: 'static ': ignored on left of 'MQ2SwitchType::SwitchMethods' when no variable is declared [C:\EQS\Release-NMS-Client\eqgame_dll\eqgame_dll.vcxproj]
  (compiling source file 'MQ2Globals.cpp')
  
C:\EQS\Release-NMS-Client\eqgame_dll\MQ2DataTypes.h(1735,17): warning C4091: 'static ': ignored on left of 'MQ2GroundType::GroundMembers' when no variable is declared [C:\EQS\Release-NMS-Client\eqgame_dll\eqgame_dll.vcxproj]
  (compiling source file 'MQ2Globals.cpp')
  
C:\EQS\Release-NMS-Client\eqgame_dll\MQ2DataTypes.h(1750,17): warning C4091: 'static ': ignored on left of 'MQ2GroundType::GroundMethods' when no variable is declared [C:\EQS\Release-NMS-Client\eqgame_dll\eqgame_dll.vcxproj]
  (compiling source file 'MQ2Globals.cpp')
  
C:\EQS\Release-NMS-Client\eqgame_dll\MQ2DataTypes.h(1811,17): warning C4091: 'static ': ignored on left of 'MQ2CorpseType::CorpseMembers' when no variable is declared [C:\EQS\Release-NMS-Client\eqgame_dll\eqgame_dll.vcxproj]
  (compiling source file 'MQ2Globals.cpp')
  
C:\EQS\Release-NMS-Client\eqgame_dll\MQ2DataTypes.h(1817,17): warning C4091: 'static ': ignored on left of 'MQ2CorpseType::CorpseMethods' when no variable is declared [C:\EQS\Release-NMS-Client\eqgame_dll\eqgame_dll.vcxproj]
  (compiling source file 'MQ2Globals.cpp')
  
C:\EQS\Release-NMS-Client\eqgame_dll\MQ2DataTypes.h(1860,17): warning C4091: 'static ': ignored on left of 'MQ2MerchantType::MerchantMembers' when no variable is declared [C:\EQS\Release-NMS-Client\eqgame_dll\eqgame_dll.vcxproj]
  (compiling source file 'MQ2Globals.cpp')
  
C:\EQS\Release-NMS-Client\eqgame_dll\MQ2DataTypes.h(1868,17): warning C4091: 'static ': ignored on left of 'MQ2MerchantType::MerchantMethods' when no variable is declared [C:\EQS\Release-NMS-Client\eqgame_dll\eqgame_dll.vcxproj]
  (compiling source file 'MQ2Globals.cpp')
  
C:\EQS\Release-NMS-Client\eqgame_dll\MQ2DataTypes.h(1913,17): warning C4091: 'static ': ignored on left of 'MQ2WindowType::WindowMembers' when no variable is declared [C:\EQS\Release-NMS-Client\eqgame_dll\eqgame_dll.vcxproj]
  (compiling source file 'MQ2Globals.cpp')
  
C:\EQS\Release-NMS-Client\eqgame_dll\MQ2DataTypes.h(1949,17): warning C4091: 'static ': ignored on left of 'MQ2WindowType::WindowMethods' when no variable is declared [C:\EQS\Release-NMS-Client\eqgame_dll\eqgame_dll.vcxproj]
  (compiling source file 'MQ2Globals.cpp')
  
C:\EQS\Release-NMS-Client\eqgame_dll\MQ2DataTypes.h(2048,17): warning C4091: 'static ': ignored on left of 'MQ2MacroType::MacroMembers' when no variable is declared [C:\EQS\Release-NMS-Client\eqgame_dll\eqgame_dll.vcxproj]
  (compiling source file 'MQ2Globals.cpp')
  
C:\EQS\Release-NMS-Client\eqgame_dll\MQ2DataTypes.h(2096,17): warning C4091: 'static ': ignored on left of 'MQ2ZoneType::ZoneMembers' when no variable is declared [C:\EQS\Release-NMS-Client\eqgame_dll\eqgame_dll.vcxproj]
  (compiling source file 'MQ2Globals.cpp')
  
C:\EQS\Release-NMS-Client\eqgame_dll\MQ2DataTypes.h(2143,17): warning C4091: 'static ': ignored on left of 'MQ2CurrentZoneType::CurrentZoneMembers' when no variable is declared [C:\EQS\Release-NMS-Client\eqgame_dll\eqgame_dll.vcxproj]
  (compiling source file 'MQ2Globals.cpp')
  
C:\EQS\Release-NMS-Client\eqgame_dll\MQ2DataTypes.h(2205,17): warning C4091: 'static ': ignored on left of 'MQ2MacroQuestType::MacroQuestMembers' when no variable is declared [C:\EQS\Release-NMS-Client\eqgame_dll\eqgame_dll.vcxproj]
  (compiling source file 'MQ2Globals.cpp')
  
C:\EQS\Release-NMS-Client\eqgame_dll\MQ2DataTypes.h(2230,17): warning C4091: 'static ': ignored on left of 'MQ2MacroQuestType::MacroQuestMethods' when no variable is declared [C:\EQS\Release-NMS-Client\eqgame_dll\eqgame_dll.vcxproj]
  (compiling source file 'MQ2Globals.cpp')
  
C:\EQS\Release-NMS-Client\eqgame_dll\MQ2DataTypes.h(2283,17): warning C4091: 'static ': ignored on left of 'MQ2MathType::MathMembers' when no variable is declared [C:\EQS\Release-NMS-Client\eqgame_dll\eqgame_dll.vcxproj]
  (compiling source file 'MQ2Globals.cpp')
  
C:\EQS\Release-NMS-Client\eqgame_dll\MQ2DataTypes.h(2341,17): warning C4091: 'static ': ignored on left of 'MQ2RaceType::RaceMembers' when no variable is declared [C:\EQS\Release-NMS-Client\eqgame_dll\eqgame_dll.vcxproj]
  (compiling source file 'MQ2Globals.cpp')
  
C:\EQS\Release-NMS-Client\eqgame_dll\MQ2DataTypes.h(2379,17): warning C4091: 'static ': ignored on left of 'MQ2ClassType::ClassMembers' when no variable is declared [C:\EQS\Release-NMS-Client\eqgame_dll\eqgame_dll.vcxproj]
  (compiling source file 'MQ2Globals.cpp')
  
C:\EQS\Release-NMS-Client\eqgame_dll\MQ2DataTypes.h(2434,17): warning C4091: 'static ': ignored on left of 'MQ2BodyType::BodyMembers' when no variable is declared [C:\EQS\Release-NMS-Client\eqgame_dll\eqgame_dll.vcxproj]
  (compiling source file 'MQ2Globals.cpp')
  
C:\EQS\Release-NMS-Client\eqgame_dll\MQ2DataTypes.h(2471,17): warning C4091: 'static ': ignored on left of 'MQ2DeityType::DeityMembers' when no variable is declared [C:\EQS\Release-NMS-Client\eqgame_dll\eqgame_dll.vcxproj]
  (compiling source file 'MQ2Globals.cpp')
  
C:\EQS\Release-NMS-Client\eqgame_dll\MQ2DataTypes.h(2511,17): warning C4091: 'static ': ignored on left of 'MQ2TimeType::TimeMembers' when no variable is declared [C:\EQS\Release-NMS-Client\eqgame_dll\eqgame_dll.vcxproj]
  (compiling source file 'MQ2Globals.cpp')
  
C:\EQS\Release-NMS-Client\eqgame_dll\MQ2DataTypes.h(2586,17): warning C4091: 'static ': ignored on left of 'MQ2TypeType::TypeMembers' when no variable is declared [C:\EQS\Release-NMS-Client\eqgame_dll\eqgame_dll.vcxproj]
  (compiling source file 'MQ2Globals.cpp')
  
C:\EQS\Release-NMS-Client\eqgame_dll\MQ2DataTypes.h(2624,17): warning C4091: 'static ': ignored on left of 'MQ2HeadingType::HeadingMembers' when no variable is declared [C:\EQS\Release-NMS-Client\eqgame_dll\eqgame_dll.vcxproj]
  (compiling source file 'MQ2Globals.cpp')
  
C:\EQS\Release-NMS-Client\eqgame_dll\MQ2DataTypes.h(2632,17): warning C4091: 'static ': ignored on left of 'MQ2HeadingType::HeadingMethods' when no variable is declared [C:\EQS\Release-NMS-Client\eqgame_dll\eqgame_dll.vcxproj]
  (compiling source file 'MQ2Globals.cpp')
  
C:\EQS\Release-NMS-Client\eqgame_dll\MQ2DataTypes.h(2678,17): warning C4091: 'static ': ignored on left of 'MQ2InvSlotType::InvSlotMembers' when no variable is declared [C:\EQS\Release-NMS-Client\eqgame_dll\eqgame_dll.vcxproj]
  (compiling source file 'MQ2Globals.cpp')
  
C:\EQS\Release-NMS-Client\eqgame_dll\MQ2DataTypes.h(2686,17): warning C4091: 'static ': ignored on left of 'MQ2InvSlotType::InvSlotMethods' when no variable is declared [C:\EQS\Release-NMS-Client\eqgame_dll\eqgame_dll.vcxproj]
  (compiling source file 'MQ2Globals.cpp')
  
C:\EQS\Release-NMS-Client\eqgame_dll\MQ2DataTypes.h(2740,17): warning C4091: 'static ': ignored on left of 'MQ2PluginType::PluginMembers' when no variable is declared [C:\EQS\Release-NMS-Client\eqgame_dll\eqgame_dll.vcxproj]
  (compiling source file 'MQ2Globals.cpp')
  
C:\EQS\Release-NMS-Client\eqgame_dll\MQ2DataTypes.h(2782,17): warning C4091: 'static ': ignored on left of 'MQ2BenchmarkType::BenchmarkMembers' when no variable is declared [C:\EQS\Release-NMS-Client\eqgame_dll\eqgame_dll.vcxproj]
  (compiling source file 'MQ2Globals.cpp')
  
C:\EQS\Release-NMS-Client\eqgame_dll\MQ2DataTypes.h(2828,17): warning C4091: 'static ': ignored on left of 'MQ2SkillType::SkillMembers' when no variable is declared [C:\EQS\Release-NMS-Client\eqgame_dll\eqgame_dll.vcxproj]
  (compiling source file 'MQ2Globals.cpp')
  
C:\EQS\Release-NMS-Client\eqgame_dll\MQ2DataTypes.h(2838,17): warning C4091: 'static ': ignored on left of 'MQ2SkillType::SkillMethods' when no variable is declared [C:\EQS\Release-NMS-Client\eqgame_dll\eqgame_dll.vcxproj]
  (compiling source file 'MQ2Globals.cpp')
  
C:\EQS\Release-NMS-Client\eqgame_dll\MQ2DataTypes.h(2887,17): warning C4091: 'static ': ignored on left of 'MQ2AltAbilityType::AltAbilityMembers' when no variable is declared [C:\EQS\Release-NMS-Client\eqgame_dll\eqgame_dll.vcxproj]
  (compiling source file 'MQ2Globals.cpp')
  
C:\EQS\Release-NMS-Client\eqgame_dll\MQ2DataTypes.h(2904,17): warning C4091: 'static ': ignored on left of 'MQ2AltAbilityType::AltAbilityMethods' when no variable is declared [C:\EQS\Release-NMS-Client\eqgame_dll\eqgame_dll.vcxproj]
  (compiling source file 'MQ2Globals.cpp')
  
C:\EQS\Release-NMS-Client\eqgame_dll\MQ2DataTypes.h(2949,17): warning C4091: 'static ': ignored on left of 'MQ2TimerType::TimerMembers' when no variable is declared [C:\EQS\Release-NMS-Client\eqgame_dll\eqgame_dll.vcxproj]
  (compiling source file 'MQ2Globals.cpp')
  
C:\EQS\Release-NMS-Client\eqgame_dll\MQ2DataTypes.h(2954,17): warning C4091: 'static ': ignored on left of 'MQ2TimerType::TimerMethods' when no variable is declared [C:\EQS\Release-NMS-Client\eqgame_dll\eqgame_dll.vcxproj]
  (compiling source file 'MQ2Globals.cpp')
  
C:\EQS\Release-NMS-Client\eqgame_dll\MQ2DataTypes.h(3051,17): warning C4091: 'static ': ignored on left of 'MQ2ArrayType::ArrayMembers' when no variable is declared [C:\EQS\Release-NMS-Client\eqgame_dll\eqgame_dll.vcxproj]
  (compiling source file 'MQ2Globals.cpp')
  
C:\EQS\Release-NMS-Client\eqgame_dll\MQ2DataTypes.h(3096,17): warning C4091: 'static ': ignored on left of 'MQ2GroupType::GroupMembers' when no variable is declared [C:\EQS\Release-NMS-Client\eqgame_dll\eqgame_dll.vcxproj]
  (compiling source file 'MQ2Globals.cpp')
  
C:\EQS\Release-NMS-Client\eqgame_dll\MQ2DataTypes.h(3106,17): warning C4091: 'static ': ignored on left of 'MQ2GroupType::GroupMethods' when no variable is declared [C:\EQS\Release-NMS-Client\eqgame_dll\eqgame_dll.vcxproj]
  (compiling source file 'MQ2Globals.cpp')
  
C:\EQS\Release-NMS-Client\eqgame_dll\MQ2DataTypes.h(3141,17): warning C4091: 'static ': ignored on left of 'MQ2GroupMemberType::GroupMemberMembers' when no variable is declared [C:\EQS\Release-NMS-Client\eqgame_dll\eqgame_dll.vcxproj]
  (compiling source file 'MQ2Globals.cpp')
  
C:\EQS\Release-NMS-Client\eqgame_dll\MQ2DataTypes.h(3153,17): warning C4091: 'static ': ignored on left of 'MQ2GroupMemberType::GroupMemberMethods' when no variable is declared [C:\EQS\Release-NMS-Client\eqgame_dll\eqgame_dll.vcxproj]
  (compiling source file 'MQ2Globals.cpp')
  
C:\EQS\Release-NMS-Client\eqgame_dll\MQ2DataTypes.h(3195,17): warning C4091: 'static ': ignored on left of 'MQ2RaidType::RaidMembers' when no variable is declared [C:\EQS\Release-NMS-Client\eqgame_dll\eqgame_dll.vcxproj]
  (compiling source file 'MQ2Globals.cpp')
  
C:\EQS\Release-NMS-Client\eqgame_dll\MQ2DataTypes.h(3210,17): warning C4091: 'static ': ignored on left of 'MQ2RaidType::RaidMethods' when no variable is declared [C:\EQS\Release-NMS-Client\eqgame_dll\eqgame_dll.vcxproj]
  (compiling source file 'MQ2Globals.cpp')
  
C:\EQS\Release-NMS-Client\eqgame_dll\MQ2DataTypes.h(3254,17): warning C4091: 'static ': ignored on left of 'MQ2RaidMemberType::RaidMemberMembers' when no variable is declared [C:\EQS\Release-NMS-Client\eqgame_dll\eqgame_dll.vcxproj]
  (compiling source file 'MQ2Globals.cpp')
  
C:\EQS\Release-NMS-Client\eqgame_dll\MQ2DataTypes.h(3265,17): warning C4091: 'static ': ignored on left of 'MQ2RaidMemberType::RaidMemberMethods' when no variable is declared [C:\EQS\Release-NMS-Client\eqgame_dll\eqgame_dll.vcxproj]
  (compiling source file 'MQ2Globals.cpp')
  
C:\EQS\Release-NMS-Client\eqgame_dll\MQ2DataTypes.h(3314,17): warning C4091: 'static ': ignored on left of 'MQ2EvolvingItemType::EvolvingItemMembers' when no variable is declared [C:\EQS\Release-NMS-Client\eqgame_dll\eqgame_dll.vcxproj]
  (compiling source file 'MQ2Globals.cpp')
  
C:\EQS\Release-NMS-Client\eqgame_dll\MQ2DataTypes.h(3356,17): warning C4091: 'static ': ignored on left of 'MQ2DynamicZoneType::DynamicZoneMembers' when no variable is declared [C:\EQS\Release-NMS-Client\eqgame_dll\eqgame_dll.vcxproj]
  (compiling source file 'MQ2Globals.cpp')
  
C:\EQS\Release-NMS-Client\eqgame_dll\MQ2DataTypes.h(3398,17): warning C4091: 'static ': ignored on left of 'MQ2DZMemberType::DZMemberTypeMembers' when no variable is declared [C:\EQS\Release-NMS-Client\eqgame_dll\eqgame_dll.vcxproj]
  (compiling source file 'MQ2Globals.cpp')
  
C:\EQS\Release-NMS-Client\eqgame_dll\MQ2DataTypes.h(3430,17): warning C4091: 'static ': ignored on left of 'MQ2FellowshipType::FellowshipTypeMembers' when no variable is declared [C:\EQS\Release-NMS-Client\eqgame_dll\eqgame_dll.vcxproj]
  (compiling source file 'MQ2Globals.cpp')
  
C:\EQS\Release-NMS-Client\eqgame_dll\MQ2DataTypes.h(3483,17): warning C4091: 'static ': ignored on left of 'MQ2FellowshipMemberType::FMTypeMembers' when no variable is declared [C:\EQS\Release-NMS-Client\eqgame_dll\eqgame_dll.vcxproj]
  (compiling source file 'MQ2Globals.cpp')
  
C:\EQS\Release-NMS-Client\eqgame_dll\MQ2DataTypes.h(3521,17): warning C4091: 'static ': ignored on left of 'MQ2FriendsType::FriendsMembers' when no variable is declared [C:\EQS\Release-NMS-Client\eqgame_dll\eqgame_dll.vcxproj]
  (compiling source file 'MQ2Globals.cpp')
  
C:\EQS\Release-NMS-Client\eqgame_dll\MQ2DataTypes.h(3525,17): warning C4091: 'static ': ignored on left of 'MQ2FriendsType::FriendsMethods' when no variable is declared [C:\EQS\Release-NMS-Client\eqgame_dll\eqgame_dll.vcxproj]
  (compiling source file 'MQ2Globals.cpp')
  
C:\EQS\Release-NMS-Client\eqgame_dll\MQ2DataTypes.h(3564,17): warning C4091: 'static ': ignored on left of 'MQ2TargetType::TargetMembers' when no variable is declared [C:\EQS\Release-NMS-Client\eqgame_dll\eqgame_dll.vcxproj]
  (compiling source file 'MQ2Globals.cpp')
  
C:\EQS\Release-NMS-Client\eqgame_dll\MQ2DataTypes.h(3644,17): warning C4091: 'static ': ignored on left of 'MQ2XTargetType::xTargetMembers' when no variable is declared [C:\EQS\Release-NMS-Client\eqgame_dll\eqgame_dll.vcxproj]
  (compiling source file 'MQ2Globals.cpp')
  
C:\EQS\Release-NMS-Client\eqgame_dll\MQ2Main.h(776,7): warning C4200: nonstandard extension used: zero-sized array in struct/union [C:\EQS\Release-NMS-Client\eqgame_dll\eqgame_dll.vcxproj]
  (compiling source file 'MQ2Globals.cpp')
      C:\EQS\Release-NMS-Client\eqgame_dll\MQ2Main.h(776,7):
      This member will be ignored by a defaulted constructor or copy/move assignment operator
  
C:\EQS\Release-NMS-Client\eqgame_dll\EQData.h(440,14): warning C4091: 'typedef ': ignored on left of 'EQData::MaterialType' when no variable is declared [C:\EQS\Release-NMS-Client\eqgame_dll\eqgame_dll.vcxproj]
  (compiling source file 'MQ2Labels.cpp')
  
  MQ2Mouse.cpp
  MQ2ParseAPI.cpp
C:\EQS\Release-NMS-Client\eqgame_dll\MQ2Internal.h(105,17): warning C4091: 'static ': ignored on left of 'MQ2Internal::SearchItemFlag' when no variable is declared [C:\EQS\Release-NMS-Client\eqgame_dll\eqgame_dll.vcxproj]
  (compiling source file 'MQ2ItemDisplay.cpp')
  
C:\EQS\Release-NMS-Client\eqgame_dll\MQ2DataTypes.h(167,17): warning C4091: 'static ': ignored on left of 'MQ2IntType::IntMembers' when no variable is declared [C:\EQS\Release-NMS-Client\eqgame_dll\eqgame_dll.vcxproj]
  (compiling source file 'MQ2ItemDisplay.cpp')
  
C:\EQS\Release-NMS-Client\eqgame_dll\MQ2DataTypes.h(207,17): warning C4091: 'static ': ignored on left of 'MQ2ArgbType::ArgbMembers' when no variable is declared [C:\EQS\Release-NMS-Client\eqgame_dll\eqgame_dll.vcxproj]
  (compiling source file 'MQ2ItemDisplay.cpp')
  
C:\EQS\Release-NMS-Client\eqgame_dll\MQ2DataTypes.h(284,17): warning C4091: 'static ': ignored on left of 'MQ2StringType::StringMembers' when no variable is declared [C:\EQS\Release-NMS-Client\eqgame_dll\eqgame_dll.vcxproj]
  (compiling source file 'MQ2ItemDisplay.cpp')
  
C:\EQS\Release-NMS-Client\eqgame_dll\MQ2DataTypes.h(360,17): warning C4091: 'static ': ignored on left of 'MQ2FloatType::FloatMembers' when no variable is declared [C:\EQS\Release-NMS-Client\eqgame_dll\eqgame_dll.vcxproj]
  (compiling source file 'MQ2ItemDisplay.cpp')
  
C:\EQS\Release-NMS-Client\eqgame_dll\MQ2DataTypes.h(408,17): warning C4091: 'static ': ignored on left of 'MQ2TicksType::TicksMembers' when no variable is declared [C:\EQS\Release-NMS-Client\eqgame_dll\eqgame_dll.vcxproj]
  (compiling source file 'MQ2ItemDisplay.cpp')
  
C:\EQS\Release-NMS-Client\eqgame_dll\MQ2DataTypes.h(459,17): warning C4091: 'static ': ignored on left of 'MQ2SpawnType::SpawnMembers' when no variable is declared [C:\EQS\Release-NMS-Client\eqgame_dll\eqgame_dll.vcxproj]
  (compiling source file 'MQ2ItemDisplay.cpp')
  
C:\EQS\Release-NMS-Client\eqgame_dll\MQ2DataTypes.h(559,17): warning C4091: 'static ': ignored on left of 'MQ2SpawnType::SpawnMethods' when no variable is declared [C:\EQS\Release-NMS-Client\eqgame_dll\eqgame_dll.vcxproj]
  (compiling source file 'MQ2ItemDisplay.cpp')
  
C:\EQS\Release-NMS-Client\eqgame_dll\MQ2DataTypes.h(729,17): warning C4091: 'static ': ignored on left of 'MQ2CharacterType::CharacterMembers' when no variable is declared [C:\EQS\Release-NMS-Client\eqgame_dll\eqgame_dll.vcxproj]
  (compiling source file 'MQ2ItemDisplay.cpp')
  
C:\EQS\Release-NMS-Client\eqgame_dll\MQ2DataTypes.h(917,17): warning C4091: 'static ': ignored on left of 'MQ2CharacterType::CharacterMethods' when no variable is declared [C:\EQS\Release-NMS-Client\eqgame_dll\eqgame_dll.vcxproj]
  (compiling source file 'MQ2ItemDisplay.cpp')
  
C:\EQS\Release-NMS-Client\eqgame_dll\MQ2DataTypes.h(1158,17): warning C4091: 'static ': ignored on left of 'MQ2SpellType::SpellMembers' when no variable is declared [C:\EQS\Release-NMS-Client\eqgame_dll\eqgame_dll.vcxproj]
  (compiling source file 'MQ2ItemDisplay.cpp')
  
C:\EQS\Release-NMS-Client\eqgame_dll\MQ2DataTypes.h(1188,17): warning C4091: 'static ': ignored on left of 'MQ2SpellType::SpellMethods' when no variable is declared [C:\EQS\Release-NMS-Client\eqgame_dll\eqgame_dll.vcxproj]
  (compiling source file 'MQ2ItemDisplay.cpp')
  
C:\EQS\Release-NMS-Client\eqgame_dll\MQ2Internal.h(105,17): warning C4091: 'static ': ignored on left of 'MQ2Internal::SearchItemFlag' when no variable is declared [C:\EQS\Release-NMS-Client\eqgame_dll\eqgame_dll.vcxproj]
  (compiling source file 'MQ2Labels.cpp')
  
C:\EQS\Release-NMS-Client\eqgame_dll\MQ2DataTypes.h(1262,17): warning C4091: 'static ': ignored on left of 'MQ2BuffType::BuffMembers' when no variable is declared [C:\EQS\Release-NMS-Client\eqgame_dll\eqgame_dll.vcxproj]
  (compiling source file 'MQ2ItemDisplay.cpp')
  
C:\EQS\Release-NMS-Client\eqgame_dll\MQ2DataTypes.h(1272,17): warning C4091: 'static ': ignored on left of 'MQ2BuffType::BuffMethods' when no variable is declared [C:\EQS\Release-NMS-Client\eqgame_dll\eqgame_dll.vcxproj]
  (compiling source file 'MQ2ItemDisplay.cpp')
  
C:\EQS\Release-NMS-Client\eqgame_dll\MQ2DataTypes.h(1336,17): warning C4091: 'static ': ignored on left of 'MQ2ItemType::ItemMembers' when no variable is declared [C:\EQS\Release-NMS-Client\eqgame_dll\eqgame_dll.vcxproj]
  (compiling source file 'MQ2ItemDisplay.cpp')
  
C:\EQS\Release-NMS-Client\eqgame_dll\MQ2DataTypes.h(1469,17): warning C4091: 'static ': ignored on left of 'MQ2ItemType::ItemMethods' when no variable is declared [C:\EQS\Release-NMS-Client\eqgame_dll\eqgame_dll.vcxproj]
  (compiling source file 'MQ2ItemDisplay.cpp')
  
C:\EQS\Release-NMS-Client\eqgame_dll\MQ2DataTypes.h(1647,17): warning C4091: 'static ': ignored on left of 'MQ2SwitchType::SwitchMembers' when no variable is declared [C:\EQS\Release-NMS-Client\eqgame_dll\eqgame_dll.vcxproj]
  (compiling source file 'MQ2ItemDisplay.cpp')
  
C:\EQS\Release-NMS-Client\eqgame_dll\MQ2DataTypes.h(1670,17): warning C4091: 'static ': ignored on left of 'MQ2SwitchType::SwitchMethods' when no variable is declared [C:\EQS\Release-NMS-Client\eqgame_dll\eqgame_dll.vcxproj]
  (compiling source file 'MQ2ItemDisplay.cpp')
  
C:\EQS\Release-NMS-Client\eqgame_dll\MQ2DataTypes.h(1735,17): warning C4091: 'static ': ignored on left of 'MQ2GroundType::GroundMembers' when no variable is declared [C:\EQS\Release-NMS-Client\eqgame_dll\eqgame_dll.vcxproj]
  (compiling source file 'MQ2ItemDisplay.cpp')
  
C:\EQS\Release-NMS-Client\eqgame_dll\MQ2DataTypes.h(1750,17): warning C4091: 'static ': ignored on left of 'MQ2GroundType::GroundMethods' when no variable is declared [C:\EQS\Release-NMS-Client\eqgame_dll\eqgame_dll.vcxproj]
  (compiling source file 'MQ2ItemDisplay.cpp')
  
C:\EQS\Release-NMS-Client\eqgame_dll\MQ2Main.h(23,9): warning C4005: '_WIN32_WINNT': macro redefinition [C:\EQS\Release-NMS-Client\eqgame_dll\eqgame_dll.vcxproj]
  (compiling source file 'multi_pet.cpp')
      C:\Program Files (x86)\Windows Kits\10\Include\10.0.26100.0\shared\sdkddkver.h(228,10):
      see previous definition of '_WIN32_WINNT'
  
C:\EQS\Release-NMS-Client\eqgame_dll\MQ2DataTypes.h(1811,17): warning C4091: 'static ': ignored on left of 'MQ2CorpseType::CorpseMembers' when no variable is declared [C:\EQS\Release-NMS-Client\eqgame_dll\eqgame_dll.vcxproj]
  (compiling source file 'MQ2ItemDisplay.cpp')
  
C:\EQS\Release-NMS-Client\eqgame_dll\MQ2DataTypes.h(1817,17): warning C4091: 'static ': ignored on left of 'MQ2CorpseType::CorpseMethods' when no variable is declared [C:\EQS\Release-NMS-Client\eqgame_dll\eqgame_dll.vcxproj]
  (compiling source file 'MQ2ItemDisplay.cpp')
  
C:\EQS\Release-NMS-Client\eqgame_dll\MQ2DataTypes.h(1860,17): warning C4091: 'static ': ignored on left of 'MQ2MerchantType::MerchantMembers' when no variable is declared [C:\EQS\Release-NMS-Client\eqgame_dll\eqgame_dll.vcxproj]
  (compiling source file 'MQ2ItemDisplay.cpp')
  
C:\EQS\Release-NMS-Client\eqgame_dll\MQ2DataTypes.h(1868,17): warning C4091: 'static ': ignored on left of 'MQ2MerchantType::MerchantMethods' when no variable is declared [C:\EQS\Release-NMS-Client\eqgame_dll\eqgame_dll.vcxproj]
  (compiling source file 'MQ2ItemDisplay.cpp')
  
C:\EQS\Release-NMS-Client\eqgame_dll\MQ2DataTypes.h(1913,17): warning C4091: 'static ': ignored on left of 'MQ2WindowType::WindowMembers' when no variable is declared [C:\EQS\Release-NMS-Client\eqgame_dll\eqgame_dll.vcxproj]
  (compiling source file 'MQ2ItemDisplay.cpp')
  
C:\EQS\Release-NMS-Client\eqgame_dll\MQ2DataTypes.h(1949,17): warning C4091: 'static ': ignored on left of 'MQ2WindowType::WindowMethods' when no variable is declared [C:\EQS\Release-NMS-Client\eqgame_dll\eqgame_dll.vcxproj]
  (compiling source file 'MQ2ItemDisplay.cpp')
  
C:\EQS\Release-NMS-Client\eqgame_dll\MQ2DataTypes.h(2048,17): warning C4091: 'static ': ignored on left of 'MQ2MacroType::MacroMembers' when no variable is declared [C:\EQS\Release-NMS-Client\eqgame_dll\eqgame_dll.vcxproj]
  (compiling source file 'MQ2ItemDisplay.cpp')
  
C:\EQS\Release-NMS-Client\eqgame_dll\MQ2DataTypes.h(2096,17): warning C4091: 'static ': ignored on left of 'MQ2ZoneType::ZoneMembers' when no variable is declared [C:\EQS\Release-NMS-Client\eqgame_dll\eqgame_dll.vcxproj]
  (compiling source file 'MQ2ItemDisplay.cpp')
  
C:\EQS\Release-NMS-Client\eqgame_dll\MQ2DataTypes.h(2143,17): warning C4091: 'static ': ignored on left of 'MQ2CurrentZoneType::CurrentZoneMembers' when no variable is declared [C:\EQS\Release-NMS-Client\eqgame_dll\eqgame_dll.vcxproj]
  (compiling source file 'MQ2ItemDisplay.cpp')
  
C:\EQS\Release-NMS-Client\eqgame_dll\MQ2DataTypes.h(2205,17): warning C4091: 'static ': ignored on left of 'MQ2MacroQuestType::MacroQuestMembers' when no variable is declared [C:\EQS\Release-NMS-Client\eqgame_dll\eqgame_dll.vcxproj]
  (compiling source file 'MQ2ItemDisplay.cpp')
  
C:\EQS\Release-NMS-Client\eqgame_dll\MQ2DataTypes.h(2230,17): warning C4091: 'static ': ignored on left of 'MQ2MacroQuestType::MacroQuestMethods' when no variable is declared [C:\EQS\Release-NMS-Client\eqgame_dll\eqgame_dll.vcxproj]
  (compiling source file 'MQ2ItemDisplay.cpp')
  
C:\EQS\Release-NMS-Client\eqgame_dll\MQ2DataTypes.h(2283,17): warning C4091: 'static ': ignored on left of 'MQ2MathType::MathMembers' when no variable is declared [C:\EQS\Release-NMS-Client\eqgame_dll\eqgame_dll.vcxproj]
  (compiling source file 'MQ2ItemDisplay.cpp')
  
C:\EQS\Release-NMS-Client\eqgame_dll\MQ2DataTypes.h(2341,17): warning C4091: 'static ': ignored on left of 'MQ2RaceType::RaceMembers' when no variable is declared [C:\EQS\Release-NMS-Client\eqgame_dll\eqgame_dll.vcxproj]
  (compiling source file 'MQ2ItemDisplay.cpp')
  
C:\EQS\Release-NMS-Client\eqgame_dll\MQ2DataTypes.h(2379,17): warning C4091: 'static ': ignored on left of 'MQ2ClassType::ClassMembers' when no variable is declared [C:\EQS\Release-NMS-Client\eqgame_dll\eqgame_dll.vcxproj]
  (compiling source file 'MQ2ItemDisplay.cpp')
  
C:\EQS\Release-NMS-Client\eqgame_dll\MQ2DataTypes.h(2434,17): warning C4091: 'static ': ignored on left of 'MQ2BodyType::BodyMembers' when no variable is declared [C:\EQS\Release-NMS-Client\eqgame_dll\eqgame_dll.vcxproj]
  (compiling source file 'MQ2ItemDisplay.cpp')
  
C:\EQS\Release-NMS-Client\eqgame_dll\MQ2DataTypes.h(2471,17): warning C4091: 'static ': ignored on left of 'MQ2DeityType::DeityMembers' when no variable is declared [C:\EQS\Release-NMS-Client\eqgame_dll\eqgame_dll.vcxproj]
  (compiling source file 'MQ2ItemDisplay.cpp')
  
C:\EQS\Release-NMS-Client\eqgame_dll\MQ2DataTypes.h(2511,17): warning C4091: 'static ': ignored on left of 'MQ2TimeType::TimeMembers' when no variable is declared [C:\EQS\Release-NMS-Client\eqgame_dll\eqgame_dll.vcxproj]
  (compiling source file 'MQ2ItemDisplay.cpp')
  
C:\EQS\Release-NMS-Client\eqgame_dll\MQ2DataTypes.h(2586,17): warning C4091: 'static ': ignored on left of 'MQ2TypeType::TypeMembers' when no variable is declared [C:\EQS\Release-NMS-Client\eqgame_dll\eqgame_dll.vcxproj]
  (compiling source file 'MQ2ItemDisplay.cpp')
  
C:\EQS\Release-NMS-Client\eqgame_dll\MQ2DataTypes.h(2624,17): warning C4091: 'static ': ignored on left of 'MQ2HeadingType::HeadingMembers' when no variable is declared [C:\EQS\Release-NMS-Client\eqgame_dll\eqgame_dll.vcxproj]
  (compiling source file 'MQ2ItemDisplay.cpp')
  
C:\EQS\Release-NMS-Client\eqgame_dll\MQ2DataTypes.h(2632,17): warning C4091: 'static ': ignored on left of 'MQ2HeadingType::HeadingMethods' when no variable is declared [C:\EQS\Release-NMS-Client\eqgame_dll\eqgame_dll.vcxproj]
  (compiling source file 'MQ2ItemDisplay.cpp')
  
C:\EQS\Release-NMS-Client\eqgame_dll\MQ2DataTypes.h(2678,17): warning C4091: 'static ': ignored on left of 'MQ2InvSlotType::InvSlotMembers' when no variable is declared [C:\EQS\Release-NMS-Client\eqgame_dll\eqgame_dll.vcxproj]
  (compiling source file 'MQ2ItemDisplay.cpp')
  
C:\EQS\Release-NMS-Client\eqgame_dll\MQ2DataTypes.h(2686,17): warning C4091: 'static ': ignored on left of 'MQ2InvSlotType::InvSlotMethods' when no variable is declared [C:\EQS\Release-NMS-Client\eqgame_dll\eqgame_dll.vcxproj]
  (compiling source file 'MQ2ItemDisplay.cpp')
  
C:\EQS\Release-NMS-Client\eqgame_dll\MQ2DataTypes.h(2740,17): warning C4091: 'static ': ignored on left of 'MQ2PluginType::PluginMembers' when no variable is declared [C:\EQS\Release-NMS-Client\eqgame_dll\eqgame_dll.vcxproj]
  (compiling source file 'MQ2ItemDisplay.cpp')
  
C:\EQS\Release-NMS-Client\eqgame_dll\MQ2DataTypes.h(2782,17): warning C4091: 'static ': ignored on left of 'MQ2BenchmarkType::BenchmarkMembers' when no variable is declared [C:\EQS\Release-NMS-Client\eqgame_dll\eqgame_dll.vcxproj]
  (compiling source file 'MQ2ItemDisplay.cpp')
  
C:\EQS\Release-NMS-Client\eqgame_dll\MQ2DataTypes.h(2828,17): warning C4091: 'static ': ignored on left of 'MQ2SkillType::SkillMembers' when no variable is declared [C:\EQS\Release-NMS-Client\eqgame_dll\eqgame_dll.vcxproj]
  (compiling source file 'MQ2ItemDisplay.cpp')
  
C:\EQS\Release-NMS-Client\eqgame_dll\MQ2DataTypes.h(2838,17): warning C4091: 'static ': ignored on left of 'MQ2SkillType::SkillMethods' when no variable is declared [C:\EQS\Release-NMS-Client\eqgame_dll\eqgame_dll.vcxproj]
  (compiling source file 'MQ2ItemDisplay.cpp')
  
C:\EQS\Release-NMS-Client\eqgame_dll\MQ2DataTypes.h(2887,17): warning C4091: 'static ': ignored on left of 'MQ2AltAbilityType::AltAbilityMembers' when no variable is declared [C:\EQS\Release-NMS-Client\eqgame_dll\eqgame_dll.vcxproj]
  (compiling source file 'MQ2ItemDisplay.cpp')
  
C:\EQS\Release-NMS-Client\eqgame_dll\MQ2DataTypes.h(2904,17): warning C4091: 'static ': ignored on left of 'MQ2AltAbilityType::AltAbilityMethods' when no variable is declared [C:\EQS\Release-NMS-Client\eqgame_dll\eqgame_dll.vcxproj]
  (compiling source file 'MQ2ItemDisplay.cpp')
  
C:\EQS\Release-NMS-Client\eqgame_dll\MQ2DataTypes.h(2949,17): warning C4091: 'static ': ignored on left of 'MQ2TimerType::TimerMembers' when no variable is declared [C:\EQS\Release-NMS-Client\eqgame_dll\eqgame_dll.vcxproj]
  (compiling source file 'MQ2ItemDisplay.cpp')
  
C:\EQS\Release-NMS-Client\eqgame_dll\MQ2DataTypes.h(2954,17): warning C4091: 'static ': ignored on left of 'MQ2TimerType::TimerMethods' when no variable is declared [C:\EQS\Release-NMS-Client\eqgame_dll\eqgame_dll.vcxproj]
  (compiling source file 'MQ2ItemDisplay.cpp')
  
C:\EQS\Release-NMS-Client\eqgame_dll\MQ2DataTypes.h(3051,17): warning C4091: 'static ': ignored on left of 'MQ2ArrayType::ArrayMembers' when no variable is declared [C:\EQS\Release-NMS-Client\eqgame_dll\eqgame_dll.vcxproj]
  (compiling source file 'MQ2ItemDisplay.cpp')
  
C:\EQS\Release-NMS-Client\eqgame_dll\MQ2DataTypes.h(167,17): warning C4091: 'static ': ignored on left of 'MQ2IntType::IntMembers' when no variable is declared [C:\EQS\Release-NMS-Client\eqgame_dll\eqgame_dll.vcxproj]
  (compiling source file 'MQ2Labels.cpp')
  
C:\EQS\Release-NMS-Client\eqgame_dll\MQ2DataTypes.h(207,17): warning C4091: 'static ': ignored on left of 'MQ2ArgbType::ArgbMembers' when no variable is declared [C:\EQS\Release-NMS-Client\eqgame_dll\eqgame_dll.vcxproj]
  (compiling source file 'MQ2Labels.cpp')
  
C:\EQS\Release-NMS-Client\eqgame_dll\MQ2DataTypes.h(3096,17): warning C4091: 'static ': ignored on left of 'MQ2GroupType::GroupMembers' when no variable is declared [C:\EQS\Release-NMS-Client\eqgame_dll\eqgame_dll.vcxproj]
  (compiling source file 'MQ2ItemDisplay.cpp')
  
C:\EQS\Release-NMS-Client\eqgame_dll\MQ2DataTypes.h(3106,17): warning C4091: 'static ': ignored on left of 'MQ2GroupType::GroupMethods' when no variable is declared [C:\EQS\Release-NMS-Client\eqgame_dll\eqgame_dll.vcxproj]
  (compiling source file 'MQ2ItemDisplay.cpp')
  
C:\EQS\Release-NMS-Client\eqgame_dll\MQ2DataTypes.h(284,17): warning C4091: 'static ': ignored on left of 'MQ2StringType::StringMembers' when no variable is declared [C:\EQS\Release-NMS-Client\eqgame_dll\eqgame_dll.vcxproj]
  (compiling source file 'MQ2Labels.cpp')
  
C:\EQS\Release-NMS-Client\eqgame_dll\MQ2DataTypes.h(3141,17): warning C4091: 'static ': ignored on left of 'MQ2GroupMemberType::GroupMemberMembers' when no variable is declared [C:\EQS\Release-NMS-Client\eqgame_dll\eqgame_dll.vcxproj]
  (compiling source file 'MQ2ItemDisplay.cpp')
  
C:\EQS\Release-NMS-Client\eqgame_dll\MQ2DataTypes.h(3153,17): warning C4091: 'static ': ignored on left of 'MQ2GroupMemberType::GroupMemberMethods' when no variable is declared [C:\EQS\Release-NMS-Client\eqgame_dll\eqgame_dll.vcxproj]
  (compiling source file 'MQ2ItemDisplay.cpp')
  
C:\EQS\Release-NMS-Client\eqgame_dll\MQ2DataTypes.h(360,17): warning C4091: 'static ': ignored on left of 'MQ2FloatType::FloatMembers' when no variable is declared [C:\EQS\Release-NMS-Client\eqgame_dll\eqgame_dll.vcxproj]
  (compiling source file 'MQ2Labels.cpp')
  
C:\EQS\Release-NMS-Client\eqgame_dll\MQ2DataTypes.h(3195,17): warning C4091: 'static ': ignored on left of 'MQ2RaidType::RaidMembers' when no variable is declared [C:\EQS\Release-NMS-Client\eqgame_dll\eqgame_dll.vcxproj]
  (compiling source file 'MQ2ItemDisplay.cpp')
  
C:\EQS\Release-NMS-Client\eqgame_dll\MQ2DataTypes.h(3210,17): warning C4091: 'static ': ignored on left of 'MQ2RaidType::RaidMethods' when no variable is declared [C:\EQS\Release-NMS-Client\eqgame_dll\eqgame_dll.vcxproj]
  (compiling source file 'MQ2ItemDisplay.cpp')
  
C:\EQS\Release-NMS-Client\eqgame_dll\MQ2DataTypes.h(408,17): warning C4091: 'static ': ignored on left of 'MQ2TicksType::TicksMembers' when no variable is declared [C:\EQS\Release-NMS-Client\eqgame_dll\eqgame_dll.vcxproj]
  (compiling source file 'MQ2Labels.cpp')
  
C:\EQS\Release-NMS-Client\eqgame_dll\MQ2DataTypes.h(3254,17): warning C4091: 'static ': ignored on left of 'MQ2RaidMemberType::RaidMemberMembers' when no variable is declared [C:\EQS\Release-NMS-Client\eqgame_dll\eqgame_dll.vcxproj]
  (compiling source file 'MQ2ItemDisplay.cpp')
  
C:\EQS\Release-NMS-Client\eqgame_dll\MQ2DataTypes.h(3265,17): warning C4091: 'static ': ignored on left of 'MQ2RaidMemberType::RaidMemberMethods' when no variable is declared [C:\EQS\Release-NMS-Client\eqgame_dll\eqgame_dll.vcxproj]
  (compiling source file 'MQ2ItemDisplay.cpp')
  
C:\EQS\Release-NMS-Client\eqgame_dll\MQ2DataTypes.h(459,17): warning C4091: 'static ': ignored on left of 'MQ2SpawnType::SpawnMembers' when no variable is declared [C:\EQS\Release-NMS-Client\eqgame_dll\eqgame_dll.vcxproj]
  (compiling source file 'MQ2Labels.cpp')
  
C:\EQS\Release-NMS-Client\eqgame_dll\MQ2DataTypes.h(559,17): warning C4091: 'static ': ignored on left of 'MQ2SpawnType::SpawnMethods' when no variable is declared [C:\EQS\Release-NMS-Client\eqgame_dll\eqgame_dll.vcxproj]
  (compiling source file 'MQ2Labels.cpp')
  
C:\EQS\Release-NMS-Client\eqgame_dll\MQ2DataTypes.h(3314,17): warning C4091: 'static ': ignored on left of 'MQ2EvolvingItemType::EvolvingItemMembers' when no variable is declared [C:\EQS\Release-NMS-Client\eqgame_dll\eqgame_dll.vcxproj]
  (compiling source file 'MQ2ItemDisplay.cpp')
  
C:\EQS\Release-NMS-Client\eqgame_dll\MQ2DataTypes.h(3356,17): warning C4091: 'static ': ignored on left of 'MQ2DynamicZoneType::DynamicZoneMembers' when no variable is declared [C:\EQS\Release-NMS-Client\eqgame_dll\eqgame_dll.vcxproj]
  (compiling source file 'MQ2ItemDisplay.cpp')
  
C:\EQS\Release-NMS-Client\eqgame_dll\MQ2DataTypes.h(3398,17): warning C4091: 'static ': ignored on left of 'MQ2DZMemberType::DZMemberTypeMembers' when no variable is declared [C:\EQS\Release-NMS-Client\eqgame_dll\eqgame_dll.vcxproj]
  (compiling source file 'MQ2ItemDisplay.cpp')
  
C:\EQS\Release-NMS-Client\eqgame_dll\MQ2DataTypes.h(3430,17): warning C4091: 'static ': ignored on left of 'MQ2FellowshipType::FellowshipTypeMembers' when no variable is declared [C:\EQS\Release-NMS-Client\eqgame_dll\eqgame_dll.vcxproj]
  (compiling source file 'MQ2ItemDisplay.cpp')
  
C:\EQS\Release-NMS-Client\eqgame_dll\MQ2DataTypes.h(3483,17): warning C4091: 'static ': ignored on left of 'MQ2FellowshipMemberType::FMTypeMembers' when no variable is declared [C:\EQS\Release-NMS-Client\eqgame_dll\eqgame_dll.vcxproj]
  (compiling source file 'MQ2ItemDisplay.cpp')
  
C:\EQS\Release-NMS-Client\eqgame_dll\MQ2DataTypes.h(729,17): warning C4091: 'static ': ignored on left of 'MQ2CharacterType::CharacterMembers' when no variable is declared [C:\EQS\Release-NMS-Client\eqgame_dll\eqgame_dll.vcxproj]
  (compiling source file 'MQ2Labels.cpp')
  
C:\EQS\Release-NMS-Client\eqgame_dll\MQ2DataTypes.h(917,17): warning C4091: 'static ': ignored on left of 'MQ2CharacterType::CharacterMethods' when no variable is declared [C:\EQS\Release-NMS-Client\eqgame_dll\eqgame_dll.vcxproj]
  (compiling source file 'MQ2Labels.cpp')
  
C:\EQS\Release-NMS-Client\eqgame_dll\MQ2DataTypes.h(3521,17): warning C4091: 'static ': ignored on left of 'MQ2FriendsType::FriendsMembers' when no variable is declared [C:\EQS\Release-NMS-Client\eqgame_dll\eqgame_dll.vcxproj]
  (compiling source file 'MQ2ItemDisplay.cpp')
  
C:\EQS\Release-NMS-Client\eqgame_dll\MQ2DataTypes.h(3525,17): warning C4091: 'static ': ignored on left of 'MQ2FriendsType::FriendsMethods' when no variable is declared [C:\EQS\Release-NMS-Client\eqgame_dll\eqgame_dll.vcxproj]
  (compiling source file 'MQ2ItemDisplay.cpp')
  
C:\EQS\Release-NMS-Client\eqgame_dll\MQ2DataTypes.h(3564,17): warning C4091: 'static ': ignored on left of 'MQ2TargetType::TargetMembers' when no variable is declared [C:\EQS\Release-NMS-Client\eqgame_dll\eqgame_dll.vcxproj]
  (compiling source file 'MQ2ItemDisplay.cpp')
  
C:\EQS\Release-NMS-Client\eqgame_dll\MQ2DataTypes.h(3644,17): warning C4091: 'static ': ignored on left of 'MQ2XTargetType::xTargetMembers' when no variable is declared [C:\EQS\Release-NMS-Client\eqgame_dll\eqgame_dll.vcxproj]
  (compiling source file 'MQ2ItemDisplay.cpp')
  
C:\EQS\Release-NMS-Client\eqgame_dll\MQ2DataTypes.h(1158,17): warning C4091: 'static ': ignored on left of 'MQ2SpellType::SpellMembers' when no variable is declared [C:\EQS\Release-NMS-Client\eqgame_dll\eqgame_dll.vcxproj]
  (compiling source file 'MQ2Labels.cpp')
  
C:\EQS\Release-NMS-Client\eqgame_dll\MQ2DataTypes.h(1188,17): warning C4091: 'static ': ignored on left of 'MQ2SpellType::SpellMethods' when no variable is declared [C:\EQS\Release-NMS-Client\eqgame_dll\eqgame_dll.vcxproj]
  (compiling source file 'MQ2Labels.cpp')
  
C:\EQS\Release-NMS-Client\eqgame_dll\MQ2DataTypes.h(1262,17): warning C4091: 'static ': ignored on left of 'MQ2BuffType::BuffMembers' when no variable is declared [C:\EQS\Release-NMS-Client\eqgame_dll\eqgame_dll.vcxproj]
  (compiling source file 'MQ2Labels.cpp')
  
C:\EQS\Release-NMS-Client\eqgame_dll\MQ2DataTypes.h(1272,17): warning C4091: 'static ': ignored on left of 'MQ2BuffType::BuffMethods' when no variable is declared [C:\EQS\Release-NMS-Client\eqgame_dll\eqgame_dll.vcxproj]
  (compiling source file 'MQ2Labels.cpp')
  
C:\EQS\Release-NMS-Client\eqgame_dll\MQ2DataTypes.h(1336,17): warning C4091: 'static ': ignored on left of 'MQ2ItemType::ItemMembers' when no variable is declared [C:\EQS\Release-NMS-Client\eqgame_dll\eqgame_dll.vcxproj]
  (compiling source file 'MQ2Labels.cpp')
  
C:\EQS\Release-NMS-Client\eqgame_dll\MQ2DataTypes.h(1469,17): warning C4091: 'static ': ignored on left of 'MQ2ItemType::ItemMethods' when no variable is declared [C:\EQS\Release-NMS-Client\eqgame_dll\eqgame_dll.vcxproj]
  (compiling source file 'MQ2Labels.cpp')
  
C:\EQS\Release-NMS-Client\eqgame_dll\MQ2Main.h(23,9): warning C4005: '_WIN32_WINNT': macro redefinition [C:\EQS\Release-NMS-Client\eqgame_dll\eqgame_dll.vcxproj]
  (compiling source file 'pet_window.cpp')
      C:\Program Files (x86)\Windows Kits\10\Include\10.0.26100.0\shared\sdkddkver.h(228,10):
      see previous definition of '_WIN32_WINNT'
  
C:\EQS\Release-NMS-Client\eqgame_dll\MQ2DataTypes.h(1647,17): warning C4091: 'static ': ignored on left of 'MQ2SwitchType::SwitchMembers' when no variable is declared [C:\EQS\Release-NMS-Client\eqgame_dll\eqgame_dll.vcxproj]
  (compiling source file 'MQ2Labels.cpp')
  
C:\EQS\Release-NMS-Client\eqgame_dll\MQ2DataTypes.h(1670,17): warning C4091: 'static ': ignored on left of 'MQ2SwitchType::SwitchMethods' when no variable is declared [C:\EQS\Release-NMS-Client\eqgame_dll\eqgame_dll.vcxproj]
  (compiling source file 'MQ2Labels.cpp')
  
C:\EQS\Release-NMS-Client\eqgame_dll\MQ2Main.h(776,7): warning C4200: nonstandard extension used: zero-sized array in struct/union [C:\EQS\Release-NMS-Client\eqgame_dll\eqgame_dll.vcxproj]
  (compiling source file 'MQ2ItemDisplay.cpp')
      C:\EQS\Release-NMS-Client\eqgame_dll\MQ2Main.h(776,7):
      This member will be ignored by a defaulted constructor or copy/move assignment operator
  
C:\EQS\Release-NMS-Client\eqgame_dll\MQ2DataTypes.h(1735,17): warning C4091: 'static ': ignored on left of 'MQ2GroundType::GroundMembers' when no variable is declared [C:\EQS\Release-NMS-Client\eqgame_dll\eqgame_dll.vcxproj]
  (compiling source file 'MQ2Labels.cpp')
  
C:\EQS\Release-NMS-Client\eqgame_dll\MQ2DataTypes.h(1750,17): warning C4091: 'static ': ignored on left of 'MQ2GroundType::GroundMethods' when no variable is declared [C:\EQS\Release-NMS-Client\eqgame_dll\eqgame_dll.vcxproj]
  (compiling source file 'MQ2Labels.cpp')
  
C:\EQS\Release-NMS-Client\eqgame_dll\MQ2DataTypes.h(1811,17): warning C4091: 'static ': ignored on left of 'MQ2CorpseType::CorpseMembers' when no variable is declared [C:\EQS\Release-NMS-Client\eqgame_dll\eqgame_dll.vcxproj]
  (compiling source file 'MQ2Labels.cpp')
  
C:\EQS\Release-NMS-Client\eqgame_dll\MQ2DataTypes.h(1817,17): warning C4091: 'static ': ignored on left of 'MQ2CorpseType::CorpseMethods' when no variable is declared [C:\EQS\Release-NMS-Client\eqgame_dll\eqgame_dll.vcxproj]
  (compiling source file 'MQ2Labels.cpp')
  
C:\EQS\Release-NMS-Client\eqgame_dll\MQ2DataTypes.h(1860,17): warning C4091: 'static ': ignored on left of 'MQ2MerchantType::MerchantMembers' when no variable is declared [C:\EQS\Release-NMS-Client\eqgame_dll\eqgame_dll.vcxproj]
  (compiling source file 'MQ2Labels.cpp')
  
C:\EQS\Release-NMS-Client\eqgame_dll\MQ2DataTypes.h(1868,17): warning C4091: 'static ': ignored on left of 'MQ2MerchantType::MerchantMethods' when no variable is declared [C:\EQS\Release-NMS-Client\eqgame_dll\eqgame_dll.vcxproj]
  (compiling source file 'MQ2Labels.cpp')
  
C:\EQS\Release-NMS-Client\eqgame_dll\MQ2DataTypes.h(1913,17): warning C4091: 'static ': ignored on left of 'MQ2WindowType::WindowMembers' when no variable is declared [C:\EQS\Release-NMS-Client\eqgame_dll\eqgame_dll.vcxproj]
  (compiling source file 'MQ2Labels.cpp')
  
C:\EQS\Release-NMS-Client\eqgame_dll\MQ2DataTypes.h(1949,17): warning C4091: 'static ': ignored on left of 'MQ2WindowType::WindowMethods' when no variable is declared [C:\EQS\Release-NMS-Client\eqgame_dll\eqgame_dll.vcxproj]
  (compiling source file 'MQ2Labels.cpp')
  
C:\EQS\Release-NMS-Client\eqgame_dll\MQ2DataTypes.h(2048,17): warning C4091: 'static ': ignored on left of 'MQ2MacroType::MacroMembers' when no variable is declared [C:\EQS\Release-NMS-Client\eqgame_dll\eqgame_dll.vcxproj]
  (compiling source file 'MQ2Labels.cpp')
  
C:\EQS\Release-NMS-Client\eqgame_dll\MQ2ItemDisplay.cpp(657,43): warning C4244: '=': conversion from 'DWORD' to 'BYTE', possible loss of data [C:\EQS\Release-NMS-Client\eqgame_dll\eqgame_dll.vcxproj]
C:\EQS\Release-NMS-Client\eqgame_dll\MQ2DataTypes.h(2096,17): warning C4091: 'static ': ignored on left of 'MQ2ZoneType::ZoneMembers' when no variable is declared [C:\EQS\Release-NMS-Client\eqgame_dll\eqgame_dll.vcxproj]
  (compiling source file 'MQ2Labels.cpp')
  
C:\EQS\Release-NMS-Client\eqgame_dll\MQ2DataTypes.h(2143,17): warning C4091: 'static ': ignored on left of 'MQ2CurrentZoneType::CurrentZoneMembers' when no variable is declared [C:\EQS\Release-NMS-Client\eqgame_dll\eqgame_dll.vcxproj]
  (compiling source file 'MQ2Labels.cpp')
  
C:\EQS\Release-NMS-Client\eqgame_dll\MQ2DataTypes.h(2205,17): warning C4091: 'static ': ignored on left of 'MQ2MacroQuestType::MacroQuestMembers' when no variable is declared [C:\EQS\Release-NMS-Client\eqgame_dll\eqgame_dll.vcxproj]
  (compiling source file 'MQ2Labels.cpp')
  
C:\EQS\Release-NMS-Client\eqgame_dll\MQ2DataTypes.h(2230,17): warning C4091: 'static ': ignored on left of 'MQ2MacroQuestType::MacroQuestMethods' when no variable is declared [C:\EQS\Release-NMS-Client\eqgame_dll\eqgame_dll.vcxproj]
  (compiling source file 'MQ2Labels.cpp')
  
C:\EQS\Release-NMS-Client\eqgame_dll\MQ2DataTypes.h(2283,17): warning C4091: 'static ': ignored on left of 'MQ2MathType::MathMembers' when no variable is declared [C:\EQS\Release-NMS-Client\eqgame_dll\eqgame_dll.vcxproj]
  (compiling source file 'MQ2Labels.cpp')
  
C:\EQS\Release-NMS-Client\eqgame_dll\MQ2DataTypes.h(2341,17): warning C4091: 'static ': ignored on left of 'MQ2RaceType::RaceMembers' when no variable is declared [C:\EQS\Release-NMS-Client\eqgame_dll\eqgame_dll.vcxproj]
  (compiling source file 'MQ2Labels.cpp')
  
C:\EQS\Release-NMS-Client\eqgame_dll\MQ2DataTypes.h(2379,17): warning C4091: 'static ': ignored on left of 'MQ2ClassType::ClassMembers' when no variable is declared [C:\EQS\Release-NMS-Client\eqgame_dll\eqgame_dll.vcxproj]
  (compiling source file 'MQ2Labels.cpp')
  
C:\EQS\Release-NMS-Client\eqgame_dll\MQ2DataTypes.h(2434,17): warning C4091: 'static ': ignored on left of 'MQ2BodyType::BodyMembers' when no variable is declared [C:\EQS\Release-NMS-Client\eqgame_dll\eqgame_dll.vcxproj]
  (compiling source file 'MQ2Labels.cpp')
  
C:\EQS\Release-NMS-Client\eqgame_dll\MQ2DataTypes.h(2471,17): warning C4091: 'static ': ignored on left of 'MQ2DeityType::DeityMembers' when no variable is declared [C:\EQS\Release-NMS-Client\eqgame_dll\eqgame_dll.vcxproj]
  (compiling source file 'MQ2Labels.cpp')
  
C:\EQS\Release-NMS-Client\eqgame_dll\MQ2DataTypes.h(2511,17): warning C4091: 'static ': ignored on left of 'MQ2TimeType::TimeMembers' when no variable is declared [C:\EQS\Release-NMS-Client\eqgame_dll\eqgame_dll.vcxproj]
  (compiling source file 'MQ2Labels.cpp')
  
C:\EQS\Release-NMS-Client\eqgame_dll\MQ2DataTypes.h(2586,17): warning C4091: 'static ': ignored on left of 'MQ2TypeType::TypeMembers' when no variable is declared [C:\EQS\Release-NMS-Client\eqgame_dll\eqgame_dll.vcxproj]
  (compiling source file 'MQ2Labels.cpp')
  
C:\EQS\Release-NMS-Client\eqgame_dll\MQ2DataTypes.h(2624,17): warning C4091: 'static ': ignored on left of 'MQ2HeadingType::HeadingMembers' when no variable is declared [C:\EQS\Release-NMS-Client\eqgame_dll\eqgame_dll.vcxproj]
  (compiling source file 'MQ2Labels.cpp')
  
C:\EQS\Release-NMS-Client\eqgame_dll\MQ2DataTypes.h(2632,17): warning C4091: 'static ': ignored on left of 'MQ2HeadingType::HeadingMethods' when no variable is declared [C:\EQS\Release-NMS-Client\eqgame_dll\eqgame_dll.vcxproj]
  (compiling source file 'MQ2Labels.cpp')
  
C:\EQS\Release-NMS-Client\eqgame_dll\MQ2DataTypes.h(2678,17): warning C4091: 'static ': ignored on left of 'MQ2InvSlotType::InvSlotMembers' when no variable is declared [C:\EQS\Release-NMS-Client\eqgame_dll\eqgame_dll.vcxproj]
  (compiling source file 'MQ2Labels.cpp')
  
C:\EQS\Release-NMS-Client\eqgame_dll\MQ2DataTypes.h(2686,17): warning C4091: 'static ': ignored on left of 'MQ2InvSlotType::InvSlotMethods' when no variable is declared [C:\EQS\Release-NMS-Client\eqgame_dll\eqgame_dll.vcxproj]
  (compiling source file 'MQ2Labels.cpp')
  
C:\EQS\Release-NMS-Client\eqgame_dll\MQ2DataTypes.h(2740,17): warning C4091: 'static ': ignored on left of 'MQ2PluginType::PluginMembers' when no variable is declared [C:\EQS\Release-NMS-Client\eqgame_dll\eqgame_dll.vcxproj]
  (compiling source file 'MQ2Labels.cpp')
  
C:\EQS\Release-NMS-Client\eqgame_dll\MQ2DataTypes.h(2782,17): warning C4091: 'static ': ignored on left of 'MQ2BenchmarkType::BenchmarkMembers' when no variable is declared [C:\EQS\Release-NMS-Client\eqgame_dll\eqgame_dll.vcxproj]
  (compiling source file 'MQ2Labels.cpp')
  
  MQ2PluginHandler.cpp
C:\EQS\Release-NMS-Client\eqgame_dll\MQ2DataTypes.h(2828,17): warning C4091: 'static ': ignored on left of 'MQ2SkillType::SkillMembers' when no variable is declared [C:\EQS\Release-NMS-Client\eqgame_dll\eqgame_dll.vcxproj]
  (compiling source file 'MQ2Labels.cpp')
  
C:\EQS\Release-NMS-Client\eqgame_dll\MQ2DataTypes.h(2838,17): warning C4091: 'static ': ignored on left of 'MQ2SkillType::SkillMethods' when no variable is declared [C:\EQS\Release-NMS-Client\eqgame_dll\eqgame_dll.vcxproj]
  (compiling source file 'MQ2Labels.cpp')
  
C:\EQS\Release-NMS-Client\eqgame_dll\MQ2DataTypes.h(2887,17): warning C4091: 'static ': ignored on left of 'MQ2AltAbilityType::AltAbilityMembers' when no variable is declared [C:\EQS\Release-NMS-Client\eqgame_dll\eqgame_dll.vcxproj]
  (compiling source file 'MQ2Labels.cpp')
  
C:\EQS\Release-NMS-Client\eqgame_dll\MQ2DataTypes.h(2904,17): warning C4091: 'static ': ignored on left of 'MQ2AltAbilityType::AltAbilityMethods' when no variable is declared [C:\EQS\Release-NMS-Client\eqgame_dll\eqgame_dll.vcxproj]
  (compiling source file 'MQ2Labels.cpp')
  
C:\EQS\Release-NMS-Client\eqgame_dll\MQ2DataTypes.h(2949,17): warning C4091: 'static ': ignored on left of 'MQ2TimerType::TimerMembers' when no variable is declared [C:\EQS\Release-NMS-Client\eqgame_dll\eqgame_dll.vcxproj]
  (compiling source file 'MQ2Labels.cpp')
  
C:\EQS\Release-NMS-Client\eqgame_dll\MQ2DataTypes.h(2954,17): warning C4091: 'static ': ignored on left of 'MQ2TimerType::TimerMethods' when no variable is declared [C:\EQS\Release-NMS-Client\eqgame_dll\eqgame_dll.vcxproj]
  (compiling source file 'MQ2Labels.cpp')
  
C:\EQS\Release-NMS-Client\eqgame_dll\MQ2DataTypes.h(3051,17): warning C4091: 'static ': ignored on left of 'MQ2ArrayType::ArrayMembers' when no variable is declared [C:\EQS\Release-NMS-Client\eqgame_dll\eqgame_dll.vcxproj]
  (compiling source file 'MQ2Labels.cpp')
  
C:\EQS\Release-NMS-Client\eqgame_dll\MQ2DataTypes.h(3096,17): warning C4091: 'static ': ignored on left of 'MQ2GroupType::GroupMembers' when no variable is declared [C:\EQS\Release-NMS-Client\eqgame_dll\eqgame_dll.vcxproj]
  (compiling source file 'MQ2Labels.cpp')
  
C:\EQS\Release-NMS-Client\eqgame_dll\MQ2DataTypes.h(3106,17): warning C4091: 'static ': ignored on left of 'MQ2GroupType::GroupMethods' when no variable is declared [C:\EQS\Release-NMS-Client\eqgame_dll\eqgame_dll.vcxproj]
  (compiling source file 'MQ2Labels.cpp')
  
C:\EQS\Release-NMS-Client\eqgame_dll\MQ2DataTypes.h(3141,17): warning C4091: 'static ': ignored on left of 'MQ2GroupMemberType::GroupMemberMembers' when no variable is declared [C:\EQS\Release-NMS-Client\eqgame_dll\eqgame_dll.vcxproj]
  (compiling source file 'MQ2Labels.cpp')
  
C:\EQS\Release-NMS-Client\eqgame_dll\MQ2DataTypes.h(3153,17): warning C4091: 'static ': ignored on left of 'MQ2GroupMemberType::GroupMemberMethods' when no variable is declared [C:\EQS\Release-NMS-Client\eqgame_dll\eqgame_dll.vcxproj]
  (compiling source file 'MQ2Labels.cpp')
  
C:\EQS\Release-NMS-Client\eqgame_dll\MQ2DataTypes.h(3195,17): warning C4091: 'static ': ignored on left of 'MQ2RaidType::RaidMembers' when no variable is declared [C:\EQS\Release-NMS-Client\eqgame_dll\eqgame_dll.vcxproj]
  (compiling source file 'MQ2Labels.cpp')
  
C:\EQS\Release-NMS-Client\eqgame_dll\MQ2DataTypes.h(3210,17): warning C4091: 'static ': ignored on left of 'MQ2RaidType::RaidMethods' when no variable is declared [C:\EQS\Release-NMS-Client\eqgame_dll\eqgame_dll.vcxproj]
  (compiling source file 'MQ2Labels.cpp')
  
C:\EQS\Release-NMS-Client\eqgame_dll\MQ2DataTypes.h(3254,17): warning C4091: 'static ': ignored on left of 'MQ2RaidMemberType::RaidMemberMembers' when no variable is declared [C:\EQS\Release-NMS-Client\eqgame_dll\eqgame_dll.vcxproj]
  (compiling source file 'MQ2Labels.cpp')
  
C:\EQS\Release-NMS-Client\eqgame_dll\MQ2DataTypes.h(3265,17): warning C4091: 'static ': ignored on left of 'MQ2RaidMemberType::RaidMemberMethods' when no variable is declared [C:\EQS\Release-NMS-Client\eqgame_dll\eqgame_dll.vcxproj]
  (compiling source file 'MQ2Labels.cpp')
  
C:\EQS\Release-NMS-Client\eqgame_dll\MQ2DataTypes.h(3314,17): warning C4091: 'static ': ignored on left of 'MQ2EvolvingItemType::EvolvingItemMembers' when no variable is declared [C:\EQS\Release-NMS-Client\eqgame_dll\eqgame_dll.vcxproj]
  (compiling source file 'MQ2Labels.cpp')
  
C:\EQS\Release-NMS-Client\eqgame_dll\MQ2DataTypes.h(3356,17): warning C4091: 'static ': ignored on left of 'MQ2DynamicZoneType::DynamicZoneMembers' when no variable is declared [C:\EQS\Release-NMS-Client\eqgame_dll\eqgame_dll.vcxproj]
  (compiling source file 'MQ2Labels.cpp')
  
C:\EQS\Release-NMS-Client\eqgame_dll\MQ2DataTypes.h(3398,17): warning C4091: 'static ': ignored on left of 'MQ2DZMemberType::DZMemberTypeMembers' when no variable is declared [C:\EQS\Release-NMS-Client\eqgame_dll\eqgame_dll.vcxproj]
  (compiling source file 'MQ2Labels.cpp')
  
C:\EQS\Release-NMS-Client\eqgame_dll\MQ2DataTypes.h(3430,17): warning C4091: 'static ': ignored on left of 'MQ2FellowshipType::FellowshipTypeMembers' when no variable is declared [C:\EQS\Release-NMS-Client\eqgame_dll\eqgame_dll.vcxproj]
  (compiling source file 'MQ2Labels.cpp')
  
C:\EQS\Release-NMS-Client\eqgame_dll\MQ2DataTypes.h(3483,17): warning C4091: 'static ': ignored on left of 'MQ2FellowshipMemberType::FMTypeMembers' when no variable is declared [C:\EQS\Release-NMS-Client\eqgame_dll\eqgame_dll.vcxproj]
  (compiling source file 'MQ2Labels.cpp')
  
C:\EQS\Release-NMS-Client\eqgame_dll\MQ2DataTypes.h(3521,17): warning C4091: 'static ': ignored on left of 'MQ2FriendsType::FriendsMembers' when no variable is declared [C:\EQS\Release-NMS-Client\eqgame_dll\eqgame_dll.vcxproj]
  (compiling source file 'MQ2Labels.cpp')
  
C:\EQS\Release-NMS-Client\eqgame_dll\MQ2DataTypes.h(3525,17): warning C4091: 'static ': ignored on left of 'MQ2FriendsType::FriendsMethods' when no variable is declared [C:\EQS\Release-NMS-Client\eqgame_dll\eqgame_dll.vcxproj]
  (compiling source file 'MQ2Labels.cpp')
  
C:\EQS\Release-NMS-Client\eqgame_dll\MQ2DataTypes.h(3564,17): warning C4091: 'static ': ignored on left of 'MQ2TargetType::TargetMembers' when no variable is declared [C:\EQS\Release-NMS-Client\eqgame_dll\eqgame_dll.vcxproj]
  (compiling source file 'MQ2Labels.cpp')
  
C:\EQS\Release-NMS-Client\eqgame_dll\MQ2DataTypes.h(3644,17): warning C4091: 'static ': ignored on left of 'MQ2XTargetType::xTargetMembers' when no variable is declared [C:\EQS\Release-NMS-Client\eqgame_dll\eqgame_dll.vcxproj]
  (compiling source file 'MQ2Labels.cpp')
  
C:\EQS\Release-NMS-Client\eqgame_dll\MQ2Main.h(776,7): warning C4200: nonstandard extension used: zero-sized array in struct/union [C:\EQS\Release-NMS-Client\eqgame_dll\eqgame_dll.vcxproj]
  (compiling source file 'MQ2Labels.cpp')
      C:\EQS\Release-NMS-Client\eqgame_dll\MQ2Main.h(776,7):
      This member will be ignored by a defaulted constructor or copy/move assignment operator
  
C:\EQS\Release-NMS-Client\eqgame_dll\MQ2Labels.cpp(189,14): warning C4091: 'typedef ': ignored on left of 'eStatEntry' when no variable is declared [C:\EQS\Release-NMS-Client\eqgame_dll\eqgame_dll.vcxproj]
C:\EQS\Release-NMS-Client\eqgame_dll\MQ2Labels.cpp(325,14): warning C4091: 'typedef ': ignored on left of 'EQLabelTypes' when no variable is declared [C:\EQS\Release-NMS-Client\eqgame_dll\eqgame_dll.vcxproj]
C:\EQS\Release-NMS-Client\eqgame_dll\MQ2Labels.cpp(1104,29): warning C4200: nonstandard extension used: zero-sized array in struct/union [C:\EQS\Release-NMS-Client\eqgame_dll\eqgame_dll.vcxproj]
      C:\EQS\Release-NMS-Client\eqgame_dll\MQ2Labels.cpp(1104,29):
      This member will be ignored by a defaulted constructor or copy/move assignment operator
  
C:\EQS\Release-NMS-Client\eqgame_dll\MQ2Labels.cpp(1101,16): warning C4091: 'typedef ': ignored on left of 'ServerAuthStat_Struct' when no variable is declared [C:\EQS\Release-NMS-Client\eqgame_dll\eqgame_dll.vcxproj]
  MQ2Pulse.cpp
C:\EQS\Release-NMS-Client\eqgame_dll\EQData.h(440,14): warning C4091: 'typedef ': ignored on left of 'EQData::MaterialType' when no variable is declared [C:\EQS\Release-NMS-Client\eqgame_dll\eqgame_dll.vcxproj]
  (compiling source file 'MQ2MacroCommands.cpp')
  
  MQ2Spawns.cpp
C:\EQS\Release-NMS-Client\eqgame_dll\MQ2Internal.h(105,17): warning C4091: 'static ': ignored on left of 'MQ2Internal::SearchItemFlag' when no variable is declared [C:\EQS\Release-NMS-Client\eqgame_dll\eqgame_dll.vcxproj]
  (compiling source file 'MQ2MacroCommands.cpp')
  
C:\EQS\Release-NMS-Client\eqgame_dll\MQ2DataTypes.h(167,17): warning C4091: 'static ': ignored on left of 'MQ2IntType::IntMembers' when no variable is declared [C:\EQS\Release-NMS-Client\eqgame_dll\eqgame_dll.vcxproj]
  (compiling source file 'MQ2MacroCommands.cpp')
  
C:\EQS\Release-NMS-Client\eqgame_dll\MQ2DataTypes.h(207,17): warning C4091: 'static ': ignored on left of 'MQ2ArgbType::ArgbMembers' when no variable is declared [C:\EQS\Release-NMS-Client\eqgame_dll\eqgame_dll.vcxproj]
  (compiling source file 'MQ2MacroCommands.cpp')
  
C:\EQS\Release-NMS-Client\eqgame_dll\MQ2DataTypes.h(284,17): warning C4091: 'static ': ignored on left of 'MQ2StringType::StringMembers' when no variable is declared [C:\EQS\Release-NMS-Client\eqgame_dll\eqgame_dll.vcxproj]
  (compiling source file 'MQ2MacroCommands.cpp')
  
C:\EQS\Release-NMS-Client\eqgame_dll\MQ2DataTypes.h(360,17): warning C4091: 'static ': ignored on left of 'MQ2FloatType::FloatMembers' when no variable is declared [C:\EQS\Release-NMS-Client\eqgame_dll\eqgame_dll.vcxproj]
  (compiling source file 'MQ2MacroCommands.cpp')
  
C:\EQS\Release-NMS-Client\eqgame_dll\MQ2DataTypes.h(408,17): warning C4091: 'static ': ignored on left of 'MQ2TicksType::TicksMembers' when no variable is declared [C:\EQS\Release-NMS-Client\eqgame_dll\eqgame_dll.vcxproj]
  (compiling source file 'MQ2MacroCommands.cpp')
  
C:\EQS\Release-NMS-Client\eqgame_dll\MQ2DataTypes.h(459,17): warning C4091: 'static ': ignored on left of 'MQ2SpawnType::SpawnMembers' when no variable is declared [C:\EQS\Release-NMS-Client\eqgame_dll\eqgame_dll.vcxproj]
  (compiling source file 'MQ2MacroCommands.cpp')
  
C:\EQS\Release-NMS-Client\eqgame_dll\MQ2DataTypes.h(559,17): warning C4091: 'static ': ignored on left of 'MQ2SpawnType::SpawnMethods' when no variable is declared [C:\EQS\Release-NMS-Client\eqgame_dll\eqgame_dll.vcxproj]
  (compiling source file 'MQ2MacroCommands.cpp')
  
C:\EQS\Release-NMS-Client\eqgame_dll\MQ2DataTypes.h(729,17): warning C4091: 'static ': ignored on left of 'MQ2CharacterType::CharacterMembers' when no variable is declared [C:\EQS\Release-NMS-Client\eqgame_dll\eqgame_dll.vcxproj]
  (compiling source file 'MQ2MacroCommands.cpp')
  
C:\EQS\Release-NMS-Client\eqgame_dll\MQ2DataTypes.h(917,17): warning C4091: 'static ': ignored on left of 'MQ2CharacterType::CharacterMethods' when no variable is declared [C:\EQS\Release-NMS-Client\eqgame_dll\eqgame_dll.vcxproj]
  (compiling source file 'MQ2MacroCommands.cpp')
  
C:\EQS\Release-NMS-Client\eqgame_dll\MQ2DataTypes.h(1158,17): warning C4091: 'static ': ignored on left of 'MQ2SpellType::SpellMembers' when no variable is declared [C:\EQS\Release-NMS-Client\eqgame_dll\eqgame_dll.vcxproj]
  (compiling source file 'MQ2MacroCommands.cpp')
  
C:\EQS\Release-NMS-Client\eqgame_dll\MQ2DataTypes.h(1188,17): warning C4091: 'static ': ignored on left of 'MQ2SpellType::SpellMethods' when no variable is declared [C:\EQS\Release-NMS-Client\eqgame_dll\eqgame_dll.vcxproj]
  (compiling source file 'MQ2MacroCommands.cpp')
  
C:\EQS\Release-NMS-Client\eqgame_dll\MQ2DataTypes.h(1262,17): warning C4091: 'static ': ignored on left of 'MQ2BuffType::BuffMembers' when no variable is declared [C:\EQS\Release-NMS-Client\eqgame_dll\eqgame_dll.vcxproj]
  (compiling source file 'MQ2MacroCommands.cpp')
  
C:\EQS\Release-NMS-Client\eqgame_dll\MQ2DataTypes.h(1272,17): warning C4091: 'static ': ignored on left of 'MQ2BuffType::BuffMethods' when no variable is declared [C:\EQS\Release-NMS-Client\eqgame_dll\eqgame_dll.vcxproj]
  (compiling source file 'MQ2MacroCommands.cpp')
  
C:\EQS\Release-NMS-Client\eqgame_dll\MQ2DataTypes.h(1336,17): warning C4091: 'static ': ignored on left of 'MQ2ItemType::ItemMembers' when no variable is declared [C:\EQS\Release-NMS-Client\eqgame_dll\eqgame_dll.vcxproj]
  (compiling source file 'MQ2MacroCommands.cpp')
  
C:\EQS\Release-NMS-Client\eqgame_dll\MQ2DataTypes.h(1469,17): warning C4091: 'static ': ignored on left of 'MQ2ItemType::ItemMethods' when no variable is declared [C:\EQS\Release-NMS-Client\eqgame_dll\eqgame_dll.vcxproj]
  (compiling source file 'MQ2MacroCommands.cpp')
  
C:\EQS\Release-NMS-Client\eqgame_dll\MQ2DataTypes.h(1647,17): warning C4091: 'static ': ignored on left of 'MQ2SwitchType::SwitchMembers' when no variable is declared [C:\EQS\Release-NMS-Client\eqgame_dll\eqgame_dll.vcxproj]
  (compiling source file 'MQ2MacroCommands.cpp')
  
C:\EQS\Release-NMS-Client\eqgame_dll\MQ2DataTypes.h(1670,17): warning C4091: 'static ': ignored on left of 'MQ2SwitchType::SwitchMethods' when no variable is declared [C:\EQS\Release-NMS-Client\eqgame_dll\eqgame_dll.vcxproj]
  (compiling source file 'MQ2MacroCommands.cpp')
  
C:\EQS\Release-NMS-Client\eqgame_dll\MQ2DataTypes.h(1735,17): warning C4091: 'static ': ignored on left of 'MQ2GroundType::GroundMembers' when no variable is declared [C:\EQS\Release-NMS-Client\eqgame_dll\eqgame_dll.vcxproj]
  (compiling source file 'MQ2MacroCommands.cpp')
  
C:\EQS\Release-NMS-Client\eqgame_dll\MQ2DataTypes.h(1750,17): warning C4091: 'static ': ignored on left of 'MQ2GroundType::GroundMethods' when no variable is declared [C:\EQS\Release-NMS-Client\eqgame_dll\eqgame_dll.vcxproj]
  (compiling source file 'MQ2MacroCommands.cpp')
  
C:\EQS\Release-NMS-Client\eqgame_dll\MQ2DataTypes.h(1811,17): warning C4091: 'static ': ignored on left of 'MQ2CorpseType::CorpseMembers' when no variable is declared [C:\EQS\Release-NMS-Client\eqgame_dll\eqgame_dll.vcxproj]
  (compiling source file 'MQ2MacroCommands.cpp')
  
C:\EQS\Release-NMS-Client\eqgame_dll\MQ2DataTypes.h(1817,17): warning C4091: 'static ': ignored on left of 'MQ2CorpseType::CorpseMethods' when no variable is declared [C:\EQS\Release-NMS-Client\eqgame_dll\eqgame_dll.vcxproj]
  (compiling source file 'MQ2MacroCommands.cpp')
  
C:\EQS\Release-NMS-Client\eqgame_dll\MQ2DataTypes.h(1860,17): warning C4091: 'static ': ignored on left of 'MQ2MerchantType::MerchantMembers' when no variable is declared [C:\EQS\Release-NMS-Client\eqgame_dll\eqgame_dll.vcxproj]
  (compiling source file 'MQ2MacroCommands.cpp')
  
C:\EQS\Release-NMS-Client\eqgame_dll\MQ2DataTypes.h(1868,17): warning C4091: 'static ': ignored on left of 'MQ2MerchantType::MerchantMethods' when no variable is declared [C:\EQS\Release-NMS-Client\eqgame_dll\eqgame_dll.vcxproj]
  (compiling source file 'MQ2MacroCommands.cpp')
  
C:\EQS\Release-NMS-Client\eqgame_dll\MQ2DataTypes.h(1913,17): warning C4091: 'static ': ignored on left of 'MQ2WindowType::WindowMembers' when no variable is declared [C:\EQS\Release-NMS-Client\eqgame_dll\eqgame_dll.vcxproj]
  (compiling source file 'MQ2MacroCommands.cpp')
  
C:\EQS\Release-NMS-Client\eqgame_dll\MQ2DataTypes.h(1949,17): warning C4091: 'static ': ignored on left of 'MQ2WindowType::WindowMethods' when no variable is declared [C:\EQS\Release-NMS-Client\eqgame_dll\eqgame_dll.vcxproj]
  (compiling source file 'MQ2MacroCommands.cpp')
  
C:\EQS\Release-NMS-Client\eqgame_dll\MQ2DataTypes.h(2048,17): warning C4091: 'static ': ignored on left of 'MQ2MacroType::MacroMembers' when no variable is declared [C:\EQS\Release-NMS-Client\eqgame_dll\eqgame_dll.vcxproj]
  (compiling source file 'MQ2MacroCommands.cpp')
  
C:\EQS\Release-NMS-Client\eqgame_dll\MQ2DataTypes.h(2096,17): warning C4091: 'static ': ignored on left of 'MQ2ZoneType::ZoneMembers' when no variable is declared [C:\EQS\Release-NMS-Client\eqgame_dll\eqgame_dll.vcxproj]
  (compiling source file 'MQ2MacroCommands.cpp')
  
C:\EQS\Release-NMS-Client\eqgame_dll\MQ2DataTypes.h(2143,17): warning C4091: 'static ': ignored on left of 'MQ2CurrentZoneType::CurrentZoneMembers' when no variable is declared [C:\EQS\Release-NMS-Client\eqgame_dll\eqgame_dll.vcxproj]
  (compiling source file 'MQ2MacroCommands.cpp')
  
C:\EQS\Release-NMS-Client\eqgame_dll\MQ2DataTypes.h(2205,17): warning C4091: 'static ': ignored on left of 'MQ2MacroQuestType::MacroQuestMembers' when no variable is declared [C:\EQS\Release-NMS-Client\eqgame_dll\eqgame_dll.vcxproj]
  (compiling source file 'MQ2MacroCommands.cpp')
  
C:\EQS\Release-NMS-Client\eqgame_dll\MQ2DataTypes.h(2230,17): warning C4091: 'static ': ignored on left of 'MQ2MacroQuestType::MacroQuestMethods' when no variable is declared [C:\EQS\Release-NMS-Client\eqgame_dll\eqgame_dll.vcxproj]
  (compiling source file 'MQ2MacroCommands.cpp')
  
C:\EQS\Release-NMS-Client\eqgame_dll\MQ2DataTypes.h(2283,17): warning C4091: 'static ': ignored on left of 'MQ2MathType::MathMembers' when no variable is declared [C:\EQS\Release-NMS-Client\eqgame_dll\eqgame_dll.vcxproj]
  (compiling source file 'MQ2MacroCommands.cpp')
  
C:\EQS\Release-NMS-Client\eqgame_dll\MQ2DataTypes.h(2341,17): warning C4091: 'static ': ignored on left of 'MQ2RaceType::RaceMembers' when no variable is declared [C:\EQS\Release-NMS-Client\eqgame_dll\eqgame_dll.vcxproj]
  (compiling source file 'MQ2MacroCommands.cpp')
  
C:\EQS\Release-NMS-Client\eqgame_dll\MQ2DataTypes.h(2379,17): warning C4091: 'static ': ignored on left of 'MQ2ClassType::ClassMembers' when no variable is declared [C:\EQS\Release-NMS-Client\eqgame_dll\eqgame_dll.vcxproj]
  (compiling source file 'MQ2MacroCommands.cpp')
  
C:\EQS\Release-NMS-Client\eqgame_dll\MQ2DataTypes.h(2434,17): warning C4091: 'static ': ignored on left of 'MQ2BodyType::BodyMembers' when no variable is declared [C:\EQS\Release-NMS-Client\eqgame_dll\eqgame_dll.vcxproj]
  (compiling source file 'MQ2MacroCommands.cpp')
  
C:\EQS\Release-NMS-Client\eqgame_dll\MQ2DataTypes.h(2471,17): warning C4091: 'static ': ignored on left of 'MQ2DeityType::DeityMembers' when no variable is declared [C:\EQS\Release-NMS-Client\eqgame_dll\eqgame_dll.vcxproj]
  (compiling source file 'MQ2MacroCommands.cpp')
  
C:\EQS\Release-NMS-Client\eqgame_dll\MQ2DataTypes.h(2511,17): warning C4091: 'static ': ignored on left of 'MQ2TimeType::TimeMembers' when no variable is declared [C:\EQS\Release-NMS-Client\eqgame_dll\eqgame_dll.vcxproj]
  (compiling source file 'MQ2MacroCommands.cpp')
  
C:\EQS\Release-NMS-Client\eqgame_dll\MQ2DataTypes.h(2586,17): warning C4091: 'static ': ignored on left of 'MQ2TypeType::TypeMembers' when no variable is declared [C:\EQS\Release-NMS-Client\eqgame_dll\eqgame_dll.vcxproj]
  (compiling source file 'MQ2MacroCommands.cpp')
  
C:\EQS\Release-NMS-Client\eqgame_dll\MQ2DataTypes.h(2624,17): warning C4091: 'static ': ignored on left of 'MQ2HeadingType::HeadingMembers' when no variable is declared [C:\EQS\Release-NMS-Client\eqgame_dll\eqgame_dll.vcxproj]
  (compiling source file 'MQ2MacroCommands.cpp')
  
C:\EQS\Release-NMS-Client\eqgame_dll\MQ2DataTypes.h(2632,17): warning C4091: 'static ': ignored on left of 'MQ2HeadingType::HeadingMethods' when no variable is declared [C:\EQS\Release-NMS-Client\eqgame_dll\eqgame_dll.vcxproj]
  (compiling source file 'MQ2MacroCommands.cpp')
  
C:\EQS\Release-NMS-Client\eqgame_dll\MQ2DataTypes.h(2678,17): warning C4091: 'static ': ignored on left of 'MQ2InvSlotType::InvSlotMembers' when no variable is declared [C:\EQS\Release-NMS-Client\eqgame_dll\eqgame_dll.vcxproj]
  (compiling source file 'MQ2MacroCommands.cpp')
  
C:\EQS\Release-NMS-Client\eqgame_dll\MQ2DataTypes.h(2686,17): warning C4091: 'static ': ignored on left of 'MQ2InvSlotType::InvSlotMethods' when no variable is declared [C:\EQS\Release-NMS-Client\eqgame_dll\eqgame_dll.vcxproj]
  (compiling source file 'MQ2MacroCommands.cpp')
  
C:\EQS\Release-NMS-Client\eqgame_dll\MQ2DataTypes.h(2740,17): warning C4091: 'static ': ignored on left of 'MQ2PluginType::PluginMembers' when no variable is declared [C:\EQS\Release-NMS-Client\eqgame_dll\eqgame_dll.vcxproj]
  (compiling source file 'MQ2MacroCommands.cpp')
  
C:\EQS\Release-NMS-Client\eqgame_dll\MQ2DataTypes.h(2782,17): warning C4091: 'static ': ignored on left of 'MQ2BenchmarkType::BenchmarkMembers' when no variable is declared [C:\EQS\Release-NMS-Client\eqgame_dll\eqgame_dll.vcxproj]
  (compiling source file 'MQ2MacroCommands.cpp')
  
C:\EQS\Release-NMS-Client\eqgame_dll\MQ2DataTypes.h(2828,17): warning C4091: 'static ': ignored on left of 'MQ2SkillType::SkillMembers' when no variable is declared [C:\EQS\Release-NMS-Client\eqgame_dll\eqgame_dll.vcxproj]
  (compiling source file 'MQ2MacroCommands.cpp')
  
C:\EQS\Release-NMS-Client\eqgame_dll\MQ2DataTypes.h(2838,17): warning C4091: 'static ': ignored on left of 'MQ2SkillType::SkillMethods' when no variable is declared [C:\EQS\Release-NMS-Client\eqgame_dll\eqgame_dll.vcxproj]
  (compiling source file 'MQ2MacroCommands.cpp')
  
C:\EQS\Release-NMS-Client\eqgame_dll\MQ2DataTypes.h(2887,17): warning C4091: 'static ': ignored on left of 'MQ2AltAbilityType::AltAbilityMembers' when no variable is declared [C:\EQS\Release-NMS-Client\eqgame_dll\eqgame_dll.vcxproj]
  (compiling source file 'MQ2MacroCommands.cpp')
  
C:\EQS\Release-NMS-Client\eqgame_dll\MQ2DataTypes.h(2904,17): warning C4091: 'static ': ignored on left of 'MQ2AltAbilityType::AltAbilityMethods' when no variable is declared [C:\EQS\Release-NMS-Client\eqgame_dll\eqgame_dll.vcxproj]
  (compiling source file 'MQ2MacroCommands.cpp')
  
C:\EQS\Release-NMS-Client\eqgame_dll\MQ2DataTypes.h(2949,17): warning C4091: 'static ': ignored on left of 'MQ2TimerType::TimerMembers' when no variable is declared [C:\EQS\Release-NMS-Client\eqgame_dll\eqgame_dll.vcxproj]
  (compiling source file 'MQ2MacroCommands.cpp')
  
C:\EQS\Release-NMS-Client\eqgame_dll\MQ2DataTypes.h(2954,17): warning C4091: 'static ': ignored on left of 'MQ2TimerType::TimerMethods' when no variable is declared [C:\EQS\Release-NMS-Client\eqgame_dll\eqgame_dll.vcxproj]
  (compiling source file 'MQ2MacroCommands.cpp')
  
C:\EQS\Release-NMS-Client\eqgame_dll\MQ2DataTypes.h(3051,17): warning C4091: 'static ': ignored on left of 'MQ2ArrayType::ArrayMembers' when no variable is declared [C:\EQS\Release-NMS-Client\eqgame_dll\eqgame_dll.vcxproj]
  (compiling source file 'MQ2MacroCommands.cpp')
  
C:\EQS\Release-NMS-Client\eqgame_dll\MQ2DataTypes.h(3096,17): warning C4091: 'static ': ignored on left of 'MQ2GroupType::GroupMembers' when no variable is declared [C:\EQS\Release-NMS-Client\eqgame_dll\eqgame_dll.vcxproj]
  (compiling source file 'MQ2MacroCommands.cpp')
  
C:\EQS\Release-NMS-Client\eqgame_dll\MQ2DataTypes.h(3106,17): warning C4091: 'static ': ignored on left of 'MQ2GroupType::GroupMethods' when no variable is declared [C:\EQS\Release-NMS-Client\eqgame_dll\eqgame_dll.vcxproj]
  (compiling source file 'MQ2MacroCommands.cpp')
  
C:\EQS\Release-NMS-Client\eqgame_dll\MQ2DataTypes.h(3141,17): warning C4091: 'static ': ignored on left of 'MQ2GroupMemberType::GroupMemberMembers' when no variable is declared [C:\EQS\Release-NMS-Client\eqgame_dll\eqgame_dll.vcxproj]
  (compiling source file 'MQ2MacroCommands.cpp')
  
C:\EQS\Release-NMS-Client\eqgame_dll\MQ2DataTypes.h(3153,17): warning C4091: 'static ': ignored on left of 'MQ2GroupMemberType::GroupMemberMethods' when no variable is declared [C:\EQS\Release-NMS-Client\eqgame_dll\eqgame_dll.vcxproj]
  (compiling source file 'MQ2MacroCommands.cpp')
  
C:\EQS\Release-NMS-Client\eqgame_dll\MQ2DataTypes.h(3195,17): warning C4091: 'static ': ignored on left of 'MQ2RaidType::RaidMembers' when no variable is declared [C:\EQS\Release-NMS-Client\eqgame_dll\eqgame_dll.vcxproj]
  (compiling source file 'MQ2MacroCommands.cpp')
  
C:\EQS\Release-NMS-Client\eqgame_dll\MQ2DataTypes.h(3210,17): warning C4091: 'static ': ignored on left of 'MQ2RaidType::RaidMethods' when no variable is declared [C:\EQS\Release-NMS-Client\eqgame_dll\eqgame_dll.vcxproj]
  (compiling source file 'MQ2MacroCommands.cpp')
  
C:\EQS\Release-NMS-Client\eqgame_dll\MQ2DataTypes.h(3254,17): warning C4091: 'static ': ignored on left of 'MQ2RaidMemberType::RaidMemberMembers' when no variable is declared [C:\EQS\Release-NMS-Client\eqgame_dll\eqgame_dll.vcxproj]
  (compiling source file 'MQ2MacroCommands.cpp')
  
C:\EQS\Release-NMS-Client\eqgame_dll\MQ2DataTypes.h(3265,17): warning C4091: 'static ': ignored on left of 'MQ2RaidMemberType::RaidMemberMethods' when no variable is declared [C:\EQS\Release-NMS-Client\eqgame_dll\eqgame_dll.vcxproj]
  (compiling source file 'MQ2MacroCommands.cpp')
  
C:\EQS\Release-NMS-Client\eqgame_dll\MQ2DataTypes.h(3314,17): warning C4091: 'static ': ignored on left of 'MQ2EvolvingItemType::EvolvingItemMembers' when no variable is declared [C:\EQS\Release-NMS-Client\eqgame_dll\eqgame_dll.vcxproj]
  (compiling source file 'MQ2MacroCommands.cpp')
  
C:\EQS\Release-NMS-Client\eqgame_dll\MQ2DataTypes.h(3356,17): warning C4091: 'static ': ignored on left of 'MQ2DynamicZoneType::DynamicZoneMembers' when no variable is declared [C:\EQS\Release-NMS-Client\eqgame_dll\eqgame_dll.vcxproj]
  (compiling source file 'MQ2MacroCommands.cpp')
  
C:\EQS\Release-NMS-Client\eqgame_dll\MQ2DataTypes.h(3398,17): warning C4091: 'static ': ignored on left of 'MQ2DZMemberType::DZMemberTypeMembers' when no variable is declared [C:\EQS\Release-NMS-Client\eqgame_dll\eqgame_dll.vcxproj]
  (compiling source file 'MQ2MacroCommands.cpp')
  
C:\EQS\Release-NMS-Client\eqgame_dll\MQ2DataTypes.h(3430,17): warning C4091: 'static ': ignored on left of 'MQ2FellowshipType::FellowshipTypeMembers' when no variable is declared [C:\EQS\Release-NMS-Client\eqgame_dll\eqgame_dll.vcxproj]
  (compiling source file 'MQ2MacroCommands.cpp')
  
C:\EQS\Release-NMS-Client\eqgame_dll\MQ2DataTypes.h(3483,17): warning C4091: 'static ': ignored on left of 'MQ2FellowshipMemberType::FMTypeMembers' when no variable is declared [C:\EQS\Release-NMS-Client\eqgame_dll\eqgame_dll.vcxproj]
  (compiling source file 'MQ2MacroCommands.cpp')
  
C:\EQS\Release-NMS-Client\eqgame_dll\MQ2DataTypes.h(3521,17): warning C4091: 'static ': ignored on left of 'MQ2FriendsType::FriendsMembers' when no variable is declared [C:\EQS\Release-NMS-Client\eqgame_dll\eqgame_dll.vcxproj]
  (compiling source file 'MQ2MacroCommands.cpp')
  
C:\EQS\Release-NMS-Client\eqgame_dll\MQ2DataTypes.h(3525,17): warning C4091: 'static ': ignored on left of 'MQ2FriendsType::FriendsMethods' when no variable is declared [C:\EQS\Release-NMS-Client\eqgame_dll\eqgame_dll.vcxproj]
  (compiling source file 'MQ2MacroCommands.cpp')
  
C:\EQS\Release-NMS-Client\eqgame_dll\MQ2DataTypes.h(3564,17): warning C4091: 'static ': ignored on left of 'MQ2TargetType::TargetMembers' when no variable is declared [C:\EQS\Release-NMS-Client\eqgame_dll\eqgame_dll.vcxproj]
  (compiling source file 'MQ2MacroCommands.cpp')
  
C:\EQS\Release-NMS-Client\eqgame_dll\MQ2DataTypes.h(3644,17): warning C4091: 'static ': ignored on left of 'MQ2XTargetType::xTargetMembers' when no variable is declared [C:\EQS\Release-NMS-Client\eqgame_dll\eqgame_dll.vcxproj]
  (compiling source file 'MQ2MacroCommands.cpp')
  
C:\EQS\Release-NMS-Client\eqgame_dll\MQ2Main.h(776,7): warning C4200: nonstandard extension used: zero-sized array in struct/union [C:\EQS\Release-NMS-Client\eqgame_dll\eqgame_dll.vcxproj]
  (compiling source file 'MQ2MacroCommands.cpp')
      C:\EQS\Release-NMS-Client\eqgame_dll\MQ2Main.h(776,7):
      This member will be ignored by a defaulted constructor or copy/move assignment operator
  
C:\EQS\Release-NMS-Client\eqgame_dll\EQData.h(440,14): warning C4091: 'typedef ': ignored on left of 'EQData::MaterialType' when no variable is declared [C:\EQS\Release-NMS-Client\eqgame_dll\eqgame_dll.vcxproj]
  (compiling source file 'MQ2Map.cpp')
  
C:\EQS\Release-NMS-Client\eqgame_dll\EQData.h(440,14): warning C4091: 'typedef ': ignored on left of 'EQData::MaterialType' when no variable is declared [C:\EQS\Release-NMS-Client\eqgame_dll\eqgame_dll.vcxproj]
  (compiling source file 'MQ2MapAPI.cpp')
  
  MQ2Utilities.cpp
C:\EQS\Release-NMS-Client\eqgame_dll\EQData.h(440,14): warning C4091: 'typedef ': ignored on left of 'EQData::MaterialType' when no variable is declared [C:\EQS\Release-NMS-Client\eqgame_dll\eqgame_dll.vcxproj]
  (compiling source file 'multi_pet.cpp')
  
  MQ2Windows.cpp
C:\EQS\Release-NMS-Client\eqgame_dll\EQData.h(440,14): warning C4091: 'typedef ': ignored on left of 'EQData::MaterialType' when no variable is declared [C:\EQS\Release-NMS-Client\eqgame_dll\eqgame_dll.vcxproj]
  (compiling source file 'MQ2MapCommands.cpp')
  
C:\EQS\Release-NMS-Client\eqgame_dll\MQ2Internal.h(105,17): warning C4091: 'static ': ignored on left of 'MQ2Internal::SearchItemFlag' when no variable is declared [C:\EQS\Release-NMS-Client\eqgame_dll\eqgame_dll.vcxproj]
  (compiling source file 'MQ2Map.cpp')
  
C:\EQS\Release-NMS-Client\eqgame_dll\EQData.h(440,14): warning C4091: 'typedef ': ignored on left of 'EQData::MaterialType' when no variable is declared [C:\EQS\Release-NMS-Client\eqgame_dll\eqgame_dll.vcxproj]
  (compiling source file 'pet_window.cpp')
  
C:\EQS\Release-NMS-Client\eqgame_dll\MQ2DataTypes.h(167,17): warning C4091: 'static ': ignored on left of 'MQ2IntType::IntMembers' when no variable is declared [C:\EQS\Release-NMS-Client\eqgame_dll\eqgame_dll.vcxproj]
  (compiling source file 'MQ2Map.cpp')
  
C:\EQS\Release-NMS-Client\eqgame_dll\MQ2DataTypes.h(207,17): warning C4091: 'static ': ignored on left of 'MQ2ArgbType::ArgbMembers' when no variable is declared [C:\EQS\Release-NMS-Client\eqgame_dll\eqgame_dll.vcxproj]
  (compiling source file 'MQ2Map.cpp')
  
C:\EQS\Release-NMS-Client\eqgame_dll\MQ2DataTypes.h(284,17): warning C4091: 'static ': ignored on left of 'MQ2StringType::StringMembers' when no variable is declared [C:\EQS\Release-NMS-Client\eqgame_dll\eqgame_dll.vcxproj]
  (compiling source file 'MQ2Map.cpp')
  
C:\EQS\Release-NMS-Client\eqgame_dll\MQ2DataTypes.h(360,17): warning C4091: 'static ': ignored on left of 'MQ2FloatType::FloatMembers' when no variable is declared [C:\EQS\Release-NMS-Client\eqgame_dll\eqgame_dll.vcxproj]
  (compiling source file 'MQ2Map.cpp')
  
C:\EQS\Release-NMS-Client\eqgame_dll\MQ2DataTypes.h(408,17): warning C4091: 'static ': ignored on left of 'MQ2TicksType::TicksMembers' when no variable is declared [C:\EQS\Release-NMS-Client\eqgame_dll\eqgame_dll.vcxproj]
  (compiling source file 'MQ2Map.cpp')
  
C:\EQS\Release-NMS-Client\eqgame_dll\MQ2DataTypes.h(459,17): warning C4091: 'static ': ignored on left of 'MQ2SpawnType::SpawnMembers' when no variable is declared [C:\EQS\Release-NMS-Client\eqgame_dll\eqgame_dll.vcxproj]
  (compiling source file 'MQ2Map.cpp')
  
C:\EQS\Release-NMS-Client\eqgame_dll\MQ2DataTypes.h(559,17): warning C4091: 'static ': ignored on left of 'MQ2SpawnType::SpawnMethods' when no variable is declared [C:\EQS\Release-NMS-Client\eqgame_dll\eqgame_dll.vcxproj]
  (compiling source file 'MQ2Map.cpp')
  
C:\EQS\Release-NMS-Client\eqgame_dll\MQ2DataTypes.h(729,17): warning C4091: 'static ': ignored on left of 'MQ2CharacterType::CharacterMembers' when no variable is declared [C:\EQS\Release-NMS-Client\eqgame_dll\eqgame_dll.vcxproj]
  (compiling source file 'MQ2Map.cpp')
  
C:\EQS\Release-NMS-Client\eqgame_dll\MQ2DataTypes.h(917,17): warning C4091: 'static ': ignored on left of 'MQ2CharacterType::CharacterMethods' when no variable is declared [C:\EQS\Release-NMS-Client\eqgame_dll\eqgame_dll.vcxproj]
  (compiling source file 'MQ2Map.cpp')
  
C:\EQS\Release-NMS-Client\eqgame_dll\MQ2Internal.h(105,17): warning C4091: 'static ': ignored on left of 'MQ2Internal::SearchItemFlag' when no variable is declared [C:\EQS\Release-NMS-Client\eqgame_dll\eqgame_dll.vcxproj]
  (compiling source file 'MQ2MapAPI.cpp')
  
C:\EQS\Release-NMS-Client\eqgame_dll\MQ2DataTypes.h(1158,17): warning C4091: 'static ': ignored on left of 'MQ2SpellType::SpellMembers' when no variable is declared [C:\EQS\Release-NMS-Client\eqgame_dll\eqgame_dll.vcxproj]
  (compiling source file 'MQ2Map.cpp')
  
C:\EQS\Release-NMS-Client\eqgame_dll\MQ2DataTypes.h(1188,17): warning C4091: 'static ': ignored on left of 'MQ2SpellType::SpellMethods' when no variable is declared [C:\EQS\Release-NMS-Client\eqgame_dll\eqgame_dll.vcxproj]
  (compiling source file 'MQ2Map.cpp')
  
C:\EQS\Release-NMS-Client\eqgame_dll\MQ2DataTypes.h(1262,17): warning C4091: 'static ': ignored on left of 'MQ2BuffType::BuffMembers' when no variable is declared [C:\EQS\Release-NMS-Client\eqgame_dll\eqgame_dll.vcxproj]
  (compiling source file 'MQ2Map.cpp')
  
C:\EQS\Release-NMS-Client\eqgame_dll\MQ2DataTypes.h(1272,17): warning C4091: 'static ': ignored on left of 'MQ2BuffType::BuffMethods' when no variable is declared [C:\EQS\Release-NMS-Client\eqgame_dll\eqgame_dll.vcxproj]
  (compiling source file 'MQ2Map.cpp')
  
C:\EQS\Release-NMS-Client\eqgame_dll\MQ2DataTypes.h(1336,17): warning C4091: 'static ': ignored on left of 'MQ2ItemType::ItemMembers' when no variable is declared [C:\EQS\Release-NMS-Client\eqgame_dll\eqgame_dll.vcxproj]
  (compiling source file 'MQ2Map.cpp')
  
C:\EQS\Release-NMS-Client\eqgame_dll\MQ2DataTypes.h(1469,17): warning C4091: 'static ': ignored on left of 'MQ2ItemType::ItemMethods' when no variable is declared [C:\EQS\Release-NMS-Client\eqgame_dll\eqgame_dll.vcxproj]
  (compiling source file 'MQ2Map.cpp')
  
C:\EQS\Release-NMS-Client\eqgame_dll\MQ2DataTypes.h(1647,17): warning C4091: 'static ': ignored on left of 'MQ2SwitchType::SwitchMembers' when no variable is declared [C:\EQS\Release-NMS-Client\eqgame_dll\eqgame_dll.vcxproj]
  (compiling source file 'MQ2Map.cpp')
  
C:\EQS\Release-NMS-Client\eqgame_dll\MQ2DataTypes.h(1670,17): warning C4091: 'static ': ignored on left of 'MQ2SwitchType::SwitchMethods' when no variable is declared [C:\EQS\Release-NMS-Client\eqgame_dll\eqgame_dll.vcxproj]
  (compiling source file 'MQ2Map.cpp')
  
C:\EQS\Release-NMS-Client\eqgame_dll\MQ2DataTypes.h(1735,17): warning C4091: 'static ': ignored on left of 'MQ2GroundType::GroundMembers' when no variable is declared [C:\EQS\Release-NMS-Client\eqgame_dll\eqgame_dll.vcxproj]
  (compiling source file 'MQ2Map.cpp')
  
C:\EQS\Release-NMS-Client\eqgame_dll\MQ2DataTypes.h(1750,17): warning C4091: 'static ': ignored on left of 'MQ2GroundType::GroundMethods' when no variable is declared [C:\EQS\Release-NMS-Client\eqgame_dll\eqgame_dll.vcxproj]
  (compiling source file 'MQ2Map.cpp')
  
C:\EQS\Release-NMS-Client\eqgame_dll\MQ2DataTypes.h(1811,17): warning C4091: 'static ': ignored on left of 'MQ2CorpseType::CorpseMembers' when no variable is declared [C:\EQS\Release-NMS-Client\eqgame_dll\eqgame_dll.vcxproj]
  (compiling source file 'MQ2Map.cpp')
  
C:\EQS\Release-NMS-Client\eqgame_dll\MQ2DataTypes.h(1817,17): warning C4091: 'static ': ignored on left of 'MQ2CorpseType::CorpseMethods' when no variable is declared [C:\EQS\Release-NMS-Client\eqgame_dll\eqgame_dll.vcxproj]
  (compiling source file 'MQ2Map.cpp')
  
C:\EQS\Release-NMS-Client\eqgame_dll\MQ2DataTypes.h(1860,17): warning C4091: 'static ': ignored on left of 'MQ2MerchantType::MerchantMembers' when no variable is declared [C:\EQS\Release-NMS-Client\eqgame_dll\eqgame_dll.vcxproj]
  (compiling source file 'MQ2Map.cpp')
  
C:\EQS\Release-NMS-Client\eqgame_dll\MQ2DataTypes.h(1868,17): warning C4091: 'static ': ignored on left of 'MQ2MerchantType::MerchantMethods' when no variable is declared [C:\EQS\Release-NMS-Client\eqgame_dll\eqgame_dll.vcxproj]
  (compiling source file 'MQ2Map.cpp')
  
C:\EQS\Release-NMS-Client\eqgame_dll\MQ2DataTypes.h(1913,17): warning C4091: 'static ': ignored on left of 'MQ2WindowType::WindowMembers' when no variable is declared [C:\EQS\Release-NMS-Client\eqgame_dll\eqgame_dll.vcxproj]
  (compiling source file 'MQ2Map.cpp')
  
C:\EQS\Release-NMS-Client\eqgame_dll\MQ2DataTypes.h(1949,17): warning C4091: 'static ': ignored on left of 'MQ2WindowType::WindowMethods' when no variable is declared [C:\EQS\Release-NMS-Client\eqgame_dll\eqgame_dll.vcxproj]
  (compiling source file 'MQ2Map.cpp')
  
C:\EQS\Release-NMS-Client\eqgame_dll\MQ2DataTypes.h(2048,17): warning C4091: 'static ': ignored on left of 'MQ2MacroType::MacroMembers' when no variable is declared [C:\EQS\Release-NMS-Client\eqgame_dll\eqgame_dll.vcxproj]
  (compiling source file 'MQ2Map.cpp')
  
C:\EQS\Release-NMS-Client\eqgame_dll\MQ2DataTypes.h(2096,17): warning C4091: 'static ': ignored on left of 'MQ2ZoneType::ZoneMembers' when no variable is declared [C:\EQS\Release-NMS-Client\eqgame_dll\eqgame_dll.vcxproj]
  (compiling source file 'MQ2Map.cpp')
  
C:\EQS\Release-NMS-Client\eqgame_dll\MQ2DataTypes.h(2143,17): warning C4091: 'static ': ignored on left of 'MQ2CurrentZoneType::CurrentZoneMembers' when no variable is declared [C:\EQS\Release-NMS-Client\eqgame_dll\eqgame_dll.vcxproj]
  (compiling source file 'MQ2Map.cpp')
  
C:\EQS\Release-NMS-Client\eqgame_dll\MQ2DataTypes.h(2205,17): warning C4091: 'static ': ignored on left of 'MQ2MacroQuestType::MacroQuestMembers' when no variable is declared [C:\EQS\Release-NMS-Client\eqgame_dll\eqgame_dll.vcxproj]
  (compiling source file 'MQ2Map.cpp')
  
C:\EQS\Release-NMS-Client\eqgame_dll\MQ2DataTypes.h(2230,17): warning C4091: 'static ': ignored on left of 'MQ2MacroQuestType::MacroQuestMethods' when no variable is declared [C:\EQS\Release-NMS-Client\eqgame_dll\eqgame_dll.vcxproj]
  (compiling source file 'MQ2Map.cpp')
  
C:\EQS\Release-NMS-Client\eqgame_dll\MQ2DataTypes.h(2283,17): warning C4091: 'static ': ignored on left of 'MQ2MathType::MathMembers' when no variable is declared [C:\EQS\Release-NMS-Client\eqgame_dll\eqgame_dll.vcxproj]
  (compiling source file 'MQ2Map.cpp')
  
C:\EQS\Release-NMS-Client\eqgame_dll\MQ2DataTypes.h(2341,17): warning C4091: 'static ': ignored on left of 'MQ2RaceType::RaceMembers' when no variable is declared [C:\EQS\Release-NMS-Client\eqgame_dll\eqgame_dll.vcxproj]
  (compiling source file 'MQ2Map.cpp')
  
C:\EQS\Release-NMS-Client\eqgame_dll\MQ2DataTypes.h(2379,17): warning C4091: 'static ': ignored on left of 'MQ2ClassType::ClassMembers' when no variable is declared [C:\EQS\Release-NMS-Client\eqgame_dll\eqgame_dll.vcxproj]
  (compiling source file 'MQ2Map.cpp')
  
C:\EQS\Release-NMS-Client\eqgame_dll\MQ2DataTypes.h(2434,17): warning C4091: 'static ': ignored on left of 'MQ2BodyType::BodyMembers' when no variable is declared [C:\EQS\Release-NMS-Client\eqgame_dll\eqgame_dll.vcxproj]
  (compiling source file 'MQ2Map.cpp')
  
C:\EQS\Release-NMS-Client\eqgame_dll\MQ2DataTypes.h(2471,17): warning C4091: 'static ': ignored on left of 'MQ2DeityType::DeityMembers' when no variable is declared [C:\EQS\Release-NMS-Client\eqgame_dll\eqgame_dll.vcxproj]
  (compiling source file 'MQ2Map.cpp')
  
C:\EQS\Release-NMS-Client\eqgame_dll\MQ2DataTypes.h(2511,17): warning C4091: 'static ': ignored on left of 'MQ2TimeType::TimeMembers' when no variable is declared [C:\EQS\Release-NMS-Client\eqgame_dll\eqgame_dll.vcxproj]
  (compiling source file 'MQ2Map.cpp')
  
C:\EQS\Release-NMS-Client\eqgame_dll\MQ2DataTypes.h(2586,17): warning C4091: 'static ': ignored on left of 'MQ2TypeType::TypeMembers' when no variable is declared [C:\EQS\Release-NMS-Client\eqgame_dll\eqgame_dll.vcxproj]
  (compiling source file 'MQ2Map.cpp')
  
C:\EQS\Release-NMS-Client\eqgame_dll\MQ2DataTypes.h(2624,17): warning C4091: 'static ': ignored on left of 'MQ2HeadingType::HeadingMembers' when no variable is declared [C:\EQS\Release-NMS-Client\eqgame_dll\eqgame_dll.vcxproj]
  (compiling source file 'MQ2Map.cpp')
  
C:\EQS\Release-NMS-Client\eqgame_dll\MQ2DataTypes.h(2632,17): warning C4091: 'static ': ignored on left of 'MQ2HeadingType::HeadingMethods' when no variable is declared [C:\EQS\Release-NMS-Client\eqgame_dll\eqgame_dll.vcxproj]
  (compiling source file 'MQ2Map.cpp')
  
C:\EQS\Release-NMS-Client\eqgame_dll\MQ2DataTypes.h(2678,17): warning C4091: 'static ': ignored on left of 'MQ2InvSlotType::InvSlotMembers' when no variable is declared [C:\EQS\Release-NMS-Client\eqgame_dll\eqgame_dll.vcxproj]
  (compiling source file 'MQ2Map.cpp')
  
C:\EQS\Release-NMS-Client\eqgame_dll\MQ2DataTypes.h(2686,17): warning C4091: 'static ': ignored on left of 'MQ2InvSlotType::InvSlotMethods' when no variable is declared [C:\EQS\Release-NMS-Client\eqgame_dll\eqgame_dll.vcxproj]
  (compiling source file 'MQ2Map.cpp')
  
C:\EQS\Release-NMS-Client\eqgame_dll\MQ2DataTypes.h(2740,17): warning C4091: 'static ': ignored on left of 'MQ2PluginType::PluginMembers' when no variable is declared [C:\EQS\Release-NMS-Client\eqgame_dll\eqgame_dll.vcxproj]
  (compiling source file 'MQ2Map.cpp')
  
C:\EQS\Release-NMS-Client\eqgame_dll\MQ2DataTypes.h(2782,17): warning C4091: 'static ': ignored on left of 'MQ2BenchmarkType::BenchmarkMembers' when no variable is declared [C:\EQS\Release-NMS-Client\eqgame_dll\eqgame_dll.vcxproj]
  (compiling source file 'MQ2Map.cpp')
  
C:\EQS\Release-NMS-Client\eqgame_dll\MQ2DataTypes.h(2828,17): warning C4091: 'static ': ignored on left of 'MQ2SkillType::SkillMembers' when no variable is declared [C:\EQS\Release-NMS-Client\eqgame_dll\eqgame_dll.vcxproj]
  (compiling source file 'MQ2Map.cpp')
  
C:\EQS\Release-NMS-Client\eqgame_dll\MQ2DataTypes.h(2838,17): warning C4091: 'static ': ignored on left of 'MQ2SkillType::SkillMethods' when no variable is declared [C:\EQS\Release-NMS-Client\eqgame_dll\eqgame_dll.vcxproj]
  (compiling source file 'MQ2Map.cpp')
  
C:\EQS\Release-NMS-Client\eqgame_dll\MQ2DataTypes.h(2887,17): warning C4091: 'static ': ignored on left of 'MQ2AltAbilityType::AltAbilityMembers' when no variable is declared [C:\EQS\Release-NMS-Client\eqgame_dll\eqgame_dll.vcxproj]
  (compiling source file 'MQ2Map.cpp')
  
C:\EQS\Release-NMS-Client\eqgame_dll\MQ2DataTypes.h(2904,17): warning C4091: 'static ': ignored on left of 'MQ2AltAbilityType::AltAbilityMethods' when no variable is declared [C:\EQS\Release-NMS-Client\eqgame_dll\eqgame_dll.vcxproj]
  (compiling source file 'MQ2Map.cpp')
  
C:\EQS\Release-NMS-Client\eqgame_dll\MQ2DataTypes.h(2949,17): warning C4091: 'static ': ignored on left of 'MQ2TimerType::TimerMembers' when no variable is declared [C:\EQS\Release-NMS-Client\eqgame_dll\eqgame_dll.vcxproj]
  (compiling source file 'MQ2Map.cpp')
  
C:\EQS\Release-NMS-Client\eqgame_dll\MQ2DataTypes.h(2954,17): warning C4091: 'static ': ignored on left of 'MQ2TimerType::TimerMethods' when no variable is declared [C:\EQS\Release-NMS-Client\eqgame_dll\eqgame_dll.vcxproj]
  (compiling source file 'MQ2Map.cpp')
  
C:\EQS\Release-NMS-Client\eqgame_dll\MQ2DataTypes.h(3051,17): warning C4091: 'static ': ignored on left of 'MQ2ArrayType::ArrayMembers' when no variable is declared [C:\EQS\Release-NMS-Client\eqgame_dll\eqgame_dll.vcxproj]
  (compiling source file 'MQ2Map.cpp')
  
C:\EQS\Release-NMS-Client\eqgame_dll\MQ2DataTypes.h(3096,17): warning C4091: 'static ': ignored on left of 'MQ2GroupType::GroupMembers' when no variable is declared [C:\EQS\Release-NMS-Client\eqgame_dll\eqgame_dll.vcxproj]
  (compiling source file 'MQ2Map.cpp')
  
C:\EQS\Release-NMS-Client\eqgame_dll\MQ2DataTypes.h(3106,17): warning C4091: 'static ': ignored on left of 'MQ2GroupType::GroupMethods' when no variable is declared [C:\EQS\Release-NMS-Client\eqgame_dll\eqgame_dll.vcxproj]
  (compiling source file 'MQ2Map.cpp')
  
C:\EQS\Release-NMS-Client\eqgame_dll\MQ2DataTypes.h(3141,17): warning C4091: 'static ': ignored on left of 'MQ2GroupMemberType::GroupMemberMembers' when no variable is declared [C:\EQS\Release-NMS-Client\eqgame_dll\eqgame_dll.vcxproj]
  (compiling source file 'MQ2Map.cpp')
  
C:\EQS\Release-NMS-Client\eqgame_dll\MQ2DataTypes.h(3153,17): warning C4091: 'static ': ignored on left of 'MQ2GroupMemberType::GroupMemberMethods' when no variable is declared [C:\EQS\Release-NMS-Client\eqgame_dll\eqgame_dll.vcxproj]
  (compiling source file 'MQ2Map.cpp')
  
C:\EQS\Release-NMS-Client\eqgame_dll\MQ2DataTypes.h(3195,17): warning C4091: 'static ': ignored on left of 'MQ2RaidType::RaidMembers' when no variable is declared [C:\EQS\Release-NMS-Client\eqgame_dll\eqgame_dll.vcxproj]
  (compiling source file 'MQ2Map.cpp')
  
C:\EQS\Release-NMS-Client\eqgame_dll\MQ2DataTypes.h(3210,17): warning C4091: 'static ': ignored on left of 'MQ2RaidType::RaidMethods' when no variable is declared [C:\EQS\Release-NMS-Client\eqgame_dll\eqgame_dll.vcxproj]
  (compiling source file 'MQ2Map.cpp')
  
C:\EQS\Release-NMS-Client\eqgame_dll\MQ2DataTypes.h(167,17): warning C4091: 'static ': ignored on left of 'MQ2IntType::IntMembers' when no variable is declared [C:\EQS\Release-NMS-Client\eqgame_dll\eqgame_dll.vcxproj]
  (compiling source file 'MQ2MapAPI.cpp')
  
C:\EQS\Release-NMS-Client\eqgame_dll\MQ2DataTypes.h(3254,17): warning C4091: 'static ': ignored on left of 'MQ2RaidMemberType::RaidMemberMembers' when no variable is declared [C:\EQS\Release-NMS-Client\eqgame_dll\eqgame_dll.vcxproj]
  (compiling source file 'MQ2Map.cpp')
  
C:\EQS\Release-NMS-Client\eqgame_dll\MQ2DataTypes.h(207,17): warning C4091: 'static ': ignored on left of 'MQ2ArgbType::ArgbMembers' when no variable is declared [C:\EQS\Release-NMS-Client\eqgame_dll\eqgame_dll.vcxproj]
  (compiling source file 'MQ2MapAPI.cpp')
  
C:\EQS\Release-NMS-Client\eqgame_dll\MQ2DataTypes.h(3265,17): warning C4091: 'static ': ignored on left of 'MQ2RaidMemberType::RaidMemberMethods' when no variable is declared [C:\EQS\Release-NMS-Client\eqgame_dll\eqgame_dll.vcxproj]
  (compiling source file 'MQ2Map.cpp')
  
C:\EQS\Release-NMS-Client\eqgame_dll\MQ2DataTypes.h(284,17): warning C4091: 'static ': ignored on left of 'MQ2StringType::StringMembers' when no variable is declared [C:\EQS\Release-NMS-Client\eqgame_dll\eqgame_dll.vcxproj]
  (compiling source file 'MQ2MapAPI.cpp')
  
C:\EQS\Release-NMS-Client\eqgame_dll\MQ2DataTypes.h(360,17): warning C4091: 'static ': ignored on left of 'MQ2FloatType::FloatMembers' when no variable is declared [C:\EQS\Release-NMS-Client\eqgame_dll\eqgame_dll.vcxproj]
  (compiling source file 'MQ2MapAPI.cpp')
  
C:\EQS\Release-NMS-Client\eqgame_dll\MQ2DataTypes.h(3314,17): warning C4091: 'static ': ignored on left of 'MQ2EvolvingItemType::EvolvingItemMembers' when no variable is declared [C:\EQS\Release-NMS-Client\eqgame_dll\eqgame_dll.vcxproj]
  (compiling source file 'MQ2Map.cpp')
  
C:\EQS\Release-NMS-Client\eqgame_dll\MQ2DataTypes.h(408,17): warning C4091: 'static ': ignored on left of 'MQ2TicksType::TicksMembers' when no variable is declared [C:\EQS\Release-NMS-Client\eqgame_dll\eqgame_dll.vcxproj]
  (compiling source file 'MQ2MapAPI.cpp')
  
C:\EQS\Release-NMS-Client\eqgame_dll\MQ2DataTypes.h(3356,17): warning C4091: 'static ': ignored on left of 'MQ2DynamicZoneType::DynamicZoneMembers' when no variable is declared [C:\EQS\Release-NMS-Client\eqgame_dll\eqgame_dll.vcxproj]
  (compiling source file 'MQ2Map.cpp')
  
C:\EQS\Release-NMS-Client\eqgame_dll\MQ2DataTypes.h(459,17): warning C4091: 'static ': ignored on left of 'MQ2SpawnType::SpawnMembers' when no variable is declared [C:\EQS\Release-NMS-Client\eqgame_dll\eqgame_dll.vcxproj]
  (compiling source file 'MQ2MapAPI.cpp')
  
C:\EQS\Release-NMS-Client\eqgame_dll\MQ2DataTypes.h(559,17): warning C4091: 'static ': ignored on left of 'MQ2SpawnType::SpawnMethods' when no variable is declared [C:\EQS\Release-NMS-Client\eqgame_dll\eqgame_dll.vcxproj]
  (compiling source file 'MQ2MapAPI.cpp')
  
C:\EQS\Release-NMS-Client\eqgame_dll\MQ2DataTypes.h(3398,17): warning C4091: 'static ': ignored on left of 'MQ2DZMemberType::DZMemberTypeMembers' when no variable is declared [C:\EQS\Release-NMS-Client\eqgame_dll\eqgame_dll.vcxproj]
  (compiling source file 'MQ2Map.cpp')
  
C:\EQS\Release-NMS-Client\eqgame_dll\MQ2DataTypes.h(3430,17): warning C4091: 'static ': ignored on left of 'MQ2FellowshipType::FellowshipTypeMembers' when no variable is declared [C:\EQS\Release-NMS-Client\eqgame_dll\eqgame_dll.vcxproj]
  (compiling source file 'MQ2Map.cpp')
  
C:\EQS\Release-NMS-Client\eqgame_dll\MQ2DataTypes.h(3483,17): warning C4091: 'static ': ignored on left of 'MQ2FellowshipMemberType::FMTypeMembers' when no variable is declared [C:\EQS\Release-NMS-Client\eqgame_dll\eqgame_dll.vcxproj]
  (compiling source file 'MQ2Map.cpp')
  
C:\EQS\Release-NMS-Client\eqgame_dll\MQ2DataTypes.h(729,17): warning C4091: 'static ': ignored on left of 'MQ2CharacterType::CharacterMembers' when no variable is declared [C:\EQS\Release-NMS-Client\eqgame_dll\eqgame_dll.vcxproj]
  (compiling source file 'MQ2MapAPI.cpp')
  
C:\EQS\Release-NMS-Client\eqgame_dll\MQ2DataTypes.h(917,17): warning C4091: 'static ': ignored on left of 'MQ2CharacterType::CharacterMethods' when no variable is declared [C:\EQS\Release-NMS-Client\eqgame_dll\eqgame_dll.vcxproj]
  (compiling source file 'MQ2MapAPI.cpp')
  
C:\EQS\Release-NMS-Client\eqgame_dll\MQ2DataTypes.h(3521,17): warning C4091: 'static ': ignored on left of 'MQ2FriendsType::FriendsMembers' when no variable is declared [C:\EQS\Release-NMS-Client\eqgame_dll\eqgame_dll.vcxproj]
  (compiling source file 'MQ2Map.cpp')
  
C:\EQS\Release-NMS-Client\eqgame_dll\MQ2DataTypes.h(3525,17): warning C4091: 'static ': ignored on left of 'MQ2FriendsType::FriendsMethods' when no variable is declared [C:\EQS\Release-NMS-Client\eqgame_dll\eqgame_dll.vcxproj]
  (compiling source file 'MQ2Map.cpp')
  
C:\EQS\Release-NMS-Client\eqgame_dll\MQ2DataTypes.h(3564,17): warning C4091: 'static ': ignored on left of 'MQ2TargetType::TargetMembers' when no variable is declared [C:\EQS\Release-NMS-Client\eqgame_dll\eqgame_dll.vcxproj]
  (compiling source file 'MQ2Map.cpp')
  
C:\EQS\Release-NMS-Client\eqgame_dll\MQ2DataTypes.h(3644,17): warning C4091: 'static ': ignored on left of 'MQ2XTargetType::xTargetMembers' when no variable is declared [C:\EQS\Release-NMS-Client\eqgame_dll\eqgame_dll.vcxproj]
  (compiling source file 'MQ2Map.cpp')
  
C:\EQS\Release-NMS-Client\eqgame_dll\MQ2DataTypes.h(1158,17): warning C4091: 'static ': ignored on left of 'MQ2SpellType::SpellMembers' when no variable is declared [C:\EQS\Release-NMS-Client\eqgame_dll\eqgame_dll.vcxproj]
  (compiling source file 'MQ2MapAPI.cpp')
  
C:\EQS\Release-NMS-Client\eqgame_dll\MQ2DataTypes.h(1188,17): warning C4091: 'static ': ignored on left of 'MQ2SpellType::SpellMethods' when no variable is declared [C:\EQS\Release-NMS-Client\eqgame_dll\eqgame_dll.vcxproj]
  (compiling source file 'MQ2MapAPI.cpp')
  
C:\EQS\Release-NMS-Client\eqgame_dll\MQ2DataTypes.h(1262,17): warning C4091: 'static ': ignored on left of 'MQ2BuffType::BuffMembers' when no variable is declared [C:\EQS\Release-NMS-Client\eqgame_dll\eqgame_dll.vcxproj]
  (compiling source file 'MQ2MapAPI.cpp')
  
C:\EQS\Release-NMS-Client\eqgame_dll\MQ2DataTypes.h(1272,17): warning C4091: 'static ': ignored on left of 'MQ2BuffType::BuffMethods' when no variable is declared [C:\EQS\Release-NMS-Client\eqgame_dll\eqgame_dll.vcxproj]
  (compiling source file 'MQ2MapAPI.cpp')
  
C:\EQS\Release-NMS-Client\eqgame_dll\MQ2DataTypes.h(1336,17): warning C4091: 'static ': ignored on left of 'MQ2ItemType::ItemMembers' when no variable is declared [C:\EQS\Release-NMS-Client\eqgame_dll\eqgame_dll.vcxproj]
  (compiling source file 'MQ2MapAPI.cpp')
  
C:\EQS\Release-NMS-Client\eqgame_dll\MQ2DataTypes.h(1469,17): warning C4091: 'static ': ignored on left of 'MQ2ItemType::ItemMethods' when no variable is declared [C:\EQS\Release-NMS-Client\eqgame_dll\eqgame_dll.vcxproj]
  (compiling source file 'MQ2MapAPI.cpp')
  
C:\EQS\Release-NMS-Client\eqgame_dll\MQ2DataTypes.h(1647,17): warning C4091: 'static ': ignored on left of 'MQ2SwitchType::SwitchMembers' when no variable is declared [C:\EQS\Release-NMS-Client\eqgame_dll\eqgame_dll.vcxproj]
  (compiling source file 'MQ2MapAPI.cpp')
  
C:\EQS\Release-NMS-Client\eqgame_dll\MQ2DataTypes.h(1670,17): warning C4091: 'static ': ignored on left of 'MQ2SwitchType::SwitchMethods' when no variable is declared [C:\EQS\Release-NMS-Client\eqgame_dll\eqgame_dll.vcxproj]
  (compiling source file 'MQ2MapAPI.cpp')
  
C:\EQS\Release-NMS-Client\eqgame_dll\MQ2DataTypes.h(1735,17): warning C4091: 'static ': ignored on left of 'MQ2GroundType::GroundMembers' when no variable is declared [C:\EQS\Release-NMS-Client\eqgame_dll\eqgame_dll.vcxproj]
  (compiling source file 'MQ2MapAPI.cpp')
  
C:\EQS\Release-NMS-Client\eqgame_dll\MQ2DataTypes.h(1750,17): warning C4091: 'static ': ignored on left of 'MQ2GroundType::GroundMethods' when no variable is declared [C:\EQS\Release-NMS-Client\eqgame_dll\eqgame_dll.vcxproj]
  (compiling source file 'MQ2MapAPI.cpp')
  
C:\EQS\Release-NMS-Client\eqgame_dll\MQ2Main.h(776,7): warning C4200: nonstandard extension used: zero-sized array in struct/union [C:\EQS\Release-NMS-Client\eqgame_dll\eqgame_dll.vcxproj]
  (compiling source file 'MQ2Map.cpp')
      C:\EQS\Release-NMS-Client\eqgame_dll\MQ2Main.h(776,7):
      This member will be ignored by a defaulted constructor or copy/move assignment operator
  
C:\EQS\Release-NMS-Client\eqgame_dll\MQ2DataTypes.h(1811,17): warning C4091: 'static ': ignored on left of 'MQ2CorpseType::CorpseMembers' when no variable is declared [C:\EQS\Release-NMS-Client\eqgame_dll\eqgame_dll.vcxproj]
  (compiling source file 'MQ2MapAPI.cpp')
  
C:\EQS\Release-NMS-Client\eqgame_dll\MQ2DataTypes.h(1817,17): warning C4091: 'static ': ignored on left of 'MQ2CorpseType::CorpseMethods' when no variable is declared [C:\EQS\Release-NMS-Client\eqgame_dll\eqgame_dll.vcxproj]
  (compiling source file 'MQ2MapAPI.cpp')
  
C:\EQS\Release-NMS-Client\eqgame_dll\MQ2DataTypes.h(1860,17): warning C4091: 'static ': ignored on left of 'MQ2MerchantType::MerchantMembers' when no variable is declared [C:\EQS\Release-NMS-Client\eqgame_dll\eqgame_dll.vcxproj]
  (compiling source file 'MQ2MapAPI.cpp')
  
C:\EQS\Release-NMS-Client\eqgame_dll\MQ2DataTypes.h(1868,17): warning C4091: 'static ': ignored on left of 'MQ2MerchantType::MerchantMethods' when no variable is declared [C:\EQS\Release-NMS-Client\eqgame_dll\eqgame_dll.vcxproj]
  (compiling source file 'MQ2MapAPI.cpp')
  
C:\EQS\Release-NMS-Client\eqgame_dll\MQ2DataTypes.h(1913,17): warning C4091: 'static ': ignored on left of 'MQ2WindowType::WindowMembers' when no variable is declared [C:\EQS\Release-NMS-Client\eqgame_dll\eqgame_dll.vcxproj]
  (compiling source file 'MQ2MapAPI.cpp')
  
C:\EQS\Release-NMS-Client\eqgame_dll\MQ2DataTypes.h(1949,17): warning C4091: 'static ': ignored on left of 'MQ2WindowType::WindowMethods' when no variable is declared [C:\EQS\Release-NMS-Client\eqgame_dll\eqgame_dll.vcxproj]
  (compiling source file 'MQ2MapAPI.cpp')
  
C:\EQS\Release-NMS-Client\eqgame_dll\MQ2DataTypes.h(2048,17): warning C4091: 'static ': ignored on left of 'MQ2MacroType::MacroMembers' when no variable is declared [C:\EQS\Release-NMS-Client\eqgame_dll\eqgame_dll.vcxproj]
  (compiling source file 'MQ2MapAPI.cpp')
  
C:\EQS\Release-NMS-Client\eqgame_dll\MQ2DataTypes.h(2096,17): warning C4091: 'static ': ignored on left of 'MQ2ZoneType::ZoneMembers' when no variable is declared [C:\EQS\Release-NMS-Client\eqgame_dll\eqgame_dll.vcxproj]
  (compiling source file 'MQ2MapAPI.cpp')
  
C:\EQS\Release-NMS-Client\eqgame_dll\MQ2DataTypes.h(2143,17): warning C4091: 'static ': ignored on left of 'MQ2CurrentZoneType::CurrentZoneMembers' when no variable is declared [C:\EQS\Release-NMS-Client\eqgame_dll\eqgame_dll.vcxproj]
  (compiling source file 'MQ2MapAPI.cpp')
  
C:\EQS\Release-NMS-Client\eqgame_dll\MQ2DataTypes.h(2205,17): warning C4091: 'static ': ignored on left of 'MQ2MacroQuestType::MacroQuestMembers' when no variable is declared [C:\EQS\Release-NMS-Client\eqgame_dll\eqgame_dll.vcxproj]
  (compiling source file 'MQ2MapAPI.cpp')
  
C:\EQS\Release-NMS-Client\eqgame_dll\MQ2DataTypes.h(2230,17): warning C4091: 'static ': ignored on left of 'MQ2MacroQuestType::MacroQuestMethods' when no variable is declared [C:\EQS\Release-NMS-Client\eqgame_dll\eqgame_dll.vcxproj]
  (compiling source file 'MQ2MapAPI.cpp')
  
C:\EQS\Release-NMS-Client\eqgame_dll\MQ2DataTypes.h(2283,17): warning C4091: 'static ': ignored on left of 'MQ2MathType::MathMembers' when no variable is declared [C:\EQS\Release-NMS-Client\eqgame_dll\eqgame_dll.vcxproj]
  (compiling source file 'MQ2MapAPI.cpp')
  
C:\EQS\Release-NMS-Client\eqgame_dll\MQ2DataTypes.h(2341,17): warning C4091: 'static ': ignored on left of 'MQ2RaceType::RaceMembers' when no variable is declared [C:\EQS\Release-NMS-Client\eqgame_dll\eqgame_dll.vcxproj]
  (compiling source file 'MQ2MapAPI.cpp')
  
C:\EQS\Release-NMS-Client\eqgame_dll\MQ2DataTypes.h(2379,17): warning C4091: 'static ': ignored on left of 'MQ2ClassType::ClassMembers' when no variable is declared [C:\EQS\Release-NMS-Client\eqgame_dll\eqgame_dll.vcxproj]
  (compiling source file 'MQ2MapAPI.cpp')
  
C:\EQS\Release-NMS-Client\eqgame_dll\MQ2DataTypes.h(2434,17): warning C4091: 'static ': ignored on left of 'MQ2BodyType::BodyMembers' when no variable is declared [C:\EQS\Release-NMS-Client\eqgame_dll\eqgame_dll.vcxproj]
  (compiling source file 'MQ2MapAPI.cpp')
  
C:\EQS\Release-NMS-Client\eqgame_dll\MQ2DataTypes.h(2471,17): warning C4091: 'static ': ignored on left of 'MQ2DeityType::DeityMembers' when no variable is declared [C:\EQS\Release-NMS-Client\eqgame_dll\eqgame_dll.vcxproj]
  (compiling source file 'MQ2MapAPI.cpp')
  
C:\EQS\Release-NMS-Client\eqgame_dll\MQ2DataTypes.h(2511,17): warning C4091: 'static ': ignored on left of 'MQ2TimeType::TimeMembers' when no variable is declared [C:\EQS\Release-NMS-Client\eqgame_dll\eqgame_dll.vcxproj]
  (compiling source file 'MQ2MapAPI.cpp')
  
C:\EQS\Release-NMS-Client\eqgame_dll\MQ2DataTypes.h(2586,17): warning C4091: 'static ': ignored on left of 'MQ2TypeType::TypeMembers' when no variable is declared [C:\EQS\Release-NMS-Client\eqgame_dll\eqgame_dll.vcxproj]
  (compiling source file 'MQ2MapAPI.cpp')
  
C:\EQS\Release-NMS-Client\eqgame_dll\MQ2DataTypes.h(2624,17): warning C4091: 'static ': ignored on left of 'MQ2HeadingType::HeadingMembers' when no variable is declared [C:\EQS\Release-NMS-Client\eqgame_dll\eqgame_dll.vcxproj]
  (compiling source file 'MQ2MapAPI.cpp')
  
C:\EQS\Release-NMS-Client\eqgame_dll\MQ2DataTypes.h(2632,17): warning C4091: 'static ': ignored on left of 'MQ2HeadingType::HeadingMethods' when no variable is declared [C:\EQS\Release-NMS-Client\eqgame_dll\eqgame_dll.vcxproj]
  (compiling source file 'MQ2MapAPI.cpp')
  
C:\EQS\Release-NMS-Client\eqgame_dll\MQ2DataTypes.h(2678,17): warning C4091: 'static ': ignored on left of 'MQ2InvSlotType::InvSlotMembers' when no variable is declared [C:\EQS\Release-NMS-Client\eqgame_dll\eqgame_dll.vcxproj]
  (compiling source file 'MQ2MapAPI.cpp')
  
C:\EQS\Release-NMS-Client\eqgame_dll\MQ2DataTypes.h(2686,17): warning C4091: 'static ': ignored on left of 'MQ2InvSlotType::InvSlotMethods' when no variable is declared [C:\EQS\Release-NMS-Client\eqgame_dll\eqgame_dll.vcxproj]
  (compiling source file 'MQ2MapAPI.cpp')
  
C:\EQS\Release-NMS-Client\eqgame_dll\MQ2DataTypes.h(2740,17): warning C4091: 'static ': ignored on left of 'MQ2PluginType::PluginMembers' when no variable is declared [C:\EQS\Release-NMS-Client\eqgame_dll\eqgame_dll.vcxproj]
  (compiling source file 'MQ2MapAPI.cpp')
  
C:\EQS\Release-NMS-Client\eqgame_dll\MQ2DataTypes.h(2782,17): warning C4091: 'static ': ignored on left of 'MQ2BenchmarkType::BenchmarkMembers' when no variable is declared [C:\EQS\Release-NMS-Client\eqgame_dll\eqgame_dll.vcxproj]
  (compiling source file 'MQ2MapAPI.cpp')
  
C:\EQS\Release-NMS-Client\eqgame_dll\MQ2DataTypes.h(2828,17): warning C4091: 'static ': ignored on left of 'MQ2SkillType::SkillMembers' when no variable is declared [C:\EQS\Release-NMS-Client\eqgame_dll\eqgame_dll.vcxproj]
  (compiling source file 'MQ2MapAPI.cpp')
  
C:\EQS\Release-NMS-Client\eqgame_dll\MQ2DataTypes.h(2838,17): warning C4091: 'static ': ignored on left of 'MQ2SkillType::SkillMethods' when no variable is declared [C:\EQS\Release-NMS-Client\eqgame_dll\eqgame_dll.vcxproj]
  (compiling source file 'MQ2MapAPI.cpp')
  
C:\EQS\Release-NMS-Client\eqgame_dll\MQ2DataTypes.h(2887,17): warning C4091: 'static ': ignored on left of 'MQ2AltAbilityType::AltAbilityMembers' when no variable is declared [C:\EQS\Release-NMS-Client\eqgame_dll\eqgame_dll.vcxproj]
  (compiling source file 'MQ2MapAPI.cpp')
  
C:\EQS\Release-NMS-Client\eqgame_dll\MQ2DataTypes.h(2904,17): warning C4091: 'static ': ignored on left of 'MQ2AltAbilityType::AltAbilityMethods' when no variable is declared [C:\EQS\Release-NMS-Client\eqgame_dll\eqgame_dll.vcxproj]
  (compiling source file 'MQ2MapAPI.cpp')
  
C:\EQS\Release-NMS-Client\eqgame_dll\MQ2DataTypes.h(2949,17): warning C4091: 'static ': ignored on left of 'MQ2TimerType::TimerMembers' when no variable is declared [C:\EQS\Release-NMS-Client\eqgame_dll\eqgame_dll.vcxproj]
  (compiling source file 'MQ2MapAPI.cpp')
  
C:\EQS\Release-NMS-Client\eqgame_dll\MQ2DataTypes.h(2954,17): warning C4091: 'static ': ignored on left of 'MQ2TimerType::TimerMethods' when no variable is declared [C:\EQS\Release-NMS-Client\eqgame_dll\eqgame_dll.vcxproj]
  (compiling source file 'MQ2MapAPI.cpp')
  
C:\EQS\Release-NMS-Client\eqgame_dll\MQ2DataTypes.h(3051,17): warning C4091: 'static ': ignored on left of 'MQ2ArrayType::ArrayMembers' when no variable is declared [C:\EQS\Release-NMS-Client\eqgame_dll\eqgame_dll.vcxproj]
  (compiling source file 'MQ2MapAPI.cpp')
  
C:\EQS\Release-NMS-Client\eqgame_dll\MQ2DataTypes.h(3096,17): warning C4091: 'static ': ignored on left of 'MQ2GroupType::GroupMembers' when no variable is declared [C:\EQS\Release-NMS-Client\eqgame_dll\eqgame_dll.vcxproj]
  (compiling source file 'MQ2MapAPI.cpp')
  
C:\EQS\Release-NMS-Client\eqgame_dll\MQ2DataTypes.h(3106,17): warning C4091: 'static ': ignored on left of 'MQ2GroupType::GroupMethods' when no variable is declared [C:\EQS\Release-NMS-Client\eqgame_dll\eqgame_dll.vcxproj]
  (compiling source file 'MQ2MapAPI.cpp')
  
C:\EQS\Release-NMS-Client\eqgame_dll\MQ2DataTypes.h(3141,17): warning C4091: 'static ': ignored on left of 'MQ2GroupMemberType::GroupMemberMembers' when no variable is declared [C:\EQS\Release-NMS-Client\eqgame_dll\eqgame_dll.vcxproj]
  (compiling source file 'MQ2MapAPI.cpp')
  
C:\EQS\Release-NMS-Client\eqgame_dll\MQ2DataTypes.h(3153,17): warning C4091: 'static ': ignored on left of 'MQ2GroupMemberType::GroupMemberMethods' when no variable is declared [C:\EQS\Release-NMS-Client\eqgame_dll\eqgame_dll.vcxproj]
  (compiling source file 'MQ2MapAPI.cpp')
  
C:\EQS\Release-NMS-Client\eqgame_dll\MQ2DataTypes.h(3195,17): warning C4091: 'static ': ignored on left of 'MQ2RaidType::RaidMembers' when no variable is declared [C:\EQS\Release-NMS-Client\eqgame_dll\eqgame_dll.vcxproj]
  (compiling source file 'MQ2MapAPI.cpp')
  
C:\EQS\Release-NMS-Client\eqgame_dll\MQ2DataTypes.h(3210,17): warning C4091: 'static ': ignored on left of 'MQ2RaidType::RaidMethods' when no variable is declared [C:\EQS\Release-NMS-Client\eqgame_dll\eqgame_dll.vcxproj]
  (compiling source file 'MQ2MapAPI.cpp')
  
C:\EQS\Release-NMS-Client\eqgame_dll\MQ2DataTypes.h(3254,17): warning C4091: 'static ': ignored on left of 'MQ2RaidMemberType::RaidMemberMembers' when no variable is declared [C:\EQS\Release-NMS-Client\eqgame_dll\eqgame_dll.vcxproj]
  (compiling source file 'MQ2MapAPI.cpp')
  
C:\EQS\Release-NMS-Client\eqgame_dll\MQ2DataTypes.h(3265,17): warning C4091: 'static ': ignored on left of 'MQ2RaidMemberType::RaidMemberMethods' when no variable is declared [C:\EQS\Release-NMS-Client\eqgame_dll\eqgame_dll.vcxproj]
  (compiling source file 'MQ2MapAPI.cpp')
  
C:\EQS\Release-NMS-Client\eqgame_dll\MQ2DataTypes.h(3314,17): warning C4091: 'static ': ignored on left of 'MQ2EvolvingItemType::EvolvingItemMembers' when no variable is declared [C:\EQS\Release-NMS-Client\eqgame_dll\eqgame_dll.vcxproj]
  (compiling source file 'MQ2MapAPI.cpp')
  
C:\EQS\Release-NMS-Client\eqgame_dll\MQ2DataTypes.h(3356,17): warning C4091: 'static ': ignored on left of 'MQ2DynamicZoneType::DynamicZoneMembers' when no variable is declared [C:\EQS\Release-NMS-Client\eqgame_dll\eqgame_dll.vcxproj]
  (compiling source file 'MQ2MapAPI.cpp')
  
C:\EQS\Release-NMS-Client\eqgame_dll\MQ2DataTypes.h(3398,17): warning C4091: 'static ': ignored on left of 'MQ2DZMemberType::DZMemberTypeMembers' when no variable is declared [C:\EQS\Release-NMS-Client\eqgame_dll\eqgame_dll.vcxproj]
  (compiling source file 'MQ2MapAPI.cpp')
  
C:\EQS\Release-NMS-Client\eqgame_dll\MQ2DataTypes.h(3430,17): warning C4091: 'static ': ignored on left of 'MQ2FellowshipType::FellowshipTypeMembers' when no variable is declared [C:\EQS\Release-NMS-Client\eqgame_dll\eqgame_dll.vcxproj]
  (compiling source file 'MQ2MapAPI.cpp')
  
C:\EQS\Release-NMS-Client\eqgame_dll\MQ2DataTypes.h(3483,17): warning C4091: 'static ': ignored on left of 'MQ2FellowshipMemberType::FMTypeMembers' when no variable is declared [C:\EQS\Release-NMS-Client\eqgame_dll\eqgame_dll.vcxproj]
  (compiling source file 'MQ2MapAPI.cpp')
  
C:\EQS\Release-NMS-Client\eqgame_dll\MQ2DataTypes.h(3521,17): warning C4091: 'static ': ignored on left of 'MQ2FriendsType::FriendsMembers' when no variable is declared [C:\EQS\Release-NMS-Client\eqgame_dll\eqgame_dll.vcxproj]
  (compiling source file 'MQ2MapAPI.cpp')
  
C:\EQS\Release-NMS-Client\eqgame_dll\MQ2DataTypes.h(3525,17): warning C4091: 'static ': ignored on left of 'MQ2FriendsType::FriendsMethods' when no variable is declared [C:\EQS\Release-NMS-Client\eqgame_dll\eqgame_dll.vcxproj]
  (compiling source file 'MQ2MapAPI.cpp')
  
C:\EQS\Release-NMS-Client\eqgame_dll\MQ2DataTypes.h(3564,17): warning C4091: 'static ': ignored on left of 'MQ2TargetType::TargetMembers' when no variable is declared [C:\EQS\Release-NMS-Client\eqgame_dll\eqgame_dll.vcxproj]
  (compiling source file 'MQ2MapAPI.cpp')
  
C:\EQS\Release-NMS-Client\eqgame_dll\MQ2DataTypes.h(3644,17): warning C4091: 'static ': ignored on left of 'MQ2XTargetType::xTargetMembers' when no variable is declared [C:\EQS\Release-NMS-Client\eqgame_dll\eqgame_dll.vcxproj]
  (compiling source file 'MQ2MapAPI.cpp')
  
C:\EQS\Release-NMS-Client\eqgame_dll\MQ2Map.cpp(40,28): warning C4838: conversion from 'int' to 'DWORD' requires a narrowing conversion [C:\EQS\Release-NMS-Client\eqgame_dll\eqgame_dll.vcxproj]
C:\EQS\Release-NMS-Client\eqgame_dll\MQ2Map.cpp(40,46): warning C4838: conversion from 'int' to 'DWORD' requires a narrowing conversion [C:\EQS\Release-NMS-Client\eqgame_dll\eqgame_dll.vcxproj]
C:\EQS\Release-NMS-Client\eqgame_dll\MQ2Map.cpp(42,28): warning C4838: conversion from 'int' to 'DWORD' requires a narrowing conversion [C:\EQS\Release-NMS-Client\eqgame_dll\eqgame_dll.vcxproj]
C:\EQS\Release-NMS-Client\eqgame_dll\MQ2Map.cpp(46,27): warning C4838: conversion from 'int' to 'DWORD' requires a narrowing conversion [C:\EQS\Release-NMS-Client\eqgame_dll\eqgame_dll.vcxproj]
C:\EQS\Release-NMS-Client\eqgame_dll\MQ2Map.cpp(62,21): warning C4838: conversion from 'int' to 'DWORD' requires a narrowing conversion [C:\EQS\Release-NMS-Client\eqgame_dll\eqgame_dll.vcxproj]
C:\EQS\Release-NMS-Client\eqgame_dll\MQ2Map.cpp(63,21): warning C4838: conversion from 'int' to 'DWORD' requires a narrowing conversion [C:\EQS\Release-NMS-Client\eqgame_dll\eqgame_dll.vcxproj]
C:\EQS\Release-NMS-Client\eqgame_dll\MQ2Map.cpp(66,27): warning C4838: conversion from 'int' to 'DWORD' requires a narrowing conversion [C:\EQS\Release-NMS-Client\eqgame_dll\eqgame_dll.vcxproj]
C:\EQS\Release-NMS-Client\eqgame_dll\MQ2Map.cpp(66,48): warning C4838: conversion from 'int' to 'DWORD' requires a narrowing conversion [C:\EQS\Release-NMS-Client\eqgame_dll\eqgame_dll.vcxproj]
C:\EQS\Release-NMS-Client\eqgame_dll\MQ2Map.cpp(67,19): warning C4838: conversion from 'int' to 'DWORD' requires a narrowing conversion [C:\EQS\Release-NMS-Client\eqgame_dll\eqgame_dll.vcxproj]
C:\EQS\Release-NMS-Client\eqgame_dll\MQ2Map.cpp(67,29): warning C4838: conversion from 'int' to 'DWORD' requires a narrowing conversion [C:\EQS\Release-NMS-Client\eqgame_dll\eqgame_dll.vcxproj]
C:\EQS\Release-NMS-Client\eqgame_dll\MQ2Map.cpp(81,25): warning C4838: conversion from 'int' to 'DWORD' requires a narrowing conversion [C:\EQS\Release-NMS-Client\eqgame_dll\eqgame_dll.vcxproj]
C:\EQS\Release-NMS-Client\eqgame_dll\MQ2Map.cpp(83,28): warning C4838: conversion from 'int' to 'DWORD' requires a narrowing conversion [C:\EQS\Release-NMS-Client\eqgame_dll\eqgame_dll.vcxproj]
C:\EQS\Release-NMS-Client\eqgame_dll\MQ2Map.cpp(83,46): warning C4838: conversion from 'int' to 'DWORD' requires a narrowing conversion [C:\EQS\Release-NMS-Client\eqgame_dll\eqgame_dll.vcxproj]
C:\EQS\Release-NMS-Client\eqgame_dll\MQ2Main.h(776,7): warning C4200: nonstandard extension used: zero-sized array in struct/union [C:\EQS\Release-NMS-Client\eqgame_dll\eqgame_dll.vcxproj]
  (compiling source file 'MQ2MapAPI.cpp')
      C:\EQS\Release-NMS-Client\eqgame_dll\MQ2Main.h(776,7):
      This member will be ignored by a defaulted constructor or copy/move assignment operator
  
C:\EQS\Release-NMS-Client\eqgame_dll\MQ2Map.cpp(266,19): warning C4101: 'i': unreferenced local variable [C:\EQS\Release-NMS-Client\eqgame_dll\eqgame_dll.vcxproj]
C:\EQS\Release-NMS-Client\eqgame_dll\MQ2Internal.h(105,17): warning C4091: 'static ': ignored on left of 'MQ2Internal::SearchItemFlag' when no variable is declared [C:\EQS\Release-NMS-Client\eqgame_dll\eqgame_dll.vcxproj]
  (compiling source file 'multi_pet.cpp')
  
C:\EQS\Release-NMS-Client\eqgame_dll\MQ2Internal.h(105,17): warning C4091: 'static ': ignored on left of 'MQ2Internal::SearchItemFlag' when no variable is declared [C:\EQS\Release-NMS-Client\eqgame_dll\eqgame_dll.vcxproj]
  (compiling source file 'MQ2MapCommands.cpp')
  
C:\EQS\Release-NMS-Client\eqgame_dll\MQ2DataTypes.h(167,17): warning C4091: 'static ': ignored on left of 'MQ2IntType::IntMembers' when no variable is declared [C:\EQS\Release-NMS-Client\eqgame_dll\eqgame_dll.vcxproj]
  (compiling source file 'MQ2MapCommands.cpp')
  
C:\EQS\Release-NMS-Client\eqgame_dll\MQ2DataTypes.h(207,17): warning C4091: 'static ': ignored on left of 'MQ2ArgbType::ArgbMembers' when no variable is declared [C:\EQS\Release-NMS-Client\eqgame_dll\eqgame_dll.vcxproj]
  (compiling source file 'MQ2MapCommands.cpp')
  
C:\EQS\Release-NMS-Client\eqgame_dll\MQ2DataTypes.h(284,17): warning C4091: 'static ': ignored on left of 'MQ2StringType::StringMembers' when no variable is declared [C:\EQS\Release-NMS-Client\eqgame_dll\eqgame_dll.vcxproj]
  (compiling source file 'MQ2MapCommands.cpp')
  
C:\EQS\Release-NMS-Client\eqgame_dll\MQ2DataTypes.h(167,17): warning C4091: 'static ': ignored on left of 'MQ2IntType::IntMembers' when no variable is declared [C:\EQS\Release-NMS-Client\eqgame_dll\eqgame_dll.vcxproj]
  (compiling source file 'multi_pet.cpp')
  
C:\EQS\Release-NMS-Client\eqgame_dll\MQ2DataTypes.h(360,17): warning C4091: 'static ': ignored on left of 'MQ2FloatType::FloatMembers' when no variable is declared [C:\EQS\Release-NMS-Client\eqgame_dll\eqgame_dll.vcxproj]
  (compiling source file 'MQ2MapCommands.cpp')
  
C:\EQS\Release-NMS-Client\eqgame_dll\MQ2DataTypes.h(207,17): warning C4091: 'static ': ignored on left of 'MQ2ArgbType::ArgbMembers' when no variable is declared [C:\EQS\Release-NMS-Client\eqgame_dll\eqgame_dll.vcxproj]
  (compiling source file 'multi_pet.cpp')
  
C:\EQS\Release-NMS-Client\eqgame_dll\MQ2DataTypes.h(408,17): warning C4091: 'static ': ignored on left of 'MQ2TicksType::TicksMembers' when no variable is declared [C:\EQS\Release-NMS-Client\eqgame_dll\eqgame_dll.vcxproj]
  (compiling source file 'MQ2MapCommands.cpp')
  
C:\EQS\Release-NMS-Client\eqgame_dll\MQ2DataTypes.h(459,17): warning C4091: 'static ': ignored on left of 'MQ2SpawnType::SpawnMembers' when no variable is declared [C:\EQS\Release-NMS-Client\eqgame_dll\eqgame_dll.vcxproj]
  (compiling source file 'MQ2MapCommands.cpp')
  
C:\EQS\Release-NMS-Client\eqgame_dll\MQ2DataTypes.h(559,17): warning C4091: 'static ': ignored on left of 'MQ2SpawnType::SpawnMethods' when no variable is declared [C:\EQS\Release-NMS-Client\eqgame_dll\eqgame_dll.vcxproj]
  (compiling source file 'MQ2MapCommands.cpp')
  
C:\EQS\Release-NMS-Client\eqgame_dll\MQ2DataTypes.h(284,17): warning C4091: 'static ': ignored on left of 'MQ2StringType::StringMembers' when no variable is declared [C:\EQS\Release-NMS-Client\eqgame_dll\eqgame_dll.vcxproj]
  (compiling source file 'multi_pet.cpp')
  
C:\EQS\Release-NMS-Client\eqgame_dll\MQ2DataTypes.h(360,17): warning C4091: 'static ': ignored on left of 'MQ2FloatType::FloatMembers' when no variable is declared [C:\EQS\Release-NMS-Client\eqgame_dll\eqgame_dll.vcxproj]
  (compiling source file 'multi_pet.cpp')
  
C:\EQS\Release-NMS-Client\eqgame_dll\MQ2DataTypes.h(408,17): warning C4091: 'static ': ignored on left of 'MQ2TicksType::TicksMembers' when no variable is declared [C:\EQS\Release-NMS-Client\eqgame_dll\eqgame_dll.vcxproj]
  (compiling source file 'multi_pet.cpp')
  
C:\EQS\Release-NMS-Client\eqgame_dll\MQ2DataTypes.h(459,17): warning C4091: 'static ': ignored on left of 'MQ2SpawnType::SpawnMembers' when no variable is declared [C:\EQS\Release-NMS-Client\eqgame_dll\eqgame_dll.vcxproj]
  (compiling source file 'multi_pet.cpp')
  
C:\EQS\Release-NMS-Client\eqgame_dll\MQ2DataTypes.h(729,17): warning C4091: 'static ': ignored on left of 'MQ2CharacterType::CharacterMembers' when no variable is declared [C:\EQS\Release-NMS-Client\eqgame_dll\eqgame_dll.vcxproj]
  (compiling source file 'MQ2MapCommands.cpp')
  
C:\EQS\Release-NMS-Client\eqgame_dll\MQ2DataTypes.h(559,17): warning C4091: 'static ': ignored on left of 'MQ2SpawnType::SpawnMethods' when no variable is declared [C:\EQS\Release-NMS-Client\eqgame_dll\eqgame_dll.vcxproj]
  (compiling source file 'multi_pet.cpp')
  
C:\EQS\Release-NMS-Client\eqgame_dll\MQ2DataTypes.h(917,17): warning C4091: 'static ': ignored on left of 'MQ2CharacterType::CharacterMethods' when no variable is declared [C:\EQS\Release-NMS-Client\eqgame_dll\eqgame_dll.vcxproj]
  (compiling source file 'MQ2MapCommands.cpp')
  
C:\EQS\Release-NMS-Client\eqgame_dll\MQ2DataTypes.h(729,17): warning C4091: 'static ': ignored on left of 'MQ2CharacterType::CharacterMembers' when no variable is declared [C:\EQS\Release-NMS-Client\eqgame_dll\eqgame_dll.vcxproj]
  (compiling source file 'multi_pet.cpp')
  
C:\EQS\Release-NMS-Client\eqgame_dll\MQ2DataTypes.h(917,17): warning C4091: 'static ': ignored on left of 'MQ2CharacterType::CharacterMethods' when no variable is declared [C:\EQS\Release-NMS-Client\eqgame_dll\eqgame_dll.vcxproj]
  (compiling source file 'multi_pet.cpp')
  
C:\EQS\Release-NMS-Client\eqgame_dll\MQ2Internal.h(105,17): warning C4091: 'static ': ignored on left of 'MQ2Internal::SearchItemFlag' when no variable is declared [C:\EQS\Release-NMS-Client\eqgame_dll\eqgame_dll.vcxproj]
  (compiling source file 'pet_window.cpp')
  
C:\EQS\Release-NMS-Client\eqgame_dll\MQ2DataTypes.h(1158,17): warning C4091: 'static ': ignored on left of 'MQ2SpellType::SpellMembers' when no variable is declared [C:\EQS\Release-NMS-Client\eqgame_dll\eqgame_dll.vcxproj]
  (compiling source file 'MQ2MapCommands.cpp')
  
C:\EQS\Release-NMS-Client\eqgame_dll\MQ2DataTypes.h(1188,17): warning C4091: 'static ': ignored on left of 'MQ2SpellType::SpellMethods' when no variable is declared [C:\EQS\Release-NMS-Client\eqgame_dll\eqgame_dll.vcxproj]
  (compiling source file 'MQ2MapCommands.cpp')
  
C:\EQS\Release-NMS-Client\eqgame_dll\MQ2DataTypes.h(1262,17): warning C4091: 'static ': ignored on left of 'MQ2BuffType::BuffMembers' when no variable is declared [C:\EQS\Release-NMS-Client\eqgame_dll\eqgame_dll.vcxproj]
  (compiling source file 'MQ2MapCommands.cpp')
  
C:\EQS\Release-NMS-Client\eqgame_dll\MQ2DataTypes.h(1272,17): warning C4091: 'static ': ignored on left of 'MQ2BuffType::BuffMethods' when no variable is declared [C:\EQS\Release-NMS-Client\eqgame_dll\eqgame_dll.vcxproj]
  (compiling source file 'MQ2MapCommands.cpp')
  
C:\EQS\Release-NMS-Client\eqgame_dll\EQData.h(440,14): warning C4091: 'typedef ': ignored on left of 'EQData::MaterialType' when no variable is declared [C:\EQS\Release-NMS-Client\eqgame_dll\eqgame_dll.vcxproj]
  (compiling source file 'MQ2Mouse.cpp')
  
C:\EQS\Release-NMS-Client\eqgame_dll\MQ2DataTypes.h(1336,17): warning C4091: 'static ': ignored on left of 'MQ2ItemType::ItemMembers' when no variable is declared [C:\EQS\Release-NMS-Client\eqgame_dll\eqgame_dll.vcxproj]
  (compiling source file 'MQ2MapCommands.cpp')
  
C:\EQS\Release-NMS-Client\eqgame_dll\MQ2DataTypes.h(1469,17): warning C4091: 'static ': ignored on left of 'MQ2ItemType::ItemMethods' when no variable is declared [C:\EQS\Release-NMS-Client\eqgame_dll\eqgame_dll.vcxproj]
  (compiling source file 'MQ2MapCommands.cpp')
  
C:\EQS\Release-NMS-Client\eqgame_dll\MQ2DataTypes.h(1158,17): warning C4091: 'static ': ignored on left of 'MQ2SpellType::SpellMembers' when no variable is declared [C:\EQS\Release-NMS-Client\eqgame_dll\eqgame_dll.vcxproj]
  (compiling source file 'multi_pet.cpp')
  
C:\EQS\Release-NMS-Client\eqgame_dll\MQ2DataTypes.h(1188,17): warning C4091: 'static ': ignored on left of 'MQ2SpellType::SpellMethods' when no variable is declared [C:\EQS\Release-NMS-Client\eqgame_dll\eqgame_dll.vcxproj]
  (compiling source file 'multi_pet.cpp')
  
C:\EQS\Release-NMS-Client\eqgame_dll\MQ2DataTypes.h(1647,17): warning C4091: 'static ': ignored on left of 'MQ2SwitchType::SwitchMembers' when no variable is declared [C:\EQS\Release-NMS-Client\eqgame_dll\eqgame_dll.vcxproj]
  (compiling source file 'MQ2MapCommands.cpp')
  
C:\EQS\Release-NMS-Client\eqgame_dll\MQ2DataTypes.h(1670,17): warning C4091: 'static ': ignored on left of 'MQ2SwitchType::SwitchMethods' when no variable is declared [C:\EQS\Release-NMS-Client\eqgame_dll\eqgame_dll.vcxproj]
  (compiling source file 'MQ2MapCommands.cpp')
  
C:\EQS\Release-NMS-Client\eqgame_dll\MQ2DataTypes.h(1262,17): warning C4091: 'static ': ignored on left of 'MQ2BuffType::BuffMembers' when no variable is declared [C:\EQS\Release-NMS-Client\eqgame_dll\eqgame_dll.vcxproj]
  (compiling source file 'multi_pet.cpp')
  
C:\EQS\Release-NMS-Client\eqgame_dll\MQ2DataTypes.h(1272,17): warning C4091: 'static ': ignored on left of 'MQ2BuffType::BuffMethods' when no variable is declared [C:\EQS\Release-NMS-Client\eqgame_dll\eqgame_dll.vcxproj]
  (compiling source file 'multi_pet.cpp')
  
C:\EQS\Release-NMS-Client\eqgame_dll\MQ2DataTypes.h(1735,17): warning C4091: 'static ': ignored on left of 'MQ2GroundType::GroundMembers' when no variable is declared [C:\EQS\Release-NMS-Client\eqgame_dll\eqgame_dll.vcxproj]
  (compiling source file 'MQ2MapCommands.cpp')
  
C:\EQS\Release-NMS-Client\eqgame_dll\MQ2DataTypes.h(1750,17): warning C4091: 'static ': ignored on left of 'MQ2GroundType::GroundMethods' when no variable is declared [C:\EQS\Release-NMS-Client\eqgame_dll\eqgame_dll.vcxproj]
  (compiling source file 'MQ2MapCommands.cpp')
  
C:\EQS\Release-NMS-Client\eqgame_dll\MQ2DataTypes.h(1811,17): warning C4091: 'static ': ignored on left of 'MQ2CorpseType::CorpseMembers' when no variable is declared [C:\EQS\Release-NMS-Client\eqgame_dll\eqgame_dll.vcxproj]
  (compiling source file 'MQ2MapCommands.cpp')
  
C:\EQS\Release-NMS-Client\eqgame_dll\MQ2DataTypes.h(1817,17): warning C4091: 'static ': ignored on left of 'MQ2CorpseType::CorpseMethods' when no variable is declared [C:\EQS\Release-NMS-Client\eqgame_dll\eqgame_dll.vcxproj]
  (compiling source file 'MQ2MapCommands.cpp')
  
C:\EQS\Release-NMS-Client\eqgame_dll\MQ2DataTypes.h(1336,17): warning C4091: 'static ': ignored on left of 'MQ2ItemType::ItemMembers' when no variable is declared [C:\EQS\Release-NMS-Client\eqgame_dll\eqgame_dll.vcxproj]
  (compiling source file 'multi_pet.cpp')
  
C:\EQS\Release-NMS-Client\eqgame_dll\MQ2DataTypes.h(1469,17): warning C4091: 'static ': ignored on left of 'MQ2ItemType::ItemMethods' when no variable is declared [C:\EQS\Release-NMS-Client\eqgame_dll\eqgame_dll.vcxproj]
  (compiling source file 'multi_pet.cpp')
  
C:\EQS\Release-NMS-Client\eqgame_dll\MQ2DataTypes.h(1860,17): warning C4091: 'static ': ignored on left of 'MQ2MerchantType::MerchantMembers' when no variable is declared [C:\EQS\Release-NMS-Client\eqgame_dll\eqgame_dll.vcxproj]
  (compiling source file 'MQ2MapCommands.cpp')
  
C:\EQS\Release-NMS-Client\eqgame_dll\MQ2DataTypes.h(1868,17): warning C4091: 'static ': ignored on left of 'MQ2MerchantType::MerchantMethods' when no variable is declared [C:\EQS\Release-NMS-Client\eqgame_dll\eqgame_dll.vcxproj]
  (compiling source file 'MQ2MapCommands.cpp')
  
C:\EQS\Release-NMS-Client\eqgame_dll\MQ2DataTypes.h(1913,17): warning C4091: 'static ': ignored on left of 'MQ2WindowType::WindowMembers' when no variable is declared [C:\EQS\Release-NMS-Client\eqgame_dll\eqgame_dll.vcxproj]
  (compiling source file 'MQ2MapCommands.cpp')
  
C:\EQS\Release-NMS-Client\eqgame_dll\MQ2DataTypes.h(1949,17): warning C4091: 'static ': ignored on left of 'MQ2WindowType::WindowMethods' when no variable is declared [C:\EQS\Release-NMS-Client\eqgame_dll\eqgame_dll.vcxproj]
  (compiling source file 'MQ2MapCommands.cpp')
  
C:\EQS\Release-NMS-Client\eqgame_dll\MQ2DataTypes.h(2048,17): warning C4091: 'static ': ignored on left of 'MQ2MacroType::MacroMembers' when no variable is declared [C:\EQS\Release-NMS-Client\eqgame_dll\eqgame_dll.vcxproj]
  (compiling source file 'MQ2MapCommands.cpp')
  
C:\EQS\Release-NMS-Client\eqgame_dll\MQ2DataTypes.h(2096,17): warning C4091: 'static ': ignored on left of 'MQ2ZoneType::ZoneMembers' when no variable is declared [C:\EQS\Release-NMS-Client\eqgame_dll\eqgame_dll.vcxproj]
  (compiling source file 'MQ2MapCommands.cpp')
  
C:\EQS\Release-NMS-Client\eqgame_dll\MQ2DataTypes.h(2143,17): warning C4091: 'static ': ignored on left of 'MQ2CurrentZoneType::CurrentZoneMembers' when no variable is declared [C:\EQS\Release-NMS-Client\eqgame_dll\eqgame_dll.vcxproj]
  (compiling source file 'MQ2MapCommands.cpp')
  
C:\EQS\Release-NMS-Client\eqgame_dll\MQ2DataTypes.h(1647,17): warning C4091: 'static ': ignored on left of 'MQ2SwitchType::SwitchMembers' when no variable is declared [C:\EQS\Release-NMS-Client\eqgame_dll\eqgame_dll.vcxproj]
  (compiling source file 'multi_pet.cpp')
  
C:\EQS\Release-NMS-Client\eqgame_dll\MQ2DataTypes.h(1670,17): warning C4091: 'static ': ignored on left of 'MQ2SwitchType::SwitchMethods' when no variable is declared [C:\EQS\Release-NMS-Client\eqgame_dll\eqgame_dll.vcxproj]
  (compiling source file 'multi_pet.cpp')
  
C:\EQS\Release-NMS-Client\eqgame_dll\MQ2DataTypes.h(2205,17): warning C4091: 'static ': ignored on left of 'MQ2MacroQuestType::MacroQuestMembers' when no variable is declared [C:\EQS\Release-NMS-Client\eqgame_dll\eqgame_dll.vcxproj]
  (compiling source file 'MQ2MapCommands.cpp')
  
C:\EQS\Release-NMS-Client\eqgame_dll\MQ2DataTypes.h(2230,17): warning C4091: 'static ': ignored on left of 'MQ2MacroQuestType::MacroQuestMethods' when no variable is declared [C:\EQS\Release-NMS-Client\eqgame_dll\eqgame_dll.vcxproj]
  (compiling source file 'MQ2MapCommands.cpp')
  
C:\EQS\Release-NMS-Client\eqgame_dll\MQ2DataTypes.h(1735,17): warning C4091: 'static ': ignored on left of 'MQ2GroundType::GroundMembers' when no variable is declared [C:\EQS\Release-NMS-Client\eqgame_dll\eqgame_dll.vcxproj]
  (compiling source file 'multi_pet.cpp')
  
C:\EQS\Release-NMS-Client\eqgame_dll\MQ2DataTypes.h(1750,17): warning C4091: 'static ': ignored on left of 'MQ2GroundType::GroundMethods' when no variable is declared [C:\EQS\Release-NMS-Client\eqgame_dll\eqgame_dll.vcxproj]
  (compiling source file 'multi_pet.cpp')
  
C:\EQS\Release-NMS-Client\eqgame_dll\MQ2DataTypes.h(2283,17): warning C4091: 'static ': ignored on left of 'MQ2MathType::MathMembers' when no variable is declared [C:\EQS\Release-NMS-Client\eqgame_dll\eqgame_dll.vcxproj]
  (compiling source file 'MQ2MapCommands.cpp')
  
C:\EQS\Release-NMS-Client\eqgame_dll\MQ2DataTypes.h(2341,17): warning C4091: 'static ': ignored on left of 'MQ2RaceType::RaceMembers' when no variable is declared [C:\EQS\Release-NMS-Client\eqgame_dll\eqgame_dll.vcxproj]
  (compiling source file 'MQ2MapCommands.cpp')
  
C:\EQS\Release-NMS-Client\eqgame_dll\MQ2DataTypes.h(1811,17): warning C4091: 'static ': ignored on left of 'MQ2CorpseType::CorpseMembers' when no variable is declared [C:\EQS\Release-NMS-Client\eqgame_dll\eqgame_dll.vcxproj]
  (compiling source file 'multi_pet.cpp')
  
C:\EQS\Release-NMS-Client\eqgame_dll\MQ2DataTypes.h(1817,17): warning C4091: 'static ': ignored on left of 'MQ2CorpseType::CorpseMethods' when no variable is declared [C:\EQS\Release-NMS-Client\eqgame_dll\eqgame_dll.vcxproj]
  (compiling source file 'multi_pet.cpp')
  
C:\EQS\Release-NMS-Client\eqgame_dll\MQ2DataTypes.h(2379,17): warning C4091: 'static ': ignored on left of 'MQ2ClassType::ClassMembers' when no variable is declared [C:\EQS\Release-NMS-Client\eqgame_dll\eqgame_dll.vcxproj]
  (compiling source file 'MQ2MapCommands.cpp')
  
C:\EQS\Release-NMS-Client\eqgame_dll\MQ2DataTypes.h(1860,17): warning C4091: 'static ': ignored on left of 'MQ2MerchantType::MerchantMembers' when no variable is declared [C:\EQS\Release-NMS-Client\eqgame_dll\eqgame_dll.vcxproj]
  (compiling source file 'multi_pet.cpp')
  
C:\EQS\Release-NMS-Client\eqgame_dll\MQ2DataTypes.h(1868,17): warning C4091: 'static ': ignored on left of 'MQ2MerchantType::MerchantMethods' when no variable is declared [C:\EQS\Release-NMS-Client\eqgame_dll\eqgame_dll.vcxproj]
  (compiling source file 'multi_pet.cpp')
  
C:\EQS\Release-NMS-Client\eqgame_dll\MQ2DataTypes.h(2434,17): warning C4091: 'static ': ignored on left of 'MQ2BodyType::BodyMembers' when no variable is declared [C:\EQS\Release-NMS-Client\eqgame_dll\eqgame_dll.vcxproj]
  (compiling source file 'MQ2MapCommands.cpp')
  
C:\EQS\Release-NMS-Client\eqgame_dll\MQ2DataTypes.h(1913,17): warning C4091: 'static ': ignored on left of 'MQ2WindowType::WindowMembers' when no variable is declared [C:\EQS\Release-NMS-Client\eqgame_dll\eqgame_dll.vcxproj]
  (compiling source file 'multi_pet.cpp')
  
C:\EQS\Release-NMS-Client\eqgame_dll\MQ2DataTypes.h(2471,17): warning C4091: 'static ': ignored on left of 'MQ2DeityType::DeityMembers' when no variable is declared [C:\EQS\Release-NMS-Client\eqgame_dll\eqgame_dll.vcxproj]
  (compiling source file 'MQ2MapCommands.cpp')
  
C:\EQS\Release-NMS-Client\eqgame_dll\MQ2DataTypes.h(1949,17): warning C4091: 'static ': ignored on left of 'MQ2WindowType::WindowMethods' when no variable is declared [C:\EQS\Release-NMS-Client\eqgame_dll\eqgame_dll.vcxproj]
  (compiling source file 'multi_pet.cpp')
  
C:\EQS\Release-NMS-Client\eqgame_dll\MQ2DataTypes.h(2511,17): warning C4091: 'static ': ignored on left of 'MQ2TimeType::TimeMembers' when no variable is declared [C:\EQS\Release-NMS-Client\eqgame_dll\eqgame_dll.vcxproj]
  (compiling source file 'MQ2MapCommands.cpp')
  
C:\EQS\Release-NMS-Client\eqgame_dll\MQ2DataTypes.h(2048,17): warning C4091: 'static ': ignored on left of 'MQ2MacroType::MacroMembers' when no variable is declared [C:\EQS\Release-NMS-Client\eqgame_dll\eqgame_dll.vcxproj]
  (compiling source file 'multi_pet.cpp')
  
C:\EQS\Release-NMS-Client\eqgame_dll\MQ2DataTypes.h(2586,17): warning C4091: 'static ': ignored on left of 'MQ2TypeType::TypeMembers' when no variable is declared [C:\EQS\Release-NMS-Client\eqgame_dll\eqgame_dll.vcxproj]
  (compiling source file 'MQ2MapCommands.cpp')
  
C:\EQS\Release-NMS-Client\eqgame_dll\MQ2DataTypes.h(2624,17): warning C4091: 'static ': ignored on left of 'MQ2HeadingType::HeadingMembers' when no variable is declared [C:\EQS\Release-NMS-Client\eqgame_dll\eqgame_dll.vcxproj]
  (compiling source file 'MQ2MapCommands.cpp')
  
C:\EQS\Release-NMS-Client\eqgame_dll\MQ2DataTypes.h(2096,17): warning C4091: 'static ': ignored on left of 'MQ2ZoneType::ZoneMembers' when no variable is declared [C:\EQS\Release-NMS-Client\eqgame_dll\eqgame_dll.vcxproj]
  (compiling source file 'multi_pet.cpp')
  
C:\EQS\Release-NMS-Client\eqgame_dll\MQ2DataTypes.h(2632,17): warning C4091: 'static ': ignored on left of 'MQ2HeadingType::HeadingMethods' when no variable is declared [C:\EQS\Release-NMS-Client\eqgame_dll\eqgame_dll.vcxproj]
  (compiling source file 'MQ2MapCommands.cpp')
  
C:\EQS\Release-NMS-Client\eqgame_dll\MQ2DataTypes.h(2678,17): warning C4091: 'static ': ignored on left of 'MQ2InvSlotType::InvSlotMembers' when no variable is declared [C:\EQS\Release-NMS-Client\eqgame_dll\eqgame_dll.vcxproj]
  (compiling source file 'MQ2MapCommands.cpp')
  
C:\EQS\Release-NMS-Client\eqgame_dll\MQ2DataTypes.h(2686,17): warning C4091: 'static ': ignored on left of 'MQ2InvSlotType::InvSlotMethods' when no variable is declared [C:\EQS\Release-NMS-Client\eqgame_dll\eqgame_dll.vcxproj]
  (compiling source file 'MQ2MapCommands.cpp')
  
C:\EQS\Release-NMS-Client\eqgame_dll\MQ2DataTypes.h(2143,17): warning C4091: 'static ': ignored on left of 'MQ2CurrentZoneType::CurrentZoneMembers' when no variable is declared [C:\EQS\Release-NMS-Client\eqgame_dll\eqgame_dll.vcxproj]
  (compiling source file 'multi_pet.cpp')
  
C:\EQS\Release-NMS-Client\eqgame_dll\MQ2DataTypes.h(2740,17): warning C4091: 'static ': ignored on left of 'MQ2PluginType::PluginMembers' when no variable is declared [C:\EQS\Release-NMS-Client\eqgame_dll\eqgame_dll.vcxproj]
  (compiling source file 'MQ2MapCommands.cpp')
  
C:\EQS\Release-NMS-Client\eqgame_dll\MQ2DataTypes.h(2205,17): warning C4091: 'static ': ignored on left of 'MQ2MacroQuestType::MacroQuestMembers' when no variable is declared [C:\EQS\Release-NMS-Client\eqgame_dll\eqgame_dll.vcxproj]
  (compiling source file 'multi_pet.cpp')
  
C:\EQS\Release-NMS-Client\eqgame_dll\MQ2DataTypes.h(2230,17): warning C4091: 'static ': ignored on left of 'MQ2MacroQuestType::MacroQuestMethods' when no variable is declared [C:\EQS\Release-NMS-Client\eqgame_dll\eqgame_dll.vcxproj]
  (compiling source file 'multi_pet.cpp')
  
C:\EQS\Release-NMS-Client\eqgame_dll\MQ2DataTypes.h(2782,17): warning C4091: 'static ': ignored on left of 'MQ2BenchmarkType::BenchmarkMembers' when no variable is declared [C:\EQS\Release-NMS-Client\eqgame_dll\eqgame_dll.vcxproj]
  (compiling source file 'MQ2MapCommands.cpp')
  
C:\EQS\Release-NMS-Client\eqgame_dll\MQ2DataTypes.h(2283,17): warning C4091: 'static ': ignored on left of 'MQ2MathType::MathMembers' when no variable is declared [C:\EQS\Release-NMS-Client\eqgame_dll\eqgame_dll.vcxproj]
  (compiling source file 'multi_pet.cpp')
  
C:\EQS\Release-NMS-Client\eqgame_dll\MQ2DataTypes.h(2828,17): warning C4091: 'static ': ignored on left of 'MQ2SkillType::SkillMembers' when no variable is declared [C:\EQS\Release-NMS-Client\eqgame_dll\eqgame_dll.vcxproj]
  (compiling source file 'MQ2MapCommands.cpp')
  
C:\EQS\Release-NMS-Client\eqgame_dll\MQ2DataTypes.h(2838,17): warning C4091: 'static ': ignored on left of 'MQ2SkillType::SkillMethods' when no variable is declared [C:\EQS\Release-NMS-Client\eqgame_dll\eqgame_dll.vcxproj]
  (compiling source file 'MQ2MapCommands.cpp')
  
C:\EQS\Release-NMS-Client\eqgame_dll\MQ2DataTypes.h(2341,17): warning C4091: 'static ': ignored on left of 'MQ2RaceType::RaceMembers' when no variable is declared [C:\EQS\Release-NMS-Client\eqgame_dll\eqgame_dll.vcxproj]
  (compiling source file 'multi_pet.cpp')
  
C:\EQS\Release-NMS-Client\eqgame_dll\MQ2DataTypes.h(2887,17): warning C4091: 'static ': ignored on left of 'MQ2AltAbilityType::AltAbilityMembers' when no variable is declared [C:\EQS\Release-NMS-Client\eqgame_dll\eqgame_dll.vcxproj]
  (compiling source file 'MQ2MapCommands.cpp')
  
C:\EQS\Release-NMS-Client\eqgame_dll\MQ2DataTypes.h(2904,17): warning C4091: 'static ': ignored on left of 'MQ2AltAbilityType::AltAbilityMethods' when no variable is declared [C:\EQS\Release-NMS-Client\eqgame_dll\eqgame_dll.vcxproj]
  (compiling source file 'MQ2MapCommands.cpp')
  
C:\EQS\Release-NMS-Client\eqgame_dll\MQ2DataTypes.h(2379,17): warning C4091: 'static ': ignored on left of 'MQ2ClassType::ClassMembers' when no variable is declared [C:\EQS\Release-NMS-Client\eqgame_dll\eqgame_dll.vcxproj]
  (compiling source file 'multi_pet.cpp')
  
C:\EQS\Release-NMS-Client\eqgame_dll\MQ2DataTypes.h(2949,17): warning C4091: 'static ': ignored on left of 'MQ2TimerType::TimerMembers' when no variable is declared [C:\EQS\Release-NMS-Client\eqgame_dll\eqgame_dll.vcxproj]
  (compiling source file 'MQ2MapCommands.cpp')
  
C:\EQS\Release-NMS-Client\eqgame_dll\MQ2DataTypes.h(2954,17): warning C4091: 'static ': ignored on left of 'MQ2TimerType::TimerMethods' when no variable is declared [C:\EQS\Release-NMS-Client\eqgame_dll\eqgame_dll.vcxproj]
  (compiling source file 'MQ2MapCommands.cpp')
  
C:\EQS\Release-NMS-Client\eqgame_dll\MQ2DataTypes.h(2434,17): warning C4091: 'static ': ignored on left of 'MQ2BodyType::BodyMembers' when no variable is declared [C:\EQS\Release-NMS-Client\eqgame_dll\eqgame_dll.vcxproj]
  (compiling source file 'multi_pet.cpp')
  
C:\EQS\Release-NMS-Client\eqgame_dll\MQ2DataTypes.h(2471,17): warning C4091: 'static ': ignored on left of 'MQ2DeityType::DeityMembers' when no variable is declared [C:\EQS\Release-NMS-Client\eqgame_dll\eqgame_dll.vcxproj]
  (compiling source file 'multi_pet.cpp')
  
C:\EQS\Release-NMS-Client\eqgame_dll\MQ2DataTypes.h(3051,17): warning C4091: 'static ': ignored on left of 'MQ2ArrayType::ArrayMembers' when no variable is declared [C:\EQS\Release-NMS-Client\eqgame_dll\eqgame_dll.vcxproj]
  (compiling source file 'MQ2MapCommands.cpp')
  
C:\EQS\Release-NMS-Client\eqgame_dll\MQ2DataTypes.h(2511,17): warning C4091: 'static ': ignored on left of 'MQ2TimeType::TimeMembers' when no variable is declared [C:\EQS\Release-NMS-Client\eqgame_dll\eqgame_dll.vcxproj]
  (compiling source file 'multi_pet.cpp')
  
C:\EQS\Release-NMS-Client\eqgame_dll\MQ2DataTypes.h(3096,17): warning C4091: 'static ': ignored on left of 'MQ2GroupType::GroupMembers' when no variable is declared [C:\EQS\Release-NMS-Client\eqgame_dll\eqgame_dll.vcxproj]
  (compiling source file 'MQ2MapCommands.cpp')
  
C:\EQS\Release-NMS-Client\eqgame_dll\MQ2DataTypes.h(3106,17): warning C4091: 'static ': ignored on left of 'MQ2GroupType::GroupMethods' when no variable is declared [C:\EQS\Release-NMS-Client\eqgame_dll\eqgame_dll.vcxproj]
  (compiling source file 'MQ2MapCommands.cpp')
  
C:\EQS\Release-NMS-Client\eqgame_dll\MQ2DataTypes.h(3141,17): warning C4091: 'static ': ignored on left of 'MQ2GroupMemberType::GroupMemberMembers' when no variable is declared [C:\EQS\Release-NMS-Client\eqgame_dll\eqgame_dll.vcxproj]
  (compiling source file 'MQ2MapCommands.cpp')
  
C:\EQS\Release-NMS-Client\eqgame_dll\MQ2DataTypes.h(3153,17): warning C4091: 'static ': ignored on left of 'MQ2GroupMemberType::GroupMemberMethods' when no variable is declared [C:\EQS\Release-NMS-Client\eqgame_dll\eqgame_dll.vcxproj]
  (compiling source file 'MQ2MapCommands.cpp')
  
C:\EQS\Release-NMS-Client\eqgame_dll\MQ2DataTypes.h(2586,17): warning C4091: 'static ': ignored on left of 'MQ2TypeType::TypeMembers' when no variable is declared [C:\EQS\Release-NMS-Client\eqgame_dll\eqgame_dll.vcxproj]
  (compiling source file 'multi_pet.cpp')
  
C:\EQS\Release-NMS-Client\eqgame_dll\MQ2DataTypes.h(2624,17): warning C4091: 'static ': ignored on left of 'MQ2HeadingType::HeadingMembers' when no variable is declared [C:\EQS\Release-NMS-Client\eqgame_dll\eqgame_dll.vcxproj]
  (compiling source file 'multi_pet.cpp')
  
C:\EQS\Release-NMS-Client\eqgame_dll\MQ2DataTypes.h(2632,17): warning C4091: 'static ': ignored on left of 'MQ2HeadingType::HeadingMethods' when no variable is declared [C:\EQS\Release-NMS-Client\eqgame_dll\eqgame_dll.vcxproj]
  (compiling source file 'multi_pet.cpp')
  
C:\EQS\Release-NMS-Client\eqgame_dll\MQ2DataTypes.h(3195,17): warning C4091: 'static ': ignored on left of 'MQ2RaidType::RaidMembers' when no variable is declared [C:\EQS\Release-NMS-Client\eqgame_dll\eqgame_dll.vcxproj]
  (compiling source file 'MQ2MapCommands.cpp')
  
C:\EQS\Release-NMS-Client\eqgame_dll\MQ2DataTypes.h(3210,17): warning C4091: 'static ': ignored on left of 'MQ2RaidType::RaidMethods' when no variable is declared [C:\EQS\Release-NMS-Client\eqgame_dll\eqgame_dll.vcxproj]
  (compiling source file 'MQ2MapCommands.cpp')
  
C:\EQS\Release-NMS-Client\eqgame_dll\MQ2DataTypes.h(2678,17): warning C4091: 'static ': ignored on left of 'MQ2InvSlotType::InvSlotMembers' when no variable is declared [C:\EQS\Release-NMS-Client\eqgame_dll\eqgame_dll.vcxproj]
  (compiling source file 'multi_pet.cpp')
  
C:\EQS\Release-NMS-Client\eqgame_dll\MQ2DataTypes.h(2686,17): warning C4091: 'static ': ignored on left of 'MQ2InvSlotType::InvSlotMethods' when no variable is declared [C:\EQS\Release-NMS-Client\eqgame_dll\eqgame_dll.vcxproj]
  (compiling source file 'multi_pet.cpp')
  
C:\EQS\Release-NMS-Client\eqgame_dll\MQ2DataTypes.h(3254,17): warning C4091: 'static ': ignored on left of 'MQ2RaidMemberType::RaidMemberMembers' when no variable is declared [C:\EQS\Release-NMS-Client\eqgame_dll\eqgame_dll.vcxproj]
  (compiling source file 'MQ2MapCommands.cpp')
  
C:\EQS\Release-NMS-Client\eqgame_dll\MQ2DataTypes.h(3265,17): warning C4091: 'static ': ignored on left of 'MQ2RaidMemberType::RaidMemberMethods' when no variable is declared [C:\EQS\Release-NMS-Client\eqgame_dll\eqgame_dll.vcxproj]
  (compiling source file 'MQ2MapCommands.cpp')
  
C:\EQS\Release-NMS-Client\eqgame_dll\MQ2DataTypes.h(2740,17): warning C4091: 'static ': ignored on left of 'MQ2PluginType::PluginMembers' when no variable is declared [C:\EQS\Release-NMS-Client\eqgame_dll\eqgame_dll.vcxproj]
  (compiling source file 'multi_pet.cpp')
  
C:\EQS\Release-NMS-Client\eqgame_dll\MQ2DataTypes.h(3314,17): warning C4091: 'static ': ignored on left of 'MQ2EvolvingItemType::EvolvingItemMembers' when no variable is declared [C:\EQS\Release-NMS-Client\eqgame_dll\eqgame_dll.vcxproj]
  (compiling source file 'MQ2MapCommands.cpp')
  
C:\EQS\Release-NMS-Client\eqgame_dll\MQ2DataTypes.h(3356,17): warning C4091: 'static ': ignored on left of 'MQ2DynamicZoneType::DynamicZoneMembers' when no variable is declared [C:\EQS\Release-NMS-Client\eqgame_dll\eqgame_dll.vcxproj]
  (compiling source file 'MQ2MapCommands.cpp')
  
C:\EQS\Release-NMS-Client\eqgame_dll\MQ2DataTypes.h(2782,17): warning C4091: 'static ': ignored on left of 'MQ2BenchmarkType::BenchmarkMembers' when no variable is declared [C:\EQS\Release-NMS-Client\eqgame_dll\eqgame_dll.vcxproj]
  (compiling source file 'multi_pet.cpp')
  
C:\EQS\Release-NMS-Client\eqgame_dll\MQ2DataTypes.h(2828,17): warning C4091: 'static ': ignored on left of 'MQ2SkillType::SkillMembers' when no variable is declared [C:\EQS\Release-NMS-Client\eqgame_dll\eqgame_dll.vcxproj]
  (compiling source file 'multi_pet.cpp')
  
C:\EQS\Release-NMS-Client\eqgame_dll\MQ2DataTypes.h(2838,17): warning C4091: 'static ': ignored on left of 'MQ2SkillType::SkillMethods' when no variable is declared [C:\EQS\Release-NMS-Client\eqgame_dll\eqgame_dll.vcxproj]
  (compiling source file 'multi_pet.cpp')
  
C:\EQS\Release-NMS-Client\eqgame_dll\MQ2DataTypes.h(3398,17): warning C4091: 'static ': ignored on left of 'MQ2DZMemberType::DZMemberTypeMembers' when no variable is declared [C:\EQS\Release-NMS-Client\eqgame_dll\eqgame_dll.vcxproj]
  (compiling source file 'MQ2MapCommands.cpp')
  
C:\EQS\Release-NMS-Client\eqgame_dll\MQ2DataTypes.h(3430,17): warning C4091: 'static ': ignored on left of 'MQ2FellowshipType::FellowshipTypeMembers' when no variable is declared [C:\EQS\Release-NMS-Client\eqgame_dll\eqgame_dll.vcxproj]
  (compiling source file 'MQ2MapCommands.cpp')
  
C:\EQS\Release-NMS-Client\eqgame_dll\MQ2DataTypes.h(2887,17): warning C4091: 'static ': ignored on left of 'MQ2AltAbilityType::AltAbilityMembers' when no variable is declared [C:\EQS\Release-NMS-Client\eqgame_dll\eqgame_dll.vcxproj]
  (compiling source file 'multi_pet.cpp')
  
C:\EQS\Release-NMS-Client\eqgame_dll\MQ2DataTypes.h(2904,17): warning C4091: 'static ': ignored on left of 'MQ2AltAbilityType::AltAbilityMethods' when no variable is declared [C:\EQS\Release-NMS-Client\eqgame_dll\eqgame_dll.vcxproj]
  (compiling source file 'multi_pet.cpp')
  
C:\EQS\Release-NMS-Client\eqgame_dll\MQ2DataTypes.h(3483,17): warning C4091: 'static ': ignored on left of 'MQ2FellowshipMemberType::FMTypeMembers' when no variable is declared [C:\EQS\Release-NMS-Client\eqgame_dll\eqgame_dll.vcxproj]
  (compiling source file 'MQ2MapCommands.cpp')
  
C:\EQS\Release-NMS-Client\eqgame_dll\MQ2DataTypes.h(2949,17): warning C4091: 'static ': ignored on left of 'MQ2TimerType::TimerMembers' when no variable is declared [C:\EQS\Release-NMS-Client\eqgame_dll\eqgame_dll.vcxproj]
  (compiling source file 'multi_pet.cpp')
  
C:\EQS\Release-NMS-Client\eqgame_dll\MQ2DataTypes.h(2954,17): warning C4091: 'static ': ignored on left of 'MQ2TimerType::TimerMethods' when no variable is declared [C:\EQS\Release-NMS-Client\eqgame_dll\eqgame_dll.vcxproj]
  (compiling source file 'multi_pet.cpp')
  
C:\EQS\Release-NMS-Client\eqgame_dll\MQ2DataTypes.h(3521,17): warning C4091: 'static ': ignored on left of 'MQ2FriendsType::FriendsMembers' when no variable is declared [C:\EQS\Release-NMS-Client\eqgame_dll\eqgame_dll.vcxproj]
  (compiling source file 'MQ2MapCommands.cpp')
  
C:\EQS\Release-NMS-Client\eqgame_dll\MQ2DataTypes.h(3525,17): warning C4091: 'static ': ignored on left of 'MQ2FriendsType::FriendsMethods' when no variable is declared [C:\EQS\Release-NMS-Client\eqgame_dll\eqgame_dll.vcxproj]
  (compiling source file 'MQ2MapCommands.cpp')
  
C:\EQS\Release-NMS-Client\eqgame_dll\MQ2DataTypes.h(3564,17): warning C4091: 'static ': ignored on left of 'MQ2TargetType::TargetMembers' when no variable is declared [C:\EQS\Release-NMS-Client\eqgame_dll\eqgame_dll.vcxproj]
  (compiling source file 'MQ2MapCommands.cpp')
  
C:\EQS\Release-NMS-Client\eqgame_dll\MQ2DataTypes.h(3051,17): warning C4091: 'static ': ignored on left of 'MQ2ArrayType::ArrayMembers' when no variable is declared [C:\EQS\Release-NMS-Client\eqgame_dll\eqgame_dll.vcxproj]
  (compiling source file 'multi_pet.cpp')
  
C:\EQS\Release-NMS-Client\eqgame_dll\MQ2DataTypes.h(3096,17): warning C4091: 'static ': ignored on left of 'MQ2GroupType::GroupMembers' when no variable is declared [C:\EQS\Release-NMS-Client\eqgame_dll\eqgame_dll.vcxproj]
  (compiling source file 'multi_pet.cpp')
  
C:\EQS\Release-NMS-Client\eqgame_dll\MQ2DataTypes.h(3644,17): warning C4091: 'static ': ignored on left of 'MQ2XTargetType::xTargetMembers' when no variable is declared [C:\EQS\Release-NMS-Client\eqgame_dll\eqgame_dll.vcxproj]
  (compiling source file 'MQ2MapCommands.cpp')
  
C:\EQS\Release-NMS-Client\eqgame_dll\MQ2DataTypes.h(3106,17): warning C4091: 'static ': ignored on left of 'MQ2GroupType::GroupMethods' when no variable is declared [C:\EQS\Release-NMS-Client\eqgame_dll\eqgame_dll.vcxproj]
  (compiling source file 'multi_pet.cpp')
  
C:\EQS\Release-NMS-Client\eqgame_dll\MQ2DataTypes.h(167,17): warning C4091: 'static ': ignored on left of 'MQ2IntType::IntMembers' when no variable is declared [C:\EQS\Release-NMS-Client\eqgame_dll\eqgame_dll.vcxproj]
  (compiling source file 'pet_window.cpp')
  
C:\EQS\Release-NMS-Client\eqgame_dll\MQ2DataTypes.h(3141,17): warning C4091: 'static ': ignored on left of 'MQ2GroupMemberType::GroupMemberMembers' when no variable is declared [C:\EQS\Release-NMS-Client\eqgame_dll\eqgame_dll.vcxproj]
  (compiling source file 'multi_pet.cpp')
  
C:\EQS\Release-NMS-Client\eqgame_dll\MQ2DataTypes.h(3153,17): warning C4091: 'static ': ignored on left of 'MQ2GroupMemberType::GroupMemberMethods' when no variable is declared [C:\EQS\Release-NMS-Client\eqgame_dll\eqgame_dll.vcxproj]
  (compiling source file 'multi_pet.cpp')
  
C:\EQS\Release-NMS-Client\eqgame_dll\MQ2DataTypes.h(207,17): warning C4091: 'static ': ignored on left of 'MQ2ArgbType::ArgbMembers' when no variable is declared [C:\EQS\Release-NMS-Client\eqgame_dll\eqgame_dll.vcxproj]
  (compiling source file 'pet_window.cpp')
  
C:\EQS\Release-NMS-Client\eqgame_dll\MQ2DataTypes.h(3195,17): warning C4091: 'static ': ignored on left of 'MQ2RaidType::RaidMembers' when no variable is declared [C:\EQS\Release-NMS-Client\eqgame_dll\eqgame_dll.vcxproj]
  (compiling source file 'multi_pet.cpp')
  
C:\EQS\Release-NMS-Client\eqgame_dll\MQ2DataTypes.h(3210,17): warning C4091: 'static ': ignored on left of 'MQ2RaidType::RaidMethods' when no variable is declared [C:\EQS\Release-NMS-Client\eqgame_dll\eqgame_dll.vcxproj]
  (compiling source file 'multi_pet.cpp')
  
C:\EQS\Release-NMS-Client\eqgame_dll\MQ2DataTypes.h(3254,17): warning C4091: 'static ': ignored on left of 'MQ2RaidMemberType::RaidMemberMembers' when no variable is declared [C:\EQS\Release-NMS-Client\eqgame_dll\eqgame_dll.vcxproj]
  (compiling source file 'multi_pet.cpp')
  
C:\EQS\Release-NMS-Client\eqgame_dll\MQ2DataTypes.h(3265,17): warning C4091: 'static ': ignored on left of 'MQ2RaidMemberType::RaidMemberMethods' when no variable is declared [C:\EQS\Release-NMS-Client\eqgame_dll\eqgame_dll.vcxproj]
  (compiling source file 'multi_pet.cpp')
  
C:\EQS\Release-NMS-Client\eqgame_dll\MQ2DataTypes.h(284,17): warning C4091: 'static ': ignored on left of 'MQ2StringType::StringMembers' when no variable is declared [C:\EQS\Release-NMS-Client\eqgame_dll\eqgame_dll.vcxproj]
  (compiling source file 'pet_window.cpp')
  
C:\EQS\Release-NMS-Client\eqgame_dll\MQ2DataTypes.h(3314,17): warning C4091: 'static ': ignored on left of 'MQ2EvolvingItemType::EvolvingItemMembers' when no variable is declared [C:\EQS\Release-NMS-Client\eqgame_dll\eqgame_dll.vcxproj]
  (compiling source file 'multi_pet.cpp')
  
C:\EQS\Release-NMS-Client\eqgame_dll\MQ2DataTypes.h(360,17): warning C4091: 'static ': ignored on left of 'MQ2FloatType::FloatMembers' when no variable is declared [C:\EQS\Release-NMS-Client\eqgame_dll\eqgame_dll.vcxproj]
  (compiling source file 'pet_window.cpp')
  
C:\EQS\Release-NMS-Client\eqgame_dll\MQ2DataTypes.h(3356,17): warning C4091: 'static ': ignored on left of 'MQ2DynamicZoneType::DynamicZoneMembers' when no variable is declared [C:\EQS\Release-NMS-Client\eqgame_dll\eqgame_dll.vcxproj]
  (compiling source file 'multi_pet.cpp')
  
C:\EQS\Release-NMS-Client\eqgame_dll\MQ2DataTypes.h(3398,17): warning C4091: 'static ': ignored on left of 'MQ2DZMemberType::DZMemberTypeMembers' when no variable is declared [C:\EQS\Release-NMS-Client\eqgame_dll\eqgame_dll.vcxproj]
  (compiling source file 'multi_pet.cpp')
  
C:\EQS\Release-NMS-Client\eqgame_dll\MQ2DataTypes.h(408,17): warning C4091: 'static ': ignored on left of 'MQ2TicksType::TicksMembers' when no variable is declared [C:\EQS\Release-NMS-Client\eqgame_dll\eqgame_dll.vcxproj]
  (compiling source file 'pet_window.cpp')
  
C:\EQS\Release-NMS-Client\eqgame_dll\MQ2DataTypes.h(3430,17): warning C4091: 'static ': ignored on left of 'MQ2FellowshipType::FellowshipTypeMembers' when no variable is declared [C:\EQS\Release-NMS-Client\eqgame_dll\eqgame_dll.vcxproj]
  (compiling source file 'multi_pet.cpp')
  
C:\EQS\Release-NMS-Client\eqgame_dll\MQ2DataTypes.h(459,17): warning C4091: 'static ': ignored on left of 'MQ2SpawnType::SpawnMembers' when no variable is declared [C:\EQS\Release-NMS-Client\eqgame_dll\eqgame_dll.vcxproj]
  (compiling source file 'pet_window.cpp')
  
C:\EQS\Release-NMS-Client\eqgame_dll\MQ2DataTypes.h(559,17): warning C4091: 'static ': ignored on left of 'MQ2SpawnType::SpawnMethods' when no variable is declared [C:\EQS\Release-NMS-Client\eqgame_dll\eqgame_dll.vcxproj]
  (compiling source file 'pet_window.cpp')
  
C:\EQS\Release-NMS-Client\eqgame_dll\MQ2DataTypes.h(3483,17): warning C4091: 'static ': ignored on left of 'MQ2FellowshipMemberType::FMTypeMembers' when no variable is declared [C:\EQS\Release-NMS-Client\eqgame_dll\eqgame_dll.vcxproj]
  (compiling source file 'multi_pet.cpp')
  
C:\EQS\Release-NMS-Client\eqgame_dll\MQ2DataTypes.h(3521,17): warning C4091: 'static ': ignored on left of 'MQ2FriendsType::FriendsMembers' when no variable is declared [C:\EQS\Release-NMS-Client\eqgame_dll\eqgame_dll.vcxproj]
  (compiling source file 'multi_pet.cpp')
  
C:\EQS\Release-NMS-Client\eqgame_dll\MQ2DataTypes.h(3525,17): warning C4091: 'static ': ignored on left of 'MQ2FriendsType::FriendsMethods' when no variable is declared [C:\EQS\Release-NMS-Client\eqgame_dll\eqgame_dll.vcxproj]
  (compiling source file 'multi_pet.cpp')
  
C:\EQS\Release-NMS-Client\eqgame_dll\MQ2DataTypes.h(3564,17): warning C4091: 'static ': ignored on left of 'MQ2TargetType::TargetMembers' when no variable is declared [C:\EQS\Release-NMS-Client\eqgame_dll\eqgame_dll.vcxproj]
  (compiling source file 'multi_pet.cpp')
  
C:\EQS\Release-NMS-Client\eqgame_dll\MQ2DataTypes.h(3644,17): warning C4091: 'static ': ignored on left of 'MQ2XTargetType::xTargetMembers' when no variable is declared [C:\EQS\Release-NMS-Client\eqgame_dll\eqgame_dll.vcxproj]
  (compiling source file 'multi_pet.cpp')
  
C:\EQS\Release-NMS-Client\eqgame_dll\MQ2DataTypes.h(729,17): warning C4091: 'static ': ignored on left of 'MQ2CharacterType::CharacterMembers' when no variable is declared [C:\EQS\Release-NMS-Client\eqgame_dll\eqgame_dll.vcxproj]
  (compiling source file 'pet_window.cpp')
  
C:\EQS\Release-NMS-Client\eqgame_dll\MQ2DataTypes.h(917,17): warning C4091: 'static ': ignored on left of 'MQ2CharacterType::CharacterMethods' when no variable is declared [C:\EQS\Release-NMS-Client\eqgame_dll\eqgame_dll.vcxproj]
  (compiling source file 'pet_window.cpp')
  
C:\EQS\Release-NMS-Client\eqgame_dll\MQ2Main.h(776,7): warning C4200: nonstandard extension used: zero-sized array in struct/union [C:\EQS\Release-NMS-Client\eqgame_dll\eqgame_dll.vcxproj]
  (compiling source file 'MQ2MapCommands.cpp')
      C:\EQS\Release-NMS-Client\eqgame_dll\MQ2Main.h(776,7):
      This member will be ignored by a defaulted constructor or copy/move assignment operator
  
C:\EQS\Release-NMS-Client\eqgame_dll\MQ2DataTypes.h(1158,17): warning C4091: 'static ': ignored on left of 'MQ2SpellType::SpellMembers' when no variable is declared [C:\EQS\Release-NMS-Client\eqgame_dll\eqgame_dll.vcxproj]
  (compiling source file 'pet_window.cpp')
  
C:\EQS\Release-NMS-Client\eqgame_dll\MQ2DataTypes.h(1188,17): warning C4091: 'static ': ignored on left of 'MQ2SpellType::SpellMethods' when no variable is declared [C:\EQS\Release-NMS-Client\eqgame_dll\eqgame_dll.vcxproj]
  (compiling source file 'pet_window.cpp')
  
C:\EQS\Release-NMS-Client\eqgame_dll\MQ2DataTypes.h(1262,17): warning C4091: 'static ': ignored on left of 'MQ2BuffType::BuffMembers' when no variable is declared [C:\EQS\Release-NMS-Client\eqgame_dll\eqgame_dll.vcxproj]
  (compiling source file 'pet_window.cpp')
  
C:\EQS\Release-NMS-Client\eqgame_dll\MQ2DataTypes.h(1272,17): warning C4091: 'static ': ignored on left of 'MQ2BuffType::BuffMethods' when no variable is declared [C:\EQS\Release-NMS-Client\eqgame_dll\eqgame_dll.vcxproj]
  (compiling source file 'pet_window.cpp')
  
C:\EQS\Release-NMS-Client\eqgame_dll\MQ2DataTypes.h(1336,17): warning C4091: 'static ': ignored on left of 'MQ2ItemType::ItemMembers' when no variable is declared [C:\EQS\Release-NMS-Client\eqgame_dll\eqgame_dll.vcxproj]
  (compiling source file 'pet_window.cpp')
  
C:\EQS\Release-NMS-Client\eqgame_dll\MQ2DataTypes.h(1469,17): warning C4091: 'static ': ignored on left of 'MQ2ItemType::ItemMethods' when no variable is declared [C:\EQS\Release-NMS-Client\eqgame_dll\eqgame_dll.vcxproj]
  (compiling source file 'pet_window.cpp')
  
C:\EQS\Release-NMS-Client\eqgame_dll\MQ2Main.h(776,7): warning C4200: nonstandard extension used: zero-sized array in struct/union [C:\EQS\Release-NMS-Client\eqgame_dll\eqgame_dll.vcxproj]
  (compiling source file 'multi_pet.cpp')
      C:\EQS\Release-NMS-Client\eqgame_dll\MQ2Main.h(776,7):
      This member will be ignored by a defaulted constructor or copy/move assignment operator
  
C:\EQS\Release-NMS-Client\eqgame_dll\MQ2DataTypes.h(1647,17): warning C4091: 'static ': ignored on left of 'MQ2SwitchType::SwitchMembers' when no variable is declared [C:\EQS\Release-NMS-Client\eqgame_dll\eqgame_dll.vcxproj]
  (compiling source file 'pet_window.cpp')
  
C:\EQS\Release-NMS-Client\eqgame_dll\MQ2DataTypes.h(1670,17): warning C4091: 'static ': ignored on left of 'MQ2SwitchType::SwitchMethods' when no variable is declared [C:\EQS\Release-NMS-Client\eqgame_dll\eqgame_dll.vcxproj]
  (compiling source file 'pet_window.cpp')
  
C:\EQS\Release-NMS-Client\eqgame_dll\MQ2DataTypes.h(1735,17): warning C4091: 'static ': ignored on left of 'MQ2GroundType::GroundMembers' when no variable is declared [C:\EQS\Release-NMS-Client\eqgame_dll\eqgame_dll.vcxproj]
  (compiling source file 'pet_window.cpp')
  
C:\EQS\Release-NMS-Client\eqgame_dll\MQ2DataTypes.h(1750,17): warning C4091: 'static ': ignored on left of 'MQ2GroundType::GroundMethods' when no variable is declared [C:\EQS\Release-NMS-Client\eqgame_dll\eqgame_dll.vcxproj]
  (compiling source file 'pet_window.cpp')
  
C:\EQS\Release-NMS-Client\eqgame_dll\MQ2DataTypes.h(1811,17): warning C4091: 'static ': ignored on left of 'MQ2CorpseType::CorpseMembers' when no variable is declared [C:\EQS\Release-NMS-Client\eqgame_dll\eqgame_dll.vcxproj]
  (compiling source file 'pet_window.cpp')
  
C:\EQS\Release-NMS-Client\eqgame_dll\MQ2DataTypes.h(1817,17): warning C4091: 'static ': ignored on left of 'MQ2CorpseType::CorpseMethods' when no variable is declared [C:\EQS\Release-NMS-Client\eqgame_dll\eqgame_dll.vcxproj]
  (compiling source file 'pet_window.cpp')
  
C:\EQS\Release-NMS-Client\eqgame_dll\MQ2DataTypes.h(1860,17): warning C4091: 'static ': ignored on left of 'MQ2MerchantType::MerchantMembers' when no variable is declared [C:\EQS\Release-NMS-Client\eqgame_dll\eqgame_dll.vcxproj]
  (compiling source file 'pet_window.cpp')
  
C:\EQS\Release-NMS-Client\eqgame_dll\MQ2DataTypes.h(1868,17): warning C4091: 'static ': ignored on left of 'MQ2MerchantType::MerchantMethods' when no variable is declared [C:\EQS\Release-NMS-Client\eqgame_dll\eqgame_dll.vcxproj]
  (compiling source file 'pet_window.cpp')
  
C:\EQS\Release-NMS-Client\eqgame_dll\MQ2DataTypes.h(1913,17): warning C4091: 'static ': ignored on left of 'MQ2WindowType::WindowMembers' when no variable is declared [C:\EQS\Release-NMS-Client\eqgame_dll\eqgame_dll.vcxproj]
  (compiling source file 'pet_window.cpp')
  
C:\EQS\Release-NMS-Client\eqgame_dll\MQ2DataTypes.h(1949,17): warning C4091: 'static ': ignored on left of 'MQ2WindowType::WindowMethods' when no variable is declared [C:\EQS\Release-NMS-Client\eqgame_dll\eqgame_dll.vcxproj]
  (compiling source file 'pet_window.cpp')
  
C:\EQS\Release-NMS-Client\eqgame_dll\MQ2DataTypes.h(2048,17): warning C4091: 'static ': ignored on left of 'MQ2MacroType::MacroMembers' when no variable is declared [C:\EQS\Release-NMS-Client\eqgame_dll\eqgame_dll.vcxproj]
  (compiling source file 'pet_window.cpp')
  
C:\EQS\Release-NMS-Client\eqgame_dll\MQ2DataTypes.h(2096,17): warning C4091: 'static ': ignored on left of 'MQ2ZoneType::ZoneMembers' when no variable is declared [C:\EQS\Release-NMS-Client\eqgame_dll\eqgame_dll.vcxproj]
  (compiling source file 'pet_window.cpp')
  
C:\EQS\Release-NMS-Client\eqgame_dll\MQ2DataTypes.h(2143,17): warning C4091: 'static ': ignored on left of 'MQ2CurrentZoneType::CurrentZoneMembers' when no variable is declared [C:\EQS\Release-NMS-Client\eqgame_dll\eqgame_dll.vcxproj]
  (compiling source file 'pet_window.cpp')
  
C:\EQS\Release-NMS-Client\eqgame_dll\EQData.h(440,14): warning C4091: 'typedef ': ignored on left of 'EQData::MaterialType' when no variable is declared [C:\EQS\Release-NMS-Client\eqgame_dll\eqgame_dll.vcxproj]
  (compiling source file 'MQ2ParseAPI.cpp')
  
C:\EQS\Release-NMS-Client\eqgame_dll\MQ2DataTypes.h(2205,17): warning C4091: 'static ': ignored on left of 'MQ2MacroQuestType::MacroQuestMembers' when no variable is declared [C:\EQS\Release-NMS-Client\eqgame_dll\eqgame_dll.vcxproj]
  (compiling source file 'pet_window.cpp')
  
C:\EQS\Release-NMS-Client\eqgame_dll\MQ2DataTypes.h(2230,17): warning C4091: 'static ': ignored on left of 'MQ2MacroQuestType::MacroQuestMethods' when no variable is declared [C:\EQS\Release-NMS-Client\eqgame_dll\eqgame_dll.vcxproj]
  (compiling source file 'pet_window.cpp')
  
C:\EQS\Release-NMS-Client\eqgame_dll\MQ2DataTypes.h(2283,17): warning C4091: 'static ': ignored on left of 'MQ2MathType::MathMembers' when no variable is declared [C:\EQS\Release-NMS-Client\eqgame_dll\eqgame_dll.vcxproj]
  (compiling source file 'pet_window.cpp')
  
C:\EQS\Release-NMS-Client\eqgame_dll\MQ2DataTypes.h(2341,17): warning C4091: 'static ': ignored on left of 'MQ2RaceType::RaceMembers' when no variable is declared [C:\EQS\Release-NMS-Client\eqgame_dll\eqgame_dll.vcxproj]
  (compiling source file 'pet_window.cpp')
  
C:\EQS\Release-NMS-Client\eqgame_dll\MQ2DataTypes.h(2379,17): warning C4091: 'static ': ignored on left of 'MQ2ClassType::ClassMembers' when no variable is declared [C:\EQS\Release-NMS-Client\eqgame_dll\eqgame_dll.vcxproj]
  (compiling source file 'pet_window.cpp')
  
C:\EQS\Release-NMS-Client\eqgame_dll\MQ2DataTypes.h(2434,17): warning C4091: 'static ': ignored on left of 'MQ2BodyType::BodyMembers' when no variable is declared [C:\EQS\Release-NMS-Client\eqgame_dll\eqgame_dll.vcxproj]
  (compiling source file 'pet_window.cpp')
  
C:\EQS\Release-NMS-Client\eqgame_dll\MQ2DataTypes.h(2471,17): warning C4091: 'static ': ignored on left of 'MQ2DeityType::DeityMembers' when no variable is declared [C:\EQS\Release-NMS-Client\eqgame_dll\eqgame_dll.vcxproj]
  (compiling source file 'pet_window.cpp')
  
C:\EQS\Release-NMS-Client\eqgame_dll\MQ2DataTypes.h(2511,17): warning C4091: 'static ': ignored on left of 'MQ2TimeType::TimeMembers' when no variable is declared [C:\EQS\Release-NMS-Client\eqgame_dll\eqgame_dll.vcxproj]
  (compiling source file 'pet_window.cpp')
  
C:\EQS\Release-NMS-Client\eqgame_dll\MQ2DataTypes.h(2586,17): warning C4091: 'static ': ignored on left of 'MQ2TypeType::TypeMembers' when no variable is declared [C:\EQS\Release-NMS-Client\eqgame_dll\eqgame_dll.vcxproj]
  (compiling source file 'pet_window.cpp')
  
C:\EQS\Release-NMS-Client\eqgame_dll\MQ2DataTypes.h(2624,17): warning C4091: 'static ': ignored on left of 'MQ2HeadingType::HeadingMembers' when no variable is declared [C:\EQS\Release-NMS-Client\eqgame_dll\eqgame_dll.vcxproj]
  (compiling source file 'pet_window.cpp')
  
C:\EQS\Release-NMS-Client\eqgame_dll\MQ2DataTypes.h(2632,17): warning C4091: 'static ': ignored on left of 'MQ2HeadingType::HeadingMethods' when no variable is declared [C:\EQS\Release-NMS-Client\eqgame_dll\eqgame_dll.vcxproj]
  (compiling source file 'pet_window.cpp')
  
C:\EQS\Release-NMS-Client\eqgame_dll\MQ2DataTypes.h(2678,17): warning C4091: 'static ': ignored on left of 'MQ2InvSlotType::InvSlotMembers' when no variable is declared [C:\EQS\Release-NMS-Client\eqgame_dll\eqgame_dll.vcxproj]
  (compiling source file 'pet_window.cpp')
  
C:\EQS\Release-NMS-Client\eqgame_dll\MQ2DataTypes.h(2686,17): warning C4091: 'static ': ignored on left of 'MQ2InvSlotType::InvSlotMethods' when no variable is declared [C:\EQS\Release-NMS-Client\eqgame_dll\eqgame_dll.vcxproj]
  (compiling source file 'pet_window.cpp')
  
C:\EQS\Release-NMS-Client\eqgame_dll\MQ2DataTypes.h(2740,17): warning C4091: 'static ': ignored on left of 'MQ2PluginType::PluginMembers' when no variable is declared [C:\EQS\Release-NMS-Client\eqgame_dll\eqgame_dll.vcxproj]
  (compiling source file 'pet_window.cpp')
  
C:\EQS\Release-NMS-Client\eqgame_dll\MQ2DataTypes.h(2782,17): warning C4091: 'static ': ignored on left of 'MQ2BenchmarkType::BenchmarkMembers' when no variable is declared [C:\EQS\Release-NMS-Client\eqgame_dll\eqgame_dll.vcxproj]
  (compiling source file 'pet_window.cpp')
  
C:\EQS\Release-NMS-Client\eqgame_dll\MQ2DataTypes.h(2828,17): warning C4091: 'static ': ignored on left of 'MQ2SkillType::SkillMembers' when no variable is declared [C:\EQS\Release-NMS-Client\eqgame_dll\eqgame_dll.vcxproj]
  (compiling source file 'pet_window.cpp')
  
C:\EQS\Release-NMS-Client\eqgame_dll\MQ2DataTypes.h(2838,17): warning C4091: 'static ': ignored on left of 'MQ2SkillType::SkillMethods' when no variable is declared [C:\EQS\Release-NMS-Client\eqgame_dll\eqgame_dll.vcxproj]
  (compiling source file 'pet_window.cpp')
  
C:\EQS\Release-NMS-Client\eqgame_dll\MQ2DataTypes.h(2887,17): warning C4091: 'static ': ignored on left of 'MQ2AltAbilityType::AltAbilityMembers' when no variable is declared [C:\EQS\Release-NMS-Client\eqgame_dll\eqgame_dll.vcxproj]
  (compiling source file 'pet_window.cpp')
  
C:\EQS\Release-NMS-Client\eqgame_dll\MQ2DataTypes.h(2904,17): warning C4091: 'static ': ignored on left of 'MQ2AltAbilityType::AltAbilityMethods' when no variable is declared [C:\EQS\Release-NMS-Client\eqgame_dll\eqgame_dll.vcxproj]
  (compiling source file 'pet_window.cpp')
  
C:\EQS\Release-NMS-Client\eqgame_dll\MQ2DataTypes.h(2949,17): warning C4091: 'static ': ignored on left of 'MQ2TimerType::TimerMembers' when no variable is declared [C:\EQS\Release-NMS-Client\eqgame_dll\eqgame_dll.vcxproj]
  (compiling source file 'pet_window.cpp')
  
C:\EQS\Release-NMS-Client\eqgame_dll\MQ2DataTypes.h(2954,17): warning C4091: 'static ': ignored on left of 'MQ2TimerType::TimerMethods' when no variable is declared [C:\EQS\Release-NMS-Client\eqgame_dll\eqgame_dll.vcxproj]
  (compiling source file 'pet_window.cpp')
  
C:\EQS\Release-NMS-Client\eqgame_dll\MQ2DataTypes.h(3051,17): warning C4091: 'static ': ignored on left of 'MQ2ArrayType::ArrayMembers' when no variable is declared [C:\EQS\Release-NMS-Client\eqgame_dll\eqgame_dll.vcxproj]
  (compiling source file 'pet_window.cpp')
  
C:\EQS\Release-NMS-Client\eqgame_dll\MQ2DataTypes.h(3096,17): warning C4091: 'static ': ignored on left of 'MQ2GroupType::GroupMembers' when no variable is declared [C:\EQS\Release-NMS-Client\eqgame_dll\eqgame_dll.vcxproj]
  (compiling source file 'pet_window.cpp')
  
C:\EQS\Release-NMS-Client\eqgame_dll\MQ2DataTypes.h(3106,17): warning C4091: 'static ': ignored on left of 'MQ2GroupType::GroupMethods' when no variable is declared [C:\EQS\Release-NMS-Client\eqgame_dll\eqgame_dll.vcxproj]
  (compiling source file 'pet_window.cpp')
  
C:\EQS\Release-NMS-Client\eqgame_dll\MQ2DataTypes.h(3141,17): warning C4091: 'static ': ignored on left of 'MQ2GroupMemberType::GroupMemberMembers' when no variable is declared [C:\EQS\Release-NMS-Client\eqgame_dll\eqgame_dll.vcxproj]
  (compiling source file 'pet_window.cpp')
  
C:\EQS\Release-NMS-Client\eqgame_dll\MQ2DataTypes.h(3153,17): warning C4091: 'static ': ignored on left of 'MQ2GroupMemberType::GroupMemberMethods' when no variable is declared [C:\EQS\Release-NMS-Client\eqgame_dll\eqgame_dll.vcxproj]
  (compiling source file 'pet_window.cpp')
  
C:\EQS\Release-NMS-Client\eqgame_dll\MQ2DataTypes.h(3195,17): warning C4091: 'static ': ignored on left of 'MQ2RaidType::RaidMembers' when no variable is declared [C:\EQS\Release-NMS-Client\eqgame_dll\eqgame_dll.vcxproj]
  (compiling source file 'pet_window.cpp')
  
C:\EQS\Release-NMS-Client\eqgame_dll\MQ2DataTypes.h(3210,17): warning C4091: 'static ': ignored on left of 'MQ2RaidType::RaidMethods' when no variable is declared [C:\EQS\Release-NMS-Client\eqgame_dll\eqgame_dll.vcxproj]
  (compiling source file 'pet_window.cpp')
  
C:\EQS\Release-NMS-Client\eqgame_dll\MQ2DataTypes.h(3254,17): warning C4091: 'static ': ignored on left of 'MQ2RaidMemberType::RaidMemberMembers' when no variable is declared [C:\EQS\Release-NMS-Client\eqgame_dll\eqgame_dll.vcxproj]
  (compiling source file 'pet_window.cpp')
  
C:\EQS\Release-NMS-Client\eqgame_dll\MQ2DataTypes.h(3265,17): warning C4091: 'static ': ignored on left of 'MQ2RaidMemberType::RaidMemberMethods' when no variable is declared [C:\EQS\Release-NMS-Client\eqgame_dll\eqgame_dll.vcxproj]
  (compiling source file 'pet_window.cpp')
  
C:\EQS\Release-NMS-Client\eqgame_dll\MQ2DataTypes.h(3314,17): warning C4091: 'static ': ignored on left of 'MQ2EvolvingItemType::EvolvingItemMembers' when no variable is declared [C:\EQS\Release-NMS-Client\eqgame_dll\eqgame_dll.vcxproj]
  (compiling source file 'pet_window.cpp')
  
C:\EQS\Release-NMS-Client\eqgame_dll\MQ2DataTypes.h(3356,17): warning C4091: 'static ': ignored on left of 'MQ2DynamicZoneType::DynamicZoneMembers' when no variable is declared [C:\EQS\Release-NMS-Client\eqgame_dll\eqgame_dll.vcxproj]
  (compiling source file 'pet_window.cpp')
  
C:\EQS\Release-NMS-Client\eqgame_dll\MQ2DataTypes.h(3398,17): warning C4091: 'static ': ignored on left of 'MQ2DZMemberType::DZMemberTypeMembers' when no variable is declared [C:\EQS\Release-NMS-Client\eqgame_dll\eqgame_dll.vcxproj]
  (compiling source file 'pet_window.cpp')
  
C:\EQS\Release-NMS-Client\eqgame_dll\MQ2DataTypes.h(3430,17): warning C4091: 'static ': ignored on left of 'MQ2FellowshipType::FellowshipTypeMembers' when no variable is declared [C:\EQS\Release-NMS-Client\eqgame_dll\eqgame_dll.vcxproj]
  (compiling source file 'pet_window.cpp')
  
C:\EQS\Release-NMS-Client\eqgame_dll\MQ2DataTypes.h(3483,17): warning C4091: 'static ': ignored on left of 'MQ2FellowshipMemberType::FMTypeMembers' when no variable is declared [C:\EQS\Release-NMS-Client\eqgame_dll\eqgame_dll.vcxproj]
  (compiling source file 'pet_window.cpp')
  
C:\EQS\Release-NMS-Client\eqgame_dll\MQ2DataTypes.h(3521,17): warning C4091: 'static ': ignored on left of 'MQ2FriendsType::FriendsMembers' when no variable is declared [C:\EQS\Release-NMS-Client\eqgame_dll\eqgame_dll.vcxproj]
  (compiling source file 'pet_window.cpp')
  
C:\EQS\Release-NMS-Client\eqgame_dll\MQ2DataTypes.h(3525,17): warning C4091: 'static ': ignored on left of 'MQ2FriendsType::FriendsMethods' when no variable is declared [C:\EQS\Release-NMS-Client\eqgame_dll\eqgame_dll.vcxproj]
  (compiling source file 'pet_window.cpp')
  
C:\EQS\Release-NMS-Client\eqgame_dll\MQ2DataTypes.h(3564,17): warning C4091: 'static ': ignored on left of 'MQ2TargetType::TargetMembers' when no variable is declared [C:\EQS\Release-NMS-Client\eqgame_dll\eqgame_dll.vcxproj]
  (compiling source file 'pet_window.cpp')
  
C:\EQS\Release-NMS-Client\eqgame_dll\MQ2DataTypes.h(3644,17): warning C4091: 'static ': ignored on left of 'MQ2XTargetType::xTargetMembers' when no variable is declared [C:\EQS\Release-NMS-Client\eqgame_dll\eqgame_dll.vcxproj]
  (compiling source file 'pet_window.cpp')
  
C:\EQS\Release-NMS-Client\eqgame_dll\MQ2Main.h(776,7): warning C4200: nonstandard extension used: zero-sized array in struct/union [C:\EQS\Release-NMS-Client\eqgame_dll\eqgame_dll.vcxproj]
  (compiling source file 'pet_window.cpp')
      C:\EQS\Release-NMS-Client\eqgame_dll\MQ2Main.h(776,7):
      This member will be ignored by a defaulted constructor or copy/move assignment operator
  
C:\EQS\Release-NMS-Client\eqgame_dll\pet_window.cpp(206,17): warning C4101: 'g_savedCI2Class': unreferenced local variable [C:\EQS\Release-NMS-Client\eqgame_dll\eqgame_dll.vcxproj]
  Sprite.cpp
C:\EQS\Release-NMS-Client\eqgame_dll\MQ2Internal.h(105,17): warning C4091: 'static ': ignored on left of 'MQ2Internal::SearchItemFlag' when no variable is declared [C:\EQS\Release-NMS-Client\eqgame_dll\eqgame_dll.vcxproj]
  (compiling source file 'MQ2Mouse.cpp')
  
C:\EQS\Release-NMS-Client\eqgame_dll\MQ2DataTypes.h(167,17): warning C4091: 'static ': ignored on left of 'MQ2IntType::IntMembers' when no variable is declared [C:\EQS\Release-NMS-Client\eqgame_dll\eqgame_dll.vcxproj]
  (compiling source file 'MQ2Mouse.cpp')
  
C:\EQS\Release-NMS-Client\eqgame_dll\MQ2DataTypes.h(207,17): warning C4091: 'static ': ignored on left of 'MQ2ArgbType::ArgbMembers' when no variable is declared [C:\EQS\Release-NMS-Client\eqgame_dll\eqgame_dll.vcxproj]
  (compiling source file 'MQ2Mouse.cpp')
  
C:\EQS\Release-NMS-Client\eqgame_dll\MQ2DataTypes.h(284,17): warning C4091: 'static ': ignored on left of 'MQ2StringType::StringMembers' when no variable is declared [C:\EQS\Release-NMS-Client\eqgame_dll\eqgame_dll.vcxproj]
  (compiling source file 'MQ2Mouse.cpp')
  
C:\EQS\Release-NMS-Client\eqgame_dll\MQ2DataTypes.h(360,17): warning C4091: 'static ': ignored on left of 'MQ2FloatType::FloatMembers' when no variable is declared [C:\EQS\Release-NMS-Client\eqgame_dll\eqgame_dll.vcxproj]
  (compiling source file 'MQ2Mouse.cpp')
  
C:\EQS\Release-NMS-Client\eqgame_dll\MQ2DataTypes.h(408,17): warning C4091: 'static ': ignored on left of 'MQ2TicksType::TicksMembers' when no variable is declared [C:\EQS\Release-NMS-Client\eqgame_dll\eqgame_dll.vcxproj]
  (compiling source file 'MQ2Mouse.cpp')
  
C:\EQS\Release-NMS-Client\eqgame_dll\MQ2DataTypes.h(459,17): warning C4091: 'static ': ignored on left of 'MQ2SpawnType::SpawnMembers' when no variable is declared [C:\EQS\Release-NMS-Client\eqgame_dll\eqgame_dll.vcxproj]
  (compiling source file 'MQ2Mouse.cpp')
  
C:\EQS\Release-NMS-Client\eqgame_dll\MQ2DataTypes.h(559,17): warning C4091: 'static ': ignored on left of 'MQ2SpawnType::SpawnMethods' when no variable is declared [C:\EQS\Release-NMS-Client\eqgame_dll\eqgame_dll.vcxproj]
  (compiling source file 'MQ2Mouse.cpp')
  
C:\EQS\Release-NMS-Client\eqgame_dll\MQ2DataTypes.h(729,17): warning C4091: 'static ': ignored on left of 'MQ2CharacterType::CharacterMembers' when no variable is declared [C:\EQS\Release-NMS-Client\eqgame_dll\eqgame_dll.vcxproj]
  (compiling source file 'MQ2Mouse.cpp')
  
C:\EQS\Release-NMS-Client\eqgame_dll\MQ2DataTypes.h(917,17): warning C4091: 'static ': ignored on left of 'MQ2CharacterType::CharacterMethods' when no variable is declared [C:\EQS\Release-NMS-Client\eqgame_dll\eqgame_dll.vcxproj]
  (compiling source file 'MQ2Mouse.cpp')
  
C:\EQS\Release-NMS-Client\eqgame_dll\MQ2DataTypes.h(1158,17): warning C4091: 'static ': ignored on left of 'MQ2SpellType::SpellMembers' when no variable is declared [C:\EQS\Release-NMS-Client\eqgame_dll\eqgame_dll.vcxproj]
  (compiling source file 'MQ2Mouse.cpp')
  
C:\EQS\Release-NMS-Client\eqgame_dll\MQ2DataTypes.h(1188,17): warning C4091: 'static ': ignored on left of 'MQ2SpellType::SpellMethods' when no variable is declared [C:\EQS\Release-NMS-Client\eqgame_dll\eqgame_dll.vcxproj]
  (compiling source file 'MQ2Mouse.cpp')
  
C:\EQS\Release-NMS-Client\eqgame_dll\MQ2DataTypes.h(1262,17): warning C4091: 'static ': ignored on left of 'MQ2BuffType::BuffMembers' when no variable is declared [C:\EQS\Release-NMS-Client\eqgame_dll\eqgame_dll.vcxproj]
  (compiling source file 'MQ2Mouse.cpp')
  
C:\EQS\Release-NMS-Client\eqgame_dll\MQ2DataTypes.h(1272,17): warning C4091: 'static ': ignored on left of 'MQ2BuffType::BuffMethods' when no variable is declared [C:\EQS\Release-NMS-Client\eqgame_dll\eqgame_dll.vcxproj]
  (compiling source file 'MQ2Mouse.cpp')
  
C:\EQS\Release-NMS-Client\eqgame_dll\MQ2DataTypes.h(1336,17): warning C4091: 'static ': ignored on left of 'MQ2ItemType::ItemMembers' when no variable is declared [C:\EQS\Release-NMS-Client\eqgame_dll\eqgame_dll.vcxproj]
  (compiling source file 'MQ2Mouse.cpp')
  
C:\EQS\Release-NMS-Client\eqgame_dll\MQ2DataTypes.h(1469,17): warning C4091: 'static ': ignored on left of 'MQ2ItemType::ItemMethods' when no variable is declared [C:\EQS\Release-NMS-Client\eqgame_dll\eqgame_dll.vcxproj]
  (compiling source file 'MQ2Mouse.cpp')
  
C:\EQS\Release-NMS-Client\eqgame_dll\MQ2DataTypes.h(1647,17): warning C4091: 'static ': ignored on left of 'MQ2SwitchType::SwitchMembers' when no variable is declared [C:\EQS\Release-NMS-Client\eqgame_dll\eqgame_dll.vcxproj]
  (compiling source file 'MQ2Mouse.cpp')
  
C:\EQS\Release-NMS-Client\eqgame_dll\MQ2DataTypes.h(1670,17): warning C4091: 'static ': ignored on left of 'MQ2SwitchType::SwitchMethods' when no variable is declared [C:\EQS\Release-NMS-Client\eqgame_dll\eqgame_dll.vcxproj]
  (compiling source file 'MQ2Mouse.cpp')
  
C:\EQS\Release-NMS-Client\eqgame_dll\MQ2DataTypes.h(1735,17): warning C4091: 'static ': ignored on left of 'MQ2GroundType::GroundMembers' when no variable is declared [C:\EQS\Release-NMS-Client\eqgame_dll\eqgame_dll.vcxproj]
  (compiling source file 'MQ2Mouse.cpp')
  
C:\EQS\Release-NMS-Client\eqgame_dll\MQ2DataTypes.h(1750,17): warning C4091: 'static ': ignored on left of 'MQ2GroundType::GroundMethods' when no variable is declared [C:\EQS\Release-NMS-Client\eqgame_dll\eqgame_dll.vcxproj]
  (compiling source file 'MQ2Mouse.cpp')
  
C:\EQS\Release-NMS-Client\eqgame_dll\MQ2DataTypes.h(1811,17): warning C4091: 'static ': ignored on left of 'MQ2CorpseType::CorpseMembers' when no variable is declared [C:\EQS\Release-NMS-Client\eqgame_dll\eqgame_dll.vcxproj]
  (compiling source file 'MQ2Mouse.cpp')
  
C:\EQS\Release-NMS-Client\eqgame_dll\MQ2DataTypes.h(1817,17): warning C4091: 'static ': ignored on left of 'MQ2CorpseType::CorpseMethods' when no variable is declared [C:\EQS\Release-NMS-Client\eqgame_dll\eqgame_dll.vcxproj]
  (compiling source file 'MQ2Mouse.cpp')
  
C:\EQS\Release-NMS-Client\eqgame_dll\MQ2DataTypes.h(1860,17): warning C4091: 'static ': ignored on left of 'MQ2MerchantType::MerchantMembers' when no variable is declared [C:\EQS\Release-NMS-Client\eqgame_dll\eqgame_dll.vcxproj]
  (compiling source file 'MQ2Mouse.cpp')
  
C:\EQS\Release-NMS-Client\eqgame_dll\MQ2DataTypes.h(1868,17): warning C4091: 'static ': ignored on left of 'MQ2MerchantType::MerchantMethods' when no variable is declared [C:\EQS\Release-NMS-Client\eqgame_dll\eqgame_dll.vcxproj]
  (compiling source file 'MQ2Mouse.cpp')
  
C:\EQS\Release-NMS-Client\eqgame_dll\MQ2DataTypes.h(1913,17): warning C4091: 'static ': ignored on left of 'MQ2WindowType::WindowMembers' when no variable is declared [C:\EQS\Release-NMS-Client\eqgame_dll\eqgame_dll.vcxproj]
  (compiling source file 'MQ2Mouse.cpp')
  
C:\EQS\Release-NMS-Client\eqgame_dll\MQ2DataTypes.h(1949,17): warning C4091: 'static ': ignored on left of 'MQ2WindowType::WindowMethods' when no variable is declared [C:\EQS\Release-NMS-Client\eqgame_dll\eqgame_dll.vcxproj]
  (compiling source file 'MQ2Mouse.cpp')
  
C:\EQS\Release-NMS-Client\eqgame_dll\MQ2Internal.h(105,17): warning C4091: 'static ': ignored on left of 'MQ2Internal::SearchItemFlag' when no variable is declared [C:\EQS\Release-NMS-Client\eqgame_dll\eqgame_dll.vcxproj]
  (compiling source file 'MQ2ParseAPI.cpp')
  
C:\EQS\Release-NMS-Client\eqgame_dll\MQ2DataTypes.h(2048,17): warning C4091: 'static ': ignored on left of 'MQ2MacroType::MacroMembers' when no variable is declared [C:\EQS\Release-NMS-Client\eqgame_dll\eqgame_dll.vcxproj]
  (compiling source file 'MQ2Mouse.cpp')
  
C:\EQS\Release-NMS-Client\eqgame_dll\MQ2DataTypes.h(2096,17): warning C4091: 'static ': ignored on left of 'MQ2ZoneType::ZoneMembers' when no variable is declared [C:\EQS\Release-NMS-Client\eqgame_dll\eqgame_dll.vcxproj]
  (compiling source file 'MQ2Mouse.cpp')
  
C:\EQS\Release-NMS-Client\eqgame_dll\MQ2DataTypes.h(2143,17): warning C4091: 'static ': ignored on left of 'MQ2CurrentZoneType::CurrentZoneMembers' when no variable is declared [C:\EQS\Release-NMS-Client\eqgame_dll\eqgame_dll.vcxproj]
  (compiling source file 'MQ2Mouse.cpp')
  
  Text.cpp
C:\EQS\Release-NMS-Client\eqgame_dll\MQ2DataTypes.h(2205,17): warning C4091: 'static ': ignored on left of 'MQ2MacroQuestType::MacroQuestMembers' when no variable is declared [C:\EQS\Release-NMS-Client\eqgame_dll\eqgame_dll.vcxproj]
  (compiling source file 'MQ2Mouse.cpp')
  
C:\EQS\Release-NMS-Client\eqgame_dll\MQ2DataTypes.h(2230,17): warning C4091: 'static ': ignored on left of 'MQ2MacroQuestType::MacroQuestMethods' when no variable is declared [C:\EQS\Release-NMS-Client\eqgame_dll\eqgame_dll.vcxproj]
  (compiling source file 'MQ2Mouse.cpp')
  
C:\EQS\Release-NMS-Client\eqgame_dll\MQ2DataTypes.h(2283,17): warning C4091: 'static ': ignored on left of 'MQ2MathType::MathMembers' when no variable is declared [C:\EQS\Release-NMS-Client\eqgame_dll\eqgame_dll.vcxproj]
  (compiling source file 'MQ2Mouse.cpp')
  
C:\EQS\Release-NMS-Client\eqgame_dll\MQ2DataTypes.h(2341,17): warning C4091: 'static ': ignored on left of 'MQ2RaceType::RaceMembers' when no variable is declared [C:\EQS\Release-NMS-Client\eqgame_dll\eqgame_dll.vcxproj]
  (compiling source file 'MQ2Mouse.cpp')
  
C:\EQS\Release-NMS-Client\eqgame_dll\MQ2DataTypes.h(2379,17): warning C4091: 'static ': ignored on left of 'MQ2ClassType::ClassMembers' when no variable is declared [C:\EQS\Release-NMS-Client\eqgame_dll\eqgame_dll.vcxproj]
  (compiling source file 'MQ2Mouse.cpp')
  
C:\EQS\Release-NMS-Client\eqgame_dll\MQ2DataTypes.h(2434,17): warning C4091: 'static ': ignored on left of 'MQ2BodyType::BodyMembers' when no variable is declared [C:\EQS\Release-NMS-Client\eqgame_dll\eqgame_dll.vcxproj]
  (compiling source file 'MQ2Mouse.cpp')
  
C:\EQS\Release-NMS-Client\eqgame_dll\MQ2DataTypes.h(2471,17): warning C4091: 'static ': ignored on left of 'MQ2DeityType::DeityMembers' when no variable is declared [C:\EQS\Release-NMS-Client\eqgame_dll\eqgame_dll.vcxproj]
  (compiling source file 'MQ2Mouse.cpp')
  
C:\EQS\Release-NMS-Client\eqgame_dll\MQ2DataTypes.h(2511,17): warning C4091: 'static ': ignored on left of 'MQ2TimeType::TimeMembers' when no variable is declared [C:\EQS\Release-NMS-Client\eqgame_dll\eqgame_dll.vcxproj]
  (compiling source file 'MQ2Mouse.cpp')
  
C:\EQS\Release-NMS-Client\eqgame_dll\MQ2DataTypes.h(2586,17): warning C4091: 'static ': ignored on left of 'MQ2TypeType::TypeMembers' when no variable is declared [C:\EQS\Release-NMS-Client\eqgame_dll\eqgame_dll.vcxproj]
  (compiling source file 'MQ2Mouse.cpp')
  
C:\EQS\Release-NMS-Client\eqgame_dll\MQ2DataTypes.h(2624,17): warning C4091: 'static ': ignored on left of 'MQ2HeadingType::HeadingMembers' when no variable is declared [C:\EQS\Release-NMS-Client\eqgame_dll\eqgame_dll.vcxproj]
  (compiling source file 'MQ2Mouse.cpp')
  
C:\EQS\Release-NMS-Client\eqgame_dll\MQ2DataTypes.h(2632,17): warning C4091: 'static ': ignored on left of 'MQ2HeadingType::HeadingMethods' when no variable is declared [C:\EQS\Release-NMS-Client\eqgame_dll\eqgame_dll.vcxproj]
  (compiling source file 'MQ2Mouse.cpp')
  
C:\EQS\Release-NMS-Client\eqgame_dll\MQ2DataTypes.h(2678,17): warning C4091: 'static ': ignored on left of 'MQ2InvSlotType::InvSlotMembers' when no variable is declared [C:\EQS\Release-NMS-Client\eqgame_dll\eqgame_dll.vcxproj]
  (compiling source file 'MQ2Mouse.cpp')
  
C:\EQS\Release-NMS-Client\eqgame_dll\MQ2DataTypes.h(2686,17): warning C4091: 'static ': ignored on left of 'MQ2InvSlotType::InvSlotMethods' when no variable is declared [C:\EQS\Release-NMS-Client\eqgame_dll\eqgame_dll.vcxproj]
  (compiling source file 'MQ2Mouse.cpp')
  
C:\EQS\Release-NMS-Client\eqgame_dll\MQ2DataTypes.h(2740,17): warning C4091: 'static ': ignored on left of 'MQ2PluginType::PluginMembers' when no variable is declared [C:\EQS\Release-NMS-Client\eqgame_dll\eqgame_dll.vcxproj]
  (compiling source file 'MQ2Mouse.cpp')
  
C:\EQS\Release-NMS-Client\eqgame_dll\MQ2DataTypes.h(2782,17): warning C4091: 'static ': ignored on left of 'MQ2BenchmarkType::BenchmarkMembers' when no variable is declared [C:\EQS\Release-NMS-Client\eqgame_dll\eqgame_dll.vcxproj]
  (compiling source file 'MQ2Mouse.cpp')
  
C:\EQS\Release-NMS-Client\eqgame_dll\MQ2DataTypes.h(2828,17): warning C4091: 'static ': ignored on left of 'MQ2SkillType::SkillMembers' when no variable is declared [C:\EQS\Release-NMS-Client\eqgame_dll\eqgame_dll.vcxproj]
  (compiling source file 'MQ2Mouse.cpp')
  
C:\EQS\Release-NMS-Client\eqgame_dll\MQ2DataTypes.h(2838,17): warning C4091: 'static ': ignored on left of 'MQ2SkillType::SkillMethods' when no variable is declared [C:\EQS\Release-NMS-Client\eqgame_dll\eqgame_dll.vcxproj]
  (compiling source file 'MQ2Mouse.cpp')
  
C:\EQS\Release-NMS-Client\eqgame_dll\MQ2DataTypes.h(2887,17): warning C4091: 'static ': ignored on left of 'MQ2AltAbilityType::AltAbilityMembers' when no variable is declared [C:\EQS\Release-NMS-Client\eqgame_dll\eqgame_dll.vcxproj]
  (compiling source file 'MQ2Mouse.cpp')
  
C:\EQS\Release-NMS-Client\eqgame_dll\MQ2DataTypes.h(2904,17): warning C4091: 'static ': ignored on left of 'MQ2AltAbilityType::AltAbilityMethods' when no variable is declared [C:\EQS\Release-NMS-Client\eqgame_dll\eqgame_dll.vcxproj]
  (compiling source file 'MQ2Mouse.cpp')
  
C:\EQS\Release-NMS-Client\eqgame_dll\MQ2DataTypes.h(2949,17): warning C4091: 'static ': ignored on left of 'MQ2TimerType::TimerMembers' when no variable is declared [C:\EQS\Release-NMS-Client\eqgame_dll\eqgame_dll.vcxproj]
  (compiling source file 'MQ2Mouse.cpp')
  
C:\EQS\Release-NMS-Client\eqgame_dll\MQ2DataTypes.h(2954,17): warning C4091: 'static ': ignored on left of 'MQ2TimerType::TimerMethods' when no variable is declared [C:\EQS\Release-NMS-Client\eqgame_dll\eqgame_dll.vcxproj]
  (compiling source file 'MQ2Mouse.cpp')
  
C:\EQS\Release-NMS-Client\eqgame_dll\MQ2DataTypes.h(3051,17): warning C4091: 'static ': ignored on left of 'MQ2ArrayType::ArrayMembers' when no variable is declared [C:\EQS\Release-NMS-Client\eqgame_dll\eqgame_dll.vcxproj]
  (compiling source file 'MQ2Mouse.cpp')
  
C:\EQS\Release-NMS-Client\eqgame_dll\MQ2DataTypes.h(3096,17): warning C4091: 'static ': ignored on left of 'MQ2GroupType::GroupMembers' when no variable is declared [C:\EQS\Release-NMS-Client\eqgame_dll\eqgame_dll.vcxproj]
  (compiling source file 'MQ2Mouse.cpp')
  
C:\EQS\Release-NMS-Client\eqgame_dll\MQ2DataTypes.h(3106,17): warning C4091: 'static ': ignored on left of 'MQ2GroupType::GroupMethods' when no variable is declared [C:\EQS\Release-NMS-Client\eqgame_dll\eqgame_dll.vcxproj]
  (compiling source file 'MQ2Mouse.cpp')
  
C:\EQS\Release-NMS-Client\eqgame_dll\MQ2DataTypes.h(3141,17): warning C4091: 'static ': ignored on left of 'MQ2GroupMemberType::GroupMemberMembers' when no variable is declared [C:\EQS\Release-NMS-Client\eqgame_dll\eqgame_dll.vcxproj]
  (compiling source file 'MQ2Mouse.cpp')
  
C:\EQS\Release-NMS-Client\eqgame_dll\MQ2DataTypes.h(3153,17): warning C4091: 'static ': ignored on left of 'MQ2GroupMemberType::GroupMemberMethods' when no variable is declared [C:\EQS\Release-NMS-Client\eqgame_dll\eqgame_dll.vcxproj]
  (compiling source file 'MQ2Mouse.cpp')
  
C:\EQS\Release-NMS-Client\eqgame_dll\MQ2DataTypes.h(3195,17): warning C4091: 'static ': ignored on left of 'MQ2RaidType::RaidMembers' when no variable is declared [C:\EQS\Release-NMS-Client\eqgame_dll\eqgame_dll.vcxproj]
  (compiling source file 'MQ2Mouse.cpp')
  
C:\EQS\Release-NMS-Client\eqgame_dll\MQ2DataTypes.h(3210,17): warning C4091: 'static ': ignored on left of 'MQ2RaidType::RaidMethods' when no variable is declared [C:\EQS\Release-NMS-Client\eqgame_dll\eqgame_dll.vcxproj]
  (compiling source file 'MQ2Mouse.cpp')
  
C:\EQS\Release-NMS-Client\eqgame_dll\MQ2DataTypes.h(3254,17): warning C4091: 'static ': ignored on left of 'MQ2RaidMemberType::RaidMemberMembers' when no variable is declared [C:\EQS\Release-NMS-Client\eqgame_dll\eqgame_dll.vcxproj]
  (compiling source file 'MQ2Mouse.cpp')
  
C:\EQS\Release-NMS-Client\eqgame_dll\MQ2DataTypes.h(3265,17): warning C4091: 'static ': ignored on left of 'MQ2RaidMemberType::RaidMemberMethods' when no variable is declared [C:\EQS\Release-NMS-Client\eqgame_dll\eqgame_dll.vcxproj]
  (compiling source file 'MQ2Mouse.cpp')
  
C:\EQS\Release-NMS-Client\eqgame_dll\MQ2DataTypes.h(3314,17): warning C4091: 'static ': ignored on left of 'MQ2EvolvingItemType::EvolvingItemMembers' when no variable is declared [C:\EQS\Release-NMS-Client\eqgame_dll\eqgame_dll.vcxproj]
  (compiling source file 'MQ2Mouse.cpp')
  
C:\EQS\Release-NMS-Client\eqgame_dll\MQ2DataTypes.h(3356,17): warning C4091: 'static ': ignored on left of 'MQ2DynamicZoneType::DynamicZoneMembers' when no variable is declared [C:\EQS\Release-NMS-Client\eqgame_dll\eqgame_dll.vcxproj]
  (compiling source file 'MQ2Mouse.cpp')
  
C:\EQS\Release-NMS-Client\eqgame_dll\MQ2DataTypes.h(3398,17): warning C4091: 'static ': ignored on left of 'MQ2DZMemberType::DZMemberTypeMembers' when no variable is declared [C:\EQS\Release-NMS-Client\eqgame_dll\eqgame_dll.vcxproj]
  (compiling source file 'MQ2Mouse.cpp')
  
C:\EQS\Release-NMS-Client\eqgame_dll\MQ2DataTypes.h(3430,17): warning C4091: 'static ': ignored on left of 'MQ2FellowshipType::FellowshipTypeMembers' when no variable is declared [C:\EQS\Release-NMS-Client\eqgame_dll\eqgame_dll.vcxproj]
  (compiling source file 'MQ2Mouse.cpp')
  
C:\EQS\Release-NMS-Client\eqgame_dll\MQ2DataTypes.h(3483,17): warning C4091: 'static ': ignored on left of 'MQ2FellowshipMemberType::FMTypeMembers' when no variable is declared [C:\EQS\Release-NMS-Client\eqgame_dll\eqgame_dll.vcxproj]
  (compiling source file 'MQ2Mouse.cpp')
  
C:\EQS\Release-NMS-Client\eqgame_dll\EQData.h(440,14): warning C4091: 'typedef ': ignored on left of 'EQData::MaterialType' when no variable is declared [C:\EQS\Release-NMS-Client\eqgame_dll\eqgame_dll.vcxproj]
  (compiling source file 'MQ2PluginHandler.cpp')
  
C:\EQS\Release-NMS-Client\eqgame_dll\MQ2DataTypes.h(3521,17): warning C4091: 'static ': ignored on left of 'MQ2FriendsType::FriendsMembers' when no variable is declared [C:\EQS\Release-NMS-Client\eqgame_dll\eqgame_dll.vcxproj]
  (compiling source file 'MQ2Mouse.cpp')
  
C:\EQS\Release-NMS-Client\eqgame_dll\MQ2DataTypes.h(3525,17): warning C4091: 'static ': ignored on left of 'MQ2FriendsType::FriendsMethods' when no variable is declared [C:\EQS\Release-NMS-Client\eqgame_dll\eqgame_dll.vcxproj]
  (compiling source file 'MQ2Mouse.cpp')
  
C:\EQS\Release-NMS-Client\eqgame_dll\MQ2DataTypes.h(3564,17): warning C4091: 'static ': ignored on left of 'MQ2TargetType::TargetMembers' when no variable is declared [C:\EQS\Release-NMS-Client\eqgame_dll\eqgame_dll.vcxproj]
  (compiling source file 'MQ2Mouse.cpp')
  
C:\EQS\Release-NMS-Client\eqgame_dll\MQ2DataTypes.h(3644,17): warning C4091: 'static ': ignored on left of 'MQ2XTargetType::xTargetMembers' when no variable is declared [C:\EQS\Release-NMS-Client\eqgame_dll\eqgame_dll.vcxproj]
  (compiling source file 'MQ2Mouse.cpp')
  
C:\EQS\Release-NMS-Client\eqgame_dll\MQ2DataTypes.h(167,17): warning C4091: 'static ': ignored on left of 'MQ2IntType::IntMembers' when no variable is declared [C:\EQS\Release-NMS-Client\eqgame_dll\eqgame_dll.vcxproj]
  (compiling source file 'MQ2ParseAPI.cpp')
  
C:\EQS\Release-NMS-Client\eqgame_dll\MQ2Main.h(776,7): warning C4200: nonstandard extension used: zero-sized array in struct/union [C:\EQS\Release-NMS-Client\eqgame_dll\eqgame_dll.vcxproj]
  (compiling source file 'MQ2Mouse.cpp')
      C:\EQS\Release-NMS-Client\eqgame_dll\MQ2Main.h(776,7):
      This member will be ignored by a defaulted constructor or copy/move assignment operator
  
C:\EQS\Release-NMS-Client\eqgame_dll\MQ2DataTypes.h(207,17): warning C4091: 'static ': ignored on left of 'MQ2ArgbType::ArgbMembers' when no variable is declared [C:\EQS\Release-NMS-Client\eqgame_dll\eqgame_dll.vcxproj]
  (compiling source file 'MQ2ParseAPI.cpp')
  
C:\EQS\Release-NMS-Client\eqgame_dll\MQ2DataTypes.h(284,17): warning C4091: 'static ': ignored on left of 'MQ2StringType::StringMembers' when no variable is declared [C:\EQS\Release-NMS-Client\eqgame_dll\eqgame_dll.vcxproj]
  (compiling source file 'MQ2ParseAPI.cpp')
  
C:\EQS\Release-NMS-Client\eqgame_dll\MQ2DataTypes.h(360,17): warning C4091: 'static ': ignored on left of 'MQ2FloatType::FloatMembers' when no variable is declared [C:\EQS\Release-NMS-Client\eqgame_dll\eqgame_dll.vcxproj]
  (compiling source file 'MQ2ParseAPI.cpp')
  
C:\EQS\Release-NMS-Client\eqgame_dll\MQ2DataTypes.h(408,17): warning C4091: 'static ': ignored on left of 'MQ2TicksType::TicksMembers' when no variable is declared [C:\EQS\Release-NMS-Client\eqgame_dll\eqgame_dll.vcxproj]
  (compiling source file 'MQ2ParseAPI.cpp')
  
C:\EQS\Release-NMS-Client\eqgame_dll\MQ2DataTypes.h(459,17): warning C4091: 'static ': ignored on left of 'MQ2SpawnType::SpawnMembers' when no variable is declared [C:\EQS\Release-NMS-Client\eqgame_dll\eqgame_dll.vcxproj]
  (compiling source file 'MQ2ParseAPI.cpp')
  
C:\EQS\Release-NMS-Client\eqgame_dll\MQ2DataTypes.h(559,17): warning C4091: 'static ': ignored on left of 'MQ2SpawnType::SpawnMethods' when no variable is declared [C:\EQS\Release-NMS-Client\eqgame_dll\eqgame_dll.vcxproj]
  (compiling source file 'MQ2ParseAPI.cpp')
  
C:\EQS\Release-NMS-Client\eqgame_dll\MQ2DataTypes.h(729,17): warning C4091: 'static ': ignored on left of 'MQ2CharacterType::CharacterMembers' when no variable is declared [C:\EQS\Release-NMS-Client\eqgame_dll\eqgame_dll.vcxproj]
  (compiling source file 'MQ2ParseAPI.cpp')
  
C:\EQS\Release-NMS-Client\eqgame_dll\MQ2DataTypes.h(917,17): warning C4091: 'static ': ignored on left of 'MQ2CharacterType::CharacterMethods' when no variable is declared [C:\EQS\Release-NMS-Client\eqgame_dll\eqgame_dll.vcxproj]
  (compiling source file 'MQ2ParseAPI.cpp')
  
C:\EQS\Release-NMS-Client\eqgame_dll\MQ2DataTypes.h(1158,17): warning C4091: 'static ': ignored on left of 'MQ2SpellType::SpellMembers' when no variable is declared [C:\EQS\Release-NMS-Client\eqgame_dll\eqgame_dll.vcxproj]
  (compiling source file 'MQ2ParseAPI.cpp')
  
C:\EQS\Release-NMS-Client\eqgame_dll\MQ2DataTypes.h(1188,17): warning C4091: 'static ': ignored on left of 'MQ2SpellType::SpellMethods' when no variable is declared [C:\EQS\Release-NMS-Client\eqgame_dll\eqgame_dll.vcxproj]
  (compiling source file 'MQ2ParseAPI.cpp')
  
C:\EQS\Release-NMS-Client\eqgame_dll\MQ2DataTypes.h(1262,17): warning C4091: 'static ': ignored on left of 'MQ2BuffType::BuffMembers' when no variable is declared [C:\EQS\Release-NMS-Client\eqgame_dll\eqgame_dll.vcxproj]
  (compiling source file 'MQ2ParseAPI.cpp')
  
C:\EQS\Release-NMS-Client\eqgame_dll\MQ2DataTypes.h(1272,17): warning C4091: 'static ': ignored on left of 'MQ2BuffType::BuffMethods' when no variable is declared [C:\EQS\Release-NMS-Client\eqgame_dll\eqgame_dll.vcxproj]
  (compiling source file 'MQ2ParseAPI.cpp')
  
C:\EQS\Release-NMS-Client\eqgame_dll\MQ2DataTypes.h(1336,17): warning C4091: 'static ': ignored on left of 'MQ2ItemType::ItemMembers' when no variable is declared [C:\EQS\Release-NMS-Client\eqgame_dll\eqgame_dll.vcxproj]
  (compiling source file 'MQ2ParseAPI.cpp')
  
C:\EQS\Release-NMS-Client\eqgame_dll\MQ2DataTypes.h(1469,17): warning C4091: 'static ': ignored on left of 'MQ2ItemType::ItemMethods' when no variable is declared [C:\EQS\Release-NMS-Client\eqgame_dll\eqgame_dll.vcxproj]
  (compiling source file 'MQ2ParseAPI.cpp')
  
C:\EQS\Release-NMS-Client\eqgame_dll\MQ2DataTypes.h(1647,17): warning C4091: 'static ': ignored on left of 'MQ2SwitchType::SwitchMembers' when no variable is declared [C:\EQS\Release-NMS-Client\eqgame_dll\eqgame_dll.vcxproj]
  (compiling source file 'MQ2ParseAPI.cpp')
  
C:\EQS\Release-NMS-Client\eqgame_dll\MQ2DataTypes.h(1670,17): warning C4091: 'static ': ignored on left of 'MQ2SwitchType::SwitchMethods' when no variable is declared [C:\EQS\Release-NMS-Client\eqgame_dll\eqgame_dll.vcxproj]
  (compiling source file 'MQ2ParseAPI.cpp')
  
C:\EQS\Release-NMS-Client\eqgame_dll\MQ2DataTypes.h(1735,17): warning C4091: 'static ': ignored on left of 'MQ2GroundType::GroundMembers' when no variable is declared [C:\EQS\Release-NMS-Client\eqgame_dll\eqgame_dll.vcxproj]
  (compiling source file 'MQ2ParseAPI.cpp')
  
C:\EQS\Release-NMS-Client\eqgame_dll\MQ2DataTypes.h(1750,17): warning C4091: 'static ': ignored on left of 'MQ2GroundType::GroundMethods' when no variable is declared [C:\EQS\Release-NMS-Client\eqgame_dll\eqgame_dll.vcxproj]
  (compiling source file 'MQ2ParseAPI.cpp')
  
C:\EQS\Release-NMS-Client\eqgame_dll\MQ2DataTypes.h(1811,17): warning C4091: 'static ': ignored on left of 'MQ2CorpseType::CorpseMembers' when no variable is declared [C:\EQS\Release-NMS-Client\eqgame_dll\eqgame_dll.vcxproj]
  (compiling source file 'MQ2ParseAPI.cpp')
  
C:\EQS\Release-NMS-Client\eqgame_dll\MQ2DataTypes.h(1817,17): warning C4091: 'static ': ignored on left of 'MQ2CorpseType::CorpseMethods' when no variable is declared [C:\EQS\Release-NMS-Client\eqgame_dll\eqgame_dll.vcxproj]
  (compiling source file 'MQ2ParseAPI.cpp')
  
C:\EQS\Release-NMS-Client\eqgame_dll\MQ2DataTypes.h(1860,17): warning C4091: 'static ': ignored on left of 'MQ2MerchantType::MerchantMembers' when no variable is declared [C:\EQS\Release-NMS-Client\eqgame_dll\eqgame_dll.vcxproj]
  (compiling source file 'MQ2ParseAPI.cpp')
  
C:\EQS\Release-NMS-Client\eqgame_dll\MQ2DataTypes.h(1868,17): warning C4091: 'static ': ignored on left of 'MQ2MerchantType::MerchantMethods' when no variable is declared [C:\EQS\Release-NMS-Client\eqgame_dll\eqgame_dll.vcxproj]
  (compiling source file 'MQ2ParseAPI.cpp')
  
C:\EQS\Release-NMS-Client\eqgame_dll\MQ2DataTypes.h(1913,17): warning C4091: 'static ': ignored on left of 'MQ2WindowType::WindowMembers' when no variable is declared [C:\EQS\Release-NMS-Client\eqgame_dll\eqgame_dll.vcxproj]
  (compiling source file 'MQ2ParseAPI.cpp')
  
C:\EQS\Release-NMS-Client\eqgame_dll\MQ2DataTypes.h(1949,17): warning C4091: 'static ': ignored on left of 'MQ2WindowType::WindowMethods' when no variable is declared [C:\EQS\Release-NMS-Client\eqgame_dll\eqgame_dll.vcxproj]
  (compiling source file 'MQ2ParseAPI.cpp')
  
C:\EQS\Release-NMS-Client\eqgame_dll\MQ2DataTypes.h(2048,17): warning C4091: 'static ': ignored on left of 'MQ2MacroType::MacroMembers' when no variable is declared [C:\EQS\Release-NMS-Client\eqgame_dll\eqgame_dll.vcxproj]
  (compiling source file 'MQ2ParseAPI.cpp')
  
C:\EQS\Release-NMS-Client\eqgame_dll\MQ2DataTypes.h(2096,17): warning C4091: 'static ': ignored on left of 'MQ2ZoneType::ZoneMembers' when no variable is declared [C:\EQS\Release-NMS-Client\eqgame_dll\eqgame_dll.vcxproj]
  (compiling source file 'MQ2ParseAPI.cpp')
  
C:\EQS\Release-NMS-Client\eqgame_dll\MQ2DataTypes.h(2143,17): warning C4091: 'static ': ignored on left of 'MQ2CurrentZoneType::CurrentZoneMembers' when no variable is declared [C:\EQS\Release-NMS-Client\eqgame_dll\eqgame_dll.vcxproj]
  (compiling source file 'MQ2ParseAPI.cpp')
  
C:\EQS\Release-NMS-Client\eqgame_dll\MQ2DataTypes.h(2205,17): warning C4091: 'static ': ignored on left of 'MQ2MacroQuestType::MacroQuestMembers' when no variable is declared [C:\EQS\Release-NMS-Client\eqgame_dll\eqgame_dll.vcxproj]
  (compiling source file 'MQ2ParseAPI.cpp')
  
C:\EQS\Release-NMS-Client\eqgame_dll\MQ2DataTypes.h(2230,17): warning C4091: 'static ': ignored on left of 'MQ2MacroQuestType::MacroQuestMethods' when no variable is declared [C:\EQS\Release-NMS-Client\eqgame_dll\eqgame_dll.vcxproj]
  (compiling source file 'MQ2ParseAPI.cpp')
  
  waypoint_window.cpp
C:\EQS\Release-NMS-Client\eqgame_dll\MQ2DataTypes.h(2283,17): warning C4091: 'static ': ignored on left of 'MQ2MathType::MathMembers' when no variable is declared [C:\EQS\Release-NMS-Client\eqgame_dll\eqgame_dll.vcxproj]
  (compiling source file 'MQ2ParseAPI.cpp')
  
C:\EQS\Release-NMS-Client\eqgame_dll\MQ2DataTypes.h(2341,17): warning C4091: 'static ': ignored on left of 'MQ2RaceType::RaceMembers' when no variable is declared [C:\EQS\Release-NMS-Client\eqgame_dll\eqgame_dll.vcxproj]
  (compiling source file 'MQ2ParseAPI.cpp')
  
C:\EQS\Release-NMS-Client\eqgame_dll\MQ2DataTypes.h(2379,17): warning C4091: 'static ': ignored on left of 'MQ2ClassType::ClassMembers' when no variable is declared [C:\EQS\Release-NMS-Client\eqgame_dll\eqgame_dll.vcxproj]
  (compiling source file 'MQ2ParseAPI.cpp')
  
C:\EQS\Release-NMS-Client\eqgame_dll\MQ2DataTypes.h(2434,17): warning C4091: 'static ': ignored on left of 'MQ2BodyType::BodyMembers' when no variable is declared [C:\EQS\Release-NMS-Client\eqgame_dll\eqgame_dll.vcxproj]
  (compiling source file 'MQ2ParseAPI.cpp')
  
C:\EQS\Release-NMS-Client\eqgame_dll\MQ2DataTypes.h(2471,17): warning C4091: 'static ': ignored on left of 'MQ2DeityType::DeityMembers' when no variable is declared [C:\EQS\Release-NMS-Client\eqgame_dll\eqgame_dll.vcxproj]
  (compiling source file 'MQ2ParseAPI.cpp')
  
C:\EQS\Release-NMS-Client\eqgame_dll\MQ2DataTypes.h(2511,17): warning C4091: 'static ': ignored on left of 'MQ2TimeType::TimeMembers' when no variable is declared [C:\EQS\Release-NMS-Client\eqgame_dll\eqgame_dll.vcxproj]
  (compiling source file 'MQ2ParseAPI.cpp')
  
C:\EQS\Release-NMS-Client\eqgame_dll\MQ2DataTypes.h(2586,17): warning C4091: 'static ': ignored on left of 'MQ2TypeType::TypeMembers' when no variable is declared [C:\EQS\Release-NMS-Client\eqgame_dll\eqgame_dll.vcxproj]
  (compiling source file 'MQ2ParseAPI.cpp')
  
C:\EQS\Release-NMS-Client\eqgame_dll\MQ2DataTypes.h(2624,17): warning C4091: 'static ': ignored on left of 'MQ2HeadingType::HeadingMembers' when no variable is declared [C:\EQS\Release-NMS-Client\eqgame_dll\eqgame_dll.vcxproj]
  (compiling source file 'MQ2ParseAPI.cpp')
  
C:\EQS\Release-NMS-Client\eqgame_dll\MQ2DataTypes.h(2632,17): warning C4091: 'static ': ignored on left of 'MQ2HeadingType::HeadingMethods' when no variable is declared [C:\EQS\Release-NMS-Client\eqgame_dll\eqgame_dll.vcxproj]
  (compiling source file 'MQ2ParseAPI.cpp')
  
C:\EQS\Release-NMS-Client\eqgame_dll\MQ2DataTypes.h(2678,17): warning C4091: 'static ': ignored on left of 'MQ2InvSlotType::InvSlotMembers' when no variable is declared [C:\EQS\Release-NMS-Client\eqgame_dll\eqgame_dll.vcxproj]
  (compiling source file 'MQ2ParseAPI.cpp')
  
C:\EQS\Release-NMS-Client\eqgame_dll\MQ2DataTypes.h(2686,17): warning C4091: 'static ': ignored on left of 'MQ2InvSlotType::InvSlotMethods' when no variable is declared [C:\EQS\Release-NMS-Client\eqgame_dll\eqgame_dll.vcxproj]
  (compiling source file 'MQ2ParseAPI.cpp')
  
C:\EQS\Release-NMS-Client\eqgame_dll\MQ2DataTypes.h(2740,17): warning C4091: 'static ': ignored on left of 'MQ2PluginType::PluginMembers' when no variable is declared [C:\EQS\Release-NMS-Client\eqgame_dll\eqgame_dll.vcxproj]
  (compiling source file 'MQ2ParseAPI.cpp')
  
C:\EQS\Release-NMS-Client\eqgame_dll\MQ2DataTypes.h(2782,17): warning C4091: 'static ': ignored on left of 'MQ2BenchmarkType::BenchmarkMembers' when no variable is declared [C:\EQS\Release-NMS-Client\eqgame_dll\eqgame_dll.vcxproj]
  (compiling source file 'MQ2ParseAPI.cpp')
  
C:\EQS\Release-NMS-Client\eqgame_dll\MQ2DataTypes.h(2828,17): warning C4091: 'static ': ignored on left of 'MQ2SkillType::SkillMembers' when no variable is declared [C:\EQS\Release-NMS-Client\eqgame_dll\eqgame_dll.vcxproj]
  (compiling source file 'MQ2ParseAPI.cpp')
  
C:\EQS\Release-NMS-Client\eqgame_dll\MQ2DataTypes.h(2838,17): warning C4091: 'static ': ignored on left of 'MQ2SkillType::SkillMethods' when no variable is declared [C:\EQS\Release-NMS-Client\eqgame_dll\eqgame_dll.vcxproj]
  (compiling source file 'MQ2ParseAPI.cpp')
  
C:\EQS\Release-NMS-Client\eqgame_dll\MQ2DataTypes.h(2887,17): warning C4091: 'static ': ignored on left of 'MQ2AltAbilityType::AltAbilityMembers' when no variable is declared [C:\EQS\Release-NMS-Client\eqgame_dll\eqgame_dll.vcxproj]
  (compiling source file 'MQ2ParseAPI.cpp')
  
C:\EQS\Release-NMS-Client\eqgame_dll\MQ2DataTypes.h(2904,17): warning C4091: 'static ': ignored on left of 'MQ2AltAbilityType::AltAbilityMethods' when no variable is declared [C:\EQS\Release-NMS-Client\eqgame_dll\eqgame_dll.vcxproj]
  (compiling source file 'MQ2ParseAPI.cpp')
  
C:\EQS\Release-NMS-Client\eqgame_dll\MQ2DataTypes.h(2949,17): warning C4091: 'static ': ignored on left of 'MQ2TimerType::TimerMembers' when no variable is declared [C:\EQS\Release-NMS-Client\eqgame_dll\eqgame_dll.vcxproj]
  (compiling source file 'MQ2ParseAPI.cpp')
  
C:\EQS\Release-NMS-Client\eqgame_dll\MQ2DataTypes.h(2954,17): warning C4091: 'static ': ignored on left of 'MQ2TimerType::TimerMethods' when no variable is declared [C:\EQS\Release-NMS-Client\eqgame_dll\eqgame_dll.vcxproj]
  (compiling source file 'MQ2ParseAPI.cpp')
  
C:\EQS\Release-NMS-Client\eqgame_dll\MQ2DataTypes.h(3051,17): warning C4091: 'static ': ignored on left of 'MQ2ArrayType::ArrayMembers' when no variable is declared [C:\EQS\Release-NMS-Client\eqgame_dll\eqgame_dll.vcxproj]
  (compiling source file 'MQ2ParseAPI.cpp')
  
C:\EQS\Release-NMS-Client\eqgame_dll\MQ2DataTypes.h(3096,17): warning C4091: 'static ': ignored on left of 'MQ2GroupType::GroupMembers' when no variable is declared [C:\EQS\Release-NMS-Client\eqgame_dll\eqgame_dll.vcxproj]
  (compiling source file 'MQ2ParseAPI.cpp')
  
C:\EQS\Release-NMS-Client\eqgame_dll\MQ2DataTypes.h(3106,17): warning C4091: 'static ': ignored on left of 'MQ2GroupType::GroupMethods' when no variable is declared [C:\EQS\Release-NMS-Client\eqgame_dll\eqgame_dll.vcxproj]
  (compiling source file 'MQ2ParseAPI.cpp')
  
C:\EQS\Release-NMS-Client\eqgame_dll\MQ2DataTypes.h(3141,17): warning C4091: 'static ': ignored on left of 'MQ2GroupMemberType::GroupMemberMembers' when no variable is declared [C:\EQS\Release-NMS-Client\eqgame_dll\eqgame_dll.vcxproj]
  (compiling source file 'MQ2ParseAPI.cpp')
  
C:\EQS\Release-NMS-Client\eqgame_dll\MQ2DataTypes.h(3153,17): warning C4091: 'static ': ignored on left of 'MQ2GroupMemberType::GroupMemberMethods' when no variable is declared [C:\EQS\Release-NMS-Client\eqgame_dll\eqgame_dll.vcxproj]
  (compiling source file 'MQ2ParseAPI.cpp')
  
C:\EQS\Release-NMS-Client\eqgame_dll\MQ2DataTypes.h(3195,17): warning C4091: 'static ': ignored on left of 'MQ2RaidType::RaidMembers' when no variable is declared [C:\EQS\Release-NMS-Client\eqgame_dll\eqgame_dll.vcxproj]
  (compiling source file 'MQ2ParseAPI.cpp')
  
C:\EQS\Release-NMS-Client\eqgame_dll\MQ2DataTypes.h(3210,17): warning C4091: 'static ': ignored on left of 'MQ2RaidType::RaidMethods' when no variable is declared [C:\EQS\Release-NMS-Client\eqgame_dll\eqgame_dll.vcxproj]
  (compiling source file 'MQ2ParseAPI.cpp')
  
C:\EQS\Release-NMS-Client\eqgame_dll\MQ2DataTypes.h(3254,17): warning C4091: 'static ': ignored on left of 'MQ2RaidMemberType::RaidMemberMembers' when no variable is declared [C:\EQS\Release-NMS-Client\eqgame_dll\eqgame_dll.vcxproj]
  (compiling source file 'MQ2ParseAPI.cpp')
  
C:\EQS\Release-NMS-Client\eqgame_dll\MQ2DataTypes.h(3265,17): warning C4091: 'static ': ignored on left of 'MQ2RaidMemberType::RaidMemberMethods' when no variable is declared [C:\EQS\Release-NMS-Client\eqgame_dll\eqgame_dll.vcxproj]
  (compiling source file 'MQ2ParseAPI.cpp')
  
C:\EQS\Release-NMS-Client\eqgame_dll\MQ2DataTypes.h(3314,17): warning C4091: 'static ': ignored on left of 'MQ2EvolvingItemType::EvolvingItemMembers' when no variable is declared [C:\EQS\Release-NMS-Client\eqgame_dll\eqgame_dll.vcxproj]
  (compiling source file 'MQ2ParseAPI.cpp')
  
C:\EQS\Release-NMS-Client\eqgame_dll\MQ2DataTypes.h(3356,17): warning C4091: 'static ': ignored on left of 'MQ2DynamicZoneType::DynamicZoneMembers' when no variable is declared [C:\EQS\Release-NMS-Client\eqgame_dll\eqgame_dll.vcxproj]
  (compiling source file 'MQ2ParseAPI.cpp')
  
C:\EQS\Release-NMS-Client\eqgame_dll\MQ2DataTypes.h(3398,17): warning C4091: 'static ': ignored on left of 'MQ2DZMemberType::DZMemberTypeMembers' when no variable is declared [C:\EQS\Release-NMS-Client\eqgame_dll\eqgame_dll.vcxproj]
  (compiling source file 'MQ2ParseAPI.cpp')
  
C:\EQS\Release-NMS-Client\eqgame_dll\MQ2DataTypes.h(3430,17): warning C4091: 'static ': ignored on left of 'MQ2FellowshipType::FellowshipTypeMembers' when no variable is declared [C:\EQS\Release-NMS-Client\eqgame_dll\eqgame_dll.vcxproj]
  (compiling source file 'MQ2ParseAPI.cpp')
  
C:\EQS\Release-NMS-Client\eqgame_dll\MQ2DataTypes.h(3483,17): warning C4091: 'static ': ignored on left of 'MQ2FellowshipMemberType::FMTypeMembers' when no variable is declared [C:\EQS\Release-NMS-Client\eqgame_dll\eqgame_dll.vcxproj]
  (compiling source file 'MQ2ParseAPI.cpp')
  
C:\EQS\Release-NMS-Client\eqgame_dll\MQ2DataTypes.h(3521,17): warning C4091: 'static ': ignored on left of 'MQ2FriendsType::FriendsMembers' when no variable is declared [C:\EQS\Release-NMS-Client\eqgame_dll\eqgame_dll.vcxproj]
  (compiling source file 'MQ2ParseAPI.cpp')
  
C:\EQS\Release-NMS-Client\eqgame_dll\MQ2DataTypes.h(3525,17): warning C4091: 'static ': ignored on left of 'MQ2FriendsType::FriendsMethods' when no variable is declared [C:\EQS\Release-NMS-Client\eqgame_dll\eqgame_dll.vcxproj]
  (compiling source file 'MQ2ParseAPI.cpp')
  
C:\EQS\Release-NMS-Client\eqgame_dll\MQ2DataTypes.h(3564,17): warning C4091: 'static ': ignored on left of 'MQ2TargetType::TargetMembers' when no variable is declared [C:\EQS\Release-NMS-Client\eqgame_dll\eqgame_dll.vcxproj]
  (compiling source file 'MQ2ParseAPI.cpp')
  
C:\EQS\Release-NMS-Client\eqgame_dll\MQ2DataTypes.h(3644,17): warning C4091: 'static ': ignored on left of 'MQ2XTargetType::xTargetMembers' when no variable is declared [C:\EQS\Release-NMS-Client\eqgame_dll\eqgame_dll.vcxproj]
  (compiling source file 'MQ2ParseAPI.cpp')
  
C:\EQS\Release-NMS-Client\eqgame_dll\MQ2Main.h(776,7): warning C4200: nonstandard extension used: zero-sized array in struct/union [C:\EQS\Release-NMS-Client\eqgame_dll\eqgame_dll.vcxproj]
  (compiling source file 'MQ2ParseAPI.cpp')
      C:\EQS\Release-NMS-Client\eqgame_dll\MQ2Main.h(776,7):
      This member will be ignored by a defaulted constructor or copy/move assignment operator
  
C:\EQS\Release-NMS-Client\eqgame_dll\EQData.h(440,14): warning C4091: 'typedef ': ignored on left of 'EQData::MaterialType' when no variable is declared [C:\EQS\Release-NMS-Client\eqgame_dll\eqgame_dll.vcxproj]
  (compiling source file 'MQ2Pulse.cpp')
  
  who_multiclass.cpp
C:\EQS\Release-NMS-Client\eqgame_dll\MQ2Internal.h(105,17): warning C4091: 'static ': ignored on left of 'MQ2Internal::SearchItemFlag' when no variable is declared [C:\EQS\Release-NMS-Client\eqgame_dll\eqgame_dll.vcxproj]
  (compiling source file 'MQ2PluginHandler.cpp')
  
C:\EQS\Release-NMS-Client\eqgame_dll\MQ2DataTypes.h(167,17): warning C4091: 'static ': ignored on left of 'MQ2IntType::IntMembers' when no variable is declared [C:\EQS\Release-NMS-Client\eqgame_dll\eqgame_dll.vcxproj]
  (compiling source file 'MQ2PluginHandler.cpp')
  
C:\EQS\Release-NMS-Client\eqgame_dll\MQ2DataTypes.h(207,17): warning C4091: 'static ': ignored on left of 'MQ2ArgbType::ArgbMembers' when no variable is declared [C:\EQS\Release-NMS-Client\eqgame_dll\eqgame_dll.vcxproj]
  (compiling source file 'MQ2PluginHandler.cpp')
  
C:\EQS\Release-NMS-Client\eqgame_dll\MQ2DataTypes.h(284,17): warning C4091: 'static ': ignored on left of 'MQ2StringType::StringMembers' when no variable is declared [C:\EQS\Release-NMS-Client\eqgame_dll\eqgame_dll.vcxproj]
  (compiling source file 'MQ2PluginHandler.cpp')
  
C:\EQS\Release-NMS-Client\eqgame_dll\MQ2DataTypes.h(360,17): warning C4091: 'static ': ignored on left of 'MQ2FloatType::FloatMembers' when no variable is declared [C:\EQS\Release-NMS-Client\eqgame_dll\eqgame_dll.vcxproj]
  (compiling source file 'MQ2PluginHandler.cpp')
  
C:\EQS\Release-NMS-Client\eqgame_dll\MQ2DataTypes.h(408,17): warning C4091: 'static ': ignored on left of 'MQ2TicksType::TicksMembers' when no variable is declared [C:\EQS\Release-NMS-Client\eqgame_dll\eqgame_dll.vcxproj]
  (compiling source file 'MQ2PluginHandler.cpp')
  
C:\EQS\Release-NMS-Client\eqgame_dll\MQ2DataTypes.h(459,17): warning C4091: 'static ': ignored on left of 'MQ2SpawnType::SpawnMembers' when no variable is declared [C:\EQS\Release-NMS-Client\eqgame_dll\eqgame_dll.vcxproj]
  (compiling source file 'MQ2PluginHandler.cpp')
  
C:\EQS\Release-NMS-Client\eqgame_dll\MQ2DataTypes.h(559,17): warning C4091: 'static ': ignored on left of 'MQ2SpawnType::SpawnMethods' when no variable is declared [C:\EQS\Release-NMS-Client\eqgame_dll\eqgame_dll.vcxproj]
  (compiling source file 'MQ2PluginHandler.cpp')
  
C:\EQS\Release-NMS-Client\eqgame_dll\MQ2DataTypes.h(729,17): warning C4091: 'static ': ignored on left of 'MQ2CharacterType::CharacterMembers' when no variable is declared [C:\EQS\Release-NMS-Client\eqgame_dll\eqgame_dll.vcxproj]
  (compiling source file 'MQ2PluginHandler.cpp')
  
C:\EQS\Release-NMS-Client\eqgame_dll\MQ2DataTypes.h(917,17): warning C4091: 'static ': ignored on left of 'MQ2CharacterType::CharacterMethods' when no variable is declared [C:\EQS\Release-NMS-Client\eqgame_dll\eqgame_dll.vcxproj]
  (compiling source file 'MQ2PluginHandler.cpp')
  
C:\EQS\Release-NMS-Client\eqgame_dll\MQ2DataTypes.h(1158,17): warning C4091: 'static ': ignored on left of 'MQ2SpellType::SpellMembers' when no variable is declared [C:\EQS\Release-NMS-Client\eqgame_dll\eqgame_dll.vcxproj]
  (compiling source file 'MQ2PluginHandler.cpp')
  
C:\EQS\Release-NMS-Client\eqgame_dll\MQ2DataTypes.h(1188,17): warning C4091: 'static ': ignored on left of 'MQ2SpellType::SpellMethods' when no variable is declared [C:\EQS\Release-NMS-Client\eqgame_dll\eqgame_dll.vcxproj]
  (compiling source file 'MQ2PluginHandler.cpp')
  
C:\EQS\Release-NMS-Client\eqgame_dll\MQ2DataTypes.h(1262,17): warning C4091: 'static ': ignored on left of 'MQ2BuffType::BuffMembers' when no variable is declared [C:\EQS\Release-NMS-Client\eqgame_dll\eqgame_dll.vcxproj]
  (compiling source file 'MQ2PluginHandler.cpp')
  
C:\EQS\Release-NMS-Client\eqgame_dll\MQ2DataTypes.h(1272,17): warning C4091: 'static ': ignored on left of 'MQ2BuffType::BuffMethods' when no variable is declared [C:\EQS\Release-NMS-Client\eqgame_dll\eqgame_dll.vcxproj]
  (compiling source file 'MQ2PluginHandler.cpp')
  
C:\EQS\Release-NMS-Client\eqgame_dll\MQ2DataTypes.h(1336,17): warning C4091: 'static ': ignored on left of 'MQ2ItemType::ItemMembers' when no variable is declared [C:\EQS\Release-NMS-Client\eqgame_dll\eqgame_dll.vcxproj]
  (compiling source file 'MQ2PluginHandler.cpp')
  
C:\EQS\Release-NMS-Client\eqgame_dll\MQ2DataTypes.h(1469,17): warning C4091: 'static ': ignored on left of 'MQ2ItemType::ItemMethods' when no variable is declared [C:\EQS\Release-NMS-Client\eqgame_dll\eqgame_dll.vcxproj]
  (compiling source file 'MQ2PluginHandler.cpp')
  
C:\EQS\Release-NMS-Client\eqgame_dll\MQ2DataTypes.h(1647,17): warning C4091: 'static ': ignored on left of 'MQ2SwitchType::SwitchMembers' when no variable is declared [C:\EQS\Release-NMS-Client\eqgame_dll\eqgame_dll.vcxproj]
  (compiling source file 'MQ2PluginHandler.cpp')
  
C:\EQS\Release-NMS-Client\eqgame_dll\MQ2DataTypes.h(1670,17): warning C4091: 'static ': ignored on left of 'MQ2SwitchType::SwitchMethods' when no variable is declared [C:\EQS\Release-NMS-Client\eqgame_dll\eqgame_dll.vcxproj]
  (compiling source file 'MQ2PluginHandler.cpp')
  
C:\EQS\Release-NMS-Client\eqgame_dll\MQ2DataTypes.h(1735,17): warning C4091: 'static ': ignored on left of 'MQ2GroundType::GroundMembers' when no variable is declared [C:\EQS\Release-NMS-Client\eqgame_dll\eqgame_dll.vcxproj]
  (compiling source file 'MQ2PluginHandler.cpp')
  
C:\EQS\Release-NMS-Client\eqgame_dll\MQ2DataTypes.h(1750,17): warning C4091: 'static ': ignored on left of 'MQ2GroundType::GroundMethods' when no variable is declared [C:\EQS\Release-NMS-Client\eqgame_dll\eqgame_dll.vcxproj]
  (compiling source file 'MQ2PluginHandler.cpp')
  
C:\EQS\Release-NMS-Client\eqgame_dll\MQ2DataTypes.h(1811,17): warning C4091: 'static ': ignored on left of 'MQ2CorpseType::CorpseMembers' when no variable is declared [C:\EQS\Release-NMS-Client\eqgame_dll\eqgame_dll.vcxproj]
  (compiling source file 'MQ2PluginHandler.cpp')
  
C:\EQS\Release-NMS-Client\eqgame_dll\MQ2DataTypes.h(1817,17): warning C4091: 'static ': ignored on left of 'MQ2CorpseType::CorpseMethods' when no variable is declared [C:\EQS\Release-NMS-Client\eqgame_dll\eqgame_dll.vcxproj]
  (compiling source file 'MQ2PluginHandler.cpp')
  
C:\EQS\Release-NMS-Client\eqgame_dll\MQ2DataTypes.h(1860,17): warning C4091: 'static ': ignored on left of 'MQ2MerchantType::MerchantMembers' when no variable is declared [C:\EQS\Release-NMS-Client\eqgame_dll\eqgame_dll.vcxproj]
  (compiling source file 'MQ2PluginHandler.cpp')
  
C:\EQS\Release-NMS-Client\eqgame_dll\MQ2DataTypes.h(1868,17): warning C4091: 'static ': ignored on left of 'MQ2MerchantType::MerchantMethods' when no variable is declared [C:\EQS\Release-NMS-Client\eqgame_dll\eqgame_dll.vcxproj]
  (compiling source file 'MQ2PluginHandler.cpp')
  
C:\EQS\Release-NMS-Client\eqgame_dll\MQ2DataTypes.h(1913,17): warning C4091: 'static ': ignored on left of 'MQ2WindowType::WindowMembers' when no variable is declared [C:\EQS\Release-NMS-Client\eqgame_dll\eqgame_dll.vcxproj]
  (compiling source file 'MQ2PluginHandler.cpp')
  
C:\EQS\Release-NMS-Client\eqgame_dll\MQ2DataTypes.h(1949,17): warning C4091: 'static ': ignored on left of 'MQ2WindowType::WindowMethods' when no variable is declared [C:\EQS\Release-NMS-Client\eqgame_dll\eqgame_dll.vcxproj]
  (compiling source file 'MQ2PluginHandler.cpp')
  
C:\EQS\Release-NMS-Client\eqgame_dll\MQ2DataTypes.h(2048,17): warning C4091: 'static ': ignored on left of 'MQ2MacroType::MacroMembers' when no variable is declared [C:\EQS\Release-NMS-Client\eqgame_dll\eqgame_dll.vcxproj]
  (compiling source file 'MQ2PluginHandler.cpp')
  
C:\EQS\Release-NMS-Client\eqgame_dll\MQ2DataTypes.h(2096,17): warning C4091: 'static ': ignored on left of 'MQ2ZoneType::ZoneMembers' when no variable is declared [C:\EQS\Release-NMS-Client\eqgame_dll\eqgame_dll.vcxproj]
  (compiling source file 'MQ2PluginHandler.cpp')
  
C:\EQS\Release-NMS-Client\eqgame_dll\MQ2DataTypes.h(2143,17): warning C4091: 'static ': ignored on left of 'MQ2CurrentZoneType::CurrentZoneMembers' when no variable is declared [C:\EQS\Release-NMS-Client\eqgame_dll\eqgame_dll.vcxproj]
  (compiling source file 'MQ2PluginHandler.cpp')
  
C:\EQS\Release-NMS-Client\eqgame_dll\MQ2DataTypes.h(2205,17): warning C4091: 'static ': ignored on left of 'MQ2MacroQuestType::MacroQuestMembers' when no variable is declared [C:\EQS\Release-NMS-Client\eqgame_dll\eqgame_dll.vcxproj]
  (compiling source file 'MQ2PluginHandler.cpp')
  
C:\EQS\Release-NMS-Client\eqgame_dll\MQ2DataTypes.h(2230,17): warning C4091: 'static ': ignored on left of 'MQ2MacroQuestType::MacroQuestMethods' when no variable is declared [C:\EQS\Release-NMS-Client\eqgame_dll\eqgame_dll.vcxproj]
  (compiling source file 'MQ2PluginHandler.cpp')
  
C:\EQS\Release-NMS-Client\eqgame_dll\MQ2DataTypes.h(2283,17): warning C4091: 'static ': ignored on left of 'MQ2MathType::MathMembers' when no variable is declared [C:\EQS\Release-NMS-Client\eqgame_dll\eqgame_dll.vcxproj]
  (compiling source file 'MQ2PluginHandler.cpp')
  
C:\EQS\Release-NMS-Client\eqgame_dll\MQ2DataTypes.h(2341,17): warning C4091: 'static ': ignored on left of 'MQ2RaceType::RaceMembers' when no variable is declared [C:\EQS\Release-NMS-Client\eqgame_dll\eqgame_dll.vcxproj]
  (compiling source file 'MQ2PluginHandler.cpp')
  
C:\EQS\Release-NMS-Client\eqgame_dll\MQ2DataTypes.h(2379,17): warning C4091: 'static ': ignored on left of 'MQ2ClassType::ClassMembers' when no variable is declared [C:\EQS\Release-NMS-Client\eqgame_dll\eqgame_dll.vcxproj]
  (compiling source file 'MQ2PluginHandler.cpp')
  
C:\EQS\Release-NMS-Client\eqgame_dll\MQ2DataTypes.h(2434,17): warning C4091: 'static ': ignored on left of 'MQ2BodyType::BodyMembers' when no variable is declared [C:\EQS\Release-NMS-Client\eqgame_dll\eqgame_dll.vcxproj]
  (compiling source file 'MQ2PluginHandler.cpp')
  
C:\EQS\Release-NMS-Client\eqgame_dll\MQ2DataTypes.h(2471,17): warning C4091: 'static ': ignored on left of 'MQ2DeityType::DeityMembers' when no variable is declared [C:\EQS\Release-NMS-Client\eqgame_dll\eqgame_dll.vcxproj]
  (compiling source file 'MQ2PluginHandler.cpp')
  
C:\EQS\Release-NMS-Client\eqgame_dll\MQ2DataTypes.h(2511,17): warning C4091: 'static ': ignored on left of 'MQ2TimeType::TimeMembers' when no variable is declared [C:\EQS\Release-NMS-Client\eqgame_dll\eqgame_dll.vcxproj]
  (compiling source file 'MQ2PluginHandler.cpp')
  
C:\EQS\Release-NMS-Client\eqgame_dll\MQ2DataTypes.h(2586,17): warning C4091: 'static ': ignored on left of 'MQ2TypeType::TypeMembers' when no variable is declared [C:\EQS\Release-NMS-Client\eqgame_dll\eqgame_dll.vcxproj]
  (compiling source file 'MQ2PluginHandler.cpp')
  
C:\EQS\Release-NMS-Client\eqgame_dll\MQ2DataTypes.h(2624,17): warning C4091: 'static ': ignored on left of 'MQ2HeadingType::HeadingMembers' when no variable is declared [C:\EQS\Release-NMS-Client\eqgame_dll\eqgame_dll.vcxproj]
  (compiling source file 'MQ2PluginHandler.cpp')
  
C:\EQS\Release-NMS-Client\eqgame_dll\MQ2DataTypes.h(2632,17): warning C4091: 'static ': ignored on left of 'MQ2HeadingType::HeadingMethods' when no variable is declared [C:\EQS\Release-NMS-Client\eqgame_dll\eqgame_dll.vcxproj]
  (compiling source file 'MQ2PluginHandler.cpp')
  
C:\EQS\Release-NMS-Client\eqgame_dll\MQ2DataTypes.h(2678,17): warning C4091: 'static ': ignored on left of 'MQ2InvSlotType::InvSlotMembers' when no variable is declared [C:\EQS\Release-NMS-Client\eqgame_dll\eqgame_dll.vcxproj]
  (compiling source file 'MQ2PluginHandler.cpp')
  
C:\EQS\Release-NMS-Client\eqgame_dll\MQ2DataTypes.h(2686,17): warning C4091: 'static ': ignored on left of 'MQ2InvSlotType::InvSlotMethods' when no variable is declared [C:\EQS\Release-NMS-Client\eqgame_dll\eqgame_dll.vcxproj]
  (compiling source file 'MQ2PluginHandler.cpp')
  
C:\EQS\Release-NMS-Client\eqgame_dll\MQ2DataTypes.h(2740,17): warning C4091: 'static ': ignored on left of 'MQ2PluginType::PluginMembers' when no variable is declared [C:\EQS\Release-NMS-Client\eqgame_dll\eqgame_dll.vcxproj]
  (compiling source file 'MQ2PluginHandler.cpp')
  
C:\EQS\Release-NMS-Client\eqgame_dll\MQ2DataTypes.h(2782,17): warning C4091: 'static ': ignored on left of 'MQ2BenchmarkType::BenchmarkMembers' when no variable is declared [C:\EQS\Release-NMS-Client\eqgame_dll\eqgame_dll.vcxproj]
  (compiling source file 'MQ2PluginHandler.cpp')
  
C:\EQS\Release-NMS-Client\eqgame_dll\MQ2DataTypes.h(2828,17): warning C4091: 'static ': ignored on left of 'MQ2SkillType::SkillMembers' when no variable is declared [C:\EQS\Release-NMS-Client\eqgame_dll\eqgame_dll.vcxproj]
  (compiling source file 'MQ2PluginHandler.cpp')
  
C:\EQS\Release-NMS-Client\eqgame_dll\MQ2DataTypes.h(2838,17): warning C4091: 'static ': ignored on left of 'MQ2SkillType::SkillMethods' when no variable is declared [C:\EQS\Release-NMS-Client\eqgame_dll\eqgame_dll.vcxproj]
  (compiling source file 'MQ2PluginHandler.cpp')
  
C:\EQS\Release-NMS-Client\eqgame_dll\MQ2DataTypes.h(2887,17): warning C4091: 'static ': ignored on left of 'MQ2AltAbilityType::AltAbilityMembers' when no variable is declared [C:\EQS\Release-NMS-Client\eqgame_dll\eqgame_dll.vcxproj]
  (compiling source file 'MQ2PluginHandler.cpp')
  
C:\EQS\Release-NMS-Client\eqgame_dll\MQ2DataTypes.h(2904,17): warning C4091: 'static ': ignored on left of 'MQ2AltAbilityType::AltAbilityMethods' when no variable is declared [C:\EQS\Release-NMS-Client\eqgame_dll\eqgame_dll.vcxproj]
  (compiling source file 'MQ2PluginHandler.cpp')
  
C:\EQS\Release-NMS-Client\eqgame_dll\MQ2DataTypes.h(2949,17): warning C4091: 'static ': ignored on left of 'MQ2TimerType::TimerMembers' when no variable is declared [C:\EQS\Release-NMS-Client\eqgame_dll\eqgame_dll.vcxproj]
  (compiling source file 'MQ2PluginHandler.cpp')
  
C:\EQS\Release-NMS-Client\eqgame_dll\MQ2DataTypes.h(2954,17): warning C4091: 'static ': ignored on left of 'MQ2TimerType::TimerMethods' when no variable is declared [C:\EQS\Release-NMS-Client\eqgame_dll\eqgame_dll.vcxproj]
  (compiling source file 'MQ2PluginHandler.cpp')
  
C:\EQS\Release-NMS-Client\eqgame_dll\MQ2DataTypes.h(3051,17): warning C4091: 'static ': ignored on left of 'MQ2ArrayType::ArrayMembers' when no variable is declared [C:\EQS\Release-NMS-Client\eqgame_dll\eqgame_dll.vcxproj]
  (compiling source file 'MQ2PluginHandler.cpp')
  
C:\EQS\Release-NMS-Client\eqgame_dll\MQ2DataTypes.h(3096,17): warning C4091: 'static ': ignored on left of 'MQ2GroupType::GroupMembers' when no variable is declared [C:\EQS\Release-NMS-Client\eqgame_dll\eqgame_dll.vcxproj]
  (compiling source file 'MQ2PluginHandler.cpp')
  
C:\EQS\Release-NMS-Client\eqgame_dll\MQ2DataTypes.h(3106,17): warning C4091: 'static ': ignored on left of 'MQ2GroupType::GroupMethods' when no variable is declared [C:\EQS\Release-NMS-Client\eqgame_dll\eqgame_dll.vcxproj]
  (compiling source file 'MQ2PluginHandler.cpp')
  
C:\EQS\Release-NMS-Client\eqgame_dll\MQ2DataTypes.h(3141,17): warning C4091: 'static ': ignored on left of 'MQ2GroupMemberType::GroupMemberMembers' when no variable is declared [C:\EQS\Release-NMS-Client\eqgame_dll\eqgame_dll.vcxproj]
  (compiling source file 'MQ2PluginHandler.cpp')
  
C:\EQS\Release-NMS-Client\eqgame_dll\MQ2DataTypes.h(3153,17): warning C4091: 'static ': ignored on left of 'MQ2GroupMemberType::GroupMemberMethods' when no variable is declared [C:\EQS\Release-NMS-Client\eqgame_dll\eqgame_dll.vcxproj]
  (compiling source file 'MQ2PluginHandler.cpp')
  
C:\EQS\Release-NMS-Client\eqgame_dll\MQ2DataTypes.h(3195,17): warning C4091: 'static ': ignored on left of 'MQ2RaidType::RaidMembers' when no variable is declared [C:\EQS\Release-NMS-Client\eqgame_dll\eqgame_dll.vcxproj]
  (compiling source file 'MQ2PluginHandler.cpp')
  
C:\EQS\Release-NMS-Client\eqgame_dll\MQ2DataTypes.h(3210,17): warning C4091: 'static ': ignored on left of 'MQ2RaidType::RaidMethods' when no variable is declared [C:\EQS\Release-NMS-Client\eqgame_dll\eqgame_dll.vcxproj]
  (compiling source file 'MQ2PluginHandler.cpp')
  
C:\EQS\Release-NMS-Client\eqgame_dll\MQ2DataTypes.h(3254,17): warning C4091: 'static ': ignored on left of 'MQ2RaidMemberType::RaidMemberMembers' when no variable is declared [C:\EQS\Release-NMS-Client\eqgame_dll\eqgame_dll.vcxproj]
  (compiling source file 'MQ2PluginHandler.cpp')
  
C:\EQS\Release-NMS-Client\eqgame_dll\MQ2DataTypes.h(3265,17): warning C4091: 'static ': ignored on left of 'MQ2RaidMemberType::RaidMemberMethods' when no variable is declared [C:\EQS\Release-NMS-Client\eqgame_dll\eqgame_dll.vcxproj]
  (compiling source file 'MQ2PluginHandler.cpp')
  
C:\EQS\Release-NMS-Client\eqgame_dll\MQ2DataTypes.h(3314,17): warning C4091: 'static ': ignored on left of 'MQ2EvolvingItemType::EvolvingItemMembers' when no variable is declared [C:\EQS\Release-NMS-Client\eqgame_dll\eqgame_dll.vcxproj]
  (compiling source file 'MQ2PluginHandler.cpp')
  
C:\EQS\Release-NMS-Client\eqgame_dll\MQ2DataTypes.h(3356,17): warning C4091: 'static ': ignored on left of 'MQ2DynamicZoneType::DynamicZoneMembers' when no variable is declared [C:\EQS\Release-NMS-Client\eqgame_dll\eqgame_dll.vcxproj]
  (compiling source file 'MQ2PluginHandler.cpp')
  
C:\EQS\Release-NMS-Client\eqgame_dll\MQ2DataTypes.h(3398,17): warning C4091: 'static ': ignored on left of 'MQ2DZMemberType::DZMemberTypeMembers' when no variable is declared [C:\EQS\Release-NMS-Client\eqgame_dll\eqgame_dll.vcxproj]
  (compiling source file 'MQ2PluginHandler.cpp')
  
C:\EQS\Release-NMS-Client\eqgame_dll\MQ2DataTypes.h(3430,17): warning C4091: 'static ': ignored on left of 'MQ2FellowshipType::FellowshipTypeMembers' when no variable is declared [C:\EQS\Release-NMS-Client\eqgame_dll\eqgame_dll.vcxproj]
  (compiling source file 'MQ2PluginHandler.cpp')
  
C:\EQS\Release-NMS-Client\eqgame_dll\MQ2DataTypes.h(3483,17): warning C4091: 'static ': ignored on left of 'MQ2FellowshipMemberType::FMTypeMembers' when no variable is declared [C:\EQS\Release-NMS-Client\eqgame_dll\eqgame_dll.vcxproj]
  (compiling source file 'MQ2PluginHandler.cpp')
  
C:\EQS\Release-NMS-Client\eqgame_dll\MQ2DataTypes.h(3521,17): warning C4091: 'static ': ignored on left of 'MQ2FriendsType::FriendsMembers' when no variable is declared [C:\EQS\Release-NMS-Client\eqgame_dll\eqgame_dll.vcxproj]
  (compiling source file 'MQ2PluginHandler.cpp')
  
C:\EQS\Release-NMS-Client\eqgame_dll\MQ2DataTypes.h(3525,17): warning C4091: 'static ': ignored on left of 'MQ2FriendsType::FriendsMethods' when no variable is declared [C:\EQS\Release-NMS-Client\eqgame_dll\eqgame_dll.vcxproj]
  (compiling source file 'MQ2PluginHandler.cpp')
  
C:\EQS\Release-NMS-Client\eqgame_dll\MQ2DataTypes.h(3564,17): warning C4091: 'static ': ignored on left of 'MQ2TargetType::TargetMembers' when no variable is declared [C:\EQS\Release-NMS-Client\eqgame_dll\eqgame_dll.vcxproj]
  (compiling source file 'MQ2PluginHandler.cpp')
  
C:\EQS\Release-NMS-Client\eqgame_dll\EQData.h(440,14): warning C4091: 'typedef ': ignored on left of 'EQData::MaterialType' when no variable is declared [C:\EQS\Release-NMS-Client\eqgame_dll\eqgame_dll.vcxproj]
  (compiling source file 'MQ2Spawns.cpp')
  
C:\EQS\Release-NMS-Client\eqgame_dll\MQ2DataTypes.h(3644,17): warning C4091: 'static ': ignored on left of 'MQ2XTargetType::xTargetMembers' when no variable is declared [C:\EQS\Release-NMS-Client\eqgame_dll\eqgame_dll.vcxproj]
  (compiling source file 'MQ2PluginHandler.cpp')
  
C:\EQS\Release-NMS-Client\eqgame_dll\MQ2Main.h(776,7): warning C4200: nonstandard extension used: zero-sized array in struct/union [C:\EQS\Release-NMS-Client\eqgame_dll\eqgame_dll.vcxproj]
  (compiling source file 'MQ2PluginHandler.cpp')
      C:\EQS\Release-NMS-Client\eqgame_dll\MQ2Main.h(776,7):
      This member will be ignored by a defaulted constructor or copy/move assignment operator
  
C:\EQS\Release-NMS-Client\eqgame_dll\MQ2Internal.h(105,17): warning C4091: 'static ': ignored on left of 'MQ2Internal::SearchItemFlag' when no variable is declared [C:\EQS\Release-NMS-Client\eqgame_dll\eqgame_dll.vcxproj]
  (compiling source file 'MQ2Pulse.cpp')
  
C:\EQS\Release-NMS-Client\eqgame_dll\MQ2DataTypes.h(167,17): warning C4091: 'static ': ignored on left of 'MQ2IntType::IntMembers' when no variable is declared [C:\EQS\Release-NMS-Client\eqgame_dll\eqgame_dll.vcxproj]
  (compiling source file 'MQ2Pulse.cpp')
  
C:\EQS\Release-NMS-Client\eqgame_dll\MQ2DataTypes.h(207,17): warning C4091: 'static ': ignored on left of 'MQ2ArgbType::ArgbMembers' when no variable is declared [C:\EQS\Release-NMS-Client\eqgame_dll\eqgame_dll.vcxproj]
  (compiling source file 'MQ2Pulse.cpp')
  
C:\EQS\Release-NMS-Client\eqgame_dll\MQ2DataTypes.h(284,17): warning C4091: 'static ': ignored on left of 'MQ2StringType::StringMembers' when no variable is declared [C:\EQS\Release-NMS-Client\eqgame_dll\eqgame_dll.vcxproj]
  (compiling source file 'MQ2Pulse.cpp')
  
C:\EQS\Release-NMS-Client\eqgame_dll\MQ2DataTypes.h(360,17): warning C4091: 'static ': ignored on left of 'MQ2FloatType::FloatMembers' when no variable is declared [C:\EQS\Release-NMS-Client\eqgame_dll\eqgame_dll.vcxproj]
  (compiling source file 'MQ2Pulse.cpp')
  
C:\EQS\Release-NMS-Client\eqgame_dll\MQ2DataTypes.h(408,17): warning C4091: 'static ': ignored on left of 'MQ2TicksType::TicksMembers' when no variable is declared [C:\EQS\Release-NMS-Client\eqgame_dll\eqgame_dll.vcxproj]
  (compiling source file 'MQ2Pulse.cpp')
  
C:\EQS\Release-NMS-Client\eqgame_dll\MQ2DataTypes.h(459,17): warning C4091: 'static ': ignored on left of 'MQ2SpawnType::SpawnMembers' when no variable is declared [C:\EQS\Release-NMS-Client\eqgame_dll\eqgame_dll.vcxproj]
  (compiling source file 'MQ2Pulse.cpp')
  
C:\EQS\Release-NMS-Client\eqgame_dll\MQ2DataTypes.h(559,17): warning C4091: 'static ': ignored on left of 'MQ2SpawnType::SpawnMethods' when no variable is declared [C:\EQS\Release-NMS-Client\eqgame_dll\eqgame_dll.vcxproj]
  (compiling source file 'MQ2Pulse.cpp')
  
C:\EQS\Release-NMS-Client\eqgame_dll\MQ2DataTypes.h(729,17): warning C4091: 'static ': ignored on left of 'MQ2CharacterType::CharacterMembers' when no variable is declared [C:\EQS\Release-NMS-Client\eqgame_dll\eqgame_dll.vcxproj]
  (compiling source file 'MQ2Pulse.cpp')
  
C:\EQS\Release-NMS-Client\eqgame_dll\MQ2DataTypes.h(917,17): warning C4091: 'static ': ignored on left of 'MQ2CharacterType::CharacterMethods' when no variable is declared [C:\EQS\Release-NMS-Client\eqgame_dll\eqgame_dll.vcxproj]
  (compiling source file 'MQ2Pulse.cpp')
  
C:\EQS\Release-NMS-Client\eqgame_dll\MQ2DataTypes.h(1158,17): warning C4091: 'static ': ignored on left of 'MQ2SpellType::SpellMembers' when no variable is declared [C:\EQS\Release-NMS-Client\eqgame_dll\eqgame_dll.vcxproj]
  (compiling source file 'MQ2Pulse.cpp')
  
C:\EQS\Release-NMS-Client\eqgame_dll\MQ2DataTypes.h(1188,17): warning C4091: 'static ': ignored on left of 'MQ2SpellType::SpellMethods' when no variable is declared [C:\EQS\Release-NMS-Client\eqgame_dll\eqgame_dll.vcxproj]
  (compiling source file 'MQ2Pulse.cpp')
  
C:\EQS\Release-NMS-Client\eqgame_dll\MQ2DataTypes.h(1262,17): warning C4091: 'static ': ignored on left of 'MQ2BuffType::BuffMembers' when no variable is declared [C:\EQS\Release-NMS-Client\eqgame_dll\eqgame_dll.vcxproj]
  (compiling source file 'MQ2Pulse.cpp')
  
C:\EQS\Release-NMS-Client\eqgame_dll\MQ2DataTypes.h(1272,17): warning C4091: 'static ': ignored on left of 'MQ2BuffType::BuffMethods' when no variable is declared [C:\EQS\Release-NMS-Client\eqgame_dll\eqgame_dll.vcxproj]
  (compiling source file 'MQ2Pulse.cpp')
  
C:\EQS\Release-NMS-Client\eqgame_dll\MQ2DataTypes.h(1336,17): warning C4091: 'static ': ignored on left of 'MQ2ItemType::ItemMembers' when no variable is declared [C:\EQS\Release-NMS-Client\eqgame_dll\eqgame_dll.vcxproj]
  (compiling source file 'MQ2Pulse.cpp')
  
C:\EQS\Release-NMS-Client\eqgame_dll\MQ2DataTypes.h(1469,17): warning C4091: 'static ': ignored on left of 'MQ2ItemType::ItemMethods' when no variable is declared [C:\EQS\Release-NMS-Client\eqgame_dll\eqgame_dll.vcxproj]
  (compiling source file 'MQ2Pulse.cpp')
  
C:\EQS\Release-NMS-Client\eqgame_dll\MQ2DataTypes.h(1647,17): warning C4091: 'static ': ignored on left of 'MQ2SwitchType::SwitchMembers' when no variable is declared [C:\EQS\Release-NMS-Client\eqgame_dll\eqgame_dll.vcxproj]
  (compiling source file 'MQ2Pulse.cpp')
  
C:\EQS\Release-NMS-Client\eqgame_dll\MQ2DataTypes.h(1670,17): warning C4091: 'static ': ignored on left of 'MQ2SwitchType::SwitchMethods' when no variable is declared [C:\EQS\Release-NMS-Client\eqgame_dll\eqgame_dll.vcxproj]
  (compiling source file 'MQ2Pulse.cpp')
  
C:\EQS\Release-NMS-Client\eqgame_dll\MQ2DataTypes.h(1735,17): warning C4091: 'static ': ignored on left of 'MQ2GroundType::GroundMembers' when no variable is declared [C:\EQS\Release-NMS-Client\eqgame_dll\eqgame_dll.vcxproj]
  (compiling source file 'MQ2Pulse.cpp')
  
C:\EQS\Release-NMS-Client\eqgame_dll\MQ2DataTypes.h(1750,17): warning C4091: 'static ': ignored on left of 'MQ2GroundType::GroundMethods' when no variable is declared [C:\EQS\Release-NMS-Client\eqgame_dll\eqgame_dll.vcxproj]
  (compiling source file 'MQ2Pulse.cpp')
  
C:\EQS\Release-NMS-Client\eqgame_dll\MQ2DataTypes.h(1811,17): warning C4091: 'static ': ignored on left of 'MQ2CorpseType::CorpseMembers' when no variable is declared [C:\EQS\Release-NMS-Client\eqgame_dll\eqgame_dll.vcxproj]
  (compiling source file 'MQ2Pulse.cpp')
  
C:\EQS\Release-NMS-Client\eqgame_dll\MQ2DataTypes.h(1817,17): warning C4091: 'static ': ignored on left of 'MQ2CorpseType::CorpseMethods' when no variable is declared [C:\EQS\Release-NMS-Client\eqgame_dll\eqgame_dll.vcxproj]
  (compiling source file 'MQ2Pulse.cpp')
  
C:\EQS\Release-NMS-Client\eqgame_dll\MQ2DataTypes.h(1860,17): warning C4091: 'static ': ignored on left of 'MQ2MerchantType::MerchantMembers' when no variable is declared [C:\EQS\Release-NMS-Client\eqgame_dll\eqgame_dll.vcxproj]
  (compiling source file 'MQ2Pulse.cpp')
  
C:\EQS\Release-NMS-Client\eqgame_dll\MQ2DataTypes.h(1868,17): warning C4091: 'static ': ignored on left of 'MQ2MerchantType::MerchantMethods' when no variable is declared [C:\EQS\Release-NMS-Client\eqgame_dll\eqgame_dll.vcxproj]
  (compiling source file 'MQ2Pulse.cpp')
  
C:\EQS\Release-NMS-Client\eqgame_dll\MQ2DataTypes.h(1913,17): warning C4091: 'static ': ignored on left of 'MQ2WindowType::WindowMembers' when no variable is declared [C:\EQS\Release-NMS-Client\eqgame_dll\eqgame_dll.vcxproj]
  (compiling source file 'MQ2Pulse.cpp')
  
C:\EQS\Release-NMS-Client\eqgame_dll\MQ2DataTypes.h(1949,17): warning C4091: 'static ': ignored on left of 'MQ2WindowType::WindowMethods' when no variable is declared [C:\EQS\Release-NMS-Client\eqgame_dll\eqgame_dll.vcxproj]
  (compiling source file 'MQ2Pulse.cpp')
  
C:\EQS\Release-NMS-Client\eqgame_dll\MQ2DataTypes.h(2048,17): warning C4091: 'static ': ignored on left of 'MQ2MacroType::MacroMembers' when no variable is declared [C:\EQS\Release-NMS-Client\eqgame_dll\eqgame_dll.vcxproj]
  (compiling source file 'MQ2Pulse.cpp')
  
C:\EQS\Release-NMS-Client\eqgame_dll\MQ2DataTypes.h(2096,17): warning C4091: 'static ': ignored on left of 'MQ2ZoneType::ZoneMembers' when no variable is declared [C:\EQS\Release-NMS-Client\eqgame_dll\eqgame_dll.vcxproj]
  (compiling source file 'MQ2Pulse.cpp')
  
C:\EQS\Release-NMS-Client\eqgame_dll\MQ2DataTypes.h(2143,17): warning C4091: 'static ': ignored on left of 'MQ2CurrentZoneType::CurrentZoneMembers' when no variable is declared [C:\EQS\Release-NMS-Client\eqgame_dll\eqgame_dll.vcxproj]
  (compiling source file 'MQ2Pulse.cpp')
  
C:\EQS\Release-NMS-Client\eqgame_dll\MQ2DataTypes.h(2205,17): warning C4091: 'static ': ignored on left of 'MQ2MacroQuestType::MacroQuestMembers' when no variable is declared [C:\EQS\Release-NMS-Client\eqgame_dll\eqgame_dll.vcxproj]
  (compiling source file 'MQ2Pulse.cpp')
  
C:\EQS\Release-NMS-Client\eqgame_dll\MQ2DataTypes.h(2230,17): warning C4091: 'static ': ignored on left of 'MQ2MacroQuestType::MacroQuestMethods' when no variable is declared [C:\EQS\Release-NMS-Client\eqgame_dll\eqgame_dll.vcxproj]
  (compiling source file 'MQ2Pulse.cpp')
  
C:\EQS\Release-NMS-Client\eqgame_dll\MQ2DataTypes.h(2283,17): warning C4091: 'static ': ignored on left of 'MQ2MathType::MathMembers' when no variable is declared [C:\EQS\Release-NMS-Client\eqgame_dll\eqgame_dll.vcxproj]
  (compiling source file 'MQ2Pulse.cpp')
  
C:\EQS\Release-NMS-Client\eqgame_dll\MQ2DataTypes.h(2341,17): warning C4091: 'static ': ignored on left of 'MQ2RaceType::RaceMembers' when no variable is declared [C:\EQS\Release-NMS-Client\eqgame_dll\eqgame_dll.vcxproj]
  (compiling source file 'MQ2Pulse.cpp')
  
C:\EQS\Release-NMS-Client\eqgame_dll\MQ2DataTypes.h(2379,17): warning C4091: 'static ': ignored on left of 'MQ2ClassType::ClassMembers' when no variable is declared [C:\EQS\Release-NMS-Client\eqgame_dll\eqgame_dll.vcxproj]
  (compiling source file 'MQ2Pulse.cpp')
  
C:\EQS\Release-NMS-Client\eqgame_dll\MQ2DataTypes.h(2434,17): warning C4091: 'static ': ignored on left of 'MQ2BodyType::BodyMembers' when no variable is declared [C:\EQS\Release-NMS-Client\eqgame_dll\eqgame_dll.vcxproj]
  (compiling source file 'MQ2Pulse.cpp')
  
C:\EQS\Release-NMS-Client\eqgame_dll\MQ2DataTypes.h(2471,17): warning C4091: 'static ': ignored on left of 'MQ2DeityType::DeityMembers' when no variable is declared [C:\EQS\Release-NMS-Client\eqgame_dll\eqgame_dll.vcxproj]
  (compiling source file 'MQ2Pulse.cpp')
  
C:\EQS\Release-NMS-Client\eqgame_dll\MQ2DataTypes.h(2511,17): warning C4091: 'static ': ignored on left of 'MQ2TimeType::TimeMembers' when no variable is declared [C:\EQS\Release-NMS-Client\eqgame_dll\eqgame_dll.vcxproj]
  (compiling source file 'MQ2Pulse.cpp')
  
C:\EQS\Release-NMS-Client\eqgame_dll\MQ2DataTypes.h(2586,17): warning C4091: 'static ': ignored on left of 'MQ2TypeType::TypeMembers' when no variable is declared [C:\EQS\Release-NMS-Client\eqgame_dll\eqgame_dll.vcxproj]
  (compiling source file 'MQ2Pulse.cpp')
  
C:\EQS\Release-NMS-Client\eqgame_dll\MQ2DataTypes.h(2624,17): warning C4091: 'static ': ignored on left of 'MQ2HeadingType::HeadingMembers' when no variable is declared [C:\EQS\Release-NMS-Client\eqgame_dll\eqgame_dll.vcxproj]
  (compiling source file 'MQ2Pulse.cpp')
  
C:\EQS\Release-NMS-Client\eqgame_dll\MQ2DataTypes.h(2632,17): warning C4091: 'static ': ignored on left of 'MQ2HeadingType::HeadingMethods' when no variable is declared [C:\EQS\Release-NMS-Client\eqgame_dll\eqgame_dll.vcxproj]
  (compiling source file 'MQ2Pulse.cpp')
  
C:\EQS\Release-NMS-Client\eqgame_dll\MQ2DataTypes.h(2678,17): warning C4091: 'static ': ignored on left of 'MQ2InvSlotType::InvSlotMembers' when no variable is declared [C:\EQS\Release-NMS-Client\eqgame_dll\eqgame_dll.vcxproj]
  (compiling source file 'MQ2Pulse.cpp')
  
C:\EQS\Release-NMS-Client\eqgame_dll\MQ2DataTypes.h(2686,17): warning C4091: 'static ': ignored on left of 'MQ2InvSlotType::InvSlotMethods' when no variable is declared [C:\EQS\Release-NMS-Client\eqgame_dll\eqgame_dll.vcxproj]
  (compiling source file 'MQ2Pulse.cpp')
  
C:\EQS\Release-NMS-Client\eqgame_dll\MQ2DataTypes.h(2740,17): warning C4091: 'static ': ignored on left of 'MQ2PluginType::PluginMembers' when no variable is declared [C:\EQS\Release-NMS-Client\eqgame_dll\eqgame_dll.vcxproj]
  (compiling source file 'MQ2Pulse.cpp')
  
C:\EQS\Release-NMS-Client\eqgame_dll\MQ2DataTypes.h(2782,17): warning C4091: 'static ': ignored on left of 'MQ2BenchmarkType::BenchmarkMembers' when no variable is declared [C:\EQS\Release-NMS-Client\eqgame_dll\eqgame_dll.vcxproj]
  (compiling source file 'MQ2Pulse.cpp')
  
C:\EQS\Release-NMS-Client\eqgame_dll\MQ2DataTypes.h(2828,17): warning C4091: 'static ': ignored on left of 'MQ2SkillType::SkillMembers' when no variable is declared [C:\EQS\Release-NMS-Client\eqgame_dll\eqgame_dll.vcxproj]
  (compiling source file 'MQ2Pulse.cpp')
  
C:\EQS\Release-NMS-Client\eqgame_dll\MQ2DataTypes.h(2838,17): warning C4091: 'static ': ignored on left of 'MQ2SkillType::SkillMethods' when no variable is declared [C:\EQS\Release-NMS-Client\eqgame_dll\eqgame_dll.vcxproj]
  (compiling source file 'MQ2Pulse.cpp')
  
C:\EQS\Release-NMS-Client\eqgame_dll\MQ2DataTypes.h(2887,17): warning C4091: 'static ': ignored on left of 'MQ2AltAbilityType::AltAbilityMembers' when no variable is declared [C:\EQS\Release-NMS-Client\eqgame_dll\eqgame_dll.vcxproj]
  (compiling source file 'MQ2Pulse.cpp')
  
C:\EQS\Release-NMS-Client\eqgame_dll\MQ2DataTypes.h(2904,17): warning C4091: 'static ': ignored on left of 'MQ2AltAbilityType::AltAbilityMethods' when no variable is declared [C:\EQS\Release-NMS-Client\eqgame_dll\eqgame_dll.vcxproj]
  (compiling source file 'MQ2Pulse.cpp')
  
C:\EQS\Release-NMS-Client\eqgame_dll\MQ2DataTypes.h(2949,17): warning C4091: 'static ': ignored on left of 'MQ2TimerType::TimerMembers' when no variable is declared [C:\EQS\Release-NMS-Client\eqgame_dll\eqgame_dll.vcxproj]
  (compiling source file 'MQ2Pulse.cpp')
  
C:\EQS\Release-NMS-Client\eqgame_dll\MQ2DataTypes.h(2954,17): warning C4091: 'static ': ignored on left of 'MQ2TimerType::TimerMethods' when no variable is declared [C:\EQS\Release-NMS-Client\eqgame_dll\eqgame_dll.vcxproj]
  (compiling source file 'MQ2Pulse.cpp')
  
C:\EQS\Release-NMS-Client\eqgame_dll\MQ2DataTypes.h(3051,17): warning C4091: 'static ': ignored on left of 'MQ2ArrayType::ArrayMembers' when no variable is declared [C:\EQS\Release-NMS-Client\eqgame_dll\eqgame_dll.vcxproj]
  (compiling source file 'MQ2Pulse.cpp')
  
C:\EQS\Release-NMS-Client\eqgame_dll\MQ2DataTypes.h(3096,17): warning C4091: 'static ': ignored on left of 'MQ2GroupType::GroupMembers' when no variable is declared [C:\EQS\Release-NMS-Client\eqgame_dll\eqgame_dll.vcxproj]
  (compiling source file 'MQ2Pulse.cpp')
  
C:\EQS\Release-NMS-Client\eqgame_dll\MQ2DataTypes.h(3106,17): warning C4091: 'static ': ignored on left of 'MQ2GroupType::GroupMethods' when no variable is declared [C:\EQS\Release-NMS-Client\eqgame_dll\eqgame_dll.vcxproj]
  (compiling source file 'MQ2Pulse.cpp')
  
C:\EQS\Release-NMS-Client\eqgame_dll\MQ2DataTypes.h(3141,17): warning C4091: 'static ': ignored on left of 'MQ2GroupMemberType::GroupMemberMembers' when no variable is declared [C:\EQS\Release-NMS-Client\eqgame_dll\eqgame_dll.vcxproj]
  (compiling source file 'MQ2Pulse.cpp')
  
C:\EQS\Release-NMS-Client\eqgame_dll\MQ2DataTypes.h(3153,17): warning C4091: 'static ': ignored on left of 'MQ2GroupMemberType::GroupMemberMethods' when no variable is declared [C:\EQS\Release-NMS-Client\eqgame_dll\eqgame_dll.vcxproj]
  (compiling source file 'MQ2Pulse.cpp')
  
C:\EQS\Release-NMS-Client\eqgame_dll\MQ2DataTypes.h(3195,17): warning C4091: 'static ': ignored on left of 'MQ2RaidType::RaidMembers' when no variable is declared [C:\EQS\Release-NMS-Client\eqgame_dll\eqgame_dll.vcxproj]
  (compiling source file 'MQ2Pulse.cpp')
  
C:\EQS\Release-NMS-Client\eqgame_dll\MQ2DataTypes.h(3210,17): warning C4091: 'static ': ignored on left of 'MQ2RaidType::RaidMethods' when no variable is declared [C:\EQS\Release-NMS-Client\eqgame_dll\eqgame_dll.vcxproj]
  (compiling source file 'MQ2Pulse.cpp')
  
C:\EQS\Release-NMS-Client\eqgame_dll\MQ2DataTypes.h(3254,17): warning C4091: 'static ': ignored on left of 'MQ2RaidMemberType::RaidMemberMembers' when no variable is declared [C:\EQS\Release-NMS-Client\eqgame_dll\eqgame_dll.vcxproj]
  (compiling source file 'MQ2Pulse.cpp')
  
C:\EQS\Release-NMS-Client\eqgame_dll\MQ2DataTypes.h(3265,17): warning C4091: 'static ': ignored on left of 'MQ2RaidMemberType::RaidMemberMethods' when no variable is declared [C:\EQS\Release-NMS-Client\eqgame_dll\eqgame_dll.vcxproj]
  (compiling source file 'MQ2Pulse.cpp')
  
C:\EQS\Release-NMS-Client\eqgame_dll\MQ2DataTypes.h(3314,17): warning C4091: 'static ': ignored on left of 'MQ2EvolvingItemType::EvolvingItemMembers' when no variable is declared [C:\EQS\Release-NMS-Client\eqgame_dll\eqgame_dll.vcxproj]
  (compiling source file 'MQ2Pulse.cpp')
  
C:\EQS\Release-NMS-Client\eqgame_dll\MQ2DataTypes.h(3356,17): warning C4091: 'static ': ignored on left of 'MQ2DynamicZoneType::DynamicZoneMembers' when no variable is declared [C:\EQS\Release-NMS-Client\eqgame_dll\eqgame_dll.vcxproj]
  (compiling source file 'MQ2Pulse.cpp')
  
C:\EQS\Release-NMS-Client\eqgame_dll\MQ2DataTypes.h(3398,17): warning C4091: 'static ': ignored on left of 'MQ2DZMemberType::DZMemberTypeMembers' when no variable is declared [C:\EQS\Release-NMS-Client\eqgame_dll\eqgame_dll.vcxproj]
  (compiling source file 'MQ2Pulse.cpp')
  
C:\EQS\Release-NMS-Client\eqgame_dll\MQ2DataTypes.h(3430,17): warning C4091: 'static ': ignored on left of 'MQ2FellowshipType::FellowshipTypeMembers' when no variable is declared [C:\EQS\Release-NMS-Client\eqgame_dll\eqgame_dll.vcxproj]
  (compiling source file 'MQ2Pulse.cpp')
  
C:\EQS\Release-NMS-Client\eqgame_dll\MQ2DataTypes.h(3483,17): warning C4091: 'static ': ignored on left of 'MQ2FellowshipMemberType::FMTypeMembers' when no variable is declared [C:\EQS\Release-NMS-Client\eqgame_dll\eqgame_dll.vcxproj]
  (compiling source file 'MQ2Pulse.cpp')
  
C:\EQS\Release-NMS-Client\eqgame_dll\MQ2DataTypes.h(3521,17): warning C4091: 'static ': ignored on left of 'MQ2FriendsType::FriendsMembers' when no variable is declared [C:\EQS\Release-NMS-Client\eqgame_dll\eqgame_dll.vcxproj]
  (compiling source file 'MQ2Pulse.cpp')
  
C:\EQS\Release-NMS-Client\eqgame_dll\MQ2DataTypes.h(3525,17): warning C4091: 'static ': ignored on left of 'MQ2FriendsType::FriendsMethods' when no variable is declared [C:\EQS\Release-NMS-Client\eqgame_dll\eqgame_dll.vcxproj]
  (compiling source file 'MQ2Pulse.cpp')
  
C:\EQS\Release-NMS-Client\eqgame_dll\MQ2DataTypes.h(3564,17): warning C4091: 'static ': ignored on left of 'MQ2TargetType::TargetMembers' when no variable is declared [C:\EQS\Release-NMS-Client\eqgame_dll\eqgame_dll.vcxproj]
  (compiling source file 'MQ2Pulse.cpp')
  
C:\EQS\Release-NMS-Client\eqgame_dll\MQ2DataTypes.h(3644,17): warning C4091: 'static ': ignored on left of 'MQ2XTargetType::xTargetMembers' when no variable is declared [C:\EQS\Release-NMS-Client\eqgame_dll\eqgame_dll.vcxproj]
  (compiling source file 'MQ2Pulse.cpp')
  
C:\EQS\Release-NMS-Client\eqgame_dll\MQ2Main.h(776,7): warning C4200: nonstandard extension used: zero-sized array in struct/union [C:\EQS\Release-NMS-Client\eqgame_dll\eqgame_dll.vcxproj]
  (compiling source file 'MQ2Pulse.cpp')
      C:\EQS\Release-NMS-Client\eqgame_dll\MQ2Main.h(776,7):
      This member will be ignored by a defaulted constructor or copy/move assignment operator
  
C:\EQS\Release-NMS-Client\eqgame_dll\MQ2Internal.h(105,17): warning C4091: 'static ': ignored on left of 'MQ2Internal::SearchItemFlag' when no variable is declared [C:\EQS\Release-NMS-Client\eqgame_dll\eqgame_dll.vcxproj]
  (compiling source file 'MQ2Spawns.cpp')
  
C:\EQS\Release-NMS-Client\eqgame_dll\RECTF.h(3,16): warning C4091: 'typedef ': ignored on left of 'RECTF' when no variable is declared [C:\EQS\Release-NMS-Client\eqgame_dll\eqgame_dll.vcxproj]
  (compiling source file 'MQ2Pulse.cpp')
  
C:\EQS\Release-NMS-Client\eqgame_dll\MQ2DataTypes.h(167,17): warning C4091: 'static ': ignored on left of 'MQ2IntType::IntMembers' when no variable is declared [C:\EQS\Release-NMS-Client\eqgame_dll\eqgame_dll.vcxproj]
  (compiling source file 'MQ2Spawns.cpp')
  
C:\EQS\Release-NMS-Client\eqgame_dll\MQ2DataTypes.h(207,17): warning C4091: 'static ': ignored on left of 'MQ2ArgbType::ArgbMembers' when no variable is declared [C:\EQS\Release-NMS-Client\eqgame_dll\eqgame_dll.vcxproj]
  (compiling source file 'MQ2Spawns.cpp')
  
C:\EQS\Release-NMS-Client\eqgame_dll\MQ2DataTypes.h(284,17): warning C4091: 'static ': ignored on left of 'MQ2StringType::StringMembers' when no variable is declared [C:\EQS\Release-NMS-Client\eqgame_dll\eqgame_dll.vcxproj]
  (compiling source file 'MQ2Spawns.cpp')
  
C:\EQS\Release-NMS-Client\eqgame_dll\MQ2DataTypes.h(360,17): warning C4091: 'static ': ignored on left of 'MQ2FloatType::FloatMembers' when no variable is declared [C:\EQS\Release-NMS-Client\eqgame_dll\eqgame_dll.vcxproj]
  (compiling source file 'MQ2Spawns.cpp')
  
C:\EQS\Release-NMS-Client\eqgame_dll\MQ2DataTypes.h(408,17): warning C4091: 'static ': ignored on left of 'MQ2TicksType::TicksMembers' when no variable is declared [C:\EQS\Release-NMS-Client\eqgame_dll\eqgame_dll.vcxproj]
  (compiling source file 'MQ2Spawns.cpp')
  
C:\EQS\Release-NMS-Client\eqgame_dll\MQ2DataTypes.h(459,17): warning C4091: 'static ': ignored on left of 'MQ2SpawnType::SpawnMembers' when no variable is declared [C:\EQS\Release-NMS-Client\eqgame_dll\eqgame_dll.vcxproj]
  (compiling source file 'MQ2Spawns.cpp')
  
C:\EQS\Release-NMS-Client\eqgame_dll\MQ2DataTypes.h(559,17): warning C4091: 'static ': ignored on left of 'MQ2SpawnType::SpawnMethods' when no variable is declared [C:\EQS\Release-NMS-Client\eqgame_dll\eqgame_dll.vcxproj]
  (compiling source file 'MQ2Spawns.cpp')
  
C:\EQS\Release-NMS-Client\eqgame_dll\MQ2DataTypes.h(729,17): warning C4091: 'static ': ignored on left of 'MQ2CharacterType::CharacterMembers' when no variable is declared [C:\EQS\Release-NMS-Client\eqgame_dll\eqgame_dll.vcxproj]
  (compiling source file 'MQ2Spawns.cpp')
  
C:\EQS\Release-NMS-Client\eqgame_dll\MQ2DataTypes.h(917,17): warning C4091: 'static ': ignored on left of 'MQ2CharacterType::CharacterMethods' when no variable is declared [C:\EQS\Release-NMS-Client\eqgame_dll\eqgame_dll.vcxproj]
  (compiling source file 'MQ2Spawns.cpp')
  
C:\EQS\Release-NMS-Client\eqgame_dll\MQ2DataTypes.h(1158,17): warning C4091: 'static ': ignored on left of 'MQ2SpellType::SpellMembers' when no variable is declared [C:\EQS\Release-NMS-Client\eqgame_dll\eqgame_dll.vcxproj]
  (compiling source file 'MQ2Spawns.cpp')
  
C:\EQS\Release-NMS-Client\eqgame_dll\MQ2DataTypes.h(1188,17): warning C4091: 'static ': ignored on left of 'MQ2SpellType::SpellMethods' when no variable is declared [C:\EQS\Release-NMS-Client\eqgame_dll\eqgame_dll.vcxproj]
  (compiling source file 'MQ2Spawns.cpp')
  
C:\EQS\Release-NMS-Client\eqgame_dll\MQ2DataTypes.h(1262,17): warning C4091: 'static ': ignored on left of 'MQ2BuffType::BuffMembers' when no variable is declared [C:\EQS\Release-NMS-Client\eqgame_dll\eqgame_dll.vcxproj]
  (compiling source file 'MQ2Spawns.cpp')
  
C:\EQS\Release-NMS-Client\eqgame_dll\MQ2DataTypes.h(1272,17): warning C4091: 'static ': ignored on left of 'MQ2BuffType::BuffMethods' when no variable is declared [C:\EQS\Release-NMS-Client\eqgame_dll\eqgame_dll.vcxproj]
  (compiling source file 'MQ2Spawns.cpp')
  
C:\EQS\Release-NMS-Client\eqgame_dll\MQ2DataTypes.h(1336,17): warning C4091: 'static ': ignored on left of 'MQ2ItemType::ItemMembers' when no variable is declared [C:\EQS\Release-NMS-Client\eqgame_dll\eqgame_dll.vcxproj]
  (compiling source file 'MQ2Spawns.cpp')
  
C:\EQS\Release-NMS-Client\eqgame_dll\MQ2DataTypes.h(1469,17): warning C4091: 'static ': ignored on left of 'MQ2ItemType::ItemMethods' when no variable is declared [C:\EQS\Release-NMS-Client\eqgame_dll\eqgame_dll.vcxproj]
  (compiling source file 'MQ2Spawns.cpp')
  
C:\EQS\Release-NMS-Client\eqgame_dll\MQ2DataTypes.h(1647,17): warning C4091: 'static ': ignored on left of 'MQ2SwitchType::SwitchMembers' when no variable is declared [C:\EQS\Release-NMS-Client\eqgame_dll\eqgame_dll.vcxproj]
  (compiling source file 'MQ2Spawns.cpp')
  
C:\EQS\Release-NMS-Client\eqgame_dll\MQ2DataTypes.h(1670,17): warning C4091: 'static ': ignored on left of 'MQ2SwitchType::SwitchMethods' when no variable is declared [C:\EQS\Release-NMS-Client\eqgame_dll\eqgame_dll.vcxproj]
  (compiling source file 'MQ2Spawns.cpp')
  
C:\EQS\Release-NMS-Client\eqgame_dll\MQ2DataTypes.h(1735,17): warning C4091: 'static ': ignored on left of 'MQ2GroundType::GroundMembers' when no variable is declared [C:\EQS\Release-NMS-Client\eqgame_dll\eqgame_dll.vcxproj]
  (compiling source file 'MQ2Spawns.cpp')
  
C:\EQS\Release-NMS-Client\eqgame_dll\MQ2DataTypes.h(1750,17): warning C4091: 'static ': ignored on left of 'MQ2GroundType::GroundMethods' when no variable is declared [C:\EQS\Release-NMS-Client\eqgame_dll\eqgame_dll.vcxproj]
  (compiling source file 'MQ2Spawns.cpp')
  
C:\EQS\Release-NMS-Client\eqgame_dll\MQ2DataTypes.h(1811,17): warning C4091: 'static ': ignored on left of 'MQ2CorpseType::CorpseMembers' when no variable is declared [C:\EQS\Release-NMS-Client\eqgame_dll\eqgame_dll.vcxproj]
  (compiling source file 'MQ2Spawns.cpp')
  
C:\EQS\Release-NMS-Client\eqgame_dll\MQ2DataTypes.h(1817,17): warning C4091: 'static ': ignored on left of 'MQ2CorpseType::CorpseMethods' when no variable is declared [C:\EQS\Release-NMS-Client\eqgame_dll\eqgame_dll.vcxproj]
  (compiling source file 'MQ2Spawns.cpp')
  
C:\EQS\Release-NMS-Client\eqgame_dll\MQ2DataTypes.h(1860,17): warning C4091: 'static ': ignored on left of 'MQ2MerchantType::MerchantMembers' when no variable is declared [C:\EQS\Release-NMS-Client\eqgame_dll\eqgame_dll.vcxproj]
  (compiling source file 'MQ2Spawns.cpp')
  
C:\EQS\Release-NMS-Client\eqgame_dll\MQ2DataTypes.h(1868,17): warning C4091: 'static ': ignored on left of 'MQ2MerchantType::MerchantMethods' when no variable is declared [C:\EQS\Release-NMS-Client\eqgame_dll\eqgame_dll.vcxproj]
  (compiling source file 'MQ2Spawns.cpp')
  
C:\EQS\Release-NMS-Client\eqgame_dll\MQ2DataTypes.h(1913,17): warning C4091: 'static ': ignored on left of 'MQ2WindowType::WindowMembers' when no variable is declared [C:\EQS\Release-NMS-Client\eqgame_dll\eqgame_dll.vcxproj]
  (compiling source file 'MQ2Spawns.cpp')
  
C:\EQS\Release-NMS-Client\eqgame_dll\MQ2DataTypes.h(1949,17): warning C4091: 'static ': ignored on left of 'MQ2WindowType::WindowMethods' when no variable is declared [C:\EQS\Release-NMS-Client\eqgame_dll\eqgame_dll.vcxproj]
  (compiling source file 'MQ2Spawns.cpp')
  
C:\EQS\Release-NMS-Client\eqgame_dll\MQ2DataTypes.h(2048,17): warning C4091: 'static ': ignored on left of 'MQ2MacroType::MacroMembers' when no variable is declared [C:\EQS\Release-NMS-Client\eqgame_dll\eqgame_dll.vcxproj]
  (compiling source file 'MQ2Spawns.cpp')
  
C:\EQS\Release-NMS-Client\eqgame_dll\MQ2DataTypes.h(2096,17): warning C4091: 'static ': ignored on left of 'MQ2ZoneType::ZoneMembers' when no variable is declared [C:\EQS\Release-NMS-Client\eqgame_dll\eqgame_dll.vcxproj]
  (compiling source file 'MQ2Spawns.cpp')
  
C:\EQS\Release-NMS-Client\eqgame_dll\MQ2DataTypes.h(2143,17): warning C4091: 'static ': ignored on left of 'MQ2CurrentZoneType::CurrentZoneMembers' when no variable is declared [C:\EQS\Release-NMS-Client\eqgame_dll\eqgame_dll.vcxproj]
  (compiling source file 'MQ2Spawns.cpp')
  
C:\EQS\Release-NMS-Client\eqgame_dll\MQ2DataTypes.h(2205,17): warning C4091: 'static ': ignored on left of 'MQ2MacroQuestType::MacroQuestMembers' when no variable is declared [C:\EQS\Release-NMS-Client\eqgame_dll\eqgame_dll.vcxproj]
  (compiling source file 'MQ2Spawns.cpp')
  
C:\EQS\Release-NMS-Client\eqgame_dll\MQ2DataTypes.h(2230,17): warning C4091: 'static ': ignored on left of 'MQ2MacroQuestType::MacroQuestMethods' when no variable is declared [C:\EQS\Release-NMS-Client\eqgame_dll\eqgame_dll.vcxproj]
  (compiling source file 'MQ2Spawns.cpp')
  
C:\EQS\Release-NMS-Client\eqgame_dll\MQ2DataTypes.h(2283,17): warning C4091: 'static ': ignored on left of 'MQ2MathType::MathMembers' when no variable is declared [C:\EQS\Release-NMS-Client\eqgame_dll\eqgame_dll.vcxproj]
  (compiling source file 'MQ2Spawns.cpp')
  
C:\EQS\Release-NMS-Client\eqgame_dll\MQ2DataTypes.h(2341,17): warning C4091: 'static ': ignored on left of 'MQ2RaceType::RaceMembers' when no variable is declared [C:\EQS\Release-NMS-Client\eqgame_dll\eqgame_dll.vcxproj]
  (compiling source file 'MQ2Spawns.cpp')
  
C:\EQS\Release-NMS-Client\eqgame_dll\MQ2DataTypes.h(2379,17): warning C4091: 'static ': ignored on left of 'MQ2ClassType::ClassMembers' when no variable is declared [C:\EQS\Release-NMS-Client\eqgame_dll\eqgame_dll.vcxproj]
  (compiling source file 'MQ2Spawns.cpp')
  
C:\EQS\Release-NMS-Client\eqgame_dll\MQ2DataTypes.h(2434,17): warning C4091: 'static ': ignored on left of 'MQ2BodyType::BodyMembers' when no variable is declared [C:\EQS\Release-NMS-Client\eqgame_dll\eqgame_dll.vcxproj]
  (compiling source file 'MQ2Spawns.cpp')
  
C:\EQS\Release-NMS-Client\eqgame_dll\MQ2DataTypes.h(2471,17): warning C4091: 'static ': ignored on left of 'MQ2DeityType::DeityMembers' when no variable is declared [C:\EQS\Release-NMS-Client\eqgame_dll\eqgame_dll.vcxproj]
  (compiling source file 'MQ2Spawns.cpp')
  
C:\EQS\Release-NMS-Client\eqgame_dll\MQ2DataTypes.h(2511,17): warning C4091: 'static ': ignored on left of 'MQ2TimeType::TimeMembers' when no variable is declared [C:\EQS\Release-NMS-Client\eqgame_dll\eqgame_dll.vcxproj]
  (compiling source file 'MQ2Spawns.cpp')
  
C:\EQS\Release-NMS-Client\eqgame_dll\MQ2DataTypes.h(2586,17): warning C4091: 'static ': ignored on left of 'MQ2TypeType::TypeMembers' when no variable is declared [C:\EQS\Release-NMS-Client\eqgame_dll\eqgame_dll.vcxproj]
  (compiling source file 'MQ2Spawns.cpp')
  
C:\EQS\Release-NMS-Client\eqgame_dll\MQ2DataTypes.h(2624,17): warning C4091: 'static ': ignored on left of 'MQ2HeadingType::HeadingMembers' when no variable is declared [C:\EQS\Release-NMS-Client\eqgame_dll\eqgame_dll.vcxproj]
  (compiling source file 'MQ2Spawns.cpp')
  
C:\EQS\Release-NMS-Client\eqgame_dll\MQ2DataTypes.h(2632,17): warning C4091: 'static ': ignored on left of 'MQ2HeadingType::HeadingMethods' when no variable is declared [C:\EQS\Release-NMS-Client\eqgame_dll\eqgame_dll.vcxproj]
  (compiling source file 'MQ2Spawns.cpp')
  
C:\EQS\Release-NMS-Client\eqgame_dll\MQ2DataTypes.h(2678,17): warning C4091: 'static ': ignored on left of 'MQ2InvSlotType::InvSlotMembers' when no variable is declared [C:\EQS\Release-NMS-Client\eqgame_dll\eqgame_dll.vcxproj]
  (compiling source file 'MQ2Spawns.cpp')
  
C:\EQS\Release-NMS-Client\eqgame_dll\MQ2DataTypes.h(2686,17): warning C4091: 'static ': ignored on left of 'MQ2InvSlotType::InvSlotMethods' when no variable is declared [C:\EQS\Release-NMS-Client\eqgame_dll\eqgame_dll.vcxproj]
  (compiling source file 'MQ2Spawns.cpp')
  
C:\EQS\Release-NMS-Client\eqgame_dll\MQ2DataTypes.h(2740,17): warning C4091: 'static ': ignored on left of 'MQ2PluginType::PluginMembers' when no variable is declared [C:\EQS\Release-NMS-Client\eqgame_dll\eqgame_dll.vcxproj]
  (compiling source file 'MQ2Spawns.cpp')
  
C:\EQS\Release-NMS-Client\eqgame_dll\MQ2DataTypes.h(2782,17): warning C4091: 'static ': ignored on left of 'MQ2BenchmarkType::BenchmarkMembers' when no variable is declared [C:\EQS\Release-NMS-Client\eqgame_dll\eqgame_dll.vcxproj]
  (compiling source file 'MQ2Spawns.cpp')
  
C:\EQS\Release-NMS-Client\eqgame_dll\MQ2DataTypes.h(2828,17): warning C4091: 'static ': ignored on left of 'MQ2SkillType::SkillMembers' when no variable is declared [C:\EQS\Release-NMS-Client\eqgame_dll\eqgame_dll.vcxproj]
  (compiling source file 'MQ2Spawns.cpp')
  
C:\EQS\Release-NMS-Client\eqgame_dll\MQ2DataTypes.h(2838,17): warning C4091: 'static ': ignored on left of 'MQ2SkillType::SkillMethods' when no variable is declared [C:\EQS\Release-NMS-Client\eqgame_dll\eqgame_dll.vcxproj]
  (compiling source file 'MQ2Spawns.cpp')
  
C:\EQS\Release-NMS-Client\eqgame_dll\MQ2DataTypes.h(2887,17): warning C4091: 'static ': ignored on left of 'MQ2AltAbilityType::AltAbilityMembers' when no variable is declared [C:\EQS\Release-NMS-Client\eqgame_dll\eqgame_dll.vcxproj]
  (compiling source file 'MQ2Spawns.cpp')
  
C:\EQS\Release-NMS-Client\eqgame_dll\MQ2DataTypes.h(2904,17): warning C4091: 'static ': ignored on left of 'MQ2AltAbilityType::AltAbilityMethods' when no variable is declared [C:\EQS\Release-NMS-Client\eqgame_dll\eqgame_dll.vcxproj]
  (compiling source file 'MQ2Spawns.cpp')
  
C:\EQS\Release-NMS-Client\eqgame_dll\MQ2DataTypes.h(2949,17): warning C4091: 'static ': ignored on left of 'MQ2TimerType::TimerMembers' when no variable is declared [C:\EQS\Release-NMS-Client\eqgame_dll\eqgame_dll.vcxproj]
  (compiling source file 'MQ2Spawns.cpp')
  
C:\EQS\Release-NMS-Client\eqgame_dll\MQ2DataTypes.h(2954,17): warning C4091: 'static ': ignored on left of 'MQ2TimerType::TimerMethods' when no variable is declared [C:\EQS\Release-NMS-Client\eqgame_dll\eqgame_dll.vcxproj]
  (compiling source file 'MQ2Spawns.cpp')
  
C:\EQS\Release-NMS-Client\eqgame_dll\MQ2DataTypes.h(3051,17): warning C4091: 'static ': ignored on left of 'MQ2ArrayType::ArrayMembers' when no variable is declared [C:\EQS\Release-NMS-Client\eqgame_dll\eqgame_dll.vcxproj]
  (compiling source file 'MQ2Spawns.cpp')
  
C:\EQS\Release-NMS-Client\eqgame_dll\MQ2DataTypes.h(3096,17): warning C4091: 'static ': ignored on left of 'MQ2GroupType::GroupMembers' when no variable is declared [C:\EQS\Release-NMS-Client\eqgame_dll\eqgame_dll.vcxproj]
  (compiling source file 'MQ2Spawns.cpp')
  
C:\EQS\Release-NMS-Client\eqgame_dll\MQ2DataTypes.h(3106,17): warning C4091: 'static ': ignored on left of 'MQ2GroupType::GroupMethods' when no variable is declared [C:\EQS\Release-NMS-Client\eqgame_dll\eqgame_dll.vcxproj]
  (compiling source file 'MQ2Spawns.cpp')
  
C:\EQS\Release-NMS-Client\eqgame_dll\MQ2DataTypes.h(3141,17): warning C4091: 'static ': ignored on left of 'MQ2GroupMemberType::GroupMemberMembers' when no variable is declared [C:\EQS\Release-NMS-Client\eqgame_dll\eqgame_dll.vcxproj]
  (compiling source file 'MQ2Spawns.cpp')
  
C:\EQS\Release-NMS-Client\eqgame_dll\MQ2DataTypes.h(3153,17): warning C4091: 'static ': ignored on left of 'MQ2GroupMemberType::GroupMemberMethods' when no variable is declared [C:\EQS\Release-NMS-Client\eqgame_dll\eqgame_dll.vcxproj]
  (compiling source file 'MQ2Spawns.cpp')
  
C:\EQS\Release-NMS-Client\eqgame_dll\MQ2DataTypes.h(3195,17): warning C4091: 'static ': ignored on left of 'MQ2RaidType::RaidMembers' when no variable is declared [C:\EQS\Release-NMS-Client\eqgame_dll\eqgame_dll.vcxproj]
  (compiling source file 'MQ2Spawns.cpp')
  
C:\EQS\Release-NMS-Client\eqgame_dll\MQ2DataTypes.h(3210,17): warning C4091: 'static ': ignored on left of 'MQ2RaidType::RaidMethods' when no variable is declared [C:\EQS\Release-NMS-Client\eqgame_dll\eqgame_dll.vcxproj]
  (compiling source file 'MQ2Spawns.cpp')
  
C:\EQS\Release-NMS-Client\eqgame_dll\MQ2DataTypes.h(3254,17): warning C4091: 'static ': ignored on left of 'MQ2RaidMemberType::RaidMemberMembers' when no variable is declared [C:\EQS\Release-NMS-Client\eqgame_dll\eqgame_dll.vcxproj]
  (compiling source file 'MQ2Spawns.cpp')
  
C:\EQS\Release-NMS-Client\eqgame_dll\MQ2DataTypes.h(3265,17): warning C4091: 'static ': ignored on left of 'MQ2RaidMemberType::RaidMemberMethods' when no variable is declared [C:\EQS\Release-NMS-Client\eqgame_dll\eqgame_dll.vcxproj]
  (compiling source file 'MQ2Spawns.cpp')
  
C:\EQS\Release-NMS-Client\eqgame_dll\MQ2DataTypes.h(3314,17): warning C4091: 'static ': ignored on left of 'MQ2EvolvingItemType::EvolvingItemMembers' when no variable is declared [C:\EQS\Release-NMS-Client\eqgame_dll\eqgame_dll.vcxproj]
  (compiling source file 'MQ2Spawns.cpp')
  
C:\EQS\Release-NMS-Client\eqgame_dll\MQ2DataTypes.h(3356,17): warning C4091: 'static ': ignored on left of 'MQ2DynamicZoneType::DynamicZoneMembers' when no variable is declared [C:\EQS\Release-NMS-Client\eqgame_dll\eqgame_dll.vcxproj]
  (compiling source file 'MQ2Spawns.cpp')
  
C:\EQS\Release-NMS-Client\eqgame_dll\MQ2DataTypes.h(3398,17): warning C4091: 'static ': ignored on left of 'MQ2DZMemberType::DZMemberTypeMembers' when no variable is declared [C:\EQS\Release-NMS-Client\eqgame_dll\eqgame_dll.vcxproj]
  (compiling source file 'MQ2Spawns.cpp')
  
C:\EQS\Release-NMS-Client\eqgame_dll\MQ2DataTypes.h(3430,17): warning C4091: 'static ': ignored on left of 'MQ2FellowshipType::FellowshipTypeMembers' when no variable is declared [C:\EQS\Release-NMS-Client\eqgame_dll\eqgame_dll.vcxproj]
  (compiling source file 'MQ2Spawns.cpp')
  
C:\EQS\Release-NMS-Client\eqgame_dll\MQ2DataTypes.h(3483,17): warning C4091: 'static ': ignored on left of 'MQ2FellowshipMemberType::FMTypeMembers' when no variable is declared [C:\EQS\Release-NMS-Client\eqgame_dll\eqgame_dll.vcxproj]
  (compiling source file 'MQ2Spawns.cpp')
  
C:\EQS\Release-NMS-Client\eqgame_dll\MQ2DataTypes.h(3521,17): warning C4091: 'static ': ignored on left of 'MQ2FriendsType::FriendsMembers' when no variable is declared [C:\EQS\Release-NMS-Client\eqgame_dll\eqgame_dll.vcxproj]
  (compiling source file 'MQ2Spawns.cpp')
  
C:\EQS\Release-NMS-Client\eqgame_dll\MQ2DataTypes.h(3525,17): warning C4091: 'static ': ignored on left of 'MQ2FriendsType::FriendsMethods' when no variable is declared [C:\EQS\Release-NMS-Client\eqgame_dll\eqgame_dll.vcxproj]
  (compiling source file 'MQ2Spawns.cpp')
  
C:\EQS\Release-NMS-Client\eqgame_dll\MQ2DataTypes.h(3564,17): warning C4091: 'static ': ignored on left of 'MQ2TargetType::TargetMembers' when no variable is declared [C:\EQS\Release-NMS-Client\eqgame_dll\eqgame_dll.vcxproj]
  (compiling source file 'MQ2Spawns.cpp')
  
C:\EQS\Release-NMS-Client\eqgame_dll\MQ2DataTypes.h(3644,17): warning C4091: 'static ': ignored on left of 'MQ2XTargetType::xTargetMembers' when no variable is declared [C:\EQS\Release-NMS-Client\eqgame_dll\eqgame_dll.vcxproj]
  (compiling source file 'MQ2Spawns.cpp')
  
C:\EQS\Release-NMS-Client\eqgame_dll\MQ2Main.h(776,7): warning C4200: nonstandard extension used: zero-sized array in struct/union [C:\EQS\Release-NMS-Client\eqgame_dll\eqgame_dll.vcxproj]
  (compiling source file 'MQ2Spawns.cpp')
      C:\EQS\Release-NMS-Client\eqgame_dll\MQ2Main.h(776,7):
      This member will be ignored by a defaulted constructor or copy/move assignment operator
  
C:\EQS\Release-NMS-Client\eqgame_dll\EQData.h(440,14): warning C4091: 'typedef ': ignored on left of 'EQData::MaterialType' when no variable is declared [C:\EQS\Release-NMS-Client\eqgame_dll\eqgame_dll.vcxproj]
  (compiling source file 'MQ2Utilities.cpp')
  
C:\EQS\Release-NMS-Client\eqgame_dll\EQData.h(440,14): warning C4091: 'typedef ': ignored on left of 'EQData::MaterialType' when no variable is declared [C:\EQS\Release-NMS-Client\eqgame_dll\eqgame_dll.vcxproj]
  (compiling source file 'MQ2Windows.cpp')
  
C:\EQS\Release-NMS-Client\eqgame_dll\MQ2Internal.h(105,17): warning C4091: 'static ': ignored on left of 'MQ2Internal::SearchItemFlag' when no variable is declared [C:\EQS\Release-NMS-Client\eqgame_dll\eqgame_dll.vcxproj]
  (compiling source file 'MQ2Utilities.cpp')
  
C:\EQS\Release-NMS-Client\eqgame_dll\MQ2Main.h(23,9): warning C4005: '_WIN32_WINNT': macro redefinition [C:\EQS\Release-NMS-Client\eqgame_dll\eqgame_dll.vcxproj]
  (compiling source file 'who_multiclass.cpp')
      C:\Program Files (x86)\Windows Kits\10\Include\10.0.26100.0\shared\sdkddkver.h(228,10):
      see previous definition of '_WIN32_WINNT'
  
C:\EQS\Release-NMS-Client\eqgame_dll\MQ2DataTypes.h(167,17): warning C4091: 'static ': ignored on left of 'MQ2IntType::IntMembers' when no variable is declared [C:\EQS\Release-NMS-Client\eqgame_dll\eqgame_dll.vcxproj]
  (compiling source file 'MQ2Utilities.cpp')
  
C:\EQS\Release-NMS-Client\eqgame_dll\MQ2DataTypes.h(207,17): warning C4091: 'static ': ignored on left of 'MQ2ArgbType::ArgbMembers' when no variable is declared [C:\EQS\Release-NMS-Client\eqgame_dll\eqgame_dll.vcxproj]
  (compiling source file 'MQ2Utilities.cpp')
  
C:\EQS\Release-NMS-Client\eqgame_dll\MQ2DataTypes.h(284,17): warning C4091: 'static ': ignored on left of 'MQ2StringType::StringMembers' when no variable is declared [C:\EQS\Release-NMS-Client\eqgame_dll\eqgame_dll.vcxproj]
  (compiling source file 'MQ2Utilities.cpp')
  
C:\EQS\Release-NMS-Client\eqgame_dll\MQ2DataTypes.h(360,17): warning C4091: 'static ': ignored on left of 'MQ2FloatType::FloatMembers' when no variable is declared [C:\EQS\Release-NMS-Client\eqgame_dll\eqgame_dll.vcxproj]
  (compiling source file 'MQ2Utilities.cpp')
  
C:\EQS\Release-NMS-Client\eqgame_dll\MQ2DataTypes.h(408,17): warning C4091: 'static ': ignored on left of 'MQ2TicksType::TicksMembers' when no variable is declared [C:\EQS\Release-NMS-Client\eqgame_dll\eqgame_dll.vcxproj]
  (compiling source file 'MQ2Utilities.cpp')
  
C:\EQS\Release-NMS-Client\eqgame_dll\MQ2DataTypes.h(459,17): warning C4091: 'static ': ignored on left of 'MQ2SpawnType::SpawnMembers' when no variable is declared [C:\EQS\Release-NMS-Client\eqgame_dll\eqgame_dll.vcxproj]
  (compiling source file 'MQ2Utilities.cpp')
  
C:\EQS\Release-NMS-Client\eqgame_dll\MQ2DataTypes.h(559,17): warning C4091: 'static ': ignored on left of 'MQ2SpawnType::SpawnMethods' when no variable is declared [C:\EQS\Release-NMS-Client\eqgame_dll\eqgame_dll.vcxproj]
  (compiling source file 'MQ2Utilities.cpp')
  
C:\EQS\Release-NMS-Client\eqgame_dll\MQ2DataTypes.h(729,17): warning C4091: 'static ': ignored on left of 'MQ2CharacterType::CharacterMembers' when no variable is declared [C:\EQS\Release-NMS-Client\eqgame_dll\eqgame_dll.vcxproj]
  (compiling source file 'MQ2Utilities.cpp')
  
C:\EQS\Release-NMS-Client\eqgame_dll\MQ2DataTypes.h(917,17): warning C4091: 'static ': ignored on left of 'MQ2CharacterType::CharacterMethods' when no variable is declared [C:\EQS\Release-NMS-Client\eqgame_dll\eqgame_dll.vcxproj]
  (compiling source file 'MQ2Utilities.cpp')
  
C:\EQS\Release-NMS-Client\eqgame_dll\MQ2DataTypes.h(1158,17): warning C4091: 'static ': ignored on left of 'MQ2SpellType::SpellMembers' when no variable is declared [C:\EQS\Release-NMS-Client\eqgame_dll\eqgame_dll.vcxproj]
  (compiling source file 'MQ2Utilities.cpp')
  
C:\EQS\Release-NMS-Client\eqgame_dll\MQ2DataTypes.h(1188,17): warning C4091: 'static ': ignored on left of 'MQ2SpellType::SpellMethods' when no variable is declared [C:\EQS\Release-NMS-Client\eqgame_dll\eqgame_dll.vcxproj]
  (compiling source file 'MQ2Utilities.cpp')
  
C:\EQS\Release-NMS-Client\eqgame_dll\MQ2DataTypes.h(1262,17): warning C4091: 'static ': ignored on left of 'MQ2BuffType::BuffMembers' when no variable is declared [C:\EQS\Release-NMS-Client\eqgame_dll\eqgame_dll.vcxproj]
  (compiling source file 'MQ2Utilities.cpp')
  
C:\EQS\Release-NMS-Client\eqgame_dll\MQ2DataTypes.h(1272,17): warning C4091: 'static ': ignored on left of 'MQ2BuffType::BuffMethods' when no variable is declared [C:\EQS\Release-NMS-Client\eqgame_dll\eqgame_dll.vcxproj]
  (compiling source file 'MQ2Utilities.cpp')
  
C:\EQS\Release-NMS-Client\eqgame_dll\MQ2DataTypes.h(1336,17): warning C4091: 'static ': ignored on left of 'MQ2ItemType::ItemMembers' when no variable is declared [C:\EQS\Release-NMS-Client\eqgame_dll\eqgame_dll.vcxproj]
  (compiling source file 'MQ2Utilities.cpp')
  
C:\EQS\Release-NMS-Client\eqgame_dll\MQ2DataTypes.h(1469,17): warning C4091: 'static ': ignored on left of 'MQ2ItemType::ItemMethods' when no variable is declared [C:\EQS\Release-NMS-Client\eqgame_dll\eqgame_dll.vcxproj]
  (compiling source file 'MQ2Utilities.cpp')
  
C:\EQS\Release-NMS-Client\eqgame_dll\MQ2DataTypes.h(1647,17): warning C4091: 'static ': ignored on left of 'MQ2SwitchType::SwitchMembers' when no variable is declared [C:\EQS\Release-NMS-Client\eqgame_dll\eqgame_dll.vcxproj]
  (compiling source file 'MQ2Utilities.cpp')
  
C:\EQS\Release-NMS-Client\eqgame_dll\MQ2DataTypes.h(1670,17): warning C4091: 'static ': ignored on left of 'MQ2SwitchType::SwitchMethods' when no variable is declared [C:\EQS\Release-NMS-Client\eqgame_dll\eqgame_dll.vcxproj]
  (compiling source file 'MQ2Utilities.cpp')
  
C:\EQS\Release-NMS-Client\eqgame_dll\MQ2DataTypes.h(1735,17): warning C4091: 'static ': ignored on left of 'MQ2GroundType::GroundMembers' when no variable is declared [C:\EQS\Release-NMS-Client\eqgame_dll\eqgame_dll.vcxproj]
  (compiling source file 'MQ2Utilities.cpp')
  
C:\EQS\Release-NMS-Client\eqgame_dll\MQ2DataTypes.h(1750,17): warning C4091: 'static ': ignored on left of 'MQ2GroundType::GroundMethods' when no variable is declared [C:\EQS\Release-NMS-Client\eqgame_dll\eqgame_dll.vcxproj]
  (compiling source file 'MQ2Utilities.cpp')
  
C:\EQS\Release-NMS-Client\eqgame_dll\MQ2DataTypes.h(1811,17): warning C4091: 'static ': ignored on left of 'MQ2CorpseType::CorpseMembers' when no variable is declared [C:\EQS\Release-NMS-Client\eqgame_dll\eqgame_dll.vcxproj]
  (compiling source file 'MQ2Utilities.cpp')
  
C:\EQS\Release-NMS-Client\eqgame_dll\MQ2DataTypes.h(1817,17): warning C4091: 'static ': ignored on left of 'MQ2CorpseType::CorpseMethods' when no variable is declared [C:\EQS\Release-NMS-Client\eqgame_dll\eqgame_dll.vcxproj]
  (compiling source file 'MQ2Utilities.cpp')
  
C:\EQS\Release-NMS-Client\eqgame_dll\MQ2DataTypes.h(1860,17): warning C4091: 'static ': ignored on left of 'MQ2MerchantType::MerchantMembers' when no variable is declared [C:\EQS\Release-NMS-Client\eqgame_dll\eqgame_dll.vcxproj]
  (compiling source file 'MQ2Utilities.cpp')
  
C:\EQS\Release-NMS-Client\eqgame_dll\MQ2DataTypes.h(1868,17): warning C4091: 'static ': ignored on left of 'MQ2MerchantType::MerchantMethods' when no variable is declared [C:\EQS\Release-NMS-Client\eqgame_dll\eqgame_dll.vcxproj]
  (compiling source file 'MQ2Utilities.cpp')
  
C:\EQS\Release-NMS-Client\eqgame_dll\MQ2DataTypes.h(1913,17): warning C4091: 'static ': ignored on left of 'MQ2WindowType::WindowMembers' when no variable is declared [C:\EQS\Release-NMS-Client\eqgame_dll\eqgame_dll.vcxproj]
  (compiling source file 'MQ2Utilities.cpp')
  
C:\EQS\Release-NMS-Client\eqgame_dll\MQ2DataTypes.h(1949,17): warning C4091: 'static ': ignored on left of 'MQ2WindowType::WindowMethods' when no variable is declared [C:\EQS\Release-NMS-Client\eqgame_dll\eqgame_dll.vcxproj]
  (compiling source file 'MQ2Utilities.cpp')
  
C:\EQS\Release-NMS-Client\eqgame_dll\MQ2DataTypes.h(2048,17): warning C4091: 'static ': ignored on left of 'MQ2MacroType::MacroMembers' when no variable is declared [C:\EQS\Release-NMS-Client\eqgame_dll\eqgame_dll.vcxproj]
  (compiling source file 'MQ2Utilities.cpp')
  
C:\EQS\Release-NMS-Client\eqgame_dll\MQ2DataTypes.h(2096,17): warning C4091: 'static ': ignored on left of 'MQ2ZoneType::ZoneMembers' when no variable is declared [C:\EQS\Release-NMS-Client\eqgame_dll\eqgame_dll.vcxproj]
  (compiling source file 'MQ2Utilities.cpp')
  
C:\EQS\Release-NMS-Client\eqgame_dll\MQ2DataTypes.h(2143,17): warning C4091: 'static ': ignored on left of 'MQ2CurrentZoneType::CurrentZoneMembers' when no variable is declared [C:\EQS\Release-NMS-Client\eqgame_dll\eqgame_dll.vcxproj]
  (compiling source file 'MQ2Utilities.cpp')
  
C:\EQS\Release-NMS-Client\eqgame_dll\MQ2DataTypes.h(2205,17): warning C4091: 'static ': ignored on left of 'MQ2MacroQuestType::MacroQuestMembers' when no variable is declared [C:\EQS\Release-NMS-Client\eqgame_dll\eqgame_dll.vcxproj]
  (compiling source file 'MQ2Utilities.cpp')
  
C:\EQS\Release-NMS-Client\eqgame_dll\MQ2DataTypes.h(2230,17): warning C4091: 'static ': ignored on left of 'MQ2MacroQuestType::MacroQuestMethods' when no variable is declared [C:\EQS\Release-NMS-Client\eqgame_dll\eqgame_dll.vcxproj]
  (compiling source file 'MQ2Utilities.cpp')
  
C:\EQS\Release-NMS-Client\eqgame_dll\MQ2DataTypes.h(2283,17): warning C4091: 'static ': ignored on left of 'MQ2MathType::MathMembers' when no variable is declared [C:\EQS\Release-NMS-Client\eqgame_dll\eqgame_dll.vcxproj]
  (compiling source file 'MQ2Utilities.cpp')
  
C:\EQS\Release-NMS-Client\eqgame_dll\MQ2DataTypes.h(2341,17): warning C4091: 'static ': ignored on left of 'MQ2RaceType::RaceMembers' when no variable is declared [C:\EQS\Release-NMS-Client\eqgame_dll\eqgame_dll.vcxproj]
  (compiling source file 'MQ2Utilities.cpp')
  
C:\EQS\Release-NMS-Client\eqgame_dll\MQ2DataTypes.h(2379,17): warning C4091: 'static ': ignored on left of 'MQ2ClassType::ClassMembers' when no variable is declared [C:\EQS\Release-NMS-Client\eqgame_dll\eqgame_dll.vcxproj]
  (compiling source file 'MQ2Utilities.cpp')
  
C:\EQS\Release-NMS-Client\eqgame_dll\MQ2DataTypes.h(2434,17): warning C4091: 'static ': ignored on left of 'MQ2BodyType::BodyMembers' when no variable is declared [C:\EQS\Release-NMS-Client\eqgame_dll\eqgame_dll.vcxproj]
  (compiling source file 'MQ2Utilities.cpp')
  
C:\EQS\Release-NMS-Client\eqgame_dll\MQ2DataTypes.h(2471,17): warning C4091: 'static ': ignored on left of 'MQ2DeityType::DeityMembers' when no variable is declared [C:\EQS\Release-NMS-Client\eqgame_dll\eqgame_dll.vcxproj]
  (compiling source file 'MQ2Utilities.cpp')
  
C:\EQS\Release-NMS-Client\eqgame_dll\MQ2DataTypes.h(2511,17): warning C4091: 'static ': ignored on left of 'MQ2TimeType::TimeMembers' when no variable is declared [C:\EQS\Release-NMS-Client\eqgame_dll\eqgame_dll.vcxproj]
  (compiling source file 'MQ2Utilities.cpp')
  
C:\EQS\Release-NMS-Client\eqgame_dll\MQ2DataTypes.h(2586,17): warning C4091: 'static ': ignored on left of 'MQ2TypeType::TypeMembers' when no variable is declared [C:\EQS\Release-NMS-Client\eqgame_dll\eqgame_dll.vcxproj]
  (compiling source file 'MQ2Utilities.cpp')
  
C:\EQS\Release-NMS-Client\eqgame_dll\MQ2DataTypes.h(2624,17): warning C4091: 'static ': ignored on left of 'MQ2HeadingType::HeadingMembers' when no variable is declared [C:\EQS\Release-NMS-Client\eqgame_dll\eqgame_dll.vcxproj]
  (compiling source file 'MQ2Utilities.cpp')
  
C:\EQS\Release-NMS-Client\eqgame_dll\MQ2DataTypes.h(2632,17): warning C4091: 'static ': ignored on left of 'MQ2HeadingType::HeadingMethods' when no variable is declared [C:\EQS\Release-NMS-Client\eqgame_dll\eqgame_dll.vcxproj]
  (compiling source file 'MQ2Utilities.cpp')
  
C:\EQS\Release-NMS-Client\eqgame_dll\MQ2DataTypes.h(2678,17): warning C4091: 'static ': ignored on left of 'MQ2InvSlotType::InvSlotMembers' when no variable is declared [C:\EQS\Release-NMS-Client\eqgame_dll\eqgame_dll.vcxproj]
  (compiling source file 'MQ2Utilities.cpp')
  
C:\EQS\Release-NMS-Client\eqgame_dll\MQ2DataTypes.h(2686,17): warning C4091: 'static ': ignored on left of 'MQ2InvSlotType::InvSlotMethods' when no variable is declared [C:\EQS\Release-NMS-Client\eqgame_dll\eqgame_dll.vcxproj]
  (compiling source file 'MQ2Utilities.cpp')
  
C:\EQS\Release-NMS-Client\eqgame_dll\MQ2DataTypes.h(2740,17): warning C4091: 'static ': ignored on left of 'MQ2PluginType::PluginMembers' when no variable is declared [C:\EQS\Release-NMS-Client\eqgame_dll\eqgame_dll.vcxproj]
  (compiling source file 'MQ2Utilities.cpp')
  
C:\EQS\Release-NMS-Client\eqgame_dll\MQ2DataTypes.h(2782,17): warning C4091: 'static ': ignored on left of 'MQ2BenchmarkType::BenchmarkMembers' when no variable is declared [C:\EQS\Release-NMS-Client\eqgame_dll\eqgame_dll.vcxproj]
  (compiling source file 'MQ2Utilities.cpp')
  
C:\EQS\Release-NMS-Client\eqgame_dll\MQ2DataTypes.h(2828,17): warning C4091: 'static ': ignored on left of 'MQ2SkillType::SkillMembers' when no variable is declared [C:\EQS\Release-NMS-Client\eqgame_dll\eqgame_dll.vcxproj]
  (compiling source file 'MQ2Utilities.cpp')
  
C:\EQS\Release-NMS-Client\eqgame_dll\MQ2DataTypes.h(2838,17): warning C4091: 'static ': ignored on left of 'MQ2SkillType::SkillMethods' when no variable is declared [C:\EQS\Release-NMS-Client\eqgame_dll\eqgame_dll.vcxproj]
  (compiling source file 'MQ2Utilities.cpp')
  
C:\EQS\Release-NMS-Client\eqgame_dll\MQ2DataTypes.h(2887,17): warning C4091: 'static ': ignored on left of 'MQ2AltAbilityType::AltAbilityMembers' when no variable is declared [C:\EQS\Release-NMS-Client\eqgame_dll\eqgame_dll.vcxproj]
  (compiling source file 'MQ2Utilities.cpp')
  
C:\EQS\Release-NMS-Client\eqgame_dll\MQ2DataTypes.h(2904,17): warning C4091: 'static ': ignored on left of 'MQ2AltAbilityType::AltAbilityMethods' when no variable is declared [C:\EQS\Release-NMS-Client\eqgame_dll\eqgame_dll.vcxproj]
  (compiling source file 'MQ2Utilities.cpp')
  
C:\EQS\Release-NMS-Client\eqgame_dll\MQ2DataTypes.h(2949,17): warning C4091: 'static ': ignored on left of 'MQ2TimerType::TimerMembers' when no variable is declared [C:\EQS\Release-NMS-Client\eqgame_dll\eqgame_dll.vcxproj]
  (compiling source file 'MQ2Utilities.cpp')
  
C:\EQS\Release-NMS-Client\eqgame_dll\MQ2DataTypes.h(2954,17): warning C4091: 'static ': ignored on left of 'MQ2TimerType::TimerMethods' when no variable is declared [C:\EQS\Release-NMS-Client\eqgame_dll\eqgame_dll.vcxproj]
  (compiling source file 'MQ2Utilities.cpp')
  
C:\EQS\Release-NMS-Client\eqgame_dll\MQ2DataTypes.h(3051,17): warning C4091: 'static ': ignored on left of 'MQ2ArrayType::ArrayMembers' when no variable is declared [C:\EQS\Release-NMS-Client\eqgame_dll\eqgame_dll.vcxproj]
  (compiling source file 'MQ2Utilities.cpp')
  
C:\EQS\Release-NMS-Client\eqgame_dll\MQ2DataTypes.h(3096,17): warning C4091: 'static ': ignored on left of 'MQ2GroupType::GroupMembers' when no variable is declared [C:\EQS\Release-NMS-Client\eqgame_dll\eqgame_dll.vcxproj]
  (compiling source file 'MQ2Utilities.cpp')
  
C:\EQS\Release-NMS-Client\eqgame_dll\MQ2DataTypes.h(3106,17): warning C4091: 'static ': ignored on left of 'MQ2GroupType::GroupMethods' when no variable is declared [C:\EQS\Release-NMS-Client\eqgame_dll\eqgame_dll.vcxproj]
  (compiling source file 'MQ2Utilities.cpp')
  
C:\EQS\Release-NMS-Client\eqgame_dll\MQ2DataTypes.h(3141,17): warning C4091: 'static ': ignored on left of 'MQ2GroupMemberType::GroupMemberMembers' when no variable is declared [C:\EQS\Release-NMS-Client\eqgame_dll\eqgame_dll.vcxproj]
  (compiling source file 'MQ2Utilities.cpp')
  
C:\EQS\Release-NMS-Client\eqgame_dll\MQ2DataTypes.h(3153,17): warning C4091: 'static ': ignored on left of 'MQ2GroupMemberType::GroupMemberMethods' when no variable is declared [C:\EQS\Release-NMS-Client\eqgame_dll\eqgame_dll.vcxproj]
  (compiling source file 'MQ2Utilities.cpp')
  
C:\EQS\Release-NMS-Client\eqgame_dll\MQ2DataTypes.h(3195,17): warning C4091: 'static ': ignored on left of 'MQ2RaidType::RaidMembers' when no variable is declared [C:\EQS\Release-NMS-Client\eqgame_dll\eqgame_dll.vcxproj]
  (compiling source file 'MQ2Utilities.cpp')
  
C:\EQS\Release-NMS-Client\eqgame_dll\MQ2DataTypes.h(3210,17): warning C4091: 'static ': ignored on left of 'MQ2RaidType::RaidMethods' when no variable is declared [C:\EQS\Release-NMS-Client\eqgame_dll\eqgame_dll.vcxproj]
  (compiling source file 'MQ2Utilities.cpp')
  
C:\EQS\Release-NMS-Client\eqgame_dll\MQ2DataTypes.h(3254,17): warning C4091: 'static ': ignored on left of 'MQ2RaidMemberType::RaidMemberMembers' when no variable is declared [C:\EQS\Release-NMS-Client\eqgame_dll\eqgame_dll.vcxproj]
  (compiling source file 'MQ2Utilities.cpp')
  
C:\EQS\Release-NMS-Client\eqgame_dll\MQ2DataTypes.h(3265,17): warning C4091: 'static ': ignored on left of 'MQ2RaidMemberType::RaidMemberMethods' when no variable is declared [C:\EQS\Release-NMS-Client\eqgame_dll\eqgame_dll.vcxproj]
  (compiling source file 'MQ2Utilities.cpp')
  
C:\EQS\Release-NMS-Client\eqgame_dll\MQ2DataTypes.h(3314,17): warning C4091: 'static ': ignored on left of 'MQ2EvolvingItemType::EvolvingItemMembers' when no variable is declared [C:\EQS\Release-NMS-Client\eqgame_dll\eqgame_dll.vcxproj]
  (compiling source file 'MQ2Utilities.cpp')
  
C:\EQS\Release-NMS-Client\eqgame_dll\MQ2DataTypes.h(3356,17): warning C4091: 'static ': ignored on left of 'MQ2DynamicZoneType::DynamicZoneMembers' when no variable is declared [C:\EQS\Release-NMS-Client\eqgame_dll\eqgame_dll.vcxproj]
  (compiling source file 'MQ2Utilities.cpp')
  
C:\EQS\Release-NMS-Client\eqgame_dll\MQ2DataTypes.h(3398,17): warning C4091: 'static ': ignored on left of 'MQ2DZMemberType::DZMemberTypeMembers' when no variable is declared [C:\EQS\Release-NMS-Client\eqgame_dll\eqgame_dll.vcxproj]
  (compiling source file 'MQ2Utilities.cpp')
  
C:\EQS\Release-NMS-Client\eqgame_dll\MQ2DataTypes.h(3430,17): warning C4091: 'static ': ignored on left of 'MQ2FellowshipType::FellowshipTypeMembers' when no variable is declared [C:\EQS\Release-NMS-Client\eqgame_dll\eqgame_dll.vcxproj]
  (compiling source file 'MQ2Utilities.cpp')
  
C:\EQS\Release-NMS-Client\eqgame_dll\MQ2DataTypes.h(3483,17): warning C4091: 'static ': ignored on left of 'MQ2FellowshipMemberType::FMTypeMembers' when no variable is declared [C:\EQS\Release-NMS-Client\eqgame_dll\eqgame_dll.vcxproj]
  (compiling source file 'MQ2Utilities.cpp')
  
C:\EQS\Release-NMS-Client\eqgame_dll\MQ2DataTypes.h(3521,17): warning C4091: 'static ': ignored on left of 'MQ2FriendsType::FriendsMembers' when no variable is declared [C:\EQS\Release-NMS-Client\eqgame_dll\eqgame_dll.vcxproj]
  (compiling source file 'MQ2Utilities.cpp')
  
C:\EQS\Release-NMS-Client\eqgame_dll\MQ2DataTypes.h(3525,17): warning C4091: 'static ': ignored on left of 'MQ2FriendsType::FriendsMethods' when no variable is declared [C:\EQS\Release-NMS-Client\eqgame_dll\eqgame_dll.vcxproj]
  (compiling source file 'MQ2Utilities.cpp')
  
C:\EQS\Release-NMS-Client\eqgame_dll\MQ2DataTypes.h(3564,17): warning C4091: 'static ': ignored on left of 'MQ2TargetType::TargetMembers' when no variable is declared [C:\EQS\Release-NMS-Client\eqgame_dll\eqgame_dll.vcxproj]
  (compiling source file 'MQ2Utilities.cpp')
  
C:\EQS\Release-NMS-Client\eqgame_dll\MQ2DataTypes.h(3644,17): warning C4091: 'static ': ignored on left of 'MQ2XTargetType::xTargetMembers' when no variable is declared [C:\EQS\Release-NMS-Client\eqgame_dll\eqgame_dll.vcxproj]
  (compiling source file 'MQ2Utilities.cpp')
  
C:\EQS\Release-NMS-Client\eqgame_dll\MQ2Main.h(776,7): warning C4200: nonstandard extension used: zero-sized array in struct/union [C:\EQS\Release-NMS-Client\eqgame_dll\eqgame_dll.vcxproj]
  (compiling source file 'MQ2Utilities.cpp')
      C:\EQS\Release-NMS-Client\eqgame_dll\MQ2Main.h(776,7):
      This member will be ignored by a defaulted constructor or copy/move assignment operator
  
C:\EQS\Release-NMS-Client\eqgame_dll\MQ2Internal.h(105,17): warning C4091: 'static ': ignored on left of 'MQ2Internal::SearchItemFlag' when no variable is declared [C:\EQS\Release-NMS-Client\eqgame_dll\eqgame_dll.vcxproj]
  (compiling source file 'MQ2Windows.cpp')
  
C:\EQS\Release-NMS-Client\eqgame_dll\MQ2DataTypes.h(167,17): warning C4091: 'static ': ignored on left of 'MQ2IntType::IntMembers' when no variable is declared [C:\EQS\Release-NMS-Client\eqgame_dll\eqgame_dll.vcxproj]
  (compiling source file 'MQ2Windows.cpp')
  
C:\EQS\Release-NMS-Client\eqgame_dll\MQ2DataTypes.h(207,17): warning C4091: 'static ': ignored on left of 'MQ2ArgbType::ArgbMembers' when no variable is declared [C:\EQS\Release-NMS-Client\eqgame_dll\eqgame_dll.vcxproj]
  (compiling source file 'MQ2Windows.cpp')
  
C:\EQS\Release-NMS-Client\eqgame_dll\MQ2DataTypes.h(284,17): warning C4091: 'static ': ignored on left of 'MQ2StringType::StringMembers' when no variable is declared [C:\EQS\Release-NMS-Client\eqgame_dll\eqgame_dll.vcxproj]
  (compiling source file 'MQ2Windows.cpp')
  
C:\EQS\Release-NMS-Client\eqgame_dll\MQ2DataTypes.h(360,17): warning C4091: 'static ': ignored on left of 'MQ2FloatType::FloatMembers' when no variable is declared [C:\EQS\Release-NMS-Client\eqgame_dll\eqgame_dll.vcxproj]
  (compiling source file 'MQ2Windows.cpp')
  
C:\EQS\Release-NMS-Client\eqgame_dll\MQ2DataTypes.h(408,17): warning C4091: 'static ': ignored on left of 'MQ2TicksType::TicksMembers' when no variable is declared [C:\EQS\Release-NMS-Client\eqgame_dll\eqgame_dll.vcxproj]
  (compiling source file 'MQ2Windows.cpp')
  
C:\EQS\Release-NMS-Client\eqgame_dll\MQ2DataTypes.h(459,17): warning C4091: 'static ': ignored on left of 'MQ2SpawnType::SpawnMembers' when no variable is declared [C:\EQS\Release-NMS-Client\eqgame_dll\eqgame_dll.vcxproj]
  (compiling source file 'MQ2Windows.cpp')
  
C:\EQS\Release-NMS-Client\eqgame_dll\MQ2DataTypes.h(559,17): warning C4091: 'static ': ignored on left of 'MQ2SpawnType::SpawnMethods' when no variable is declared [C:\EQS\Release-NMS-Client\eqgame_dll\eqgame_dll.vcxproj]
  (compiling source file 'MQ2Windows.cpp')
  
C:\EQS\Release-NMS-Client\eqgame_dll\MQ2DataTypes.h(729,17): warning C4091: 'static ': ignored on left of 'MQ2CharacterType::CharacterMembers' when no variable is declared [C:\EQS\Release-NMS-Client\eqgame_dll\eqgame_dll.vcxproj]
  (compiling source file 'MQ2Windows.cpp')
  
C:\EQS\Release-NMS-Client\eqgame_dll\MQ2DataTypes.h(917,17): warning C4091: 'static ': ignored on left of 'MQ2CharacterType::CharacterMethods' when no variable is declared [C:\EQS\Release-NMS-Client\eqgame_dll\eqgame_dll.vcxproj]
  (compiling source file 'MQ2Windows.cpp')
  
C:\EQS\Release-NMS-Client\eqgame_dll\MQ2DataTypes.h(1158,17): warning C4091: 'static ': ignored on left of 'MQ2SpellType::SpellMembers' when no variable is declared [C:\EQS\Release-NMS-Client\eqgame_dll\eqgame_dll.vcxproj]
  (compiling source file 'MQ2Windows.cpp')
  
C:\EQS\Release-NMS-Client\eqgame_dll\MQ2DataTypes.h(1188,17): warning C4091: 'static ': ignored on left of 'MQ2SpellType::SpellMethods' when no variable is declared [C:\EQS\Release-NMS-Client\eqgame_dll\eqgame_dll.vcxproj]
  (compiling source file 'MQ2Windows.cpp')
  
C:\EQS\Release-NMS-Client\eqgame_dll\MQ2DataTypes.h(1262,17): warning C4091: 'static ': ignored on left of 'MQ2BuffType::BuffMembers' when no variable is declared [C:\EQS\Release-NMS-Client\eqgame_dll\eqgame_dll.vcxproj]
  (compiling source file 'MQ2Windows.cpp')
  
C:\EQS\Release-NMS-Client\eqgame_dll\MQ2DataTypes.h(1272,17): warning C4091: 'static ': ignored on left of 'MQ2BuffType::BuffMethods' when no variable is declared [C:\EQS\Release-NMS-Client\eqgame_dll\eqgame_dll.vcxproj]
  (compiling source file 'MQ2Windows.cpp')
  
C:\EQS\Release-NMS-Client\eqgame_dll\MQ2DataTypes.h(1336,17): warning C4091: 'static ': ignored on left of 'MQ2ItemType::ItemMembers' when no variable is declared [C:\EQS\Release-NMS-Client\eqgame_dll\eqgame_dll.vcxproj]
  (compiling source file 'MQ2Windows.cpp')
  
C:\EQS\Release-NMS-Client\eqgame_dll\MQ2DataTypes.h(1469,17): warning C4091: 'static ': ignored on left of 'MQ2ItemType::ItemMethods' when no variable is declared [C:\EQS\Release-NMS-Client\eqgame_dll\eqgame_dll.vcxproj]
  (compiling source file 'MQ2Windows.cpp')
  
C:\EQS\Release-NMS-Client\eqgame_dll\MQ2DataTypes.h(1647,17): warning C4091: 'static ': ignored on left of 'MQ2SwitchType::SwitchMembers' when no variable is declared [C:\EQS\Release-NMS-Client\eqgame_dll\eqgame_dll.vcxproj]
  (compiling source file 'MQ2Windows.cpp')
  
C:\EQS\Release-NMS-Client\eqgame_dll\MQ2DataTypes.h(1670,17): warning C4091: 'static ': ignored on left of 'MQ2SwitchType::SwitchMethods' when no variable is declared [C:\EQS\Release-NMS-Client\eqgame_dll\eqgame_dll.vcxproj]
  (compiling source file 'MQ2Windows.cpp')
  
C:\EQS\Release-NMS-Client\eqgame_dll\MQ2DataTypes.h(1735,17): warning C4091: 'static ': ignored on left of 'MQ2GroundType::GroundMembers' when no variable is declared [C:\EQS\Release-NMS-Client\eqgame_dll\eqgame_dll.vcxproj]
  (compiling source file 'MQ2Windows.cpp')
  
C:\EQS\Release-NMS-Client\eqgame_dll\MQ2DataTypes.h(1750,17): warning C4091: 'static ': ignored on left of 'MQ2GroundType::GroundMethods' when no variable is declared [C:\EQS\Release-NMS-Client\eqgame_dll\eqgame_dll.vcxproj]
  (compiling source file 'MQ2Windows.cpp')
  
C:\EQS\Release-NMS-Client\eqgame_dll\MQ2DataTypes.h(1811,17): warning C4091: 'static ': ignored on left of 'MQ2CorpseType::CorpseMembers' when no variable is declared [C:\EQS\Release-NMS-Client\eqgame_dll\eqgame_dll.vcxproj]
  (compiling source file 'MQ2Windows.cpp')
  
C:\EQS\Release-NMS-Client\eqgame_dll\MQ2DataTypes.h(1817,17): warning C4091: 'static ': ignored on left of 'MQ2CorpseType::CorpseMethods' when no variable is declared [C:\EQS\Release-NMS-Client\eqgame_dll\eqgame_dll.vcxproj]
  (compiling source file 'MQ2Windows.cpp')
  
C:\EQS\Release-NMS-Client\eqgame_dll\MQ2DataTypes.h(1860,17): warning C4091: 'static ': ignored on left of 'MQ2MerchantType::MerchantMembers' when no variable is declared [C:\EQS\Release-NMS-Client\eqgame_dll\eqgame_dll.vcxproj]
  (compiling source file 'MQ2Windows.cpp')
  
C:\EQS\Release-NMS-Client\eqgame_dll\MQ2DataTypes.h(1868,17): warning C4091: 'static ': ignored on left of 'MQ2MerchantType::MerchantMethods' when no variable is declared [C:\EQS\Release-NMS-Client\eqgame_dll\eqgame_dll.vcxproj]
  (compiling source file 'MQ2Windows.cpp')
  
C:\EQS\Release-NMS-Client\eqgame_dll\MQ2DataTypes.h(1913,17): warning C4091: 'static ': ignored on left of 'MQ2WindowType::WindowMembers' when no variable is declared [C:\EQS\Release-NMS-Client\eqgame_dll\eqgame_dll.vcxproj]
  (compiling source file 'MQ2Windows.cpp')
  
C:\EQS\Release-NMS-Client\eqgame_dll\MQ2DataTypes.h(1949,17): warning C4091: 'static ': ignored on left of 'MQ2WindowType::WindowMethods' when no variable is declared [C:\EQS\Release-NMS-Client\eqgame_dll\eqgame_dll.vcxproj]
  (compiling source file 'MQ2Windows.cpp')
  
C:\EQS\Release-NMS-Client\eqgame_dll\MQ2DataTypes.h(2048,17): warning C4091: 'static ': ignored on left of 'MQ2MacroType::MacroMembers' when no variable is declared [C:\EQS\Release-NMS-Client\eqgame_dll\eqgame_dll.vcxproj]
  (compiling source file 'MQ2Windows.cpp')
  
C:\EQS\Release-NMS-Client\eqgame_dll\MQ2DataTypes.h(2096,17): warning C4091: 'static ': ignored on left of 'MQ2ZoneType::ZoneMembers' when no variable is declared [C:\EQS\Release-NMS-Client\eqgame_dll\eqgame_dll.vcxproj]
  (compiling source file 'MQ2Windows.cpp')
  
C:\EQS\Release-NMS-Client\eqgame_dll\MQ2DataTypes.h(2143,17): warning C4091: 'static ': ignored on left of 'MQ2CurrentZoneType::CurrentZoneMembers' when no variable is declared [C:\EQS\Release-NMS-Client\eqgame_dll\eqgame_dll.vcxproj]
  (compiling source file 'MQ2Windows.cpp')
  
C:\EQS\Release-NMS-Client\eqgame_dll\MQ2DataTypes.h(2205,17): warning C4091: 'static ': ignored on left of 'MQ2MacroQuestType::MacroQuestMembers' when no variable is declared [C:\EQS\Release-NMS-Client\eqgame_dll\eqgame_dll.vcxproj]
  (compiling source file 'MQ2Windows.cpp')
  
C:\EQS\Release-NMS-Client\eqgame_dll\MQ2DataTypes.h(2230,17): warning C4091: 'static ': ignored on left of 'MQ2MacroQuestType::MacroQuestMethods' when no variable is declared [C:\EQS\Release-NMS-Client\eqgame_dll\eqgame_dll.vcxproj]
  (compiling source file 'MQ2Windows.cpp')
  
C:\EQS\Release-NMS-Client\eqgame_dll\MQ2DataTypes.h(2283,17): warning C4091: 'static ': ignored on left of 'MQ2MathType::MathMembers' when no variable is declared [C:\EQS\Release-NMS-Client\eqgame_dll\eqgame_dll.vcxproj]
  (compiling source file 'MQ2Windows.cpp')
  
C:\EQS\Release-NMS-Client\eqgame_dll\MQ2DataTypes.h(2341,17): warning C4091: 'static ': ignored on left of 'MQ2RaceType::RaceMembers' when no variable is declared [C:\EQS\Release-NMS-Client\eqgame_dll\eqgame_dll.vcxproj]
  (compiling source file 'MQ2Windows.cpp')
  
C:\EQS\Release-NMS-Client\eqgame_dll\MQ2DataTypes.h(2379,17): warning C4091: 'static ': ignored on left of 'MQ2ClassType::ClassMembers' when no variable is declared [C:\EQS\Release-NMS-Client\eqgame_dll\eqgame_dll.vcxproj]
  (compiling source file 'MQ2Windows.cpp')
  
C:\EQS\Release-NMS-Client\eqgame_dll\MQ2DataTypes.h(2434,17): warning C4091: 'static ': ignored on left of 'MQ2BodyType::BodyMembers' when no variable is declared [C:\EQS\Release-NMS-Client\eqgame_dll\eqgame_dll.vcxproj]
  (compiling source file 'MQ2Windows.cpp')
  
C:\EQS\Release-NMS-Client\eqgame_dll\MQ2DataTypes.h(2471,17): warning C4091: 'static ': ignored on left of 'MQ2DeityType::DeityMembers' when no variable is declared [C:\EQS\Release-NMS-Client\eqgame_dll\eqgame_dll.vcxproj]
  (compiling source file 'MQ2Windows.cpp')
  
C:\EQS\Release-NMS-Client\eqgame_dll\MQ2DataTypes.h(2511,17): warning C4091: 'static ': ignored on left of 'MQ2TimeType::TimeMembers' when no variable is declared [C:\EQS\Release-NMS-Client\eqgame_dll\eqgame_dll.vcxproj]
  (compiling source file 'MQ2Windows.cpp')
  
C:\EQS\Release-NMS-Client\eqgame_dll\MQ2DataTypes.h(2586,17): warning C4091: 'static ': ignored on left of 'MQ2TypeType::TypeMembers' when no variable is declared [C:\EQS\Release-NMS-Client\eqgame_dll\eqgame_dll.vcxproj]
  (compiling source file 'MQ2Windows.cpp')
  
C:\EQS\Release-NMS-Client\eqgame_dll\MQ2DataTypes.h(2624,17): warning C4091: 'static ': ignored on left of 'MQ2HeadingType::HeadingMembers' when no variable is declared [C:\EQS\Release-NMS-Client\eqgame_dll\eqgame_dll.vcxproj]
  (compiling source file 'MQ2Windows.cpp')
  
C:\EQS\Release-NMS-Client\eqgame_dll\MQ2DataTypes.h(2632,17): warning C4091: 'static ': ignored on left of 'MQ2HeadingType::HeadingMethods' when no variable is declared [C:\EQS\Release-NMS-Client\eqgame_dll\eqgame_dll.vcxproj]
  (compiling source file 'MQ2Windows.cpp')
  
C:\EQS\Release-NMS-Client\eqgame_dll\MQ2DataTypes.h(2678,17): warning C4091: 'static ': ignored on left of 'MQ2InvSlotType::InvSlotMembers' when no variable is declared [C:\EQS\Release-NMS-Client\eqgame_dll\eqgame_dll.vcxproj]
  (compiling source file 'MQ2Windows.cpp')
  
C:\EQS\Release-NMS-Client\eqgame_dll\MQ2DataTypes.h(2686,17): warning C4091: 'static ': ignored on left of 'MQ2InvSlotType::InvSlotMethods' when no variable is declared [C:\EQS\Release-NMS-Client\eqgame_dll\eqgame_dll.vcxproj]
  (compiling source file 'MQ2Windows.cpp')
  
C:\EQS\Release-NMS-Client\eqgame_dll\MQ2DataTypes.h(2740,17): warning C4091: 'static ': ignored on left of 'MQ2PluginType::PluginMembers' when no variable is declared [C:\EQS\Release-NMS-Client\eqgame_dll\eqgame_dll.vcxproj]
  (compiling source file 'MQ2Windows.cpp')
  
C:\EQS\Release-NMS-Client\eqgame_dll\MQ2DataTypes.h(2782,17): warning C4091: 'static ': ignored on left of 'MQ2BenchmarkType::BenchmarkMembers' when no variable is declared [C:\EQS\Release-NMS-Client\eqgame_dll\eqgame_dll.vcxproj]
  (compiling source file 'MQ2Windows.cpp')
  
C:\EQS\Release-NMS-Client\eqgame_dll\MQ2DataTypes.h(2828,17): warning C4091: 'static ': ignored on left of 'MQ2SkillType::SkillMembers' when no variable is declared [C:\EQS\Release-NMS-Client\eqgame_dll\eqgame_dll.vcxproj]
  (compiling source file 'MQ2Windows.cpp')
  
C:\EQS\Release-NMS-Client\eqgame_dll\MQ2DataTypes.h(2838,17): warning C4091: 'static ': ignored on left of 'MQ2SkillType::SkillMethods' when no variable is declared [C:\EQS\Release-NMS-Client\eqgame_dll\eqgame_dll.vcxproj]
  (compiling source file 'MQ2Windows.cpp')
  
C:\EQS\Release-NMS-Client\eqgame_dll\MQ2DataTypes.h(2887,17): warning C4091: 'static ': ignored on left of 'MQ2AltAbilityType::AltAbilityMembers' when no variable is declared [C:\EQS\Release-NMS-Client\eqgame_dll\eqgame_dll.vcxproj]
  (compiling source file 'MQ2Windows.cpp')
  
C:\EQS\Release-NMS-Client\eqgame_dll\MQ2DataTypes.h(2904,17): warning C4091: 'static ': ignored on left of 'MQ2AltAbilityType::AltAbilityMethods' when no variable is declared [C:\EQS\Release-NMS-Client\eqgame_dll\eqgame_dll.vcxproj]
  (compiling source file 'MQ2Windows.cpp')
  
C:\EQS\Release-NMS-Client\eqgame_dll\MQ2DataTypes.h(2949,17): warning C4091: 'static ': ignored on left of 'MQ2TimerType::TimerMembers' when no variable is declared [C:\EQS\Release-NMS-Client\eqgame_dll\eqgame_dll.vcxproj]
  (compiling source file 'MQ2Windows.cpp')
  
C:\EQS\Release-NMS-Client\eqgame_dll\MQ2DataTypes.h(2954,17): warning C4091: 'static ': ignored on left of 'MQ2TimerType::TimerMethods' when no variable is declared [C:\EQS\Release-NMS-Client\eqgame_dll\eqgame_dll.vcxproj]
  (compiling source file 'MQ2Windows.cpp')
  
C:\EQS\Release-NMS-Client\eqgame_dll\MQ2DataTypes.h(3051,17): warning C4091: 'static ': ignored on left of 'MQ2ArrayType::ArrayMembers' when no variable is declared [C:\EQS\Release-NMS-Client\eqgame_dll\eqgame_dll.vcxproj]
  (compiling source file 'MQ2Windows.cpp')
  
C:\EQS\Release-NMS-Client\eqgame_dll\MQ2DataTypes.h(3096,17): warning C4091: 'static ': ignored on left of 'MQ2GroupType::GroupMembers' when no variable is declared [C:\EQS\Release-NMS-Client\eqgame_dll\eqgame_dll.vcxproj]
  (compiling source file 'MQ2Windows.cpp')
  
C:\EQS\Release-NMS-Client\eqgame_dll\MQ2DataTypes.h(3106,17): warning C4091: 'static ': ignored on left of 'MQ2GroupType::GroupMethods' when no variable is declared [C:\EQS\Release-NMS-Client\eqgame_dll\eqgame_dll.vcxproj]
  (compiling source file 'MQ2Windows.cpp')
  
C:\EQS\Release-NMS-Client\eqgame_dll\MQ2DataTypes.h(3141,17): warning C4091: 'static ': ignored on left of 'MQ2GroupMemberType::GroupMemberMembers' when no variable is declared [C:\EQS\Release-NMS-Client\eqgame_dll\eqgame_dll.vcxproj]
  (compiling source file 'MQ2Windows.cpp')
  
C:\EQS\Release-NMS-Client\eqgame_dll\MQ2DataTypes.h(3153,17): warning C4091: 'static ': ignored on left of 'MQ2GroupMemberType::GroupMemberMethods' when no variable is declared [C:\EQS\Release-NMS-Client\eqgame_dll\eqgame_dll.vcxproj]
  (compiling source file 'MQ2Windows.cpp')
  
C:\EQS\Release-NMS-Client\eqgame_dll\MQ2DataTypes.h(3195,17): warning C4091: 'static ': ignored on left of 'MQ2RaidType::RaidMembers' when no variable is declared [C:\EQS\Release-NMS-Client\eqgame_dll\eqgame_dll.vcxproj]
  (compiling source file 'MQ2Windows.cpp')
  
C:\EQS\Release-NMS-Client\eqgame_dll\MQ2DataTypes.h(3210,17): warning C4091: 'static ': ignored on left of 'MQ2RaidType::RaidMethods' when no variable is declared [C:\EQS\Release-NMS-Client\eqgame_dll\eqgame_dll.vcxproj]
  (compiling source file 'MQ2Windows.cpp')
  
C:\EQS\Release-NMS-Client\eqgame_dll\MQ2DataTypes.h(3254,17): warning C4091: 'static ': ignored on left of 'MQ2RaidMemberType::RaidMemberMembers' when no variable is declared [C:\EQS\Release-NMS-Client\eqgame_dll\eqgame_dll.vcxproj]
  (compiling source file 'MQ2Windows.cpp')
  
C:\EQS\Release-NMS-Client\eqgame_dll\MQ2DataTypes.h(3265,17): warning C4091: 'static ': ignored on left of 'MQ2RaidMemberType::RaidMemberMethods' when no variable is declared [C:\EQS\Release-NMS-Client\eqgame_dll\eqgame_dll.vcxproj]
  (compiling source file 'MQ2Windows.cpp')
  
C:\EQS\Release-NMS-Client\eqgame_dll\MQ2DataTypes.h(3314,17): warning C4091: 'static ': ignored on left of 'MQ2EvolvingItemType::EvolvingItemMembers' when no variable is declared [C:\EQS\Release-NMS-Client\eqgame_dll\eqgame_dll.vcxproj]
  (compiling source file 'MQ2Windows.cpp')
  
C:\EQS\Release-NMS-Client\eqgame_dll\MQ2DataTypes.h(3356,17): warning C4091: 'static ': ignored on left of 'MQ2DynamicZoneType::DynamicZoneMembers' when no variable is declared [C:\EQS\Release-NMS-Client\eqgame_dll\eqgame_dll.vcxproj]
  (compiling source file 'MQ2Windows.cpp')
  
C:\EQS\Release-NMS-Client\eqgame_dll\MQ2DataTypes.h(3398,17): warning C4091: 'static ': ignored on left of 'MQ2DZMemberType::DZMemberTypeMembers' when no variable is declared [C:\EQS\Release-NMS-Client\eqgame_dll\eqgame_dll.vcxproj]
  (compiling source file 'MQ2Windows.cpp')
  
C:\EQS\Release-NMS-Client\eqgame_dll\MQ2DataTypes.h(3430,17): warning C4091: 'static ': ignored on left of 'MQ2FellowshipType::FellowshipTypeMembers' when no variable is declared [C:\EQS\Release-NMS-Client\eqgame_dll\eqgame_dll.vcxproj]
  (compiling source file 'MQ2Windows.cpp')
  
C:\EQS\Release-NMS-Client\eqgame_dll\MQ2DataTypes.h(3483,17): warning C4091: 'static ': ignored on left of 'MQ2FellowshipMemberType::FMTypeMembers' when no variable is declared [C:\EQS\Release-NMS-Client\eqgame_dll\eqgame_dll.vcxproj]
  (compiling source file 'MQ2Windows.cpp')
  
C:\EQS\Release-NMS-Client\eqgame_dll\MQ2DataTypes.h(3521,17): warning C4091: 'static ': ignored on left of 'MQ2FriendsType::FriendsMembers' when no variable is declared [C:\EQS\Release-NMS-Client\eqgame_dll\eqgame_dll.vcxproj]
  (compiling source file 'MQ2Windows.cpp')
  
C:\EQS\Release-NMS-Client\eqgame_dll\MQ2DataTypes.h(3525,17): warning C4091: 'static ': ignored on left of 'MQ2FriendsType::FriendsMethods' when no variable is declared [C:\EQS\Release-NMS-Client\eqgame_dll\eqgame_dll.vcxproj]
  (compiling source file 'MQ2Windows.cpp')
  
C:\EQS\Release-NMS-Client\eqgame_dll\MQ2DataTypes.h(3564,17): warning C4091: 'static ': ignored on left of 'MQ2TargetType::TargetMembers' when no variable is declared [C:\EQS\Release-NMS-Client\eqgame_dll\eqgame_dll.vcxproj]
  (compiling source file 'MQ2Windows.cpp')
  
C:\EQS\Release-NMS-Client\eqgame_dll\MQ2DataTypes.h(3644,17): warning C4091: 'static ': ignored on left of 'MQ2XTargetType::xTargetMembers' when no variable is declared [C:\EQS\Release-NMS-Client\eqgame_dll\eqgame_dll.vcxproj]
  (compiling source file 'MQ2Windows.cpp')
  
C:\EQS\Release-NMS-Client\eqgame_dll\RECTF.h(3,16): warning C4091: 'typedef ': ignored on left of 'RECTF' when no variable is declared [C:\EQS\Release-NMS-Client\eqgame_dll\eqgame_dll.vcxproj]
  (compiling source file 'Sprite.cpp')
  
C:\EQS\Release-NMS-Client\eqgame_dll\MQ2Main.h(23,9): warning C4005: '_WIN32_WINNT': macro redefinition [C:\EQS\Release-NMS-Client\eqgame_dll\eqgame_dll.vcxproj]
  (compiling source file 'Sprite.cpp')
      C:\Program Files (x86)\Windows Kits\10\Include\10.0.26100.0\shared\sdkddkver.h(228,10):
      see previous definition of '_WIN32_WINNT'
  
C:\EQS\Release-NMS-Client\eqgame_dll\MQ2Main.h(776,7): warning C4200: nonstandard extension used: zero-sized array in struct/union [C:\EQS\Release-NMS-Client\eqgame_dll\eqgame_dll.vcxproj]
  (compiling source file 'MQ2Windows.cpp')
      C:\EQS\Release-NMS-Client\eqgame_dll\MQ2Main.h(776,7):
      This member will be ignored by a defaulted constructor or copy/move assignment operator
  
C:\EQS\Release-NMS-Client\eqgame_dll\RECTF.h(3,16): warning C4091: 'typedef ': ignored on left of 'RECTF' when no variable is declared [C:\EQS\Release-NMS-Client\eqgame_dll\eqgame_dll.vcxproj]
  (compiling source file 'Text.cpp')
  
C:\EQS\Release-NMS-Client\eqgame_dll\MQ2Main.h(23,9): warning C4005: '_WIN32_WINNT': macro redefinition [C:\EQS\Release-NMS-Client\eqgame_dll\eqgame_dll.vcxproj]
  (compiling source file 'Text.cpp')
      C:\Program Files (x86)\Windows Kits\10\Include\10.0.26100.0\shared\sdkddkver.h(228,10):
      see previous definition of '_WIN32_WINNT'
  
C:\EQS\Release-NMS-Client\eqgame_dll\EQData.h(440,14): warning C4091: 'typedef ': ignored on left of 'EQData::MaterialType' when no variable is declared [C:\EQS\Release-NMS-Client\eqgame_dll\eqgame_dll.vcxproj]
  (compiling source file 'waypoint_window.cpp')
  
C:\EQS\Release-NMS-Client\eqgame_dll\MQ2Internal.h(105,17): warning C4091: 'static ': ignored on left of 'MQ2Internal::SearchItemFlag' when no variable is declared [C:\EQS\Release-NMS-Client\eqgame_dll\eqgame_dll.vcxproj]
  (compiling source file 'waypoint_window.cpp')
  
C:\EQS\Release-NMS-Client\eqgame_dll\EQData.h(440,14): warning C4091: 'typedef ': ignored on left of 'EQData::MaterialType' when no variable is declared [C:\EQS\Release-NMS-Client\eqgame_dll\eqgame_dll.vcxproj]
  (compiling source file 'Sprite.cpp')
  
C:\EQS\Release-NMS-Client\eqgame_dll\MQ2DataTypes.h(167,17): warning C4091: 'static ': ignored on left of 'MQ2IntType::IntMembers' when no variable is declared [C:\EQS\Release-NMS-Client\eqgame_dll\eqgame_dll.vcxproj]
  (compiling source file 'waypoint_window.cpp')
  
C:\EQS\Release-NMS-Client\eqgame_dll\MQ2DataTypes.h(207,17): warning C4091: 'static ': ignored on left of 'MQ2ArgbType::ArgbMembers' when no variable is declared [C:\EQS\Release-NMS-Client\eqgame_dll\eqgame_dll.vcxproj]
  (compiling source file 'waypoint_window.cpp')
  
C:\EQS\Release-NMS-Client\eqgame_dll\MQ2DataTypes.h(284,17): warning C4091: 'static ': ignored on left of 'MQ2StringType::StringMembers' when no variable is declared [C:\EQS\Release-NMS-Client\eqgame_dll\eqgame_dll.vcxproj]
  (compiling source file 'waypoint_window.cpp')
  
C:\EQS\Release-NMS-Client\eqgame_dll\MQ2DataTypes.h(360,17): warning C4091: 'static ': ignored on left of 'MQ2FloatType::FloatMembers' when no variable is declared [C:\EQS\Release-NMS-Client\eqgame_dll\eqgame_dll.vcxproj]
  (compiling source file 'waypoint_window.cpp')
  
C:\EQS\Release-NMS-Client\eqgame_dll\MQ2DataTypes.h(408,17): warning C4091: 'static ': ignored on left of 'MQ2TicksType::TicksMembers' when no variable is declared [C:\EQS\Release-NMS-Client\eqgame_dll\eqgame_dll.vcxproj]
  (compiling source file 'waypoint_window.cpp')
  
C:\EQS\Release-NMS-Client\eqgame_dll\MQ2DataTypes.h(459,17): warning C4091: 'static ': ignored on left of 'MQ2SpawnType::SpawnMembers' when no variable is declared [C:\EQS\Release-NMS-Client\eqgame_dll\eqgame_dll.vcxproj]
  (compiling source file 'waypoint_window.cpp')
  
C:\EQS\Release-NMS-Client\eqgame_dll\MQ2DataTypes.h(559,17): warning C4091: 'static ': ignored on left of 'MQ2SpawnType::SpawnMethods' when no variable is declared [C:\EQS\Release-NMS-Client\eqgame_dll\eqgame_dll.vcxproj]
  (compiling source file 'waypoint_window.cpp')
  
C:\EQS\Release-NMS-Client\eqgame_dll\MQ2DataTypes.h(729,17): warning C4091: 'static ': ignored on left of 'MQ2CharacterType::CharacterMembers' when no variable is declared [C:\EQS\Release-NMS-Client\eqgame_dll\eqgame_dll.vcxproj]
  (compiling source file 'waypoint_window.cpp')
  
C:\EQS\Release-NMS-Client\eqgame_dll\MQ2DataTypes.h(917,17): warning C4091: 'static ': ignored on left of 'MQ2CharacterType::CharacterMethods' when no variable is declared [C:\EQS\Release-NMS-Client\eqgame_dll\eqgame_dll.vcxproj]
  (compiling source file 'waypoint_window.cpp')
  
C:\EQS\Release-NMS-Client\eqgame_dll\MQ2DataTypes.h(1158,17): warning C4091: 'static ': ignored on left of 'MQ2SpellType::SpellMembers' when no variable is declared [C:\EQS\Release-NMS-Client\eqgame_dll\eqgame_dll.vcxproj]
  (compiling source file 'waypoint_window.cpp')
  
C:\EQS\Release-NMS-Client\eqgame_dll\MQ2DataTypes.h(1188,17): warning C4091: 'static ': ignored on left of 'MQ2SpellType::SpellMethods' when no variable is declared [C:\EQS\Release-NMS-Client\eqgame_dll\eqgame_dll.vcxproj]
  (compiling source file 'waypoint_window.cpp')
  
C:\EQS\Release-NMS-Client\eqgame_dll\MQ2DataTypes.h(1262,17): warning C4091: 'static ': ignored on left of 'MQ2BuffType::BuffMembers' when no variable is declared [C:\EQS\Release-NMS-Client\eqgame_dll\eqgame_dll.vcxproj]
  (compiling source file 'waypoint_window.cpp')
  
C:\EQS\Release-NMS-Client\eqgame_dll\MQ2DataTypes.h(1272,17): warning C4091: 'static ': ignored on left of 'MQ2BuffType::BuffMethods' when no variable is declared [C:\EQS\Release-NMS-Client\eqgame_dll\eqgame_dll.vcxproj]
  (compiling source file 'waypoint_window.cpp')
  
C:\EQS\Release-NMS-Client\eqgame_dll\MQ2DataTypes.h(1336,17): warning C4091: 'static ': ignored on left of 'MQ2ItemType::ItemMembers' when no variable is declared [C:\EQS\Release-NMS-Client\eqgame_dll\eqgame_dll.vcxproj]
  (compiling source file 'waypoint_window.cpp')
  
C:\EQS\Release-NMS-Client\eqgame_dll\MQ2DataTypes.h(1469,17): warning C4091: 'static ': ignored on left of 'MQ2ItemType::ItemMethods' when no variable is declared [C:\EQS\Release-NMS-Client\eqgame_dll\eqgame_dll.vcxproj]
  (compiling source file 'waypoint_window.cpp')
  
C:\EQS\Release-NMS-Client\eqgame_dll\MQ2DataTypes.h(1647,17): warning C4091: 'static ': ignored on left of 'MQ2SwitchType::SwitchMembers' when no variable is declared [C:\EQS\Release-NMS-Client\eqgame_dll\eqgame_dll.vcxproj]
  (compiling source file 'waypoint_window.cpp')
  
C:\EQS\Release-NMS-Client\eqgame_dll\MQ2DataTypes.h(1670,17): warning C4091: 'static ': ignored on left of 'MQ2SwitchType::SwitchMethods' when no variable is declared [C:\EQS\Release-NMS-Client\eqgame_dll\eqgame_dll.vcxproj]
  (compiling source file 'waypoint_window.cpp')
  
C:\EQS\Release-NMS-Client\eqgame_dll\MQ2DataTypes.h(1735,17): warning C4091: 'static ': ignored on left of 'MQ2GroundType::GroundMembers' when no variable is declared [C:\EQS\Release-NMS-Client\eqgame_dll\eqgame_dll.vcxproj]
  (compiling source file 'waypoint_window.cpp')
  
C:\EQS\Release-NMS-Client\eqgame_dll\MQ2DataTypes.h(1750,17): warning C4091: 'static ': ignored on left of 'MQ2GroundType::GroundMethods' when no variable is declared [C:\EQS\Release-NMS-Client\eqgame_dll\eqgame_dll.vcxproj]
  (compiling source file 'waypoint_window.cpp')
  
C:\EQS\Release-NMS-Client\eqgame_dll\MQ2DataTypes.h(1811,17): warning C4091: 'static ': ignored on left of 'MQ2CorpseType::CorpseMembers' when no variable is declared [C:\EQS\Release-NMS-Client\eqgame_dll\eqgame_dll.vcxproj]
  (compiling source file 'waypoint_window.cpp')
  
C:\EQS\Release-NMS-Client\eqgame_dll\MQ2DataTypes.h(1817,17): warning C4091: 'static ': ignored on left of 'MQ2CorpseType::CorpseMethods' when no variable is declared [C:\EQS\Release-NMS-Client\eqgame_dll\eqgame_dll.vcxproj]
  (compiling source file 'waypoint_window.cpp')
  
C:\EQS\Release-NMS-Client\eqgame_dll\MQ2DataTypes.h(1860,17): warning C4091: 'static ': ignored on left of 'MQ2MerchantType::MerchantMembers' when no variable is declared [C:\EQS\Release-NMS-Client\eqgame_dll\eqgame_dll.vcxproj]
  (compiling source file 'waypoint_window.cpp')
  
C:\EQS\Release-NMS-Client\eqgame_dll\MQ2DataTypes.h(1868,17): warning C4091: 'static ': ignored on left of 'MQ2MerchantType::MerchantMethods' when no variable is declared [C:\EQS\Release-NMS-Client\eqgame_dll\eqgame_dll.vcxproj]
  (compiling source file 'waypoint_window.cpp')
  
C:\EQS\Release-NMS-Client\eqgame_dll\MQ2DataTypes.h(1913,17): warning C4091: 'static ': ignored on left of 'MQ2WindowType::WindowMembers' when no variable is declared [C:\EQS\Release-NMS-Client\eqgame_dll\eqgame_dll.vcxproj]
  (compiling source file 'waypoint_window.cpp')
  
C:\EQS\Release-NMS-Client\eqgame_dll\MQ2DataTypes.h(1949,17): warning C4091: 'static ': ignored on left of 'MQ2WindowType::WindowMethods' when no variable is declared [C:\EQS\Release-NMS-Client\eqgame_dll\eqgame_dll.vcxproj]
  (compiling source file 'waypoint_window.cpp')
  
C:\EQS\Release-NMS-Client\eqgame_dll\MQ2DataTypes.h(2048,17): warning C4091: 'static ': ignored on left of 'MQ2MacroType::MacroMembers' when no variable is declared [C:\EQS\Release-NMS-Client\eqgame_dll\eqgame_dll.vcxproj]
  (compiling source file 'waypoint_window.cpp')
  
C:\EQS\Release-NMS-Client\eqgame_dll\MQ2DataTypes.h(2096,17): warning C4091: 'static ': ignored on left of 'MQ2ZoneType::ZoneMembers' when no variable is declared [C:\EQS\Release-NMS-Client\eqgame_dll\eqgame_dll.vcxproj]
  (compiling source file 'waypoint_window.cpp')
  
C:\EQS\Release-NMS-Client\eqgame_dll\MQ2DataTypes.h(2143,17): warning C4091: 'static ': ignored on left of 'MQ2CurrentZoneType::CurrentZoneMembers' when no variable is declared [C:\EQS\Release-NMS-Client\eqgame_dll\eqgame_dll.vcxproj]
  (compiling source file 'waypoint_window.cpp')
  
C:\EQS\Release-NMS-Client\eqgame_dll\MQ2DataTypes.h(2205,17): warning C4091: 'static ': ignored on left of 'MQ2MacroQuestType::MacroQuestMembers' when no variable is declared [C:\EQS\Release-NMS-Client\eqgame_dll\eqgame_dll.vcxproj]
  (compiling source file 'waypoint_window.cpp')
  
C:\EQS\Release-NMS-Client\eqgame_dll\MQ2DataTypes.h(2230,17): warning C4091: 'static ': ignored on left of 'MQ2MacroQuestType::MacroQuestMethods' when no variable is declared [C:\EQS\Release-NMS-Client\eqgame_dll\eqgame_dll.vcxproj]
  (compiling source file 'waypoint_window.cpp')
  
C:\EQS\Release-NMS-Client\eqgame_dll\MQ2DataTypes.h(2283,17): warning C4091: 'static ': ignored on left of 'MQ2MathType::MathMembers' when no variable is declared [C:\EQS\Release-NMS-Client\eqgame_dll\eqgame_dll.vcxproj]
  (compiling source file 'waypoint_window.cpp')
  
C:\EQS\Release-NMS-Client\eqgame_dll\MQ2DataTypes.h(2341,17): warning C4091: 'static ': ignored on left of 'MQ2RaceType::RaceMembers' when no variable is declared [C:\EQS\Release-NMS-Client\eqgame_dll\eqgame_dll.vcxproj]
  (compiling source file 'waypoint_window.cpp')
  
C:\EQS\Release-NMS-Client\eqgame_dll\MQ2DataTypes.h(2379,17): warning C4091: 'static ': ignored on left of 'MQ2ClassType::ClassMembers' when no variable is declared [C:\EQS\Release-NMS-Client\eqgame_dll\eqgame_dll.vcxproj]
  (compiling source file 'waypoint_window.cpp')
  
C:\EQS\Release-NMS-Client\eqgame_dll\MQ2DataTypes.h(2434,17): warning C4091: 'static ': ignored on left of 'MQ2BodyType::BodyMembers' when no variable is declared [C:\EQS\Release-NMS-Client\eqgame_dll\eqgame_dll.vcxproj]
  (compiling source file 'waypoint_window.cpp')
  
C:\EQS\Release-NMS-Client\eqgame_dll\MQ2DataTypes.h(2471,17): warning C4091: 'static ': ignored on left of 'MQ2DeityType::DeityMembers' when no variable is declared [C:\EQS\Release-NMS-Client\eqgame_dll\eqgame_dll.vcxproj]
  (compiling source file 'waypoint_window.cpp')
  
C:\EQS\Release-NMS-Client\eqgame_dll\MQ2DataTypes.h(2511,17): warning C4091: 'static ': ignored on left of 'MQ2TimeType::TimeMembers' when no variable is declared [C:\EQS\Release-NMS-Client\eqgame_dll\eqgame_dll.vcxproj]
  (compiling source file 'waypoint_window.cpp')
  
C:\EQS\Release-NMS-Client\eqgame_dll\MQ2DataTypes.h(2586,17): warning C4091: 'static ': ignored on left of 'MQ2TypeType::TypeMembers' when no variable is declared [C:\EQS\Release-NMS-Client\eqgame_dll\eqgame_dll.vcxproj]
  (compiling source file 'waypoint_window.cpp')
  
C:\EQS\Release-NMS-Client\eqgame_dll\MQ2DataTypes.h(2624,17): warning C4091: 'static ': ignored on left of 'MQ2HeadingType::HeadingMembers' when no variable is declared [C:\EQS\Release-NMS-Client\eqgame_dll\eqgame_dll.vcxproj]
  (compiling source file 'waypoint_window.cpp')
  
C:\EQS\Release-NMS-Client\eqgame_dll\MQ2DataTypes.h(2632,17): warning C4091: 'static ': ignored on left of 'MQ2HeadingType::HeadingMethods' when no variable is declared [C:\EQS\Release-NMS-Client\eqgame_dll\eqgame_dll.vcxproj]
  (compiling source file 'waypoint_window.cpp')
  
C:\EQS\Release-NMS-Client\eqgame_dll\MQ2DataTypes.h(2678,17): warning C4091: 'static ': ignored on left of 'MQ2InvSlotType::InvSlotMembers' when no variable is declared [C:\EQS\Release-NMS-Client\eqgame_dll\eqgame_dll.vcxproj]
  (compiling source file 'waypoint_window.cpp')
  
C:\EQS\Release-NMS-Client\eqgame_dll\MQ2DataTypes.h(2686,17): warning C4091: 'static ': ignored on left of 'MQ2InvSlotType::InvSlotMethods' when no variable is declared [C:\EQS\Release-NMS-Client\eqgame_dll\eqgame_dll.vcxproj]
  (compiling source file 'waypoint_window.cpp')
  
C:\EQS\Release-NMS-Client\eqgame_dll\MQ2DataTypes.h(2740,17): warning C4091: 'static ': ignored on left of 'MQ2PluginType::PluginMembers' when no variable is declared [C:\EQS\Release-NMS-Client\eqgame_dll\eqgame_dll.vcxproj]
  (compiling source file 'waypoint_window.cpp')
  
C:\EQS\Release-NMS-Client\eqgame_dll\MQ2DataTypes.h(2782,17): warning C4091: 'static ': ignored on left of 'MQ2BenchmarkType::BenchmarkMembers' when no variable is declared [C:\EQS\Release-NMS-Client\eqgame_dll\eqgame_dll.vcxproj]
  (compiling source file 'waypoint_window.cpp')
  
C:\EQS\Release-NMS-Client\eqgame_dll\MQ2DataTypes.h(2828,17): warning C4091: 'static ': ignored on left of 'MQ2SkillType::SkillMembers' when no variable is declared [C:\EQS\Release-NMS-Client\eqgame_dll\eqgame_dll.vcxproj]
  (compiling source file 'waypoint_window.cpp')
  
C:\EQS\Release-NMS-Client\eqgame_dll\MQ2DataTypes.h(2838,17): warning C4091: 'static ': ignored on left of 'MQ2SkillType::SkillMethods' when no variable is declared [C:\EQS\Release-NMS-Client\eqgame_dll\eqgame_dll.vcxproj]
  (compiling source file 'waypoint_window.cpp')
  
C:\EQS\Release-NMS-Client\eqgame_dll\MQ2DataTypes.h(2887,17): warning C4091: 'static ': ignored on left of 'MQ2AltAbilityType::AltAbilityMembers' when no variable is declared [C:\EQS\Release-NMS-Client\eqgame_dll\eqgame_dll.vcxproj]
  (compiling source file 'waypoint_window.cpp')
  
C:\EQS\Release-NMS-Client\eqgame_dll\MQ2DataTypes.h(2904,17): warning C4091: 'static ': ignored on left of 'MQ2AltAbilityType::AltAbilityMethods' when no variable is declared [C:\EQS\Release-NMS-Client\eqgame_dll\eqgame_dll.vcxproj]
  (compiling source file 'waypoint_window.cpp')
  
C:\EQS\Release-NMS-Client\eqgame_dll\MQ2DataTypes.h(2949,17): warning C4091: 'static ': ignored on left of 'MQ2TimerType::TimerMembers' when no variable is declared [C:\EQS\Release-NMS-Client\eqgame_dll\eqgame_dll.vcxproj]
  (compiling source file 'waypoint_window.cpp')
  
C:\EQS\Release-NMS-Client\eqgame_dll\MQ2DataTypes.h(2954,17): warning C4091: 'static ': ignored on left of 'MQ2TimerType::TimerMethods' when no variable is declared [C:\EQS\Release-NMS-Client\eqgame_dll\eqgame_dll.vcxproj]
  (compiling source file 'waypoint_window.cpp')
  
C:\EQS\Release-NMS-Client\eqgame_dll\MQ2DataTypes.h(3051,17): warning C4091: 'static ': ignored on left of 'MQ2ArrayType::ArrayMembers' when no variable is declared [C:\EQS\Release-NMS-Client\eqgame_dll\eqgame_dll.vcxproj]
  (compiling source file 'waypoint_window.cpp')
  
C:\EQS\Release-NMS-Client\eqgame_dll\MQ2DataTypes.h(3096,17): warning C4091: 'static ': ignored on left of 'MQ2GroupType::GroupMembers' when no variable is declared [C:\EQS\Release-NMS-Client\eqgame_dll\eqgame_dll.vcxproj]
  (compiling source file 'waypoint_window.cpp')
  
C:\EQS\Release-NMS-Client\eqgame_dll\MQ2DataTypes.h(3106,17): warning C4091: 'static ': ignored on left of 'MQ2GroupType::GroupMethods' when no variable is declared [C:\EQS\Release-NMS-Client\eqgame_dll\eqgame_dll.vcxproj]
  (compiling source file 'waypoint_window.cpp')
  
C:\EQS\Release-NMS-Client\eqgame_dll\MQ2DataTypes.h(3141,17): warning C4091: 'static ': ignored on left of 'MQ2GroupMemberType::GroupMemberMembers' when no variable is declared [C:\EQS\Release-NMS-Client\eqgame_dll\eqgame_dll.vcxproj]
  (compiling source file 'waypoint_window.cpp')
  
C:\EQS\Release-NMS-Client\eqgame_dll\MQ2DataTypes.h(3153,17): warning C4091: 'static ': ignored on left of 'MQ2GroupMemberType::GroupMemberMethods' when no variable is declared [C:\EQS\Release-NMS-Client\eqgame_dll\eqgame_dll.vcxproj]
  (compiling source file 'waypoint_window.cpp')
  
C:\EQS\Release-NMS-Client\eqgame_dll\MQ2DataTypes.h(3195,17): warning C4091: 'static ': ignored on left of 'MQ2RaidType::RaidMembers' when no variable is declared [C:\EQS\Release-NMS-Client\eqgame_dll\eqgame_dll.vcxproj]
  (compiling source file 'waypoint_window.cpp')
  
C:\EQS\Release-NMS-Client\eqgame_dll\MQ2DataTypes.h(3210,17): warning C4091: 'static ': ignored on left of 'MQ2RaidType::RaidMethods' when no variable is declared [C:\EQS\Release-NMS-Client\eqgame_dll\eqgame_dll.vcxproj]
  (compiling source file 'waypoint_window.cpp')
  
C:\EQS\Release-NMS-Client\eqgame_dll\MQ2DataTypes.h(3254,17): warning C4091: 'static ': ignored on left of 'MQ2RaidMemberType::RaidMemberMembers' when no variable is declared [C:\EQS\Release-NMS-Client\eqgame_dll\eqgame_dll.vcxproj]
  (compiling source file 'waypoint_window.cpp')
  
C:\EQS\Release-NMS-Client\eqgame_dll\MQ2DataTypes.h(3265,17): warning C4091: 'static ': ignored on left of 'MQ2RaidMemberType::RaidMemberMethods' when no variable is declared [C:\EQS\Release-NMS-Client\eqgame_dll\eqgame_dll.vcxproj]
  (compiling source file 'waypoint_window.cpp')
  
C:\EQS\Release-NMS-Client\eqgame_dll\MQ2DataTypes.h(3314,17): warning C4091: 'static ': ignored on left of 'MQ2EvolvingItemType::EvolvingItemMembers' when no variable is declared [C:\EQS\Release-NMS-Client\eqgame_dll\eqgame_dll.vcxproj]
  (compiling source file 'waypoint_window.cpp')
  
C:\EQS\Release-NMS-Client\eqgame_dll\MQ2DataTypes.h(3356,17): warning C4091: 'static ': ignored on left of 'MQ2DynamicZoneType::DynamicZoneMembers' when no variable is declared [C:\EQS\Release-NMS-Client\eqgame_dll\eqgame_dll.vcxproj]
  (compiling source file 'waypoint_window.cpp')
  
C:\EQS\Release-NMS-Client\eqgame_dll\MQ2DataTypes.h(3398,17): warning C4091: 'static ': ignored on left of 'MQ2DZMemberType::DZMemberTypeMembers' when no variable is declared [C:\EQS\Release-NMS-Client\eqgame_dll\eqgame_dll.vcxproj]
  (compiling source file 'waypoint_window.cpp')
  
C:\EQS\Release-NMS-Client\eqgame_dll\MQ2DataTypes.h(3430,17): warning C4091: 'static ': ignored on left of 'MQ2FellowshipType::FellowshipTypeMembers' when no variable is declared [C:\EQS\Release-NMS-Client\eqgame_dll\eqgame_dll.vcxproj]
  (compiling source file 'waypoint_window.cpp')
  
C:\EQS\Release-NMS-Client\eqgame_dll\MQ2DataTypes.h(3483,17): warning C4091: 'static ': ignored on left of 'MQ2FellowshipMemberType::FMTypeMembers' when no variable is declared [C:\EQS\Release-NMS-Client\eqgame_dll\eqgame_dll.vcxproj]
  (compiling source file 'waypoint_window.cpp')
  
C:\EQS\Release-NMS-Client\eqgame_dll\MQ2DataTypes.h(3521,17): warning C4091: 'static ': ignored on left of 'MQ2FriendsType::FriendsMembers' when no variable is declared [C:\EQS\Release-NMS-Client\eqgame_dll\eqgame_dll.vcxproj]
  (compiling source file 'waypoint_window.cpp')
  
C:\EQS\Release-NMS-Client\eqgame_dll\MQ2DataTypes.h(3525,17): warning C4091: 'static ': ignored on left of 'MQ2FriendsType::FriendsMethods' when no variable is declared [C:\EQS\Release-NMS-Client\eqgame_dll\eqgame_dll.vcxproj]
  (compiling source file 'waypoint_window.cpp')
  
C:\EQS\Release-NMS-Client\eqgame_dll\MQ2DataTypes.h(3564,17): warning C4091: 'static ': ignored on left of 'MQ2TargetType::TargetMembers' when no variable is declared [C:\EQS\Release-NMS-Client\eqgame_dll\eqgame_dll.vcxproj]
  (compiling source file 'waypoint_window.cpp')
  
C:\EQS\Release-NMS-Client\eqgame_dll\MQ2DataTypes.h(3644,17): warning C4091: 'static ': ignored on left of 'MQ2XTargetType::xTargetMembers' when no variable is declared [C:\EQS\Release-NMS-Client\eqgame_dll\eqgame_dll.vcxproj]
  (compiling source file 'waypoint_window.cpp')
  
C:\EQS\Release-NMS-Client\eqgame_dll\EQData.h(440,14): warning C4091: 'typedef ': ignored on left of 'EQData::MaterialType' when no variable is declared [C:\EQS\Release-NMS-Client\eqgame_dll\eqgame_dll.vcxproj]
  (compiling source file 'Text.cpp')
  
C:\EQS\Release-NMS-Client\eqgame_dll\MQ2Main.h(776,7): warning C4200: nonstandard extension used: zero-sized array in struct/union [C:\EQS\Release-NMS-Client\eqgame_dll\eqgame_dll.vcxproj]
  (compiling source file 'waypoint_window.cpp')
      C:\EQS\Release-NMS-Client\eqgame_dll\MQ2Main.h(776,7):
      This member will be ignored by a defaulted constructor or copy/move assignment operator
  
C:\EQS\Release-NMS-Client\eqgame_dll\MQ2Internal.h(105,17): warning C4091: 'static ': ignored on left of 'MQ2Internal::SearchItemFlag' when no variable is declared [C:\EQS\Release-NMS-Client\eqgame_dll\eqgame_dll.vcxproj]
  (compiling source file 'Sprite.cpp')
  
C:\EQS\Release-NMS-Client\eqgame_dll\MQ2DataTypes.h(167,17): warning C4091: 'static ': ignored on left of 'MQ2IntType::IntMembers' when no variable is declared [C:\EQS\Release-NMS-Client\eqgame_dll\eqgame_dll.vcxproj]
  (compiling source file 'Sprite.cpp')
  
C:\EQS\Release-NMS-Client\eqgame_dll\MQ2DataTypes.h(207,17): warning C4091: 'static ': ignored on left of 'MQ2ArgbType::ArgbMembers' when no variable is declared [C:\EQS\Release-NMS-Client\eqgame_dll\eqgame_dll.vcxproj]
  (compiling source file 'Sprite.cpp')
  
C:\EQS\Release-NMS-Client\eqgame_dll\MQ2DataTypes.h(284,17): warning C4091: 'static ': ignored on left of 'MQ2StringType::StringMembers' when no variable is declared [C:\EQS\Release-NMS-Client\eqgame_dll\eqgame_dll.vcxproj]
  (compiling source file 'Sprite.cpp')
  
C:\EQS\Release-NMS-Client\eqgame_dll\MQ2DataTypes.h(360,17): warning C4091: 'static ': ignored on left of 'MQ2FloatType::FloatMembers' when no variable is declared [C:\EQS\Release-NMS-Client\eqgame_dll\eqgame_dll.vcxproj]
  (compiling source file 'Sprite.cpp')
  
C:\EQS\Release-NMS-Client\eqgame_dll\MQ2DataTypes.h(408,17): warning C4091: 'static ': ignored on left of 'MQ2TicksType::TicksMembers' when no variable is declared [C:\EQS\Release-NMS-Client\eqgame_dll\eqgame_dll.vcxproj]
  (compiling source file 'Sprite.cpp')
  
C:\EQS\Release-NMS-Client\eqgame_dll\MQ2DataTypes.h(459,17): warning C4091: 'static ': ignored on left of 'MQ2SpawnType::SpawnMembers' when no variable is declared [C:\EQS\Release-NMS-Client\eqgame_dll\eqgame_dll.vcxproj]
  (compiling source file 'Sprite.cpp')
  
C:\EQS\Release-NMS-Client\eqgame_dll\MQ2DataTypes.h(559,17): warning C4091: 'static ': ignored on left of 'MQ2SpawnType::SpawnMethods' when no variable is declared [C:\EQS\Release-NMS-Client\eqgame_dll\eqgame_dll.vcxproj]
  (compiling source file 'Sprite.cpp')
  
C:\EQS\Release-NMS-Client\eqgame_dll\MQ2DataTypes.h(729,17): warning C4091: 'static ': ignored on left of 'MQ2CharacterType::CharacterMembers' when no variable is declared [C:\EQS\Release-NMS-Client\eqgame_dll\eqgame_dll.vcxproj]
  (compiling source file 'Sprite.cpp')
  
C:\EQS\Release-NMS-Client\eqgame_dll\MQ2DataTypes.h(917,17): warning C4091: 'static ': ignored on left of 'MQ2CharacterType::CharacterMethods' when no variable is declared [C:\EQS\Release-NMS-Client\eqgame_dll\eqgame_dll.vcxproj]
  (compiling source file 'Sprite.cpp')
  
C:\EQS\Release-NMS-Client\eqgame_dll\MQ2DataTypes.h(1158,17): warning C4091: 'static ': ignored on left of 'MQ2SpellType::SpellMembers' when no variable is declared [C:\EQS\Release-NMS-Client\eqgame_dll\eqgame_dll.vcxproj]
  (compiling source file 'Sprite.cpp')
  
C:\EQS\Release-NMS-Client\eqgame_dll\MQ2DataTypes.h(1188,17): warning C4091: 'static ': ignored on left of 'MQ2SpellType::SpellMethods' when no variable is declared [C:\EQS\Release-NMS-Client\eqgame_dll\eqgame_dll.vcxproj]
  (compiling source file 'Sprite.cpp')
  
C:\EQS\Release-NMS-Client\eqgame_dll\MQ2DataTypes.h(1262,17): warning C4091: 'static ': ignored on left of 'MQ2BuffType::BuffMembers' when no variable is declared [C:\EQS\Release-NMS-Client\eqgame_dll\eqgame_dll.vcxproj]
  (compiling source file 'Sprite.cpp')
  
C:\EQS\Release-NMS-Client\eqgame_dll\MQ2DataTypes.h(1272,17): warning C4091: 'static ': ignored on left of 'MQ2BuffType::BuffMethods' when no variable is declared [C:\EQS\Release-NMS-Client\eqgame_dll\eqgame_dll.vcxproj]
  (compiling source file 'Sprite.cpp')
  
C:\EQS\Release-NMS-Client\eqgame_dll\MQ2DataTypes.h(1336,17): warning C4091: 'static ': ignored on left of 'MQ2ItemType::ItemMembers' when no variable is declared [C:\EQS\Release-NMS-Client\eqgame_dll\eqgame_dll.vcxproj]
  (compiling source file 'Sprite.cpp')
  
C:\EQS\Release-NMS-Client\eqgame_dll\MQ2DataTypes.h(1469,17): warning C4091: 'static ': ignored on left of 'MQ2ItemType::ItemMethods' when no variable is declared [C:\EQS\Release-NMS-Client\eqgame_dll\eqgame_dll.vcxproj]
  (compiling source file 'Sprite.cpp')
  
C:\EQS\Release-NMS-Client\eqgame_dll\MQ2DataTypes.h(1647,17): warning C4091: 'static ': ignored on left of 'MQ2SwitchType::SwitchMembers' when no variable is declared [C:\EQS\Release-NMS-Client\eqgame_dll\eqgame_dll.vcxproj]
  (compiling source file 'Sprite.cpp')
  
C:\EQS\Release-NMS-Client\eqgame_dll\MQ2DataTypes.h(1670,17): warning C4091: 'static ': ignored on left of 'MQ2SwitchType::SwitchMethods' when no variable is declared [C:\EQS\Release-NMS-Client\eqgame_dll\eqgame_dll.vcxproj]
  (compiling source file 'Sprite.cpp')
  
C:\EQS\Release-NMS-Client\eqgame_dll\MQ2DataTypes.h(1735,17): warning C4091: 'static ': ignored on left of 'MQ2GroundType::GroundMembers' when no variable is declared [C:\EQS\Release-NMS-Client\eqgame_dll\eqgame_dll.vcxproj]
  (compiling source file 'Sprite.cpp')
  
C:\EQS\Release-NMS-Client\eqgame_dll\MQ2DataTypes.h(1750,17): warning C4091: 'static ': ignored on left of 'MQ2GroundType::GroundMethods' when no variable is declared [C:\EQS\Release-NMS-Client\eqgame_dll\eqgame_dll.vcxproj]
  (compiling source file 'Sprite.cpp')
  
C:\EQS\Release-NMS-Client\eqgame_dll\MQ2DataTypes.h(1811,17): warning C4091: 'static ': ignored on left of 'MQ2CorpseType::CorpseMembers' when no variable is declared [C:\EQS\Release-NMS-Client\eqgame_dll\eqgame_dll.vcxproj]
  (compiling source file 'Sprite.cpp')
  
C:\EQS\Release-NMS-Client\eqgame_dll\MQ2DataTypes.h(1817,17): warning C4091: 'static ': ignored on left of 'MQ2CorpseType::CorpseMethods' when no variable is declared [C:\EQS\Release-NMS-Client\eqgame_dll\eqgame_dll.vcxproj]
  (compiling source file 'Sprite.cpp')
  
C:\EQS\Release-NMS-Client\eqgame_dll\MQ2DataTypes.h(1860,17): warning C4091: 'static ': ignored on left of 'MQ2MerchantType::MerchantMembers' when no variable is declared [C:\EQS\Release-NMS-Client\eqgame_dll\eqgame_dll.vcxproj]
  (compiling source file 'Sprite.cpp')
  
C:\EQS\Release-NMS-Client\eqgame_dll\MQ2DataTypes.h(1868,17): warning C4091: 'static ': ignored on left of 'MQ2MerchantType::MerchantMethods' when no variable is declared [C:\EQS\Release-NMS-Client\eqgame_dll\eqgame_dll.vcxproj]
  (compiling source file 'Sprite.cpp')
  
C:\EQS\Release-NMS-Client\eqgame_dll\MQ2DataTypes.h(1913,17): warning C4091: 'static ': ignored on left of 'MQ2WindowType::WindowMembers' when no variable is declared [C:\EQS\Release-NMS-Client\eqgame_dll\eqgame_dll.vcxproj]
  (compiling source file 'Sprite.cpp')
  
C:\EQS\Release-NMS-Client\eqgame_dll\MQ2DataTypes.h(1949,17): warning C4091: 'static ': ignored on left of 'MQ2WindowType::WindowMethods' when no variable is declared [C:\EQS\Release-NMS-Client\eqgame_dll\eqgame_dll.vcxproj]
  (compiling source file 'Sprite.cpp')
  
C:\EQS\Release-NMS-Client\eqgame_dll\MQ2DataTypes.h(2048,17): warning C4091: 'static ': ignored on left of 'MQ2MacroType::MacroMembers' when no variable is declared [C:\EQS\Release-NMS-Client\eqgame_dll\eqgame_dll.vcxproj]
  (compiling source file 'Sprite.cpp')
  
C:\EQS\Release-NMS-Client\eqgame_dll\MQ2DataTypes.h(2096,17): warning C4091: 'static ': ignored on left of 'MQ2ZoneType::ZoneMembers' when no variable is declared [C:\EQS\Release-NMS-Client\eqgame_dll\eqgame_dll.vcxproj]
  (compiling source file 'Sprite.cpp')
  
C:\EQS\Release-NMS-Client\eqgame_dll\MQ2DataTypes.h(2143,17): warning C4091: 'static ': ignored on left of 'MQ2CurrentZoneType::CurrentZoneMembers' when no variable is declared [C:\EQS\Release-NMS-Client\eqgame_dll\eqgame_dll.vcxproj]
  (compiling source file 'Sprite.cpp')
  
C:\EQS\Release-NMS-Client\eqgame_dll\MQ2DataTypes.h(2205,17): warning C4091: 'static ': ignored on left of 'MQ2MacroQuestType::MacroQuestMembers' when no variable is declared [C:\EQS\Release-NMS-Client\eqgame_dll\eqgame_dll.vcxproj]
  (compiling source file 'Sprite.cpp')
  
C:\EQS\Release-NMS-Client\eqgame_dll\MQ2DataTypes.h(2230,17): warning C4091: 'static ': ignored on left of 'MQ2MacroQuestType::MacroQuestMethods' when no variable is declared [C:\EQS\Release-NMS-Client\eqgame_dll\eqgame_dll.vcxproj]
  (compiling source file 'Sprite.cpp')
  
C:\EQS\Release-NMS-Client\eqgame_dll\MQ2DataTypes.h(2283,17): warning C4091: 'static ': ignored on left of 'MQ2MathType::MathMembers' when no variable is declared [C:\EQS\Release-NMS-Client\eqgame_dll\eqgame_dll.vcxproj]
  (compiling source file 'Sprite.cpp')
  
C:\EQS\Release-NMS-Client\eqgame_dll\MQ2DataTypes.h(2341,17): warning C4091: 'static ': ignored on left of 'MQ2RaceType::RaceMembers' when no variable is declared [C:\EQS\Release-NMS-Client\eqgame_dll\eqgame_dll.vcxproj]
  (compiling source file 'Sprite.cpp')
  
C:\EQS\Release-NMS-Client\eqgame_dll\MQ2DataTypes.h(2379,17): warning C4091: 'static ': ignored on left of 'MQ2ClassType::ClassMembers' when no variable is declared [C:\EQS\Release-NMS-Client\eqgame_dll\eqgame_dll.vcxproj]
  (compiling source file 'Sprite.cpp')
  
C:\EQS\Release-NMS-Client\eqgame_dll\MQ2DataTypes.h(2434,17): warning C4091: 'static ': ignored on left of 'MQ2BodyType::BodyMembers' when no variable is declared [C:\EQS\Release-NMS-Client\eqgame_dll\eqgame_dll.vcxproj]
  (compiling source file 'Sprite.cpp')
  
C:\EQS\Release-NMS-Client\eqgame_dll\MQ2DataTypes.h(2471,17): warning C4091: 'static ': ignored on left of 'MQ2DeityType::DeityMembers' when no variable is declared [C:\EQS\Release-NMS-Client\eqgame_dll\eqgame_dll.vcxproj]
  (compiling source file 'Sprite.cpp')
  
C:\EQS\Release-NMS-Client\eqgame_dll\MQ2DataTypes.h(2511,17): warning C4091: 'static ': ignored on left of 'MQ2TimeType::TimeMembers' when no variable is declared [C:\EQS\Release-NMS-Client\eqgame_dll\eqgame_dll.vcxproj]
  (compiling source file 'Sprite.cpp')
  
C:\EQS\Release-NMS-Client\eqgame_dll\MQ2DataTypes.h(2586,17): warning C4091: 'static ': ignored on left of 'MQ2TypeType::TypeMembers' when no variable is declared [C:\EQS\Release-NMS-Client\eqgame_dll\eqgame_dll.vcxproj]
  (compiling source file 'Sprite.cpp')
  
C:\EQS\Release-NMS-Client\eqgame_dll\MQ2DataTypes.h(2624,17): warning C4091: 'static ': ignored on left of 'MQ2HeadingType::HeadingMembers' when no variable is declared [C:\EQS\Release-NMS-Client\eqgame_dll\eqgame_dll.vcxproj]
  (compiling source file 'Sprite.cpp')
  
C:\EQS\Release-NMS-Client\eqgame_dll\MQ2DataTypes.h(2632,17): warning C4091: 'static ': ignored on left of 'MQ2HeadingType::HeadingMethods' when no variable is declared [C:\EQS\Release-NMS-Client\eqgame_dll\eqgame_dll.vcxproj]
  (compiling source file 'Sprite.cpp')
  
C:\EQS\Release-NMS-Client\eqgame_dll\EQData.h(440,14): warning C4091: 'typedef ': ignored on left of 'EQData::MaterialType' when no variable is declared [C:\EQS\Release-NMS-Client\eqgame_dll\eqgame_dll.vcxproj]
  (compiling source file 'who_multiclass.cpp')
  
C:\EQS\Release-NMS-Client\eqgame_dll\MQ2DataTypes.h(2678,17): warning C4091: 'static ': ignored on left of 'MQ2InvSlotType::InvSlotMembers' when no variable is declared [C:\EQS\Release-NMS-Client\eqgame_dll\eqgame_dll.vcxproj]
  (compiling source file 'Sprite.cpp')
  
C:\EQS\Release-NMS-Client\eqgame_dll\MQ2DataTypes.h(2686,17): warning C4091: 'static ': ignored on left of 'MQ2InvSlotType::InvSlotMethods' when no variable is declared [C:\EQS\Release-NMS-Client\eqgame_dll\eqgame_dll.vcxproj]
  (compiling source file 'Sprite.cpp')
  
C:\EQS\Release-NMS-Client\eqgame_dll\MQ2DataTypes.h(2740,17): warning C4091: 'static ': ignored on left of 'MQ2PluginType::PluginMembers' when no variable is declared [C:\EQS\Release-NMS-Client\eqgame_dll\eqgame_dll.vcxproj]
  (compiling source file 'Sprite.cpp')
  
C:\EQS\Release-NMS-Client\eqgame_dll\MQ2DataTypes.h(2782,17): warning C4091: 'static ': ignored on left of 'MQ2BenchmarkType::BenchmarkMembers' when no variable is declared [C:\EQS\Release-NMS-Client\eqgame_dll\eqgame_dll.vcxproj]
  (compiling source file 'Sprite.cpp')
  
C:\EQS\Release-NMS-Client\eqgame_dll\MQ2DataTypes.h(2828,17): warning C4091: 'static ': ignored on left of 'MQ2SkillType::SkillMembers' when no variable is declared [C:\EQS\Release-NMS-Client\eqgame_dll\eqgame_dll.vcxproj]
  (compiling source file 'Sprite.cpp')
  
C:\EQS\Release-NMS-Client\eqgame_dll\MQ2DataTypes.h(2838,17): warning C4091: 'static ': ignored on left of 'MQ2SkillType::SkillMethods' when no variable is declared [C:\EQS\Release-NMS-Client\eqgame_dll\eqgame_dll.vcxproj]
  (compiling source file 'Sprite.cpp')
  
C:\EQS\Release-NMS-Client\eqgame_dll\MQ2DataTypes.h(2887,17): warning C4091: 'static ': ignored on left of 'MQ2AltAbilityType::AltAbilityMembers' when no variable is declared [C:\EQS\Release-NMS-Client\eqgame_dll\eqgame_dll.vcxproj]
  (compiling source file 'Sprite.cpp')
  
C:\EQS\Release-NMS-Client\eqgame_dll\MQ2DataTypes.h(2904,17): warning C4091: 'static ': ignored on left of 'MQ2AltAbilityType::AltAbilityMethods' when no variable is declared [C:\EQS\Release-NMS-Client\eqgame_dll\eqgame_dll.vcxproj]
  (compiling source file 'Sprite.cpp')
  
C:\EQS\Release-NMS-Client\eqgame_dll\MQ2DataTypes.h(2949,17): warning C4091: 'static ': ignored on left of 'MQ2TimerType::TimerMembers' when no variable is declared [C:\EQS\Release-NMS-Client\eqgame_dll\eqgame_dll.vcxproj]
  (compiling source file 'Sprite.cpp')
  
C:\EQS\Release-NMS-Client\eqgame_dll\MQ2DataTypes.h(2954,17): warning C4091: 'static ': ignored on left of 'MQ2TimerType::TimerMethods' when no variable is declared [C:\EQS\Release-NMS-Client\eqgame_dll\eqgame_dll.vcxproj]
  (compiling source file 'Sprite.cpp')
  
C:\EQS\Release-NMS-Client\eqgame_dll\MQ2DataTypes.h(3051,17): warning C4091: 'static ': ignored on left of 'MQ2ArrayType::ArrayMembers' when no variable is declared [C:\EQS\Release-NMS-Client\eqgame_dll\eqgame_dll.vcxproj]
  (compiling source file 'Sprite.cpp')
  
C:\EQS\Release-NMS-Client\eqgame_dll\MQ2DataTypes.h(3096,17): warning C4091: 'static ': ignored on left of 'MQ2GroupType::GroupMembers' when no variable is declared [C:\EQS\Release-NMS-Client\eqgame_dll\eqgame_dll.vcxproj]
  (compiling source file 'Sprite.cpp')
  
C:\EQS\Release-NMS-Client\eqgame_dll\MQ2DataTypes.h(3106,17): warning C4091: 'static ': ignored on left of 'MQ2GroupType::GroupMethods' when no variable is declared [C:\EQS\Release-NMS-Client\eqgame_dll\eqgame_dll.vcxproj]
  (compiling source file 'Sprite.cpp')
  
C:\EQS\Release-NMS-Client\eqgame_dll\MQ2Internal.h(105,17): warning C4091: 'static ': ignored on left of 'MQ2Internal::SearchItemFlag' when no variable is declared [C:\EQS\Release-NMS-Client\eqgame_dll\eqgame_dll.vcxproj]
  (compiling source file 'Text.cpp')
  
C:\EQS\Release-NMS-Client\eqgame_dll\MQ2DataTypes.h(3141,17): warning C4091: 'static ': ignored on left of 'MQ2GroupMemberType::GroupMemberMembers' when no variable is declared [C:\EQS\Release-NMS-Client\eqgame_dll\eqgame_dll.vcxproj]
  (compiling source file 'Sprite.cpp')
  
C:\EQS\Release-NMS-Client\eqgame_dll\MQ2DataTypes.h(3153,17): warning C4091: 'static ': ignored on left of 'MQ2GroupMemberType::GroupMemberMethods' when no variable is declared [C:\EQS\Release-NMS-Client\eqgame_dll\eqgame_dll.vcxproj]
  (compiling source file 'Sprite.cpp')
  
C:\EQS\Release-NMS-Client\eqgame_dll\MQ2DataTypes.h(3195,17): warning C4091: 'static ': ignored on left of 'MQ2RaidType::RaidMembers' when no variable is declared [C:\EQS\Release-NMS-Client\eqgame_dll\eqgame_dll.vcxproj]
  (compiling source file 'Sprite.cpp')
  
C:\EQS\Release-NMS-Client\eqgame_dll\MQ2DataTypes.h(3210,17): warning C4091: 'static ': ignored on left of 'MQ2RaidType::RaidMethods' when no variable is declared [C:\EQS\Release-NMS-Client\eqgame_dll\eqgame_dll.vcxproj]
  (compiling source file 'Sprite.cpp')
  
C:\EQS\Release-NMS-Client\eqgame_dll\MQ2DataTypes.h(3254,17): warning C4091: 'static ': ignored on left of 'MQ2RaidMemberType::RaidMemberMembers' when no variable is declared [C:\EQS\Release-NMS-Client\eqgame_dll\eqgame_dll.vcxproj]
  (compiling source file 'Sprite.cpp')
  
C:\EQS\Release-NMS-Client\eqgame_dll\MQ2DataTypes.h(3265,17): warning C4091: 'static ': ignored on left of 'MQ2RaidMemberType::RaidMemberMethods' when no variable is declared [C:\EQS\Release-NMS-Client\eqgame_dll\eqgame_dll.vcxproj]
  (compiling source file 'Sprite.cpp')
  
C:\EQS\Release-NMS-Client\eqgame_dll\MQ2DataTypes.h(3314,17): warning C4091: 'static ': ignored on left of 'MQ2EvolvingItemType::EvolvingItemMembers' when no variable is declared [C:\EQS\Release-NMS-Client\eqgame_dll\eqgame_dll.vcxproj]
  (compiling source file 'Sprite.cpp')
  
C:\EQS\Release-NMS-Client\eqgame_dll\MQ2DataTypes.h(3356,17): warning C4091: 'static ': ignored on left of 'MQ2DynamicZoneType::DynamicZoneMembers' when no variable is declared [C:\EQS\Release-NMS-Client\eqgame_dll\eqgame_dll.vcxproj]
  (compiling source file 'Sprite.cpp')
  
C:\EQS\Release-NMS-Client\eqgame_dll\MQ2DataTypes.h(3398,17): warning C4091: 'static ': ignored on left of 'MQ2DZMemberType::DZMemberTypeMembers' when no variable is declared [C:\EQS\Release-NMS-Client\eqgame_dll\eqgame_dll.vcxproj]
  (compiling source file 'Sprite.cpp')
  
C:\EQS\Release-NMS-Client\eqgame_dll\MQ2DataTypes.h(3430,17): warning C4091: 'static ': ignored on left of 'MQ2FellowshipType::FellowshipTypeMembers' when no variable is declared [C:\EQS\Release-NMS-Client\eqgame_dll\eqgame_dll.vcxproj]
  (compiling source file 'Sprite.cpp')
  
C:\EQS\Release-NMS-Client\eqgame_dll\MQ2DataTypes.h(3483,17): warning C4091: 'static ': ignored on left of 'MQ2FellowshipMemberType::FMTypeMembers' when no variable is declared [C:\EQS\Release-NMS-Client\eqgame_dll\eqgame_dll.vcxproj]
  (compiling source file 'Sprite.cpp')
  
C:\EQS\Release-NMS-Client\eqgame_dll\MQ2DataTypes.h(3521,17): warning C4091: 'static ': ignored on left of 'MQ2FriendsType::FriendsMembers' when no variable is declared [C:\EQS\Release-NMS-Client\eqgame_dll\eqgame_dll.vcxproj]
  (compiling source file 'Sprite.cpp')
  
C:\EQS\Release-NMS-Client\eqgame_dll\MQ2DataTypes.h(3525,17): warning C4091: 'static ': ignored on left of 'MQ2FriendsType::FriendsMethods' when no variable is declared [C:\EQS\Release-NMS-Client\eqgame_dll\eqgame_dll.vcxproj]
  (compiling source file 'Sprite.cpp')
  
C:\EQS\Release-NMS-Client\eqgame_dll\MQ2DataTypes.h(3564,17): warning C4091: 'static ': ignored on left of 'MQ2TargetType::TargetMembers' when no variable is declared [C:\EQS\Release-NMS-Client\eqgame_dll\eqgame_dll.vcxproj]
  (compiling source file 'Sprite.cpp')
  
C:\EQS\Release-NMS-Client\eqgame_dll\MQ2DataTypes.h(3644,17): warning C4091: 'static ': ignored on left of 'MQ2XTargetType::xTargetMembers' when no variable is declared [C:\EQS\Release-NMS-Client\eqgame_dll\eqgame_dll.vcxproj]
  (compiling source file 'Sprite.cpp')
  
C:\EQS\Release-NMS-Client\eqgame_dll\MQ2Main.h(776,7): warning C4200: nonstandard extension used: zero-sized array in struct/union [C:\EQS\Release-NMS-Client\eqgame_dll\eqgame_dll.vcxproj]
  (compiling source file 'Sprite.cpp')
      C:\EQS\Release-NMS-Client\eqgame_dll\MQ2Main.h(776,7):
      This member will be ignored by a defaulted constructor or copy/move assignment operator
  
C:\EQS\Release-NMS-Client\eqgame_dll\MQ2DataTypes.h(167,17): warning C4091: 'static ': ignored on left of 'MQ2IntType::IntMembers' when no variable is declared [C:\EQS\Release-NMS-Client\eqgame_dll\eqgame_dll.vcxproj]
  (compiling source file 'Text.cpp')
  
C:\EQS\Release-NMS-Client\eqgame_dll\MQ2DataTypes.h(207,17): warning C4091: 'static ': ignored on left of 'MQ2ArgbType::ArgbMembers' when no variable is declared [C:\EQS\Release-NMS-Client\eqgame_dll\eqgame_dll.vcxproj]
  (compiling source file 'Text.cpp')
  
C:\EQS\Release-NMS-Client\eqgame_dll\MQ2DataTypes.h(284,17): warning C4091: 'static ': ignored on left of 'MQ2StringType::StringMembers' when no variable is declared [C:\EQS\Release-NMS-Client\eqgame_dll\eqgame_dll.vcxproj]
  (compiling source file 'Text.cpp')
  
C:\EQS\Release-NMS-Client\eqgame_dll\MQ2DataTypes.h(360,17): warning C4091: 'static ': ignored on left of 'MQ2FloatType::FloatMembers' when no variable is declared [C:\EQS\Release-NMS-Client\eqgame_dll\eqgame_dll.vcxproj]
  (compiling source file 'Text.cpp')
  
C:\EQS\Release-NMS-Client\eqgame_dll\MQ2DataTypes.h(408,17): warning C4091: 'static ': ignored on left of 'MQ2TicksType::TicksMembers' when no variable is declared [C:\EQS\Release-NMS-Client\eqgame_dll\eqgame_dll.vcxproj]
  (compiling source file 'Text.cpp')
  
C:\EQS\Release-NMS-Client\eqgame_dll\MQ2DataTypes.h(459,17): warning C4091: 'static ': ignored on left of 'MQ2SpawnType::SpawnMembers' when no variable is declared [C:\EQS\Release-NMS-Client\eqgame_dll\eqgame_dll.vcxproj]
  (compiling source file 'Text.cpp')
  
C:\EQS\Release-NMS-Client\eqgame_dll\MQ2DataTypes.h(559,17): warning C4091: 'static ': ignored on left of 'MQ2SpawnType::SpawnMethods' when no variable is declared [C:\EQS\Release-NMS-Client\eqgame_dll\eqgame_dll.vcxproj]
  (compiling source file 'Text.cpp')
  
C:\EQS\Release-NMS-Client\eqgame_dll\MQ2DataTypes.h(729,17): warning C4091: 'static ': ignored on left of 'MQ2CharacterType::CharacterMembers' when no variable is declared [C:\EQS\Release-NMS-Client\eqgame_dll\eqgame_dll.vcxproj]
  (compiling source file 'Text.cpp')
  
C:\EQS\Release-NMS-Client\eqgame_dll\MQ2DataTypes.h(917,17): warning C4091: 'static ': ignored on left of 'MQ2CharacterType::CharacterMethods' when no variable is declared [C:\EQS\Release-NMS-Client\eqgame_dll\eqgame_dll.vcxproj]
  (compiling source file 'Text.cpp')
  
C:\EQS\Release-NMS-Client\eqgame_dll\MQ2DataTypes.h(1158,17): warning C4091: 'static ': ignored on left of 'MQ2SpellType::SpellMembers' when no variable is declared [C:\EQS\Release-NMS-Client\eqgame_dll\eqgame_dll.vcxproj]
  (compiling source file 'Text.cpp')
  
C:\EQS\Release-NMS-Client\eqgame_dll\MQ2DataTypes.h(1188,17): warning C4091: 'static ': ignored on left of 'MQ2SpellType::SpellMethods' when no variable is declared [C:\EQS\Release-NMS-Client\eqgame_dll\eqgame_dll.vcxproj]
  (compiling source file 'Text.cpp')
  
C:\EQS\Release-NMS-Client\eqgame_dll\MQ2DataTypes.h(1262,17): warning C4091: 'static ': ignored on left of 'MQ2BuffType::BuffMembers' when no variable is declared [C:\EQS\Release-NMS-Client\eqgame_dll\eqgame_dll.vcxproj]
  (compiling source file 'Text.cpp')
  
C:\EQS\Release-NMS-Client\eqgame_dll\MQ2DataTypes.h(1272,17): warning C4091: 'static ': ignored on left of 'MQ2BuffType::BuffMethods' when no variable is declared [C:\EQS\Release-NMS-Client\eqgame_dll\eqgame_dll.vcxproj]
  (compiling source file 'Text.cpp')
  
C:\EQS\Release-NMS-Client\eqgame_dll\MQ2DataTypes.h(1336,17): warning C4091: 'static ': ignored on left of 'MQ2ItemType::ItemMembers' when no variable is declared [C:\EQS\Release-NMS-Client\eqgame_dll\eqgame_dll.vcxproj]
  (compiling source file 'Text.cpp')
  
C:\EQS\Release-NMS-Client\eqgame_dll\MQ2DataTypes.h(1469,17): warning C4091: 'static ': ignored on left of 'MQ2ItemType::ItemMethods' when no variable is declared [C:\EQS\Release-NMS-Client\eqgame_dll\eqgame_dll.vcxproj]
  (compiling source file 'Text.cpp')
  
C:\EQS\Release-NMS-Client\eqgame_dll\MQ2DataTypes.h(1647,17): warning C4091: 'static ': ignored on left of 'MQ2SwitchType::SwitchMembers' when no variable is declared [C:\EQS\Release-NMS-Client\eqgame_dll\eqgame_dll.vcxproj]
  (compiling source file 'Text.cpp')
  
C:\EQS\Release-NMS-Client\eqgame_dll\MQ2DataTypes.h(1670,17): warning C4091: 'static ': ignored on left of 'MQ2SwitchType::SwitchMethods' when no variable is declared [C:\EQS\Release-NMS-Client\eqgame_dll\eqgame_dll.vcxproj]
  (compiling source file 'Text.cpp')
  
C:\EQS\Release-NMS-Client\eqgame_dll\MQ2DataTypes.h(1735,17): warning C4091: 'static ': ignored on left of 'MQ2GroundType::GroundMembers' when no variable is declared [C:\EQS\Release-NMS-Client\eqgame_dll\eqgame_dll.vcxproj]
  (compiling source file 'Text.cpp')
  
C:\EQS\Release-NMS-Client\eqgame_dll\MQ2DataTypes.h(1750,17): warning C4091: 'static ': ignored on left of 'MQ2GroundType::GroundMethods' when no variable is declared [C:\EQS\Release-NMS-Client\eqgame_dll\eqgame_dll.vcxproj]
  (compiling source file 'Text.cpp')
  
C:\EQS\Release-NMS-Client\eqgame_dll\MQ2DataTypes.h(1811,17): warning C4091: 'static ': ignored on left of 'MQ2CorpseType::CorpseMembers' when no variable is declared [C:\EQS\Release-NMS-Client\eqgame_dll\eqgame_dll.vcxproj]
  (compiling source file 'Text.cpp')
  
C:\EQS\Release-NMS-Client\eqgame_dll\MQ2DataTypes.h(1817,17): warning C4091: 'static ': ignored on left of 'MQ2CorpseType::CorpseMethods' when no variable is declared [C:\EQS\Release-NMS-Client\eqgame_dll\eqgame_dll.vcxproj]
  (compiling source file 'Text.cpp')
  
C:\EQS\Release-NMS-Client\eqgame_dll\MQ2DataTypes.h(1860,17): warning C4091: 'static ': ignored on left of 'MQ2MerchantType::MerchantMembers' when no variable is declared [C:\EQS\Release-NMS-Client\eqgame_dll\eqgame_dll.vcxproj]
  (compiling source file 'Text.cpp')
  
C:\EQS\Release-NMS-Client\eqgame_dll\MQ2DataTypes.h(1868,17): warning C4091: 'static ': ignored on left of 'MQ2MerchantType::MerchantMethods' when no variable is declared [C:\EQS\Release-NMS-Client\eqgame_dll\eqgame_dll.vcxproj]
  (compiling source file 'Text.cpp')
  
C:\EQS\Release-NMS-Client\eqgame_dll\MQ2DataTypes.h(1913,17): warning C4091: 'static ': ignored on left of 'MQ2WindowType::WindowMembers' when no variable is declared [C:\EQS\Release-NMS-Client\eqgame_dll\eqgame_dll.vcxproj]
  (compiling source file 'Text.cpp')
  
C:\EQS\Release-NMS-Client\eqgame_dll\MQ2DataTypes.h(1949,17): warning C4091: 'static ': ignored on left of 'MQ2WindowType::WindowMethods' when no variable is declared [C:\EQS\Release-NMS-Client\eqgame_dll\eqgame_dll.vcxproj]
  (compiling source file 'Text.cpp')
  
C:\EQS\Release-NMS-Client\eqgame_dll\MQ2DataTypes.h(2048,17): warning C4091: 'static ': ignored on left of 'MQ2MacroType::MacroMembers' when no variable is declared [C:\EQS\Release-NMS-Client\eqgame_dll\eqgame_dll.vcxproj]
  (compiling source file 'Text.cpp')
  
C:\EQS\Release-NMS-Client\eqgame_dll\MQ2DataTypes.h(2096,17): warning C4091: 'static ': ignored on left of 'MQ2ZoneType::ZoneMembers' when no variable is declared [C:\EQS\Release-NMS-Client\eqgame_dll\eqgame_dll.vcxproj]
  (compiling source file 'Text.cpp')
  
C:\EQS\Release-NMS-Client\eqgame_dll\MQ2DataTypes.h(2143,17): warning C4091: 'static ': ignored on left of 'MQ2CurrentZoneType::CurrentZoneMembers' when no variable is declared [C:\EQS\Release-NMS-Client\eqgame_dll\eqgame_dll.vcxproj]
  (compiling source file 'Text.cpp')
  
C:\EQS\Release-NMS-Client\eqgame_dll\MQ2DataTypes.h(2205,17): warning C4091: 'static ': ignored on left of 'MQ2MacroQuestType::MacroQuestMembers' when no variable is declared [C:\EQS\Release-NMS-Client\eqgame_dll\eqgame_dll.vcxproj]
  (compiling source file 'Text.cpp')
  
C:\EQS\Release-NMS-Client\eqgame_dll\MQ2DataTypes.h(2230,17): warning C4091: 'static ': ignored on left of 'MQ2MacroQuestType::MacroQuestMethods' when no variable is declared [C:\EQS\Release-NMS-Client\eqgame_dll\eqgame_dll.vcxproj]
  (compiling source file 'Text.cpp')
  
C:\EQS\Release-NMS-Client\eqgame_dll\MQ2DataTypes.h(2283,17): warning C4091: 'static ': ignored on left of 'MQ2MathType::MathMembers' when no variable is declared [C:\EQS\Release-NMS-Client\eqgame_dll\eqgame_dll.vcxproj]
  (compiling source file 'Text.cpp')
  
C:\EQS\Release-NMS-Client\eqgame_dll\MQ2DataTypes.h(2341,17): warning C4091: 'static ': ignored on left of 'MQ2RaceType::RaceMembers' when no variable is declared [C:\EQS\Release-NMS-Client\eqgame_dll\eqgame_dll.vcxproj]
  (compiling source file 'Text.cpp')
  
C:\EQS\Release-NMS-Client\eqgame_dll\MQ2DataTypes.h(2379,17): warning C4091: 'static ': ignored on left of 'MQ2ClassType::ClassMembers' when no variable is declared [C:\EQS\Release-NMS-Client\eqgame_dll\eqgame_dll.vcxproj]
  (compiling source file 'Text.cpp')
  
C:\EQS\Release-NMS-Client\eqgame_dll\MQ2DataTypes.h(2434,17): warning C4091: 'static ': ignored on left of 'MQ2BodyType::BodyMembers' when no variable is declared [C:\EQS\Release-NMS-Client\eqgame_dll\eqgame_dll.vcxproj]
  (compiling source file 'Text.cpp')
  
C:\EQS\Release-NMS-Client\eqgame_dll\MQ2DataTypes.h(2471,17): warning C4091: 'static ': ignored on left of 'MQ2DeityType::DeityMembers' when no variable is declared [C:\EQS\Release-NMS-Client\eqgame_dll\eqgame_dll.vcxproj]
  (compiling source file 'Text.cpp')
  
C:\EQS\Release-NMS-Client\eqgame_dll\MQ2DataTypes.h(2511,17): warning C4091: 'static ': ignored on left of 'MQ2TimeType::TimeMembers' when no variable is declared [C:\EQS\Release-NMS-Client\eqgame_dll\eqgame_dll.vcxproj]
  (compiling source file 'Text.cpp')
  
C:\EQS\Release-NMS-Client\eqgame_dll\MQ2DataTypes.h(2586,17): warning C4091: 'static ': ignored on left of 'MQ2TypeType::TypeMembers' when no variable is declared [C:\EQS\Release-NMS-Client\eqgame_dll\eqgame_dll.vcxproj]
  (compiling source file 'Text.cpp')
  
C:\EQS\Release-NMS-Client\eqgame_dll\MQ2DataTypes.h(2624,17): warning C4091: 'static ': ignored on left of 'MQ2HeadingType::HeadingMembers' when no variable is declared [C:\EQS\Release-NMS-Client\eqgame_dll\eqgame_dll.vcxproj]
  (compiling source file 'Text.cpp')
  
C:\EQS\Release-NMS-Client\eqgame_dll\MQ2DataTypes.h(2632,17): warning C4091: 'static ': ignored on left of 'MQ2HeadingType::HeadingMethods' when no variable is declared [C:\EQS\Release-NMS-Client\eqgame_dll\eqgame_dll.vcxproj]
  (compiling source file 'Text.cpp')
  
C:\EQS\Release-NMS-Client\eqgame_dll\MQ2DataTypes.h(2678,17): warning C4091: 'static ': ignored on left of 'MQ2InvSlotType::InvSlotMembers' when no variable is declared [C:\EQS\Release-NMS-Client\eqgame_dll\eqgame_dll.vcxproj]
  (compiling source file 'Text.cpp')
  
C:\EQS\Release-NMS-Client\eqgame_dll\MQ2DataTypes.h(2686,17): warning C4091: 'static ': ignored on left of 'MQ2InvSlotType::InvSlotMethods' when no variable is declared [C:\EQS\Release-NMS-Client\eqgame_dll\eqgame_dll.vcxproj]
  (compiling source file 'Text.cpp')
  
C:\EQS\Release-NMS-Client\eqgame_dll\MQ2DataTypes.h(2740,17): warning C4091: 'static ': ignored on left of 'MQ2PluginType::PluginMembers' when no variable is declared [C:\EQS\Release-NMS-Client\eqgame_dll\eqgame_dll.vcxproj]
  (compiling source file 'Text.cpp')
  
C:\EQS\Release-NMS-Client\eqgame_dll\MQ2DataTypes.h(2782,17): warning C4091: 'static ': ignored on left of 'MQ2BenchmarkType::BenchmarkMembers' when no variable is declared [C:\EQS\Release-NMS-Client\eqgame_dll\eqgame_dll.vcxproj]
  (compiling source file 'Text.cpp')
  
C:\EQS\Release-NMS-Client\eqgame_dll\MQ2DataTypes.h(2828,17): warning C4091: 'static ': ignored on left of 'MQ2SkillType::SkillMembers' when no variable is declared [C:\EQS\Release-NMS-Client\eqgame_dll\eqgame_dll.vcxproj]
  (compiling source file 'Text.cpp')
  
C:\EQS\Release-NMS-Client\eqgame_dll\MQ2DataTypes.h(2838,17): warning C4091: 'static ': ignored on left of 'MQ2SkillType::SkillMethods' when no variable is declared [C:\EQS\Release-NMS-Client\eqgame_dll\eqgame_dll.vcxproj]
  (compiling source file 'Text.cpp')
  
C:\EQS\Release-NMS-Client\eqgame_dll\MQ2DataTypes.h(2887,17): warning C4091: 'static ': ignored on left of 'MQ2AltAbilityType::AltAbilityMembers' when no variable is declared [C:\EQS\Release-NMS-Client\eqgame_dll\eqgame_dll.vcxproj]
  (compiling source file 'Text.cpp')
  
C:\EQS\Release-NMS-Client\eqgame_dll\MQ2DataTypes.h(2904,17): warning C4091: 'static ': ignored on left of 'MQ2AltAbilityType::AltAbilityMethods' when no variable is declared [C:\EQS\Release-NMS-Client\eqgame_dll\eqgame_dll.vcxproj]
  (compiling source file 'Text.cpp')
  
C:\EQS\Release-NMS-Client\eqgame_dll\MQ2DataTypes.h(2949,17): warning C4091: 'static ': ignored on left of 'MQ2TimerType::TimerMembers' when no variable is declared [C:\EQS\Release-NMS-Client\eqgame_dll\eqgame_dll.vcxproj]
  (compiling source file 'Text.cpp')
  
C:\EQS\Release-NMS-Client\eqgame_dll\MQ2DataTypes.h(2954,17): warning C4091: 'static ': ignored on left of 'MQ2TimerType::TimerMethods' when no variable is declared [C:\EQS\Release-NMS-Client\eqgame_dll\eqgame_dll.vcxproj]
  (compiling source file 'Text.cpp')
  
C:\EQS\Release-NMS-Client\eqgame_dll\MQ2DataTypes.h(3051,17): warning C4091: 'static ': ignored on left of 'MQ2ArrayType::ArrayMembers' when no variable is declared [C:\EQS\Release-NMS-Client\eqgame_dll\eqgame_dll.vcxproj]
  (compiling source file 'Text.cpp')
  
C:\EQS\Release-NMS-Client\eqgame_dll\MQ2DataTypes.h(3096,17): warning C4091: 'static ': ignored on left of 'MQ2GroupType::GroupMembers' when no variable is declared [C:\EQS\Release-NMS-Client\eqgame_dll\eqgame_dll.vcxproj]
  (compiling source file 'Text.cpp')
  
C:\EQS\Release-NMS-Client\eqgame_dll\MQ2DataTypes.h(3106,17): warning C4091: 'static ': ignored on left of 'MQ2GroupType::GroupMethods' when no variable is declared [C:\EQS\Release-NMS-Client\eqgame_dll\eqgame_dll.vcxproj]
  (compiling source file 'Text.cpp')
  
C:\EQS\Release-NMS-Client\eqgame_dll\MQ2DataTypes.h(3141,17): warning C4091: 'static ': ignored on left of 'MQ2GroupMemberType::GroupMemberMembers' when no variable is declared [C:\EQS\Release-NMS-Client\eqgame_dll\eqgame_dll.vcxproj]
  (compiling source file 'Text.cpp')
  
C:\EQS\Release-NMS-Client\eqgame_dll\MQ2DataTypes.h(3153,17): warning C4091: 'static ': ignored on left of 'MQ2GroupMemberType::GroupMemberMethods' when no variable is declared [C:\EQS\Release-NMS-Client\eqgame_dll\eqgame_dll.vcxproj]
  (compiling source file 'Text.cpp')
  
C:\EQS\Release-NMS-Client\eqgame_dll\MQ2DataTypes.h(3195,17): warning C4091: 'static ': ignored on left of 'MQ2RaidType::RaidMembers' when no variable is declared [C:\EQS\Release-NMS-Client\eqgame_dll\eqgame_dll.vcxproj]
  (compiling source file 'Text.cpp')
  
C:\EQS\Release-NMS-Client\eqgame_dll\MQ2DataTypes.h(3210,17): warning C4091: 'static ': ignored on left of 'MQ2RaidType::RaidMethods' when no variable is declared [C:\EQS\Release-NMS-Client\eqgame_dll\eqgame_dll.vcxproj]
  (compiling source file 'Text.cpp')
  
C:\EQS\Release-NMS-Client\eqgame_dll\MQ2DataTypes.h(3254,17): warning C4091: 'static ': ignored on left of 'MQ2RaidMemberType::RaidMemberMembers' when no variable is declared [C:\EQS\Release-NMS-Client\eqgame_dll\eqgame_dll.vcxproj]
  (compiling source file 'Text.cpp')
  
C:\EQS\Release-NMS-Client\eqgame_dll\MQ2DataTypes.h(3265,17): warning C4091: 'static ': ignored on left of 'MQ2RaidMemberType::RaidMemberMethods' when no variable is declared [C:\EQS\Release-NMS-Client\eqgame_dll\eqgame_dll.vcxproj]
  (compiling source file 'Text.cpp')
  
C:\EQS\Release-NMS-Client\eqgame_dll\MQ2DataTypes.h(3314,17): warning C4091: 'static ': ignored on left of 'MQ2EvolvingItemType::EvolvingItemMembers' when no variable is declared [C:\EQS\Release-NMS-Client\eqgame_dll\eqgame_dll.vcxproj]
  (compiling source file 'Text.cpp')
  
C:\EQS\Release-NMS-Client\eqgame_dll\MQ2DataTypes.h(3356,17): warning C4091: 'static ': ignored on left of 'MQ2DynamicZoneType::DynamicZoneMembers' when no variable is declared [C:\EQS\Release-NMS-Client\eqgame_dll\eqgame_dll.vcxproj]
  (compiling source file 'Text.cpp')
  
C:\EQS\Release-NMS-Client\eqgame_dll\MQ2DataTypes.h(3398,17): warning C4091: 'static ': ignored on left of 'MQ2DZMemberType::DZMemberTypeMembers' when no variable is declared [C:\EQS\Release-NMS-Client\eqgame_dll\eqgame_dll.vcxproj]
  (compiling source file 'Text.cpp')
  
C:\EQS\Release-NMS-Client\eqgame_dll\MQ2DataTypes.h(3430,17): warning C4091: 'static ': ignored on left of 'MQ2FellowshipType::FellowshipTypeMembers' when no variable is declared [C:\EQS\Release-NMS-Client\eqgame_dll\eqgame_dll.vcxproj]
  (compiling source file 'Text.cpp')
  
C:\EQS\Release-NMS-Client\eqgame_dll\MQ2DataTypes.h(3483,17): warning C4091: 'static ': ignored on left of 'MQ2FellowshipMemberType::FMTypeMembers' when no variable is declared [C:\EQS\Release-NMS-Client\eqgame_dll\eqgame_dll.vcxproj]
  (compiling source file 'Text.cpp')
  
C:\EQS\Release-NMS-Client\eqgame_dll\MQ2DataTypes.h(3521,17): warning C4091: 'static ': ignored on left of 'MQ2FriendsType::FriendsMembers' when no variable is declared [C:\EQS\Release-NMS-Client\eqgame_dll\eqgame_dll.vcxproj]
  (compiling source file 'Text.cpp')
  
C:\EQS\Release-NMS-Client\eqgame_dll\MQ2DataTypes.h(3525,17): warning C4091: 'static ': ignored on left of 'MQ2FriendsType::FriendsMethods' when no variable is declared [C:\EQS\Release-NMS-Client\eqgame_dll\eqgame_dll.vcxproj]
  (compiling source file 'Text.cpp')
  
C:\EQS\Release-NMS-Client\eqgame_dll\MQ2DataTypes.h(3564,17): warning C4091: 'static ': ignored on left of 'MQ2TargetType::TargetMembers' when no variable is declared [C:\EQS\Release-NMS-Client\eqgame_dll\eqgame_dll.vcxproj]
  (compiling source file 'Text.cpp')
  
C:\EQS\Release-NMS-Client\eqgame_dll\MQ2DataTypes.h(3644,17): warning C4091: 'static ': ignored on left of 'MQ2XTargetType::xTargetMembers' when no variable is declared [C:\EQS\Release-NMS-Client\eqgame_dll\eqgame_dll.vcxproj]
  (compiling source file 'Text.cpp')
  
C:\EQS\Release-NMS-Client\eqgame_dll\MQ2Main.h(776,7): warning C4200: nonstandard extension used: zero-sized array in struct/union [C:\EQS\Release-NMS-Client\eqgame_dll\eqgame_dll.vcxproj]
  (compiling source file 'Text.cpp')
      C:\EQS\Release-NMS-Client\eqgame_dll\MQ2Main.h(776,7):
      This member will be ignored by a defaulted constructor or copy/move assignment operator
  
C:\EQS\Release-NMS-Client\eqgame_dll\Text.cpp(69,42): warning C4244: '=': conversion from 'float' to 'LONG', possible loss of data [C:\EQS\Release-NMS-Client\eqgame_dll\eqgame_dll.vcxproj]
C:\EQS\Release-NMS-Client\eqgame_dll\Text.cpp(70,40): warning C4244: '=': conversion from 'float' to 'LONG', possible loss of data [C:\EQS\Release-NMS-Client\eqgame_dll\eqgame_dll.vcxproj]
C:\EQS\Release-NMS-Client\eqgame_dll\Text.cpp(75,42): warning C4244: '=': conversion from 'float' to 'LONG', possible loss of data [C:\EQS\Release-NMS-Client\eqgame_dll\eqgame_dll.vcxproj]
C:\EQS\Release-NMS-Client\eqgame_dll\Text.cpp(76,40): warning C4244: '=': conversion from 'float' to 'LONG', possible loss of data [C:\EQS\Release-NMS-Client\eqgame_dll\eqgame_dll.vcxproj]
C:\EQS\Release-NMS-Client\eqgame_dll\Text.cpp(81,42): warning C4244: '=': conversion from 'float' to 'LONG', possible loss of data [C:\EQS\Release-NMS-Client\eqgame_dll\eqgame_dll.vcxproj]
C:\EQS\Release-NMS-Client\eqgame_dll\Text.cpp(82,40): warning C4244: '=': conversion from 'float' to 'LONG', possible loss of data [C:\EQS\Release-NMS-Client\eqgame_dll\eqgame_dll.vcxproj]
C:\EQS\Release-NMS-Client\eqgame_dll\Text.cpp(87,42): warning C4244: '=': conversion from 'float' to 'LONG', possible loss of data [C:\EQS\Release-NMS-Client\eqgame_dll\eqgame_dll.vcxproj]
C:\EQS\Release-NMS-Client\eqgame_dll\Text.cpp(88,40): warning C4244: '=': conversion from 'float' to 'LONG', possible loss of data [C:\EQS\Release-NMS-Client\eqgame_dll\eqgame_dll.vcxproj]
C:\EQS\Release-NMS-Client\eqgame_dll\MQ2Internal.h(105,17): warning C4091: 'static ': ignored on left of 'MQ2Internal::SearchItemFlag' when no variable is declared [C:\EQS\Release-NMS-Client\eqgame_dll\eqgame_dll.vcxproj]
  (compiling source file 'who_multiclass.cpp')
  
C:\EQS\Release-NMS-Client\eqgame_dll\MQ2DataTypes.h(167,17): warning C4091: 'static ': ignored on left of 'MQ2IntType::IntMembers' when no variable is declared [C:\EQS\Release-NMS-Client\eqgame_dll\eqgame_dll.vcxproj]
  (compiling source file 'who_multiclass.cpp')
  
C:\EQS\Release-NMS-Client\eqgame_dll\MQ2DataTypes.h(207,17): warning C4091: 'static ': ignored on left of 'MQ2ArgbType::ArgbMembers' when no variable is declared [C:\EQS\Release-NMS-Client\eqgame_dll\eqgame_dll.vcxproj]
  (compiling source file 'who_multiclass.cpp')
  
C:\EQS\Release-NMS-Client\eqgame_dll\MQ2DataTypes.h(284,17): warning C4091: 'static ': ignored on left of 'MQ2StringType::StringMembers' when no variable is declared [C:\EQS\Release-NMS-Client\eqgame_dll\eqgame_dll.vcxproj]
  (compiling source file 'who_multiclass.cpp')
  
C:\EQS\Release-NMS-Client\eqgame_dll\MQ2DataTypes.h(360,17): warning C4091: 'static ': ignored on left of 'MQ2FloatType::FloatMembers' when no variable is declared [C:\EQS\Release-NMS-Client\eqgame_dll\eqgame_dll.vcxproj]
  (compiling source file 'who_multiclass.cpp')
  
C:\EQS\Release-NMS-Client\eqgame_dll\MQ2DataTypes.h(408,17): warning C4091: 'static ': ignored on left of 'MQ2TicksType::TicksMembers' when no variable is declared [C:\EQS\Release-NMS-Client\eqgame_dll\eqgame_dll.vcxproj]
  (compiling source file 'who_multiclass.cpp')
  
C:\EQS\Release-NMS-Client\eqgame_dll\MQ2DataTypes.h(459,17): warning C4091: 'static ': ignored on left of 'MQ2SpawnType::SpawnMembers' when no variable is declared [C:\EQS\Release-NMS-Client\eqgame_dll\eqgame_dll.vcxproj]
  (compiling source file 'who_multiclass.cpp')
  
C:\EQS\Release-NMS-Client\eqgame_dll\MQ2DataTypes.h(559,17): warning C4091: 'static ': ignored on left of 'MQ2SpawnType::SpawnMethods' when no variable is declared [C:\EQS\Release-NMS-Client\eqgame_dll\eqgame_dll.vcxproj]
  (compiling source file 'who_multiclass.cpp')
  
C:\EQS\Release-NMS-Client\eqgame_dll\MQ2DataTypes.h(729,17): warning C4091: 'static ': ignored on left of 'MQ2CharacterType::CharacterMembers' when no variable is declared [C:\EQS\Release-NMS-Client\eqgame_dll\eqgame_dll.vcxproj]
  (compiling source file 'who_multiclass.cpp')
  
C:\EQS\Release-NMS-Client\eqgame_dll\MQ2DataTypes.h(917,17): warning C4091: 'static ': ignored on left of 'MQ2CharacterType::CharacterMethods' when no variable is declared [C:\EQS\Release-NMS-Client\eqgame_dll\eqgame_dll.vcxproj]
  (compiling source file 'who_multiclass.cpp')
  
C:\EQS\Release-NMS-Client\eqgame_dll\MQ2DataTypes.h(1158,17): warning C4091: 'static ': ignored on left of 'MQ2SpellType::SpellMembers' when no variable is declared [C:\EQS\Release-NMS-Client\eqgame_dll\eqgame_dll.vcxproj]
  (compiling source file 'who_multiclass.cpp')
  
C:\EQS\Release-NMS-Client\eqgame_dll\MQ2DataTypes.h(1188,17): warning C4091: 'static ': ignored on left of 'MQ2SpellType::SpellMethods' when no variable is declared [C:\EQS\Release-NMS-Client\eqgame_dll\eqgame_dll.vcxproj]
  (compiling source file 'who_multiclass.cpp')
  
C:\EQS\Release-NMS-Client\eqgame_dll\MQ2DataTypes.h(1262,17): warning C4091: 'static ': ignored on left of 'MQ2BuffType::BuffMembers' when no variable is declared [C:\EQS\Release-NMS-Client\eqgame_dll\eqgame_dll.vcxproj]
  (compiling source file 'who_multiclass.cpp')
  
C:\EQS\Release-NMS-Client\eqgame_dll\MQ2DataTypes.h(1272,17): warning C4091: 'static ': ignored on left of 'MQ2BuffType::BuffMethods' when no variable is declared [C:\EQS\Release-NMS-Client\eqgame_dll\eqgame_dll.vcxproj]
  (compiling source file 'who_multiclass.cpp')
  
C:\EQS\Release-NMS-Client\eqgame_dll\MQ2DataTypes.h(1336,17): warning C4091: 'static ': ignored on left of 'MQ2ItemType::ItemMembers' when no variable is declared [C:\EQS\Release-NMS-Client\eqgame_dll\eqgame_dll.vcxproj]
  (compiling source file 'who_multiclass.cpp')
  
C:\EQS\Release-NMS-Client\eqgame_dll\MQ2DataTypes.h(1469,17): warning C4091: 'static ': ignored on left of 'MQ2ItemType::ItemMethods' when no variable is declared [C:\EQS\Release-NMS-Client\eqgame_dll\eqgame_dll.vcxproj]
  (compiling source file 'who_multiclass.cpp')
  
C:\EQS\Release-NMS-Client\eqgame_dll\MQ2DataTypes.h(1647,17): warning C4091: 'static ': ignored on left of 'MQ2SwitchType::SwitchMembers' when no variable is declared [C:\EQS\Release-NMS-Client\eqgame_dll\eqgame_dll.vcxproj]
  (compiling source file 'who_multiclass.cpp')
  
C:\EQS\Release-NMS-Client\eqgame_dll\MQ2DataTypes.h(1670,17): warning C4091: 'static ': ignored on left of 'MQ2SwitchType::SwitchMethods' when no variable is declared [C:\EQS\Release-NMS-Client\eqgame_dll\eqgame_dll.vcxproj]
  (compiling source file 'who_multiclass.cpp')
  
C:\EQS\Release-NMS-Client\eqgame_dll\MQ2DataTypes.h(1735,17): warning C4091: 'static ': ignored on left of 'MQ2GroundType::GroundMembers' when no variable is declared [C:\EQS\Release-NMS-Client\eqgame_dll\eqgame_dll.vcxproj]
  (compiling source file 'who_multiclass.cpp')
  
C:\EQS\Release-NMS-Client\eqgame_dll\MQ2DataTypes.h(1750,17): warning C4091: 'static ': ignored on left of 'MQ2GroundType::GroundMethods' when no variable is declared [C:\EQS\Release-NMS-Client\eqgame_dll\eqgame_dll.vcxproj]
  (compiling source file 'who_multiclass.cpp')
  
C:\EQS\Release-NMS-Client\eqgame_dll\MQ2DataTypes.h(1811,17): warning C4091: 'static ': ignored on left of 'MQ2CorpseType::CorpseMembers' when no variable is declared [C:\EQS\Release-NMS-Client\eqgame_dll\eqgame_dll.vcxproj]
  (compiling source file 'who_multiclass.cpp')
  
C:\EQS\Release-NMS-Client\eqgame_dll\MQ2DataTypes.h(1817,17): warning C4091: 'static ': ignored on left of 'MQ2CorpseType::CorpseMethods' when no variable is declared [C:\EQS\Release-NMS-Client\eqgame_dll\eqgame_dll.vcxproj]
  (compiling source file 'who_multiclass.cpp')
  
C:\EQS\Release-NMS-Client\eqgame_dll\MQ2DataTypes.h(1860,17): warning C4091: 'static ': ignored on left of 'MQ2MerchantType::MerchantMembers' when no variable is declared [C:\EQS\Release-NMS-Client\eqgame_dll\eqgame_dll.vcxproj]
  (compiling source file 'who_multiclass.cpp')
  
C:\EQS\Release-NMS-Client\eqgame_dll\MQ2DataTypes.h(1868,17): warning C4091: 'static ': ignored on left of 'MQ2MerchantType::MerchantMethods' when no variable is declared [C:\EQS\Release-NMS-Client\eqgame_dll\eqgame_dll.vcxproj]
  (compiling source file 'who_multiclass.cpp')
  
C:\EQS\Release-NMS-Client\eqgame_dll\MQ2DataTypes.h(1913,17): warning C4091: 'static ': ignored on left of 'MQ2WindowType::WindowMembers' when no variable is declared [C:\EQS\Release-NMS-Client\eqgame_dll\eqgame_dll.vcxproj]
  (compiling source file 'who_multiclass.cpp')
  
C:\EQS\Release-NMS-Client\eqgame_dll\MQ2DataTypes.h(1949,17): warning C4091: 'static ': ignored on left of 'MQ2WindowType::WindowMethods' when no variable is declared [C:\EQS\Release-NMS-Client\eqgame_dll\eqgame_dll.vcxproj]
  (compiling source file 'who_multiclass.cpp')
  
C:\EQS\Release-NMS-Client\eqgame_dll\MQ2DataTypes.h(2048,17): warning C4091: 'static ': ignored on left of 'MQ2MacroType::MacroMembers' when no variable is declared [C:\EQS\Release-NMS-Client\eqgame_dll\eqgame_dll.vcxproj]
  (compiling source file 'who_multiclass.cpp')
  
C:\EQS\Release-NMS-Client\eqgame_dll\MQ2DataTypes.h(2096,17): warning C4091: 'static ': ignored on left of 'MQ2ZoneType::ZoneMembers' when no variable is declared [C:\EQS\Release-NMS-Client\eqgame_dll\eqgame_dll.vcxproj]
  (compiling source file 'who_multiclass.cpp')
  
C:\EQS\Release-NMS-Client\eqgame_dll\MQ2DataTypes.h(2143,17): warning C4091: 'static ': ignored on left of 'MQ2CurrentZoneType::CurrentZoneMembers' when no variable is declared [C:\EQS\Release-NMS-Client\eqgame_dll\eqgame_dll.vcxproj]
  (compiling source file 'who_multiclass.cpp')
  
C:\EQS\Release-NMS-Client\eqgame_dll\MQ2DataTypes.h(2205,17): warning C4091: 'static ': ignored on left of 'MQ2MacroQuestType::MacroQuestMembers' when no variable is declared [C:\EQS\Release-NMS-Client\eqgame_dll\eqgame_dll.vcxproj]
  (compiling source file 'who_multiclass.cpp')
  
C:\EQS\Release-NMS-Client\eqgame_dll\MQ2DataTypes.h(2230,17): warning C4091: 'static ': ignored on left of 'MQ2MacroQuestType::MacroQuestMethods' when no variable is declared [C:\EQS\Release-NMS-Client\eqgame_dll\eqgame_dll.vcxproj]
  (compiling source file 'who_multiclass.cpp')
  
C:\EQS\Release-NMS-Client\eqgame_dll\MQ2DataTypes.h(2283,17): warning C4091: 'static ': ignored on left of 'MQ2MathType::MathMembers' when no variable is declared [C:\EQS\Release-NMS-Client\eqgame_dll\eqgame_dll.vcxproj]
  (compiling source file 'who_multiclass.cpp')
  
C:\EQS\Release-NMS-Client\eqgame_dll\MQ2DataTypes.h(2341,17): warning C4091: 'static ': ignored on left of 'MQ2RaceType::RaceMembers' when no variable is declared [C:\EQS\Release-NMS-Client\eqgame_dll\eqgame_dll.vcxproj]
  (compiling source file 'who_multiclass.cpp')
  
C:\EQS\Release-NMS-Client\eqgame_dll\MQ2DataTypes.h(2379,17): warning C4091: 'static ': ignored on left of 'MQ2ClassType::ClassMembers' when no variable is declared [C:\EQS\Release-NMS-Client\eqgame_dll\eqgame_dll.vcxproj]
  (compiling source file 'who_multiclass.cpp')
  
C:\EQS\Release-NMS-Client\eqgame_dll\MQ2DataTypes.h(2434,17): warning C4091: 'static ': ignored on left of 'MQ2BodyType::BodyMembers' when no variable is declared [C:\EQS\Release-NMS-Client\eqgame_dll\eqgame_dll.vcxproj]
  (compiling source file 'who_multiclass.cpp')
  
C:\EQS\Release-NMS-Client\eqgame_dll\MQ2DataTypes.h(2471,17): warning C4091: 'static ': ignored on left of 'MQ2DeityType::DeityMembers' when no variable is declared [C:\EQS\Release-NMS-Client\eqgame_dll\eqgame_dll.vcxproj]
  (compiling source file 'who_multiclass.cpp')
  
C:\EQS\Release-NMS-Client\eqgame_dll\MQ2DataTypes.h(2511,17): warning C4091: 'static ': ignored on left of 'MQ2TimeType::TimeMembers' when no variable is declared [C:\EQS\Release-NMS-Client\eqgame_dll\eqgame_dll.vcxproj]
  (compiling source file 'who_multiclass.cpp')
  
C:\EQS\Release-NMS-Client\eqgame_dll\MQ2DataTypes.h(2586,17): warning C4091: 'static ': ignored on left of 'MQ2TypeType::TypeMembers' when no variable is declared [C:\EQS\Release-NMS-Client\eqgame_dll\eqgame_dll.vcxproj]
  (compiling source file 'who_multiclass.cpp')
  
C:\EQS\Release-NMS-Client\eqgame_dll\MQ2DataTypes.h(2624,17): warning C4091: 'static ': ignored on left of 'MQ2HeadingType::HeadingMembers' when no variable is declared [C:\EQS\Release-NMS-Client\eqgame_dll\eqgame_dll.vcxproj]
  (compiling source file 'who_multiclass.cpp')
  
C:\EQS\Release-NMS-Client\eqgame_dll\MQ2DataTypes.h(2632,17): warning C4091: 'static ': ignored on left of 'MQ2HeadingType::HeadingMethods' when no variable is declared [C:\EQS\Release-NMS-Client\eqgame_dll\eqgame_dll.vcxproj]
  (compiling source file 'who_multiclass.cpp')
  
C:\EQS\Release-NMS-Client\eqgame_dll\MQ2DataTypes.h(2678,17): warning C4091: 'static ': ignored on left of 'MQ2InvSlotType::InvSlotMembers' when no variable is declared [C:\EQS\Release-NMS-Client\eqgame_dll\eqgame_dll.vcxproj]
  (compiling source file 'who_multiclass.cpp')
  
C:\EQS\Release-NMS-Client\eqgame_dll\MQ2DataTypes.h(2686,17): warning C4091: 'static ': ignored on left of 'MQ2InvSlotType::InvSlotMethods' when no variable is declared [C:\EQS\Release-NMS-Client\eqgame_dll\eqgame_dll.vcxproj]
  (compiling source file 'who_multiclass.cpp')
  
C:\EQS\Release-NMS-Client\eqgame_dll\MQ2DataTypes.h(2740,17): warning C4091: 'static ': ignored on left of 'MQ2PluginType::PluginMembers' when no variable is declared [C:\EQS\Release-NMS-Client\eqgame_dll\eqgame_dll.vcxproj]
  (compiling source file 'who_multiclass.cpp')
  
C:\EQS\Release-NMS-Client\eqgame_dll\MQ2DataTypes.h(2782,17): warning C4091: 'static ': ignored on left of 'MQ2BenchmarkType::BenchmarkMembers' when no variable is declared [C:\EQS\Release-NMS-Client\eqgame_dll\eqgame_dll.vcxproj]
  (compiling source file 'who_multiclass.cpp')
  
C:\EQS\Release-NMS-Client\eqgame_dll\MQ2DataTypes.h(2828,17): warning C4091: 'static ': ignored on left of 'MQ2SkillType::SkillMembers' when no variable is declared [C:\EQS\Release-NMS-Client\eqgame_dll\eqgame_dll.vcxproj]
  (compiling source file 'who_multiclass.cpp')
  
C:\EQS\Release-NMS-Client\eqgame_dll\MQ2DataTypes.h(2838,17): warning C4091: 'static ': ignored on left of 'MQ2SkillType::SkillMethods' when no variable is declared [C:\EQS\Release-NMS-Client\eqgame_dll\eqgame_dll.vcxproj]
  (compiling source file 'who_multiclass.cpp')
  
C:\EQS\Release-NMS-Client\eqgame_dll\MQ2DataTypes.h(2887,17): warning C4091: 'static ': ignored on left of 'MQ2AltAbilityType::AltAbilityMembers' when no variable is declared [C:\EQS\Release-NMS-Client\eqgame_dll\eqgame_dll.vcxproj]
  (compiling source file 'who_multiclass.cpp')
  
C:\EQS\Release-NMS-Client\eqgame_dll\MQ2DataTypes.h(2904,17): warning C4091: 'static ': ignored on left of 'MQ2AltAbilityType::AltAbilityMethods' when no variable is declared [C:\EQS\Release-NMS-Client\eqgame_dll\eqgame_dll.vcxproj]
  (compiling source file 'who_multiclass.cpp')
  
C:\EQS\Release-NMS-Client\eqgame_dll\MQ2DataTypes.h(2949,17): warning C4091: 'static ': ignored on left of 'MQ2TimerType::TimerMembers' when no variable is declared [C:\EQS\Release-NMS-Client\eqgame_dll\eqgame_dll.vcxproj]
  (compiling source file 'who_multiclass.cpp')
  
C:\EQS\Release-NMS-Client\eqgame_dll\MQ2DataTypes.h(2954,17): warning C4091: 'static ': ignored on left of 'MQ2TimerType::TimerMethods' when no variable is declared [C:\EQS\Release-NMS-Client\eqgame_dll\eqgame_dll.vcxproj]
  (compiling source file 'who_multiclass.cpp')
  
C:\EQS\Release-NMS-Client\eqgame_dll\MQ2DataTypes.h(3051,17): warning C4091: 'static ': ignored on left of 'MQ2ArrayType::ArrayMembers' when no variable is declared [C:\EQS\Release-NMS-Client\eqgame_dll\eqgame_dll.vcxproj]
  (compiling source file 'who_multiclass.cpp')
  
C:\EQS\Release-NMS-Client\eqgame_dll\MQ2DataTypes.h(3096,17): warning C4091: 'static ': ignored on left of 'MQ2GroupType::GroupMembers' when no variable is declared [C:\EQS\Release-NMS-Client\eqgame_dll\eqgame_dll.vcxproj]
  (compiling source file 'who_multiclass.cpp')
  
C:\EQS\Release-NMS-Client\eqgame_dll\MQ2DataTypes.h(3106,17): warning C4091: 'static ': ignored on left of 'MQ2GroupType::GroupMethods' when no variable is declared [C:\EQS\Release-NMS-Client\eqgame_dll\eqgame_dll.vcxproj]
  (compiling source file 'who_multiclass.cpp')
  
C:\EQS\Release-NMS-Client\eqgame_dll\MQ2DataTypes.h(3141,17): warning C4091: 'static ': ignored on left of 'MQ2GroupMemberType::GroupMemberMembers' when no variable is declared [C:\EQS\Release-NMS-Client\eqgame_dll\eqgame_dll.vcxproj]
  (compiling source file 'who_multiclass.cpp')
  
C:\EQS\Release-NMS-Client\eqgame_dll\MQ2DataTypes.h(3153,17): warning C4091: 'static ': ignored on left of 'MQ2GroupMemberType::GroupMemberMethods' when no variable is declared [C:\EQS\Release-NMS-Client\eqgame_dll\eqgame_dll.vcxproj]
  (compiling source file 'who_multiclass.cpp')
  
C:\EQS\Release-NMS-Client\eqgame_dll\MQ2DataTypes.h(3195,17): warning C4091: 'static ': ignored on left of 'MQ2RaidType::RaidMembers' when no variable is declared [C:\EQS\Release-NMS-Client\eqgame_dll\eqgame_dll.vcxproj]
  (compiling source file 'who_multiclass.cpp')
  
C:\EQS\Release-NMS-Client\eqgame_dll\MQ2DataTypes.h(3210,17): warning C4091: 'static ': ignored on left of 'MQ2RaidType::RaidMethods' when no variable is declared [C:\EQS\Release-NMS-Client\eqgame_dll\eqgame_dll.vcxproj]
  (compiling source file 'who_multiclass.cpp')
  
C:\EQS\Release-NMS-Client\eqgame_dll\MQ2DataTypes.h(3254,17): warning C4091: 'static ': ignored on left of 'MQ2RaidMemberType::RaidMemberMembers' when no variable is declared [C:\EQS\Release-NMS-Client\eqgame_dll\eqgame_dll.vcxproj]
  (compiling source file 'who_multiclass.cpp')
  
C:\EQS\Release-NMS-Client\eqgame_dll\MQ2DataTypes.h(3265,17): warning C4091: 'static ': ignored on left of 'MQ2RaidMemberType::RaidMemberMethods' when no variable is declared [C:\EQS\Release-NMS-Client\eqgame_dll\eqgame_dll.vcxproj]
  (compiling source file 'who_multiclass.cpp')
  
C:\EQS\Release-NMS-Client\eqgame_dll\MQ2DataTypes.h(3314,17): warning C4091: 'static ': ignored on left of 'MQ2EvolvingItemType::EvolvingItemMembers' when no variable is declared [C:\EQS\Release-NMS-Client\eqgame_dll\eqgame_dll.vcxproj]
  (compiling source file 'who_multiclass.cpp')
  
C:\EQS\Release-NMS-Client\eqgame_dll\MQ2DataTypes.h(3356,17): warning C4091: 'static ': ignored on left of 'MQ2DynamicZoneType::DynamicZoneMembers' when no variable is declared [C:\EQS\Release-NMS-Client\eqgame_dll\eqgame_dll.vcxproj]
  (compiling source file 'who_multiclass.cpp')
  
C:\EQS\Release-NMS-Client\eqgame_dll\MQ2DataTypes.h(3398,17): warning C4091: 'static ': ignored on left of 'MQ2DZMemberType::DZMemberTypeMembers' when no variable is declared [C:\EQS\Release-NMS-Client\eqgame_dll\eqgame_dll.vcxproj]
  (compiling source file 'who_multiclass.cpp')
  
C:\EQS\Release-NMS-Client\eqgame_dll\MQ2DataTypes.h(3430,17): warning C4091: 'static ': ignored on left of 'MQ2FellowshipType::FellowshipTypeMembers' when no variable is declared [C:\EQS\Release-NMS-Client\eqgame_dll\eqgame_dll.vcxproj]
  (compiling source file 'who_multiclass.cpp')
  
C:\EQS\Release-NMS-Client\eqgame_dll\MQ2DataTypes.h(3483,17): warning C4091: 'static ': ignored on left of 'MQ2FellowshipMemberType::FMTypeMembers' when no variable is declared [C:\EQS\Release-NMS-Client\eqgame_dll\eqgame_dll.vcxproj]
  (compiling source file 'who_multiclass.cpp')
  
C:\EQS\Release-NMS-Client\eqgame_dll\MQ2DataTypes.h(3521,17): warning C4091: 'static ': ignored on left of 'MQ2FriendsType::FriendsMembers' when no variable is declared [C:\EQS\Release-NMS-Client\eqgame_dll\eqgame_dll.vcxproj]
  (compiling source file 'who_multiclass.cpp')
  
C:\EQS\Release-NMS-Client\eqgame_dll\MQ2DataTypes.h(3525,17): warning C4091: 'static ': ignored on left of 'MQ2FriendsType::FriendsMethods' when no variable is declared [C:\EQS\Release-NMS-Client\eqgame_dll\eqgame_dll.vcxproj]
  (compiling source file 'who_multiclass.cpp')
  
C:\EQS\Release-NMS-Client\eqgame_dll\MQ2DataTypes.h(3564,17): warning C4091: 'static ': ignored on left of 'MQ2TargetType::TargetMembers' when no variable is declared [C:\EQS\Release-NMS-Client\eqgame_dll\eqgame_dll.vcxproj]
  (compiling source file 'who_multiclass.cpp')
  
C:\EQS\Release-NMS-Client\eqgame_dll\MQ2DataTypes.h(3644,17): warning C4091: 'static ': ignored on left of 'MQ2XTargetType::xTargetMembers' when no variable is declared [C:\EQS\Release-NMS-Client\eqgame_dll\eqgame_dll.vcxproj]
  (compiling source file 'who_multiclass.cpp')
  
C:\EQS\Release-NMS-Client\eqgame_dll\MQ2Main.h(776,7): warning C4200: nonstandard extension used: zero-sized array in struct/union [C:\EQS\Release-NMS-Client\eqgame_dll\eqgame_dll.vcxproj]
  (compiling source file 'who_multiclass.cpp')
      C:\EQS\Release-NMS-Client\eqgame_dll\MQ2Main.h(776,7):
      This member will be ignored by a defaulted constructor or copy/move assignment operator
  
     Creating library C:\EQS\Release-NMS-Client\Release\dinput8.lib and object C:\EQS\Release-NMS-Client\Release\dinput8.exp
  LINK : /LTCG specified but no code generation required; remove /LTCG from the link command line to improve linker performance
detours.lib(detours.obj) : warning LNK4099: PDB 'detours.pdb' was not found with 'detours.lib(detours.obj)' or at 'C:\EQS\Release-NMS-Client\Release\detours.pdb'; linking object as if no debug info [C:\EQS\Release-NMS-Client\eqgame_dll\eqgame_dll.vcxproj]
detours.lib(disasm.obj) : warning LNK4099: PDB 'detours.pdb' was not found with 'detours.lib(disasm.obj)' or at 'C:\EQS\Release-NMS-Client\Release\detours.pdb'; linking object as if no debug info [C:\EQS\Release-NMS-Client\eqgame_dll\eqgame_dll.vcxproj]
  eqgame_dll.vcxproj -> C:\EQS\Release-NMS-Client\Release\dinput8.dll
