C:\Program Files\Microsoft Visual Studio\2022\Community\MSBuild\Microsoft\VC\v160\Microsoft.CppBuild.targets(513,5): warning MSB8028: The intermediate directory (Release\) contains files shared from another project (dinput8.vcxproj).  This can lead to incorrect clean and rebuild behavior.
  DetoursAPI.cpp
  EQClasses.cpp
  EQFunctionDetours.cpp
  EQUtils.cpp
  FPSLimit.cpp
  FloatingTextManager.cpp
  Hooks.cpp
  IClassFactory.cpp
  IDirectInput8A.cpp
  IDirectInput8Hook.cpp
  IDirectInput8W.cpp
  IDirectInputDevice8A.cpp
  IDirectInputDevice8Hook.cpp
  IDirectInputDevice8W.cpp
  IDirectInputEffect.cpp
  IDirectInputEnumDevice.cpp
  IDirectInputEnumEffect.cpp
  InterfaceQuery.cpp
  MQ2ChatHook.cpp
  MQ2CleanUI.cpp
  MQ2CommandAPI.cpp
  MQ2Commands.cpp
  MQ2Data.cpp
  MQ2DataAPI.cpp
  C:\Program Files (x86)\Windows Kits\10\Include\10.0.18362.0\um\dinput.h: DIRECTINPUT_VERSION undefined. Defaulting to version 0x0800
  C:\Program Files (x86)\Windows Kits\10\Include\10.0.18362.0\um\dinput.h: DIRECTINPUT_VERSION undefined. Defaulting to version 0x0800
  MQ2DataTypes.cpp
  MQ2DataVars.cpp
C:\Users\kraqu\Desktop\NMS Public Release\Source\Release-NMS-Client\eqgame_dll\EQData.h(464,2): warning C4091: 'typedef ': ignored on left of 'EQData::MaterialType' when no variable is declared (compiling source file EQClasses.cpp)
C:\Users\kraqu\Desktop\NMS Public Release\Source\Release-NMS-Client\eqgame_dll\EQData.h(464,2): warning C4091: 'typedef ': ignored on left of 'EQData::MaterialType' when no variable is declared (compiling source file MQ2CleanUI.cpp)
C:\Users\kraqu\Desktop\NMS Public Release\Source\Release-NMS-Client\eqgame_dll\EQData.h(464,2): warning C4091: 'typedef ': ignored on left of 'EQData::MaterialType' when no variable is declared (compiling source file MQ2ChatHook.cpp)
C:\Users\kraqu\Desktop\NMS Public Release\Source\Release-NMS-Client\eqgame_dll\MQ2Main.h(23,1): warning C4005: '_WIN32_WINNT': macro redefinition (compiling source file FloatingTextManager.cpp)
C:\Program Files (x86)\Windows Kits\10\Include\10.0.18362.0\shared\sdkddkver.h(217): message : see previous definition of '_WIN32_WINNT' (compiling source file FloatingTextManager.cpp)
C:\Users\kraqu\Desktop\NMS Public Release\Source\Release-NMS-Client\eqgame_dll\MQ2Internal.h(131,6): warning C4091: 'static ': ignored on left of 'MQ2Internal::SearchItemFlag' when no variable is declared (compiling source file EQClasses.cpp)
C:\Users\kraqu\Desktop\NMS Public Release\Source\Release-NMS-Client\eqgame_dll\MQ2DataTypes.h(172): warning C4091: 'static ': ignored on left of 'MQ2IntType::IntMembers' when no variable is declared (compiling source file EQClasses.cpp)
C:\Users\kraqu\Desktop\NMS Public Release\Source\Release-NMS-Client\eqgame_dll\MQ2DataTypes.h(214): warning C4091: 'static ': ignored on left of 'MQ2ArgbType::ArgbMembers' when no variable is declared (compiling source file EQClasses.cpp)
C:\Users\kraqu\Desktop\NMS Public Release\Source\Release-NMS-Client\eqgame_dll\MQ2DataTypes.h(303): warning C4091: 'static ': ignored on left of 'MQ2StringType::StringMembers' when no variable is declared (compiling source file EQClasses.cpp)
C:\Users\kraqu\Desktop\NMS Public Release\Source\Release-NMS-Client\eqgame_dll\MQ2DataTypes.h(367): warning C4091: 'static ': ignored on left of 'MQ2FloatType::FloatMembers' when no variable is declared (compiling source file EQClasses.cpp)
C:\Users\kraqu\Desktop\NMS Public Release\Source\Release-NMS-Client\eqgame_dll\MQ2DataTypes.h(418): warning C4091: 'static ': ignored on left of 'MQ2TicksType::TicksMembers' when no variable is declared (compiling source file EQClasses.cpp)
C:\Users\kraqu\Desktop\NMS Public Release\Source\Release-NMS-Client\eqgame_dll\MQ2DataTypes.h(558): warning C4091: 'static ': ignored on left of 'MQ2SpawnType::SpawnMembers' when no variable is declared (compiling source file EQClasses.cpp)
C:\Users\kraqu\Desktop\NMS Public Release\Source\Release-NMS-Client\eqgame_dll\MQ2DataTypes.h(566): warning C4091: 'static ': ignored on left of 'MQ2SpawnType::SpawnMethods' when no variable is declared (compiling source file EQClasses.cpp)
C:\Users\kraqu\Desktop\NMS Public Release\Source\Release-NMS-Client\eqgame_dll\MQ2DataTypes.h(916): warning C4091: 'static ': ignored on left of 'MQ2CharacterType::CharacterMembers' when no variable is declared (compiling source file EQClasses.cpp)
C:\Users\kraqu\Desktop\NMS Public Release\Source\Release-NMS-Client\eqgame_dll\MQ2DataTypes.h(922): warning C4091: 'static ': ignored on left of 'MQ2CharacterType::CharacterMethods' when no variable is declared (compiling source file EQClasses.cpp)
C:\Users\kraqu\Desktop\NMS Public Release\Source\Release-NMS-Client\eqgame_dll\MQ2DataTypes.h(1187): warning C4091: 'static ': ignored on left of 'MQ2SpellType::SpellMembers' when no variable is declared (compiling source file EQClasses.cpp)
C:\Users\kraqu\Desktop\NMS Public Release\Source\Release-NMS-Client\eqgame_dll\MQ2DataTypes.h(1190): warning C4091: 'static ': ignored on left of 'MQ2SpellType::SpellMethods' when no variable is declared (compiling source file EQClasses.cpp)
C:\Users\kraqu\Desktop\NMS Public Release\Source\Release-NMS-Client\eqgame_dll\MQ2DataTypes.h(1271): warning C4091: 'static ': ignored on left of 'MQ2BuffType::BuffMembers' when no variable is declared (compiling source file EQClasses.cpp)
C:\Users\kraqu\Desktop\NMS Public Release\Source\Release-NMS-Client\eqgame_dll\MQ2DataTypes.h(1275): warning C4091: 'static ': ignored on left of 'MQ2BuffType::BuffMethods' when no variable is declared (compiling source file EQClasses.cpp)
C:\Users\kraqu\Desktop\NMS Public Release\Source\Release-NMS-Client\eqgame_dll\MQ2DataTypes.h(1468): warning C4091: 'static ': ignored on left of 'MQ2ItemType::ItemMembers' when no variable is declared (compiling source file EQClasses.cpp)
C:\Users\kraqu\Desktop\NMS Public Release\Source\Release-NMS-Client\eqgame_dll\MQ2DataTypes.h(1471): warning C4091: 'static ': ignored on left of 'MQ2ItemType::ItemMethods' when no variable is declared (compiling source file EQClasses.cpp)
C:\Users\kraqu\Desktop\NMS Public Release\Source\Release-NMS-Client\eqgame_dll\MQ2DataTypes.h(1669): warning C4091: 'static ': ignored on left of 'MQ2SwitchType::SwitchMembers' when no variable is declared (compiling source file EQClasses.cpp)
C:\Users\kraqu\Desktop\NMS Public Release\Source\Release-NMS-Client\eqgame_dll\MQ2DataTypes.h(1673): warning C4091: 'static ': ignored on left of 'MQ2SwitchType::SwitchMethods' when no variable is declared (compiling source file EQClasses.cpp)
C:\Users\kraqu\Desktop\NMS Public Release\Source\Release-NMS-Client\eqgame_dll\MQ2DataTypes.h(1749): warning C4091: 'static ': ignored on left of 'MQ2GroundType::GroundMembers' when no variable is declared (compiling source file EQClasses.cpp)
C:\Users\kraqu\Desktop\NMS Public Release\Source\Release-NMS-Client\eqgame_dll\MQ2DataTypes.h(1753): warning C4091: 'static ': ignored on left of 'MQ2GroundType::GroundMethods' when no variable is declared (compiling source file EQClasses.cpp)
C:\Users\kraqu\Desktop\NMS Public Release\Source\Release-NMS-Client\eqgame_dll\MQ2DataTypes.h(1816): warning C4091: 'static ': ignored on left of 'MQ2CorpseType::CorpseMembers' when no variable is declared (compiling source file EQClasses.cpp)
C:\Users\kraqu\Desktop\NMS Public Release\Source\Release-NMS-Client\eqgame_dll\MQ2DataTypes.h(1819): warning C4091: 'static ': ignored on left of 'MQ2CorpseType::CorpseMethods' when no variable is declared (compiling source file EQClasses.cpp)
C:\Users\kraqu\Desktop\NMS Public Release\Source\Release-NMS-Client\eqgame_dll\MQ2DataTypes.h(1867): warning C4091: 'static ': ignored on left of 'MQ2MerchantType::MerchantMembers' when no variable is declared (compiling source file EQClasses.cpp)
C:\Users\kraqu\Desktop\NMS Public Release\Source\Release-NMS-Client\eqgame_dll\MQ2DataTypes.h(1870): warning C4091: 'static ': ignored on left of 'MQ2MerchantType::MerchantMethods' when no variable is declared (compiling source file EQClasses.cpp)
C:\Users\kraqu\Desktop\NMS Public Release\Source\Release-NMS-Client\eqgame_dll\MQ2DataTypes.h(1948): warning C4091: 'static ': ignored on left of 'MQ2WindowType::WindowMembers' when no variable is declared (compiling source file EQClasses.cpp)
C:\Users\kraqu\Desktop\NMS Public Release\Source\Release-NMS-Client\eqgame_dll\MQ2DataTypes.h(1960): warning C4091: 'static ': ignored on left of 'MQ2WindowType::WindowMethods' when no variable is declared (compiling source file EQClasses.cpp)
C:\Users\kraqu\Desktop\NMS Public Release\Source\Release-NMS-Client\eqgame_dll\MQ2DataTypes.h(2056): warning C4091: 'static ': ignored on left of 'MQ2MacroType::MacroMembers' when no variable is declared (compiling source file EQClasses.cpp)
C:\Users\kraqu\Desktop\NMS Public Release\Source\Release-NMS-Client\eqgame_dll\MQ2DataTypes.h(2101): warning C4091: 'static ': ignored on left of 'MQ2ZoneType::ZoneMembers' when no variable is declared (compiling source file EQClasses.cpp)
C:\Users\kraqu\Desktop\NMS Public Release\Source\Release-NMS-Client\eqgame_dll\MQ2DataTypes.h(2159): warning C4091: 'static ': ignored on left of 'MQ2CurrentZoneType::CurrentZoneMembers' when no variable is declared (compiling source file EQClasses.cpp)
C:\Users\kraqu\Desktop\NMS Public Release\Source\Release-NMS-Client\eqgame_dll\MQ2DataTypes.h(2229): warning C4091: 'static ': ignored on left of 'MQ2MacroQuestType::MacroQuestMembers' when no variable is declared (compiling source file EQClasses.cpp)
C:\Users\kraqu\Desktop\NMS Public Release\Source\Release-NMS-Client\eqgame_dll\MQ2DataTypes.h(2232): warning C4091: 'static ': ignored on left of 'MQ2MacroQuestType::MacroQuestMethods' when no variable is declared (compiling source file EQClasses.cpp)
C:\Users\kraqu\Desktop\NMS Public Release\Source\Release-NMS-Client\eqgame_dll\MQ2DataTypes.h(2299): warning C4091: 'static ': ignored on left of 'MQ2MathType::MathMembers' when no variable is declared (compiling source file EQClasses.cpp)
C:\Users\kraqu\Desktop\NMS Public Release\Source\Release-NMS-Client\eqgame_dll\MQ2DataTypes.h(2345): warning C4091: 'static ': ignored on left of 'MQ2RaceType::RaceMembers' when no variable is declared (compiling source file EQClasses.cpp)
C:\Users\kraqu\Desktop\NMS Public Release\Source\Release-NMS-Client\eqgame_dll\MQ2DataTypes.h(2392): warning C4091: 'static ': ignored on left of 'MQ2ClassType::ClassMembers' when no variable is declared (compiling source file EQClasses.cpp)
C:\Users\kraqu\Desktop\NMS Public Release\Source\Release-NMS-Client\eqgame_dll\MQ2DataTypes.h(2438): warning C4091: 'static ': ignored on left of 'MQ2BodyType::BodyMembers' when no variable is declared (compiling source file EQClasses.cpp)
C:\Users\kraqu\Desktop\NMS Public Release\Source\Release-NMS-Client\eqgame_dll\MQ2DataTypes.h(2476): warning C4091: 'static ': ignored on left of 'MQ2DeityType::DeityMembers' when no variable is declared (compiling source file EQClasses.cpp)
C:\Users\kraqu\Desktop\NMS Public Release\Source\Release-NMS-Client\eqgame_dll\MQ2DataTypes.h(2525): warning C4091: 'static ': ignored on left of 'MQ2TimeType::TimeMembers' when no variable is declared (compiling source file EQClasses.cpp)
C:\Users\kraqu\Desktop\NMS Public Release\Source\Release-NMS-Client\eqgame_dll\MQ2DataTypes.h(2590): warning C4091: 'static ': ignored on left of 'MQ2TypeType::TypeMembers' when no variable is declared (compiling source file EQClasses.cpp)
C:\Users\kraqu\Desktop\NMS Public Release\Source\Release-NMS-Client\eqgame_dll\MQ2DataTypes.h(2631): warning C4091: 'static ': ignored on left of 'MQ2HeadingType::HeadingMembers' when no variable is declared (compiling source file EQClasses.cpp)
C:\Users\kraqu\Desktop\NMS Public Release\Source\Release-NMS-Client\eqgame_dll\MQ2DataTypes.h(2634): warning C4091: 'static ': ignored on left of 'MQ2HeadingType::HeadingMethods' when no variable is declared (compiling source file EQClasses.cpp)
C:\Users\kraqu\Desktop\NMS Public Release\Source\Release-NMS-Client\eqgame_dll\MQ2DataTypes.h(2685): warning C4091: 'static ': ignored on left of 'MQ2InvSlotType::InvSlotMembers' when no variable is declared (compiling source file EQClasses.cpp)
C:\Users\kraqu\Desktop\NMS Public Release\Source\Release-NMS-Client\eqgame_dll\MQ2DataTypes.h(2688): warning C4091: 'static ': ignored on left of 'MQ2InvSlotType::InvSlotMethods' when no variable is declared (compiling source file EQClasses.cpp)
C:\Users\kraqu\Desktop\NMS Public Release\Source\Release-NMS-Client\eqgame_dll\MQ2DataTypes.h(2744): warning C4091: 'static ': ignored on left of 'MQ2PluginType::PluginMembers' when no variable is declared (compiling source file EQClasses.cpp)
C:\Users\kraqu\Desktop\NMS Public Release\Source\Release-NMS-Client\eqgame_dll\MQ2DataTypes.h(2789): warning C4091: 'static ': ignored on left of 'MQ2BenchmarkType::BenchmarkMembers' when no variable is declared (compiling source file EQClasses.cpp)
C:\Users\kraqu\Desktop\NMS Public Release\Source\Release-NMS-Client\eqgame_dll\MQ2DataTypes.h(2837): warning C4091: 'static ': ignored on left of 'MQ2SkillType::SkillMembers' when no variable is declared (compiling source file EQClasses.cpp)
C:\Users\kraqu\Desktop\NMS Public Release\Source\Release-NMS-Client\eqgame_dll\MQ2DataTypes.h(2840): warning C4091: 'static ': ignored on left of 'MQ2SkillType::SkillMethods' when no variable is declared (compiling source file EQClasses.cpp)
C:\Users\kraqu\Desktop\NMS Public Release\Source\Release-NMS-Client\eqgame_dll\MQ2DataTypes.h(2903): warning C4091: 'static ': ignored on left of 'MQ2AltAbilityType::AltAbilityMembers' when no variable is declared (compiling source file EQClasses.cpp)
C:\Users\kraqu\Desktop\NMS Public Release\Source\Release-NMS-Client\eqgame_dll\MQ2DataTypes.h(2906): warning C4091: 'static ': ignored on left of 'MQ2AltAbilityType::AltAbilityMethods' when no variable is declared (compiling source file EQClasses.cpp)
C:\Users\kraqu\Desktop\NMS Public Release\Source\Release-NMS-Client\eqgame_dll\MQ2DataTypes.h(2953): warning C4091: 'static ': ignored on left of 'MQ2TimerType::TimerMembers' when no variable is declared (compiling source file EQClasses.cpp)
C:\Users\kraqu\Desktop\NMS Public Release\Source\Release-NMS-Client\eqgame_dll\MQ2DataTypes.h(2959): warning C4091: 'static ': ignored on left of 'MQ2TimerType::TimerMethods' when no variable is declared (compiling source file EQClasses.cpp)
C:\Users\kraqu\Desktop\NMS Public Release\Source\Release-NMS-Client\eqgame_dll\MQ2DataTypes.h(3055): warning C4091: 'static ': ignored on left of 'MQ2ArrayType::ArrayMembers' when no variable is declared (compiling source file EQClasses.cpp)
C:\Users\kraqu\Desktop\NMS Public Release\Source\Release-NMS-Client\eqgame_dll\MQ2DataTypes.h(3105): warning C4091: 'static ': ignored on left of 'MQ2GroupType::GroupMembers' when no variable is declared (compiling source file EQClasses.cpp)
C:\Users\kraqu\Desktop\NMS Public Release\Source\Release-NMS-Client\eqgame_dll\MQ2DataTypes.h(3108): warning C4091: 'static ': ignored on left of 'MQ2GroupType::GroupMethods' when no variable is declared (compiling source file EQClasses.cpp)
C:\Users\kraqu\Desktop\NMS Public Release\Source\Release-NMS-Client\eqgame_dll\MQ2DataTypes.h(3152): warning C4091: 'static ': ignored on left of 'MQ2GroupMemberType::GroupMemberMembers' when no variable is declared (compiling source file EQClasses.cpp)
C:\Users\kraqu\Desktop\NMS Public Release\Source\Release-NMS-Client\eqgame_dll\MQ2DataTypes.h(3155): warning C4091: 'static ': ignored on left of 'MQ2GroupMemberType::GroupMemberMethods' when no variable is declared (compiling source file EQClasses.cpp)
C:\Users\kraqu\Desktop\NMS Public Release\Source\Release-NMS-Client\eqgame_dll\MQ2DataTypes.h(3209): warning C4091: 'static ': ignored on left of 'MQ2RaidType::RaidMembers' when no variable is declared (compiling source file EQClasses.cpp)
C:\Users\kraqu\Desktop\NMS Public Release\Source\Release-NMS-Client\eqgame_dll\MQ2DataTypes.h(3212): warning C4091: 'static ': ignored on left of 'MQ2RaidType::RaidMethods' when no variable is declared (compiling source file EQClasses.cpp)
C:\Users\kraqu\Desktop\NMS Public Release\Source\Release-NMS-Client\eqgame_dll\MQ2DataTypes.h(3264): warning C4091: 'static ': ignored on left of 'MQ2RaidMemberType::RaidMemberMembers' when no variable is declared (compiling source file EQClasses.cpp)
C:\Users\kraqu\Desktop\NMS Public Release\Source\Release-NMS-Client\eqgame_dll\MQ2DataTypes.h(3267): warning C4091: 'static ': ignored on left of 'MQ2RaidMemberType::RaidMemberMethods' when no variable is declared (compiling source file EQClasses.cpp)
C:\Users\kraqu\Desktop\NMS Public Release\Source\Release-NMS-Client\eqgame_dll\MQ2DataTypes.h(3320): warning C4091: 'static ': ignored on left of 'MQ2EvolvingItemType::EvolvingItemMembers' when no variable is declared (compiling source file EQClasses.cpp)
C:\Users\kraqu\Desktop\NMS Public Release\Source\Release-NMS-Client\eqgame_dll\MQ2DataTypes.h(3363): warning C4091: 'static ': ignored on left of 'MQ2DynamicZoneType::DynamicZoneMembers' when no variable is declared (compiling source file EQClasses.cpp)
C:\Users\kraqu\Desktop\NMS Public Release\Source\Release-NMS-Client\eqgame_dll\MQ2DataTypes.h(3402): warning C4091: 'static ': ignored on left of 'MQ2DZMemberType::DZMemberTypeMembers' when no variable is declared (compiling source file EQClasses.cpp)
C:\Users\kraqu\Desktop\NMS Public Release\Source\Release-NMS-Client\eqgame_dll\MQ2DataTypes.h(3443): warning C4091: 'static ': ignored on left of 'MQ2FellowshipType::FellowshipTypeMembers' when no variable is declared (compiling source file EQClasses.cpp)
C:\Users\kraqu\Desktop\NMS Public Release\Source\Release-NMS-Client\eqgame_dll\MQ2DataTypes.h(3490): warning C4091: 'static ': ignored on left of 'MQ2FellowshipMemberType::FMTypeMembers' when no variable is declared (compiling source file EQClasses.cpp)
C:\Users\kraqu\Desktop\NMS Public Release\Source\Release-NMS-Client\eqgame_dll\MQ2DataTypes.h(3524): warning C4091: 'static ': ignored on left of 'MQ2FriendsType::FriendsMembers' when no variable is declared (compiling source file EQClasses.cpp)
C:\Users\kraqu\Desktop\NMS Public Release\Source\Release-NMS-Client\eqgame_dll\MQ2DataTypes.h(3527): warning C4091: 'static ': ignored on left of 'MQ2FriendsType::FriendsMethods' when no variable is declared (compiling source file EQClasses.cpp)
C:\Users\kraqu\Desktop\NMS Public Release\Source\Release-NMS-Client\eqgame_dll\MQ2DataTypes.h(3572): warning C4091: 'static ': ignored on left of 'MQ2TargetType::TargetMembers' when no variable is declared (compiling source file EQClasses.cpp)
C:\Users\kraqu\Desktop\NMS Public Release\Source\Release-NMS-Client\eqgame_dll\MQ2DataTypes.h(3650): warning C4091: 'static ': ignored on left of 'MQ2XTargetType::xTargetMembers' when no variable is declared (compiling source file EQClasses.cpp)
C:\Users\kraqu\Desktop\NMS Public Release\Source\Release-NMS-Client\eqgame_dll\MQ2Main.h(776,7): warning C4200: nonstandard extension used: zero-sized array in struct/union (compiling source file EQClasses.cpp)
C:\Users\kraqu\Desktop\NMS Public Release\Source\Release-NMS-Client\eqgame_dll\MQ2Main.h(776,7): message : This member will be ignored by a defaulted constructor or copy/move assignment operator (compiling source file EQClasses.cpp)
C:\Users\kraqu\Desktop\NMS Public Release\Source\Release-NMS-Client\eqgame_dll\MQ2Internal.h(131,6): warning C4091: 'static ': ignored on left of 'MQ2Internal::SearchItemFlag' when no variable is declared (compiling source file MQ2ChatHook.cpp)
C:\Users\kraqu\Desktop\NMS Public Release\Source\Release-NMS-Client\eqgame_dll\MQ2Internal.h(131,6): warning C4091: 'static ': ignored on left of 'MQ2Internal::SearchItemFlag' when no variable is declared (compiling source file MQ2CleanUI.cpp)
  MQ2DetourAPI.cpp
C:\Users\kraqu\Desktop\NMS Public Release\Source\Release-NMS-Client\eqgame_dll\MQ2DataTypes.h(172): warning C4091: 'static ': ignored on left of 'MQ2IntType::IntMembers' when no variable is declared (compiling source file MQ2CleanUI.cpp)
C:\Users\kraqu\Desktop\NMS Public Release\Source\Release-NMS-Client\eqgame_dll\MQ2DataTypes.h(214): warning C4091: 'static ': ignored on left of 'MQ2ArgbType::ArgbMembers' when no variable is declared (compiling source file MQ2CleanUI.cpp)
C:\Users\kraqu\Desktop\NMS Public Release\Source\Release-NMS-Client\eqgame_dll\MQ2DataTypes.h(303): warning C4091: 'static ': ignored on left of 'MQ2StringType::StringMembers' when no variable is declared (compiling source file MQ2CleanUI.cpp)
C:\Users\kraqu\Desktop\NMS Public Release\Source\Release-NMS-Client\eqgame_dll\MQ2DataTypes.h(172): warning C4091: 'static ': ignored on left of 'MQ2IntType::IntMembers' when no variable is declared (compiling source file MQ2ChatHook.cpp)
C:\Users\kraqu\Desktop\NMS Public Release\Source\Release-NMS-Client\eqgame_dll\MQ2DataTypes.h(367): warning C4091: 'static ': ignored on left of 'MQ2FloatType::FloatMembers' when no variable is declared (compiling source file MQ2CleanUI.cpp)
C:\Users\kraqu\Desktop\NMS Public Release\Source\Release-NMS-Client\eqgame_dll\MQ2DataTypes.h(214): warning C4091: 'static ': ignored on left of 'MQ2ArgbType::ArgbMembers' when no variable is declared (compiling source file MQ2ChatHook.cpp)
C:\Users\kraqu\Desktop\NMS Public Release\Source\Release-NMS-Client\eqgame_dll\MQ2DataTypes.h(418): warning C4091: 'static ': ignored on left of 'MQ2TicksType::TicksMembers' when no variable is declared (compiling source file MQ2CleanUI.cpp)
C:\Users\kraqu\Desktop\NMS Public Release\Source\Release-NMS-Client\eqgame_dll\MQ2DataTypes.h(303): warning C4091: 'static ': ignored on left of 'MQ2StringType::StringMembers' when no variable is declared (compiling source file MQ2ChatHook.cpp)
C:\Users\kraqu\Desktop\NMS Public Release\Source\Release-NMS-Client\eqgame_dll\MQ2DataTypes.h(558): warning C4091: 'static ': ignored on left of 'MQ2SpawnType::SpawnMembers' when no variable is declared (compiling source file MQ2CleanUI.cpp)
C:\Users\kraqu\Desktop\NMS Public Release\Source\Release-NMS-Client\eqgame_dll\MQ2DataTypes.h(566): warning C4091: 'static ': ignored on left of 'MQ2SpawnType::SpawnMethods' when no variable is declared (compiling source file MQ2CleanUI.cpp)
C:\Users\kraqu\Desktop\NMS Public Release\Source\Release-NMS-Client\eqgame_dll\MQ2DataTypes.h(367): warning C4091: 'static ': ignored on left of 'MQ2FloatType::FloatMembers' when no variable is declared (compiling source file MQ2ChatHook.cpp)
C:\Users\kraqu\Desktop\NMS Public Release\Source\Release-NMS-Client\eqgame_dll\MQ2DataTypes.h(418): warning C4091: 'static ': ignored on left of 'MQ2TicksType::TicksMembers' when no variable is declared (compiling source file MQ2ChatHook.cpp)
C:\Users\kraqu\Desktop\NMS Public Release\Source\Release-NMS-Client\eqgame_dll\MQ2DataTypes.h(558): warning C4091: 'static ': ignored on left of 'MQ2SpawnType::SpawnMembers' when no variable is declared (compiling source file MQ2ChatHook.cpp)
C:\Users\kraqu\Desktop\NMS Public Release\Source\Release-NMS-Client\eqgame_dll\MQ2DataTypes.h(566): warning C4091: 'static ': ignored on left of 'MQ2SpawnType::SpawnMethods' when no variable is declared (compiling source file MQ2ChatHook.cpp)
C:\Users\kraqu\Desktop\NMS Public Release\Source\Release-NMS-Client\eqgame_dll\MQ2DataTypes.h(916): warning C4091: 'static ': ignored on left of 'MQ2CharacterType::CharacterMembers' when no variable is declared (compiling source file MQ2CleanUI.cpp)
C:\Users\kraqu\Desktop\NMS Public Release\Source\Release-NMS-Client\eqgame_dll\MQ2DataTypes.h(922): warning C4091: 'static ': ignored on left of 'MQ2CharacterType::CharacterMethods' when no variable is declared (compiling source file MQ2CleanUI.cpp)
C:\Users\kraqu\Desktop\NMS Public Release\Source\Release-NMS-Client\eqgame_dll\MQ2DataTypes.h(916): warning C4091: 'static ': ignored on left of 'MQ2CharacterType::CharacterMembers' when no variable is declared (compiling source file MQ2ChatHook.cpp)
C:\Users\kraqu\Desktop\NMS Public Release\Source\Release-NMS-Client\eqgame_dll\MQ2DataTypes.h(922): warning C4091: 'static ': ignored on left of 'MQ2CharacterType::CharacterMethods' when no variable is declared (compiling source file MQ2ChatHook.cpp)
C:\Users\kraqu\Desktop\NMS Public Release\Source\Release-NMS-Client\eqgame_dll\MQ2DataTypes.h(1187): warning C4091: 'static ': ignored on left of 'MQ2SpellType::SpellMembers' when no variable is declared (compiling source file MQ2CleanUI.cpp)
C:\Users\kraqu\Desktop\NMS Public Release\Source\Release-NMS-Client\eqgame_dll\MQ2DataTypes.h(1190): warning C4091: 'static ': ignored on left of 'MQ2SpellType::SpellMethods' when no variable is declared (compiling source file MQ2CleanUI.cpp)
C:\Users\kraqu\Desktop\NMS Public Release\Source\Release-NMS-Client\eqgame_dll\MQ2DataTypes.h(1271): warning C4091: 'static ': ignored on left of 'MQ2BuffType::BuffMembers' when no variable is declared (compiling source file MQ2CleanUI.cpp)
C:\Users\kraqu\Desktop\NMS Public Release\Source\Release-NMS-Client\eqgame_dll\MQ2DataTypes.h(1275): warning C4091: 'static ': ignored on left of 'MQ2BuffType::BuffMethods' when no variable is declared (compiling source file MQ2CleanUI.cpp)
C:\Users\kraqu\Desktop\NMS Public Release\Source\Release-NMS-Client\eqgame_dll\MQ2DataTypes.h(1187): warning C4091: 'static ': ignored on left of 'MQ2SpellType::SpellMembers' when no variable is declared (compiling source file MQ2ChatHook.cpp)
C:\Users\kraqu\Desktop\NMS Public Release\Source\Release-NMS-Client\eqgame_dll\MQ2DataTypes.h(1190): warning C4091: 'static ': ignored on left of 'MQ2SpellType::SpellMethods' when no variable is declared (compiling source file MQ2ChatHook.cpp)
C:\Users\kraqu\Desktop\NMS Public Release\Source\Release-NMS-Client\eqgame_dll\MQ2DataTypes.h(1468): warning C4091: 'static ': ignored on left of 'MQ2ItemType::ItemMembers' when no variable is declared (compiling source file MQ2CleanUI.cpp)
C:\Users\kraqu\Desktop\NMS Public Release\Source\Release-NMS-Client\eqgame_dll\MQ2DataTypes.h(1471): warning C4091: 'static ': ignored on left of 'MQ2ItemType::ItemMethods' when no variable is declared (compiling source file MQ2CleanUI.cpp)
C:\Users\kraqu\Desktop\NMS Public Release\Source\Release-NMS-Client\eqgame_dll\MQ2DataTypes.h(1271): warning C4091: 'static ': ignored on left of 'MQ2BuffType::BuffMembers' when no variable is declared (compiling source file MQ2ChatHook.cpp)
C:\Users\kraqu\Desktop\NMS Public Release\Source\Release-NMS-Client\eqgame_dll\MQ2DataTypes.h(1275): warning C4091: 'static ': ignored on left of 'MQ2BuffType::BuffMethods' when no variable is declared (compiling source file MQ2ChatHook.cpp)
C:\Users\kraqu\Desktop\NMS Public Release\Source\Release-NMS-Client\eqgame_dll\MQ2DataTypes.h(1468): warning C4091: 'static ': ignored on left of 'MQ2ItemType::ItemMembers' when no variable is declared (compiling source file MQ2ChatHook.cpp)
C:\Users\kraqu\Desktop\NMS Public Release\Source\Release-NMS-Client\eqgame_dll\MQ2DataTypes.h(1471): warning C4091: 'static ': ignored on left of 'MQ2ItemType::ItemMethods' when no variable is declared (compiling source file MQ2ChatHook.cpp)
C:\Users\kraqu\Desktop\NMS Public Release\Source\Release-NMS-Client\eqgame_dll\MQ2DataTypes.h(1669): warning C4091: 'static ': ignored on left of 'MQ2SwitchType::SwitchMembers' when no variable is declared (compiling source file MQ2CleanUI.cpp)
C:\Users\kraqu\Desktop\NMS Public Release\Source\Release-NMS-Client\eqgame_dll\MQ2DataTypes.h(1673): warning C4091: 'static ': ignored on left of 'MQ2SwitchType::SwitchMethods' when no variable is declared (compiling source file MQ2CleanUI.cpp)
  MQ2FloatingText.cpp
C:\Users\kraqu\Desktop\NMS Public Release\Source\Release-NMS-Client\eqgame_dll\MQ2DataTypes.h(1749): warning C4091: 'static ': ignored on left of 'MQ2GroundType::GroundMembers' when no variable is declared (compiling source file MQ2CleanUI.cpp)
C:\Users\kraqu\Desktop\NMS Public Release\Source\Release-NMS-Client\eqgame_dll\MQ2DataTypes.h(1753): warning C4091: 'static ': ignored on left of 'MQ2GroundType::GroundMethods' when no variable is declared (compiling source file MQ2CleanUI.cpp)
C:\Users\kraqu\Desktop\NMS Public Release\Source\Release-NMS-Client\eqgame_dll\MQ2DataTypes.h(1669): warning C4091: 'static ': ignored on left of 'MQ2SwitchType::SwitchMembers' when no variable is declared (compiling source file MQ2ChatHook.cpp)
C:\Users\kraqu\Desktop\NMS Public Release\Source\Release-NMS-Client\eqgame_dll\MQ2DataTypes.h(1816): warning C4091: 'static ': ignored on left of 'MQ2CorpseType::CorpseMembers' when no variable is declared (compiling source file MQ2CleanUI.cpp)
C:\Users\kraqu\Desktop\NMS Public Release\Source\Release-NMS-Client\eqgame_dll\MQ2DataTypes.h(1673): warning C4091: 'static ': ignored on left of 'MQ2SwitchType::SwitchMethods' when no variable is declared (compiling source file MQ2ChatHook.cpp)
C:\Users\kraqu\Desktop\NMS Public Release\Source\Release-NMS-Client\eqgame_dll\MQ2DataTypes.h(1819): warning C4091: 'static ': ignored on left of 'MQ2CorpseType::CorpseMethods' when no variable is declared (compiling source file MQ2CleanUI.cpp)
C:\Users\kraqu\Desktop\NMS Public Release\Source\Release-NMS-Client\eqgame_dll\MQ2DataTypes.h(1867): warning C4091: 'static ': ignored on left of 'MQ2MerchantType::MerchantMembers' when no variable is declared (compiling source file MQ2CleanUI.cpp)
C:\Users\kraqu\Desktop\NMS Public Release\Source\Release-NMS-Client\eqgame_dll\MQ2DataTypes.h(1870): warning C4091: 'static ': ignored on left of 'MQ2MerchantType::MerchantMethods' when no variable is declared (compiling source file MQ2CleanUI.cpp)
C:\Users\kraqu\Desktop\NMS Public Release\Source\Release-NMS-Client\eqgame_dll\MQ2DataTypes.h(1749): warning C4091: 'static ': ignored on left of 'MQ2GroundType::GroundMembers' when no variable is declared (compiling source file MQ2ChatHook.cpp)
C:\Users\kraqu\Desktop\NMS Public Release\Source\Release-NMS-Client\eqgame_dll\MQ2DataTypes.h(1753): warning C4091: 'static ': ignored on left of 'MQ2GroundType::GroundMethods' when no variable is declared (compiling source file MQ2ChatHook.cpp)
C:\Users\kraqu\Desktop\NMS Public Release\Source\Release-NMS-Client\eqgame_dll\MQ2DataTypes.h(1948): warning C4091: 'static ': ignored on left of 'MQ2WindowType::WindowMembers' when no variable is declared (compiling source file MQ2CleanUI.cpp)
C:\Users\kraqu\Desktop\NMS Public Release\Source\Release-NMS-Client\eqgame_dll\MQ2DataTypes.h(1816): warning C4091: 'static ': ignored on left of 'MQ2CorpseType::CorpseMembers' when no variable is declared (compiling source file MQ2ChatHook.cpp)
C:\Users\kraqu\Desktop\NMS Public Release\Source\Release-NMS-Client\eqgame_dll\MQ2DataTypes.h(1960): warning C4091: 'static ': ignored on left of 'MQ2WindowType::WindowMethods' when no variable is declared (compiling source file MQ2CleanUI.cpp)
C:\Users\kraqu\Desktop\NMS Public Release\Source\Release-NMS-Client\eqgame_dll\MQ2DataTypes.h(1819): warning C4091: 'static ': ignored on left of 'MQ2CorpseType::CorpseMethods' when no variable is declared (compiling source file MQ2ChatHook.cpp)
C:\Users\kraqu\Desktop\NMS Public Release\Source\Release-NMS-Client\eqgame_dll\MQ2DataTypes.h(1867): warning C4091: 'static ': ignored on left of 'MQ2MerchantType::MerchantMembers' when no variable is declared (compiling source file MQ2ChatHook.cpp)
C:\Users\kraqu\Desktop\NMS Public Release\Source\Release-NMS-Client\eqgame_dll\MQ2DataTypes.h(1870): warning C4091: 'static ': ignored on left of 'MQ2MerchantType::MerchantMethods' when no variable is declared (compiling source file MQ2ChatHook.cpp)
C:\Users\kraqu\Desktop\NMS Public Release\Source\Release-NMS-Client\eqgame_dll\MQ2DataTypes.h(2056): warning C4091: 'static ': ignored on left of 'MQ2MacroType::MacroMembers' when no variable is declared (compiling source file MQ2CleanUI.cpp)
C:\Users\kraqu\Desktop\NMS Public Release\Source\Release-NMS-Client\eqgame_dll\MQ2DataTypes.h(1948): warning C4091: 'static ': ignored on left of 'MQ2WindowType::WindowMembers' when no variable is declared (compiling source file MQ2ChatHook.cpp)
C:\Users\kraqu\Desktop\NMS Public Release\Source\Release-NMS-Client\eqgame_dll\MQ2DataTypes.h(1960): warning C4091: 'static ': ignored on left of 'MQ2WindowType::WindowMethods' when no variable is declared (compiling source file MQ2ChatHook.cpp)
C:\Users\kraqu\Desktop\NMS Public Release\Source\Release-NMS-Client\eqgame_dll\MQ2DataTypes.h(2101): warning C4091: 'static ': ignored on left of 'MQ2ZoneType::ZoneMembers' when no variable is declared (compiling source file MQ2CleanUI.cpp)
C:\Users\kraqu\Desktop\NMS Public Release\Source\Release-NMS-Client\eqgame_dll\MQ2DataTypes.h(2159): warning C4091: 'static ': ignored on left of 'MQ2CurrentZoneType::CurrentZoneMembers' when no variable is declared (compiling source file MQ2CleanUI.cpp)
C:\Users\kraqu\Desktop\NMS Public Release\Source\Release-NMS-Client\eqgame_dll\MQ2DataTypes.h(2056): warning C4091: 'static ': ignored on left of 'MQ2MacroType::MacroMembers' when no variable is declared (compiling source file MQ2ChatHook.cpp)
C:\Users\kraqu\Desktop\NMS Public Release\Source\Release-NMS-Client\eqgame_dll\MQ2DataTypes.h(2101): warning C4091: 'static ': ignored on left of 'MQ2ZoneType::ZoneMembers' when no variable is declared (compiling source file MQ2ChatHook.cpp)
C:\Users\kraqu\Desktop\NMS Public Release\Source\Release-NMS-Client\eqgame_dll\MQ2DataTypes.h(2229): warning C4091: 'static ': ignored on left of 'MQ2MacroQuestType::MacroQuestMembers' when no variable is declared (compiling source file MQ2CleanUI.cpp)
C:\Users\kraqu\Desktop\NMS Public Release\Source\Release-NMS-Client\eqgame_dll\MQ2DataTypes.h(2232): warning C4091: 'static ': ignored on left of 'MQ2MacroQuestType::MacroQuestMethods' when no variable is declared (compiling source file MQ2CleanUI.cpp)
C:\Users\kraqu\Desktop\NMS Public Release\Source\Release-NMS-Client\eqgame_dll\MQ2DataTypes.h(2159): warning C4091: 'static ': ignored on left of 'MQ2CurrentZoneType::CurrentZoneMembers' when no variable is declared (compiling source file MQ2ChatHook.cpp)
C:\Users\kraqu\Desktop\NMS Public Release\Source\Release-NMS-Client\eqgame_dll\MQ2DataTypes.h(2229): warning C4091: 'static ': ignored on left of 'MQ2MacroQuestType::MacroQuestMembers' when no variable is declared (compiling source file MQ2ChatHook.cpp)
C:\Users\kraqu\Desktop\NMS Public Release\Source\Release-NMS-Client\eqgame_dll\MQ2DataTypes.h(2299): warning C4091: 'static ': ignored on left of 'MQ2MathType::MathMembers' when no variable is declared (compiling source file MQ2CleanUI.cpp)
C:\Users\kraqu\Desktop\NMS Public Release\Source\Release-NMS-Client\eqgame_dll\MQ2DataTypes.h(2232): warning C4091: 'static ': ignored on left of 'MQ2MacroQuestType::MacroQuestMethods' when no variable is declared (compiling source file MQ2ChatHook.cpp)
C:\Users\kraqu\Desktop\NMS Public Release\Source\Release-NMS-Client\eqgame_dll\MQ2DataTypes.h(2345): warning C4091: 'static ': ignored on left of 'MQ2RaceType::RaceMembers' when no variable is declared (compiling source file MQ2CleanUI.cpp)
C:\Users\kraqu\Desktop\NMS Public Release\Source\Release-NMS-Client\eqgame_dll\MQ2DataTypes.h(2299): warning C4091: 'static ': ignored on left of 'MQ2MathType::MathMembers' when no variable is declared (compiling source file MQ2ChatHook.cpp)
C:\Users\kraqu\Desktop\NMS Public Release\Source\Release-NMS-Client\eqgame_dll\MQ2DataTypes.h(2392): warning C4091: 'static ': ignored on left of 'MQ2ClassType::ClassMembers' when no variable is declared (compiling source file MQ2CleanUI.cpp)
C:\Users\kraqu\Desktop\NMS Public Release\Source\Release-NMS-Client\eqgame_dll\MQ2DataTypes.h(2438): warning C4091: 'static ': ignored on left of 'MQ2BodyType::BodyMembers' when no variable is declared (compiling source file MQ2CleanUI.cpp)
C:\Users\kraqu\Desktop\NMS Public Release\Source\Release-NMS-Client\eqgame_dll\MQ2DataTypes.h(2476): warning C4091: 'static ': ignored on left of 'MQ2DeityType::DeityMembers' when no variable is declared (compiling source file MQ2CleanUI.cpp)
C:\Users\kraqu\Desktop\NMS Public Release\Source\Release-NMS-Client\eqgame_dll\MQ2DataTypes.h(2525): warning C4091: 'static ': ignored on left of 'MQ2TimeType::TimeMembers' when no variable is declared (compiling source file MQ2CleanUI.cpp)
C:\Users\kraqu\Desktop\NMS Public Release\Source\Release-NMS-Client\eqgame_dll\MQ2DataTypes.h(2590): warning C4091: 'static ': ignored on left of 'MQ2TypeType::TypeMembers' when no variable is declared (compiling source file MQ2CleanUI.cpp)
C:\Users\kraqu\Desktop\NMS Public Release\Source\Release-NMS-Client\eqgame_dll\MQ2DataTypes.h(2345): warning C4091: 'static ': ignored on left of 'MQ2RaceType::RaceMembers' when no variable is declared (compiling source file MQ2ChatHook.cpp)
C:\Users\kraqu\Desktop\NMS Public Release\Source\Release-NMS-Client\eqgame_dll\MQ2DataTypes.h(2631): warning C4091: 'static ': ignored on left of 'MQ2HeadingType::HeadingMembers' when no variable is declared (compiling source file MQ2CleanUI.cpp)
  MQ2Globals.cpp
C:\Users\kraqu\Desktop\NMS Public Release\Source\Release-NMS-Client\eqgame_dll\MQ2DataTypes.h(2634): warning C4091: 'static ': ignored on left of 'MQ2HeadingType::HeadingMethods' when no variable is declared (compiling source file MQ2CleanUI.cpp)
C:\Users\kraqu\Desktop\NMS Public Release\Source\Release-NMS-Client\eqgame_dll\MQ2DataTypes.h(2392): warning C4091: 'static ': ignored on left of 'MQ2ClassType::ClassMembers' when no variable is declared (compiling source file MQ2ChatHook.cpp)
C:\Users\kraqu\Desktop\NMS Public Release\Source\Release-NMS-Client\eqgame_dll\MQ2DataTypes.h(2685): warning C4091: 'static ': ignored on left of 'MQ2InvSlotType::InvSlotMembers' when no variable is declared (compiling source file MQ2CleanUI.cpp)
C:\Users\kraqu\Desktop\NMS Public Release\Source\Release-NMS-Client\eqgame_dll\MQ2DataTypes.h(2688): warning C4091: 'static ': ignored on left of 'MQ2InvSlotType::InvSlotMethods' when no variable is declared (compiling source file MQ2CleanUI.cpp)
C:\Users\kraqu\Desktop\NMS Public Release\Source\Release-NMS-Client\eqgame_dll\MQ2DataTypes.h(2744): warning C4091: 'static ': ignored on left of 'MQ2PluginType::PluginMembers' when no variable is declared (compiling source file MQ2CleanUI.cpp)
  MQ2ItemDisplay.cpp
C:\Users\kraqu\Desktop\NMS Public Release\Source\Release-NMS-Client\eqgame_dll\MQ2DataTypes.h(2789): warning C4091: 'static ': ignored on left of 'MQ2BenchmarkType::BenchmarkMembers' when no variable is declared (compiling source file MQ2CleanUI.cpp)
C:\Users\kraqu\Desktop\NMS Public Release\Source\Release-NMS-Client\eqgame_dll\MQ2DataTypes.h(2438): warning C4091: 'static ': ignored on left of 'MQ2BodyType::BodyMembers' when no variable is declared (compiling source file MQ2ChatHook.cpp)
C:\Users\kraqu\Desktop\NMS Public Release\Source\Release-NMS-Client\eqgame_dll\MQ2DataTypes.h(2837): warning C4091: 'static ': ignored on left of 'MQ2SkillType::SkillMembers' when no variable is declared (compiling source file MQ2CleanUI.cpp)
C:\Users\kraqu\Desktop\NMS Public Release\Source\Release-NMS-Client\eqgame_dll\MQ2DataTypes.h(2840): warning C4091: 'static ': ignored on left of 'MQ2SkillType::SkillMethods' when no variable is declared (compiling source file MQ2CleanUI.cpp)
C:\Users\kraqu\Desktop\NMS Public Release\Source\Release-NMS-Client\eqgame_dll\MQ2DataTypes.h(2476): warning C4091: 'static ': ignored on left of 'MQ2DeityType::DeityMembers' when no variable is declared (compiling source file MQ2ChatHook.cpp)
C:\Users\kraqu\Desktop\NMS Public Release\Source\Release-NMS-Client\eqgame_dll\MQ2DataTypes.h(2903): warning C4091: 'static ': ignored on left of 'MQ2AltAbilityType::AltAbilityMembers' when no variable is declared (compiling source file MQ2CleanUI.cpp)
C:\Users\kraqu\Desktop\NMS Public Release\Source\Release-NMS-Client\eqgame_dll\MQ2DataTypes.h(2906): warning C4091: 'static ': ignored on left of 'MQ2AltAbilityType::AltAbilityMethods' when no variable is declared (compiling source file MQ2CleanUI.cpp)
C:\Users\kraqu\Desktop\NMS Public Release\Source\Release-NMS-Client\eqgame_dll\MQ2DataTypes.h(2525): warning C4091: 'static ': ignored on left of 'MQ2TimeType::TimeMembers' when no variable is declared (compiling source file MQ2ChatHook.cpp)
C:\Users\kraqu\Desktop\NMS Public Release\Source\Release-NMS-Client\eqgame_dll\MQ2DataTypes.h(2953): warning C4091: 'static ': ignored on left of 'MQ2TimerType::TimerMembers' when no variable is declared (compiling source file MQ2CleanUI.cpp)
C:\Users\kraqu\Desktop\NMS Public Release\Source\Release-NMS-Client\eqgame_dll\MQ2DataTypes.h(2959): warning C4091: 'static ': ignored on left of 'MQ2TimerType::TimerMethods' when no variable is declared (compiling source file MQ2CleanUI.cpp)
C:\Users\kraqu\Desktop\NMS Public Release\Source\Release-NMS-Client\eqgame_dll\MQ2DataTypes.h(2590): warning C4091: 'static ': ignored on left of 'MQ2TypeType::TypeMembers' when no variable is declared (compiling source file MQ2ChatHook.cpp)
C:\Users\kraqu\Desktop\NMS Public Release\Source\Release-NMS-Client\eqgame_dll\MQ2DataTypes.h(3055): warning C4091: 'static ': ignored on left of 'MQ2ArrayType::ArrayMembers' when no variable is declared (compiling source file MQ2CleanUI.cpp)
C:\Users\kraqu\Desktop\NMS Public Release\Source\Release-NMS-Client\eqgame_dll\MQ2DataTypes.h(3105): warning C4091: 'static ': ignored on left of 'MQ2GroupType::GroupMembers' when no variable is declared (compiling source file MQ2CleanUI.cpp)
C:\Users\kraqu\Desktop\NMS Public Release\Source\Release-NMS-Client\eqgame_dll\MQ2DataTypes.h(2631): warning C4091: 'static ': ignored on left of 'MQ2HeadingType::HeadingMembers' when no variable is declared (compiling source file MQ2ChatHook.cpp)
C:\Users\kraqu\Desktop\NMS Public Release\Source\Release-NMS-Client\eqgame_dll\MQ2DataTypes.h(3108): warning C4091: 'static ': ignored on left of 'MQ2GroupType::GroupMethods' when no variable is declared (compiling source file MQ2CleanUI.cpp)
C:\Users\kraqu\Desktop\NMS Public Release\Source\Release-NMS-Client\eqgame_dll\MQ2DataTypes.h(2634): warning C4091: 'static ': ignored on left of 'MQ2HeadingType::HeadingMethods' when no variable is declared (compiling source file MQ2ChatHook.cpp)
C:\Users\kraqu\Desktop\NMS Public Release\Source\Release-NMS-Client\eqgame_dll\MQ2DataTypes.h(3152): warning C4091: 'static ': ignored on left of 'MQ2GroupMemberType::GroupMemberMembers' when no variable is declared (compiling source file MQ2CleanUI.cpp)
C:\Users\kraqu\Desktop\NMS Public Release\Source\Release-NMS-Client\eqgame_dll\MQ2DataTypes.h(3155): warning C4091: 'static ': ignored on left of 'MQ2GroupMemberType::GroupMemberMethods' when no variable is declared (compiling source file MQ2CleanUI.cpp)
C:\Users\kraqu\Desktop\NMS Public Release\Source\Release-NMS-Client\eqgame_dll\MQ2DataTypes.h(2685): warning C4091: 'static ': ignored on left of 'MQ2InvSlotType::InvSlotMembers' when no variable is declared (compiling source file MQ2ChatHook.cpp)
C:\Users\kraqu\Desktop\NMS Public Release\Source\Release-NMS-Client\eqgame_dll\MQ2DataTypes.h(2688): warning C4091: 'static ': ignored on left of 'MQ2InvSlotType::InvSlotMethods' when no variable is declared (compiling source file MQ2ChatHook.cpp)
C:\Users\kraqu\Desktop\NMS Public Release\Source\Release-NMS-Client\eqgame_dll\MQ2DataTypes.h(3209): warning C4091: 'static ': ignored on left of 'MQ2RaidType::RaidMembers' when no variable is declared (compiling source file MQ2CleanUI.cpp)
C:\Users\kraqu\Desktop\NMS Public Release\Source\Release-NMS-Client\eqgame_dll\MQ2DataTypes.h(3212): warning C4091: 'static ': ignored on left of 'MQ2RaidType::RaidMethods' when no variable is declared (compiling source file MQ2CleanUI.cpp)
C:\Users\kraqu\Desktop\NMS Public Release\Source\Release-NMS-Client\eqgame_dll\MQ2DataTypes.h(3264): warning C4091: 'static ': ignored on left of 'MQ2RaidMemberType::RaidMemberMembers' when no variable is declared (compiling source file MQ2CleanUI.cpp)
C:\Users\kraqu\Desktop\NMS Public Release\Source\Release-NMS-Client\eqgame_dll\MQ2DataTypes.h(3267): warning C4091: 'static ': ignored on left of 'MQ2RaidMemberType::RaidMemberMethods' when no variable is declared (compiling source file MQ2CleanUI.cpp)
C:\Users\kraqu\Desktop\NMS Public Release\Source\Release-NMS-Client\eqgame_dll\MQ2DataTypes.h(2744): warning C4091: 'static ': ignored on left of 'MQ2PluginType::PluginMembers' when no variable is declared (compiling source file MQ2ChatHook.cpp)
C:\Users\kraqu\Desktop\NMS Public Release\Source\Release-NMS-Client\eqgame_dll\MQ2DataTypes.h(3320): warning C4091: 'static ': ignored on left of 'MQ2EvolvingItemType::EvolvingItemMembers' when no variable is declared (compiling source file MQ2CleanUI.cpp)
C:\Users\kraqu\Desktop\NMS Public Release\Source\Release-NMS-Client\eqgame_dll\MQ2DataTypes.h(2789): warning C4091: 'static ': ignored on left of 'MQ2BenchmarkType::BenchmarkMembers' when no variable is declared (compiling source file MQ2ChatHook.cpp)
C:\Users\kraqu\Desktop\NMS Public Release\Source\Release-NMS-Client\eqgame_dll\MQ2DataTypes.h(3363): warning C4091: 'static ': ignored on left of 'MQ2DynamicZoneType::DynamicZoneMembers' when no variable is declared (compiling source file MQ2CleanUI.cpp)
C:\Users\kraqu\Desktop\NMS Public Release\Source\Release-NMS-Client\eqgame_dll\MQ2DataTypes.h(2837): warning C4091: 'static ': ignored on left of 'MQ2SkillType::SkillMembers' when no variable is declared (compiling source file MQ2ChatHook.cpp)
C:\Users\kraqu\Desktop\NMS Public Release\Source\Release-NMS-Client\eqgame_dll\MQ2DataTypes.h(2840): warning C4091: 'static ': ignored on left of 'MQ2SkillType::SkillMethods' when no variable is declared (compiling source file MQ2ChatHook.cpp)
C:\Users\kraqu\Desktop\NMS Public Release\Source\Release-NMS-Client\eqgame_dll\MQ2DataTypes.h(3402): warning C4091: 'static ': ignored on left of 'MQ2DZMemberType::DZMemberTypeMembers' when no variable is declared (compiling source file MQ2CleanUI.cpp)
C:\Users\kraqu\Desktop\NMS Public Release\Source\Release-NMS-Client\eqgame_dll\MQ2DataTypes.h(3443): warning C4091: 'static ': ignored on left of 'MQ2FellowshipType::FellowshipTypeMembers' when no variable is declared (compiling source file MQ2CleanUI.cpp)
C:\Users\kraqu\Desktop\NMS Public Release\Source\Release-NMS-Client\eqgame_dll\MQ2DataTypes.h(2903): warning C4091: 'static ': ignored on left of 'MQ2AltAbilityType::AltAbilityMembers' when no variable is declared (compiling source file MQ2ChatHook.cpp)
C:\Users\kraqu\Desktop\NMS Public Release\Source\Release-NMS-Client\eqgame_dll\MQ2DataTypes.h(2906): warning C4091: 'static ': ignored on left of 'MQ2AltAbilityType::AltAbilityMethods' when no variable is declared (compiling source file MQ2ChatHook.cpp)
C:\Users\kraqu\Desktop\NMS Public Release\Source\Release-NMS-Client\eqgame_dll\MQ2DataTypes.h(3490): warning C4091: 'static ': ignored on left of 'MQ2FellowshipMemberType::FMTypeMembers' when no variable is declared (compiling source file MQ2CleanUI.cpp)
C:\Users\kraqu\Desktop\NMS Public Release\Source\Release-NMS-Client\eqgame_dll\MQ2DataTypes.h(2953): warning C4091: 'static ': ignored on left of 'MQ2TimerType::TimerMembers' when no variable is declared (compiling source file MQ2ChatHook.cpp)
C:\Users\kraqu\Desktop\NMS Public Release\Source\Release-NMS-Client\eqgame_dll\MQ2DataTypes.h(2959): warning C4091: 'static ': ignored on left of 'MQ2TimerType::TimerMethods' when no variable is declared (compiling source file MQ2ChatHook.cpp)
C:\Users\kraqu\Desktop\NMS Public Release\Source\Release-NMS-Client\eqgame_dll\MQ2DataTypes.h(3524): warning C4091: 'static ': ignored on left of 'MQ2FriendsType::FriendsMembers' when no variable is declared (compiling source file MQ2CleanUI.cpp)
C:\Users\kraqu\Desktop\NMS Public Release\Source\Release-NMS-Client\eqgame_dll\MQ2DataTypes.h(3055): warning C4091: 'static ': ignored on left of 'MQ2ArrayType::ArrayMembers' when no variable is declared (compiling source file MQ2ChatHook.cpp)
C:\Users\kraqu\Desktop\NMS Public Release\Source\Release-NMS-Client\eqgame_dll\MQ2DataTypes.h(3527): warning C4091: 'static ': ignored on left of 'MQ2FriendsType::FriendsMethods' when no variable is declared (compiling source file MQ2CleanUI.cpp)
C:\Users\kraqu\Desktop\NMS Public Release\Source\Release-NMS-Client\eqgame_dll\MQ2DataTypes.h(3105): warning C4091: 'static ': ignored on left of 'MQ2GroupType::GroupMembers' when no variable is declared (compiling source file MQ2ChatHook.cpp)
C:\Users\kraqu\Desktop\NMS Public Release\Source\Release-NMS-Client\eqgame_dll\MQ2DataTypes.h(3108): warning C4091: 'static ': ignored on left of 'MQ2GroupType::GroupMethods' when no variable is declared (compiling source file MQ2ChatHook.cpp)
C:\Users\kraqu\Desktop\NMS Public Release\Source\Release-NMS-Client\eqgame_dll\MQ2DataTypes.h(3572): warning C4091: 'static ': ignored on left of 'MQ2TargetType::TargetMembers' when no variable is declared (compiling source file MQ2CleanUI.cpp)
C:\Users\kraqu\Desktop\NMS Public Release\Source\Release-NMS-Client\eqgame_dll\MQ2DataTypes.h(3152): warning C4091: 'static ': ignored on left of 'MQ2GroupMemberType::GroupMemberMembers' when no variable is declared (compiling source file MQ2ChatHook.cpp)
C:\Users\kraqu\Desktop\NMS Public Release\Source\Release-NMS-Client\eqgame_dll\MQ2DataTypes.h(3155): warning C4091: 'static ': ignored on left of 'MQ2GroupMemberType::GroupMemberMethods' when no variable is declared (compiling source file MQ2ChatHook.cpp)
C:\Users\kraqu\Desktop\NMS Public Release\Source\Release-NMS-Client\eqgame_dll\EQData.h(464,2): warning C4091: 'typedef ': ignored on left of 'EQData::MaterialType' when no variable is declared (compiling source file FloatingTextManager.cpp)
C:\Users\kraqu\Desktop\NMS Public Release\Source\Release-NMS-Client\eqgame_dll\MQ2DataTypes.h(3209): warning C4091: 'static ': ignored on left of 'MQ2RaidType::RaidMembers' when no variable is declared (compiling source file MQ2ChatHook.cpp)
C:\Users\kraqu\Desktop\NMS Public Release\Source\Release-NMS-Client\eqgame_dll\MQ2DataTypes.h(3650): warning C4091: 'static ': ignored on left of 'MQ2XTargetType::xTargetMembers' when no variable is declared (compiling source file MQ2CleanUI.cpp)
C:\Users\kraqu\Desktop\NMS Public Release\Source\Release-NMS-Client\eqgame_dll\MQ2DataTypes.h(3212): warning C4091: 'static ': ignored on left of 'MQ2RaidType::RaidMethods' when no variable is declared (compiling source file MQ2ChatHook.cpp)
C:\Users\kraqu\Desktop\NMS Public Release\Source\Release-NMS-Client\eqgame_dll\MQ2DataTypes.h(3264): warning C4091: 'static ': ignored on left of 'MQ2RaidMemberType::RaidMemberMembers' when no variable is declared (compiling source file MQ2ChatHook.cpp)
C:\Users\kraqu\Desktop\NMS Public Release\Source\Release-NMS-Client\eqgame_dll\MQ2DataTypes.h(3267): warning C4091: 'static ': ignored on left of 'MQ2RaidMemberType::RaidMemberMethods' when no variable is declared (compiling source file MQ2ChatHook.cpp)
C:\Users\kraqu\Desktop\NMS Public Release\Source\Release-NMS-Client\eqgame_dll\MQ2DataTypes.h(3320): warning C4091: 'static ': ignored on left of 'MQ2EvolvingItemType::EvolvingItemMembers' when no variable is declared (compiling source file MQ2ChatHook.cpp)
C:\Users\kraqu\Desktop\NMS Public Release\Source\Release-NMS-Client\eqgame_dll\MQ2DataTypes.h(3363): warning C4091: 'static ': ignored on left of 'MQ2DynamicZoneType::DynamicZoneMembers' when no variable is declared (compiling source file MQ2ChatHook.cpp)
C:\Users\kraqu\Desktop\NMS Public Release\Source\Release-NMS-Client\eqgame_dll\MQ2DataTypes.h(3402): warning C4091: 'static ': ignored on left of 'MQ2DZMemberType::DZMemberTypeMembers' when no variable is declared (compiling source file MQ2ChatHook.cpp)
C:\Users\kraqu\Desktop\NMS Public Release\Source\Release-NMS-Client\eqgame_dll\MQ2DataTypes.h(3443): warning C4091: 'static ': ignored on left of 'MQ2FellowshipType::FellowshipTypeMembers' when no variable is declared (compiling source file MQ2ChatHook.cpp)
C:\Users\kraqu\Desktop\NMS Public Release\Source\Release-NMS-Client\eqgame_dll\MQ2DataTypes.h(3490): warning C4091: 'static ': ignored on left of 'MQ2FellowshipMemberType::FMTypeMembers' when no variable is declared (compiling source file MQ2ChatHook.cpp)
C:\Users\kraqu\Desktop\NMS Public Release\Source\Release-NMS-Client\eqgame_dll\MQ2DataTypes.h(3524): warning C4091: 'static ': ignored on left of 'MQ2FriendsType::FriendsMembers' when no variable is declared (compiling source file MQ2ChatHook.cpp)
C:\Users\kraqu\Desktop\NMS Public Release\Source\Release-NMS-Client\eqgame_dll\MQ2DataTypes.h(3527): warning C4091: 'static ': ignored on left of 'MQ2FriendsType::FriendsMethods' when no variable is declared (compiling source file MQ2ChatHook.cpp)
C:\Users\kraqu\Desktop\NMS Public Release\Source\Release-NMS-Client\eqgame_dll\MQ2DataTypes.h(3572): warning C4091: 'static ': ignored on left of 'MQ2TargetType::TargetMembers' when no variable is declared (compiling source file MQ2ChatHook.cpp)
C:\Users\kraqu\Desktop\NMS Public Release\Source\Release-NMS-Client\eqgame_dll\MQ2DataTypes.h(3650): warning C4091: 'static ': ignored on left of 'MQ2XTargetType::xTargetMembers' when no variable is declared (compiling source file MQ2ChatHook.cpp)
C:\Users\kraqu\Desktop\NMS Public Release\Source\Release-NMS-Client\eqgame_dll\MQ2Main.h(776,7): warning C4200: nonstandard extension used: zero-sized array in struct/union (compiling source file MQ2CleanUI.cpp)
C:\Users\kraqu\Desktop\NMS Public Release\Source\Release-NMS-Client\eqgame_dll\MQ2Main.h(776,7): message : This member will be ignored by a defaulted constructor or copy/move assignment operator (compiling source file MQ2CleanUI.cpp)
C:\Users\kraqu\Desktop\NMS Public Release\Source\Release-NMS-Client\eqgame_dll\MQ2Main.h(776,7): warning C4200: nonstandard extension used: zero-sized array in struct/union (compiling source file MQ2ChatHook.cpp)
C:\Users\kraqu\Desktop\NMS Public Release\Source\Release-NMS-Client\eqgame_dll\MQ2Main.h(776,7): message : This member will be ignored by a defaulted constructor or copy/move assignment operator (compiling source file MQ2ChatHook.cpp)
C:\Users\kraqu\Desktop\NMS Public Release\Source\Release-NMS-Client\eqgame_dll\MQ2ChatHook.cpp(73,18): warning C4101: 'SkipTrampoline': unreferenced local variable
C:\Users\kraqu\Desktop\NMS Public Release\Source\Release-NMS-Client\eqgame_dll\MQ2ChatHook.cpp(85,14): warning C4101: 'SkipTrampoline': unreferenced local variable
  MQ2Labels.cpp
  MQ2MacroCommands.cpp
  MQ2Map.cpp
  MQ2MapAPI.cpp
C:\Users\kraqu\Desktop\NMS Public Release\Source\Release-NMS-Client\eqgame_dll\EQData.h(464,2): warning C4091: 'typedef ': ignored on left of 'EQData::MaterialType' when no variable is declared (compiling source file MQ2CommandAPI.cpp)
C:\Users\kraqu\Desktop\NMS Public Release\Source\Release-NMS-Client\eqgame_dll\EQData.h(464,2): warning C4091: 'typedef ': ignored on left of 'EQData::MaterialType' when no variable is declared (compiling source file MQ2Commands.cpp)
  MQ2MapCommands.cpp
C:\Users\kraqu\Desktop\NMS Public Release\Source\Release-NMS-Client\eqgame_dll\MQ2Internal.h(131,6): warning C4091: 'static ': ignored on left of 'MQ2Internal::SearchItemFlag' when no variable is declared (compiling source file FloatingTextManager.cpp)
C:\Users\kraqu\Desktop\NMS Public Release\Source\Release-NMS-Client\eqgame_dll\MQ2DataTypes.h(172): warning C4091: 'static ': ignored on left of 'MQ2IntType::IntMembers' when no variable is declared (compiling source file FloatingTextManager.cpp)
C:\Users\kraqu\Desktop\NMS Public Release\Source\Release-NMS-Client\eqgame_dll\MQ2DataTypes.h(214): warning C4091: 'static ': ignored on left of 'MQ2ArgbType::ArgbMembers' when no variable is declared (compiling source file FloatingTextManager.cpp)
C:\Users\kraqu\Desktop\NMS Public Release\Source\Release-NMS-Client\eqgame_dll\MQ2DataTypes.h(303): warning C4091: 'static ': ignored on left of 'MQ2StringType::StringMembers' when no variable is declared (compiling source file FloatingTextManager.cpp)
C:\Users\kraqu\Desktop\NMS Public Release\Source\Release-NMS-Client\eqgame_dll\MQ2DataTypes.h(367): warning C4091: 'static ': ignored on left of 'MQ2FloatType::FloatMembers' when no variable is declared (compiling source file FloatingTextManager.cpp)
C:\Users\kraqu\Desktop\NMS Public Release\Source\Release-NMS-Client\eqgame_dll\MQ2DataTypes.h(418): warning C4091: 'static ': ignored on left of 'MQ2TicksType::TicksMembers' when no variable is declared (compiling source file FloatingTextManager.cpp)
C:\Users\kraqu\Desktop\NMS Public Release\Source\Release-NMS-Client\eqgame_dll\MQ2DataTypes.h(558): warning C4091: 'static ': ignored on left of 'MQ2SpawnType::SpawnMembers' when no variable is declared (compiling source file FloatingTextManager.cpp)
C:\Users\kraqu\Desktop\NMS Public Release\Source\Release-NMS-Client\eqgame_dll\MQ2DataTypes.h(566): warning C4091: 'static ': ignored on left of 'MQ2SpawnType::SpawnMethods' when no variable is declared (compiling source file FloatingTextManager.cpp)
C:\Users\kraqu\Desktop\NMS Public Release\Source\Release-NMS-Client\eqgame_dll\MQ2DataTypes.h(916): warning C4091: 'static ': ignored on left of 'MQ2CharacterType::CharacterMembers' when no variable is declared (compiling source file FloatingTextManager.cpp)
C:\Users\kraqu\Desktop\NMS Public Release\Source\Release-NMS-Client\eqgame_dll\MQ2DataTypes.h(922): warning C4091: 'static ': ignored on left of 'MQ2CharacterType::CharacterMethods' when no variable is declared (compiling source file FloatingTextManager.cpp)
C:\Users\kraqu\Desktop\NMS Public Release\Source\Release-NMS-Client\eqgame_dll\MQ2DataTypes.h(1187): warning C4091: 'static ': ignored on left of 'MQ2SpellType::SpellMembers' when no variable is declared (compiling source file FloatingTextManager.cpp)
C:\Users\kraqu\Desktop\NMS Public Release\Source\Release-NMS-Client\eqgame_dll\MQ2DataTypes.h(1190): warning C4091: 'static ': ignored on left of 'MQ2SpellType::SpellMethods' when no variable is declared (compiling source file FloatingTextManager.cpp)
C:\Users\kraqu\Desktop\NMS Public Release\Source\Release-NMS-Client\eqgame_dll\MQ2DataTypes.h(1271): warning C4091: 'static ': ignored on left of 'MQ2BuffType::BuffMembers' when no variable is declared (compiling source file FloatingTextManager.cpp)
C:\Users\kraqu\Desktop\NMS Public Release\Source\Release-NMS-Client\eqgame_dll\MQ2DataTypes.h(1275): warning C4091: 'static ': ignored on left of 'MQ2BuffType::BuffMethods' when no variable is declared (compiling source file FloatingTextManager.cpp)
C:\Users\kraqu\Desktop\NMS Public Release\Source\Release-NMS-Client\eqgame_dll\MQ2DataTypes.h(1468): warning C4091: 'static ': ignored on left of 'MQ2ItemType::ItemMembers' when no variable is declared (compiling source file FloatingTextManager.cpp)
C:\Users\kraqu\Desktop\NMS Public Release\Source\Release-NMS-Client\eqgame_dll\MQ2DataTypes.h(1471): warning C4091: 'static ': ignored on left of 'MQ2ItemType::ItemMethods' when no variable is declared (compiling source file FloatingTextManager.cpp)
C:\Users\kraqu\Desktop\NMS Public Release\Source\Release-NMS-Client\eqgame_dll\MQ2DataTypes.h(1669): warning C4091: 'static ': ignored on left of 'MQ2SwitchType::SwitchMembers' when no variable is declared (compiling source file FloatingTextManager.cpp)
C:\Users\kraqu\Desktop\NMS Public Release\Source\Release-NMS-Client\eqgame_dll\MQ2DataTypes.h(1673): warning C4091: 'static ': ignored on left of 'MQ2SwitchType::SwitchMethods' when no variable is declared (compiling source file FloatingTextManager.cpp)
C:\Users\kraqu\Desktop\NMS Public Release\Source\Release-NMS-Client\eqgame_dll\MQ2DataTypes.h(1749): warning C4091: 'static ': ignored on left of 'MQ2GroundType::GroundMembers' when no variable is declared (compiling source file FloatingTextManager.cpp)
C:\Users\kraqu\Desktop\NMS Public Release\Source\Release-NMS-Client\eqgame_dll\MQ2DataTypes.h(1753): warning C4091: 'static ': ignored on left of 'MQ2GroundType::GroundMethods' when no variable is declared (compiling source file FloatingTextManager.cpp)
C:\Users\kraqu\Desktop\NMS Public Release\Source\Release-NMS-Client\eqgame_dll\MQ2DataTypes.h(1816): warning C4091: 'static ': ignored on left of 'MQ2CorpseType::CorpseMembers' when no variable is declared (compiling source file FloatingTextManager.cpp)
C:\Users\kraqu\Desktop\NMS Public Release\Source\Release-NMS-Client\eqgame_dll\MQ2DataTypes.h(1819): warning C4091: 'static ': ignored on left of 'MQ2CorpseType::CorpseMethods' when no variable is declared (compiling source file FloatingTextManager.cpp)
C:\Users\kraqu\Desktop\NMS Public Release\Source\Release-NMS-Client\eqgame_dll\MQ2DataTypes.h(1867): warning C4091: 'static ': ignored on left of 'MQ2MerchantType::MerchantMembers' when no variable is declared (compiling source file FloatingTextManager.cpp)
C:\Users\kraqu\Desktop\NMS Public Release\Source\Release-NMS-Client\eqgame_dll\MQ2DataTypes.h(1870): warning C4091: 'static ': ignored on left of 'MQ2MerchantType::MerchantMethods' when no variable is declared (compiling source file FloatingTextManager.cpp)
C:\Users\kraqu\Desktop\NMS Public Release\Source\Release-NMS-Client\eqgame_dll\MQ2DataTypes.h(1948): warning C4091: 'static ': ignored on left of 'MQ2WindowType::WindowMembers' when no variable is declared (compiling source file FloatingTextManager.cpp)
C:\Users\kraqu\Desktop\NMS Public Release\Source\Release-NMS-Client\eqgame_dll\MQ2DataTypes.h(1960): warning C4091: 'static ': ignored on left of 'MQ2WindowType::WindowMethods' when no variable is declared (compiling source file FloatingTextManager.cpp)
C:\Users\kraqu\Desktop\NMS Public Release\Source\Release-NMS-Client\eqgame_dll\MQ2DataTypes.h(2056): warning C4091: 'static ': ignored on left of 'MQ2MacroType::MacroMembers' when no variable is declared (compiling source file FloatingTextManager.cpp)
C:\Users\kraqu\Desktop\NMS Public Release\Source\Release-NMS-Client\eqgame_dll\MQ2DataTypes.h(2101): warning C4091: 'static ': ignored on left of 'MQ2ZoneType::ZoneMembers' when no variable is declared (compiling source file FloatingTextManager.cpp)
C:\Users\kraqu\Desktop\NMS Public Release\Source\Release-NMS-Client\eqgame_dll\MQ2DataTypes.h(2159): warning C4091: 'static ': ignored on left of 'MQ2CurrentZoneType::CurrentZoneMembers' when no variable is declared (compiling source file FloatingTextManager.cpp)
C:\Users\kraqu\Desktop\NMS Public Release\Source\Release-NMS-Client\eqgame_dll\MQ2DataTypes.h(2229): warning C4091: 'static ': ignored on left of 'MQ2MacroQuestType::MacroQuestMembers' when no variable is declared (compiling source file FloatingTextManager.cpp)
C:\Users\kraqu\Desktop\NMS Public Release\Source\Release-NMS-Client\eqgame_dll\MQ2DataTypes.h(2232): warning C4091: 'static ': ignored on left of 'MQ2MacroQuestType::MacroQuestMethods' when no variable is declared (compiling source file FloatingTextManager.cpp)
C:\Users\kraqu\Desktop\NMS Public Release\Source\Release-NMS-Client\eqgame_dll\MQ2DataTypes.h(2299): warning C4091: 'static ': ignored on left of 'MQ2MathType::MathMembers' when no variable is declared (compiling source file FloatingTextManager.cpp)
C:\Users\kraqu\Desktop\NMS Public Release\Source\Release-NMS-Client\eqgame_dll\MQ2DataTypes.h(2345): warning C4091: 'static ': ignored on left of 'MQ2RaceType::RaceMembers' when no variable is declared (compiling source file FloatingTextManager.cpp)
C:\Users\kraqu\Desktop\NMS Public Release\Source\Release-NMS-Client\eqgame_dll\MQ2DataTypes.h(2392): warning C4091: 'static ': ignored on left of 'MQ2ClassType::ClassMembers' when no variable is declared (compiling source file FloatingTextManager.cpp)
C:\Users\kraqu\Desktop\NMS Public Release\Source\Release-NMS-Client\eqgame_dll\MQ2DataTypes.h(2438): warning C4091: 'static ': ignored on left of 'MQ2BodyType::BodyMembers' when no variable is declared (compiling source file FloatingTextManager.cpp)
C:\Users\kraqu\Desktop\NMS Public Release\Source\Release-NMS-Client\eqgame_dll\MQ2DataTypes.h(2476): warning C4091: 'static ': ignored on left of 'MQ2DeityType::DeityMembers' when no variable is declared (compiling source file FloatingTextManager.cpp)
  MQ2Mouse.cpp
C:\Users\kraqu\Desktop\NMS Public Release\Source\Release-NMS-Client\eqgame_dll\MQ2DataTypes.h(2525): warning C4091: 'static ': ignored on left of 'MQ2TimeType::TimeMembers' when no variable is declared (compiling source file FloatingTextManager.cpp)
C:\Users\kraqu\Desktop\NMS Public Release\Source\Release-NMS-Client\eqgame_dll\MQ2DataTypes.h(2590): warning C4091: 'static ': ignored on left of 'MQ2TypeType::TypeMembers' when no variable is declared (compiling source file FloatingTextManager.cpp)
C:\Users\kraqu\Desktop\NMS Public Release\Source\Release-NMS-Client\eqgame_dll\MQ2DataTypes.h(2631): warning C4091: 'static ': ignored on left of 'MQ2HeadingType::HeadingMembers' when no variable is declared (compiling source file FloatingTextManager.cpp)
C:\Users\kraqu\Desktop\NMS Public Release\Source\Release-NMS-Client\eqgame_dll\MQ2DataTypes.h(2634): warning C4091: 'static ': ignored on left of 'MQ2HeadingType::HeadingMethods' when no variable is declared (compiling source file FloatingTextManager.cpp)
C:\Users\kraqu\Desktop\NMS Public Release\Source\Release-NMS-Client\eqgame_dll\MQ2DataTypes.h(2685): warning C4091: 'static ': ignored on left of 'MQ2InvSlotType::InvSlotMembers' when no variable is declared (compiling source file FloatingTextManager.cpp)
C:\Users\kraqu\Desktop\NMS Public Release\Source\Release-NMS-Client\eqgame_dll\MQ2DataTypes.h(2688): warning C4091: 'static ': ignored on left of 'MQ2InvSlotType::InvSlotMethods' when no variable is declared (compiling source file FloatingTextManager.cpp)
C:\Users\kraqu\Desktop\NMS Public Release\Source\Release-NMS-Client\eqgame_dll\MQ2DataTypes.h(2744): warning C4091: 'static ': ignored on left of 'MQ2PluginType::PluginMembers' when no variable is declared (compiling source file FloatingTextManager.cpp)
C:\Users\kraqu\Desktop\NMS Public Release\Source\Release-NMS-Client\eqgame_dll\MQ2DataTypes.h(2789): warning C4091: 'static ': ignored on left of 'MQ2BenchmarkType::BenchmarkMembers' when no variable is declared (compiling source file FloatingTextManager.cpp)
C:\Users\kraqu\Desktop\NMS Public Release\Source\Release-NMS-Client\eqgame_dll\MQ2DataTypes.h(2837): warning C4091: 'static ': ignored on left of 'MQ2SkillType::SkillMembers' when no variable is declared (compiling source file FloatingTextManager.cpp)
C:\Users\kraqu\Desktop\NMS Public Release\Source\Release-NMS-Client\eqgame_dll\MQ2DataTypes.h(2840): warning C4091: 'static ': ignored on left of 'MQ2SkillType::SkillMethods' when no variable is declared (compiling source file FloatingTextManager.cpp)
C:\Users\kraqu\Desktop\NMS Public Release\Source\Release-NMS-Client\eqgame_dll\MQ2DataTypes.h(2903): warning C4091: 'static ': ignored on left of 'MQ2AltAbilityType::AltAbilityMembers' when no variable is declared (compiling source file FloatingTextManager.cpp)
C:\Users\kraqu\Desktop\NMS Public Release\Source\Release-NMS-Client\eqgame_dll\MQ2DataTypes.h(2906): warning C4091: 'static ': ignored on left of 'MQ2AltAbilityType::AltAbilityMethods' when no variable is declared (compiling source file FloatingTextManager.cpp)
C:\Users\kraqu\Desktop\NMS Public Release\Source\Release-NMS-Client\eqgame_dll\MQ2DataTypes.h(2953): warning C4091: 'static ': ignored on left of 'MQ2TimerType::TimerMembers' when no variable is declared (compiling source file FloatingTextManager.cpp)
C:\Users\kraqu\Desktop\NMS Public Release\Source\Release-NMS-Client\eqgame_dll\MQ2DataTypes.h(2959): warning C4091: 'static ': ignored on left of 'MQ2TimerType::TimerMethods' when no variable is declared (compiling source file FloatingTextManager.cpp)
C:\Users\kraqu\Desktop\NMS Public Release\Source\Release-NMS-Client\eqgame_dll\MQ2DataTypes.h(3055): warning C4091: 'static ': ignored on left of 'MQ2ArrayType::ArrayMembers' when no variable is declared (compiling source file FloatingTextManager.cpp)
C:\Users\kraqu\Desktop\NMS Public Release\Source\Release-NMS-Client\eqgame_dll\MQ2DataTypes.h(3105): warning C4091: 'static ': ignored on left of 'MQ2GroupType::GroupMembers' when no variable is declared (compiling source file FloatingTextManager.cpp)
C:\Users\kraqu\Desktop\NMS Public Release\Source\Release-NMS-Client\eqgame_dll\MQ2DataTypes.h(3108): warning C4091: 'static ': ignored on left of 'MQ2GroupType::GroupMethods' when no variable is declared (compiling source file FloatingTextManager.cpp)
C:\Users\kraqu\Desktop\NMS Public Release\Source\Release-NMS-Client\eqgame_dll\MQ2DataTypes.h(3152): warning C4091: 'static ': ignored on left of 'MQ2GroupMemberType::GroupMemberMembers' when no variable is declared (compiling source file FloatingTextManager.cpp)
C:\Users\kraqu\Desktop\NMS Public Release\Source\Release-NMS-Client\eqgame_dll\MQ2DataTypes.h(3155): warning C4091: 'static ': ignored on left of 'MQ2GroupMemberType::GroupMemberMethods' when no variable is declared (compiling source file FloatingTextManager.cpp)
C:\Users\kraqu\Desktop\NMS Public Release\Source\Release-NMS-Client\eqgame_dll\MQ2DataTypes.h(3209): warning C4091: 'static ': ignored on left of 'MQ2RaidType::RaidMembers' when no variable is declared (compiling source file FloatingTextManager.cpp)
C:\Users\kraqu\Desktop\NMS Public Release\Source\Release-NMS-Client\eqgame_dll\MQ2DataTypes.h(3212): warning C4091: 'static ': ignored on left of 'MQ2RaidType::RaidMethods' when no variable is declared (compiling source file FloatingTextManager.cpp)
C:\Users\kraqu\Desktop\NMS Public Release\Source\Release-NMS-Client\eqgame_dll\MQ2DataTypes.h(3264): warning C4091: 'static ': ignored on left of 'MQ2RaidMemberType::RaidMemberMembers' when no variable is declared (compiling source file FloatingTextManager.cpp)
C:\Users\kraqu\Desktop\NMS Public Release\Source\Release-NMS-Client\eqgame_dll\MQ2DataTypes.h(3267): warning C4091: 'static ': ignored on left of 'MQ2RaidMemberType::RaidMemberMethods' when no variable is declared (compiling source file FloatingTextManager.cpp)
C:\Users\kraqu\Desktop\NMS Public Release\Source\Release-NMS-Client\eqgame_dll\MQ2DataTypes.h(3320): warning C4091: 'static ': ignored on left of 'MQ2EvolvingItemType::EvolvingItemMembers' when no variable is declared (compiling source file FloatingTextManager.cpp)
C:\Users\kraqu\Desktop\NMS Public Release\Source\Release-NMS-Client\eqgame_dll\MQ2DataTypes.h(3363): warning C4091: 'static ': ignored on left of 'MQ2DynamicZoneType::DynamicZoneMembers' when no variable is declared (compiling source file FloatingTextManager.cpp)
C:\Users\kraqu\Desktop\NMS Public Release\Source\Release-NMS-Client\eqgame_dll\MQ2DataTypes.h(3402): warning C4091: 'static ': ignored on left of 'MQ2DZMemberType::DZMemberTypeMembers' when no variable is declared (compiling source file FloatingTextManager.cpp)
C:\Users\kraqu\Desktop\NMS Public Release\Source\Release-NMS-Client\eqgame_dll\EQData.h(464,2): warning C4091: 'typedef ': ignored on left of 'EQData::MaterialType' when no variable is declared (compiling source file MQ2Data.cpp)
C:\Users\kraqu\Desktop\NMS Public Release\Source\Release-NMS-Client\eqgame_dll\MQ2DataTypes.h(3443): warning C4091: 'static ': ignored on left of 'MQ2FellowshipType::FellowshipTypeMembers' when no variable is declared (compiling source file FloatingTextManager.cpp)
C:\Users\kraqu\Desktop\NMS Public Release\Source\Release-NMS-Client\eqgame_dll\MQ2DataTypes.h(3490): warning C4091: 'static ': ignored on left of 'MQ2FellowshipMemberType::FMTypeMembers' when no variable is declared (compiling source file FloatingTextManager.cpp)
C:\Users\kraqu\Desktop\NMS Public Release\Source\Release-NMS-Client\eqgame_dll\MQ2DataTypes.h(3524): warning C4091: 'static ': ignored on left of 'MQ2FriendsType::FriendsMembers' when no variable is declared (compiling source file FloatingTextManager.cpp)
C:\Users\kraqu\Desktop\NMS Public Release\Source\Release-NMS-Client\eqgame_dll\MQ2DataTypes.h(3527): warning C4091: 'static ': ignored on left of 'MQ2FriendsType::FriendsMethods' when no variable is declared (compiling source file FloatingTextManager.cpp)
C:\Users\kraqu\Desktop\NMS Public Release\Source\Release-NMS-Client\eqgame_dll\MQ2DataTypes.h(3572): warning C4091: 'static ': ignored on left of 'MQ2TargetType::TargetMembers' when no variable is declared (compiling source file FloatingTextManager.cpp)
C:\Users\kraqu\Desktop\NMS Public Release\Source\Release-NMS-Client\eqgame_dll\MQ2DataTypes.h(3650): warning C4091: 'static ': ignored on left of 'MQ2XTargetType::xTargetMembers' when no variable is declared (compiling source file FloatingTextManager.cpp)
C:\Users\kraqu\Desktop\NMS Public Release\Source\Release-NMS-Client\eqgame_dll\MQ2Main.h(776,7): warning C4200: nonstandard extension used: zero-sized array in struct/union (compiling source file FloatingTextManager.cpp)
C:\Users\kraqu\Desktop\NMS Public Release\Source\Release-NMS-Client\eqgame_dll\MQ2Main.h(776,7): message : This member will be ignored by a defaulted constructor or copy/move assignment operator (compiling source file FloatingTextManager.cpp)
C:\Users\kraqu\Desktop\NMS Public Release\Source\Release-NMS-Client\eqgame_dll\RECTF.h(9,2): warning C4091: 'typedef ': ignored on left of 'RECTF' when no variable is declared (compiling source file FloatingTextManager.cpp)
C:\Users\kraqu\Desktop\NMS Public Release\Source\Release-NMS-Client\eqgame_dll\MQ2Internal.h(131,6): warning C4091: 'static ': ignored on left of 'MQ2Internal::SearchItemFlag' when no variable is declared (compiling source file MQ2Commands.cpp)
C:\Users\kraqu\Desktop\NMS Public Release\Source\Release-NMS-Client\eqgame_dll\MQ2Internal.h(131,6): warning C4091: 'static ': ignored on left of 'MQ2Internal::SearchItemFlag' when no variable is declared (compiling source file MQ2CommandAPI.cpp)
C:\Users\kraqu\Desktop\NMS Public Release\Source\Release-NMS-Client\eqgame_dll\MQ2DataTypes.h(172): warning C4091: 'static ': ignored on left of 'MQ2IntType::IntMembers' when no variable is declared (compiling source file MQ2Commands.cpp)
C:\Users\kraqu\Desktop\NMS Public Release\Source\Release-NMS-Client\eqgame_dll\MQ2DataTypes.h(214): warning C4091: 'static ': ignored on left of 'MQ2ArgbType::ArgbMembers' when no variable is declared (compiling source file MQ2Commands.cpp)
C:\Users\kraqu\Desktop\NMS Public Release\Source\Release-NMS-Client\eqgame_dll\MQ2DataTypes.h(303): warning C4091: 'static ': ignored on left of 'MQ2StringType::StringMembers' when no variable is declared (compiling source file MQ2Commands.cpp)
C:\Users\kraqu\Desktop\NMS Public Release\Source\Release-NMS-Client\eqgame_dll\MQ2DataTypes.h(367): warning C4091: 'static ': ignored on left of 'MQ2FloatType::FloatMembers' when no variable is declared (compiling source file MQ2Commands.cpp)
C:\Users\kraqu\Desktop\NMS Public Release\Source\Release-NMS-Client\eqgame_dll\MQ2DataTypes.h(418): warning C4091: 'static ': ignored on left of 'MQ2TicksType::TicksMembers' when no variable is declared (compiling source file MQ2Commands.cpp)
C:\Users\kraqu\Desktop\NMS Public Release\Source\Release-NMS-Client\eqgame_dll\MQ2DataTypes.h(558): warning C4091: 'static ': ignored on left of 'MQ2SpawnType::SpawnMembers' when no variable is declared (compiling source file MQ2Commands.cpp)
C:\Users\kraqu\Desktop\NMS Public Release\Source\Release-NMS-Client\eqgame_dll\MQ2DataTypes.h(566): warning C4091: 'static ': ignored on left of 'MQ2SpawnType::SpawnMethods' when no variable is declared (compiling source file MQ2Commands.cpp)
C:\Users\kraqu\Desktop\NMS Public Release\Source\Release-NMS-Client\eqgame_dll\MQ2DataTypes.h(916): warning C4091: 'static ': ignored on left of 'MQ2CharacterType::CharacterMembers' when no variable is declared (compiling source file MQ2Commands.cpp)
C:\Users\kraqu\Desktop\NMS Public Release\Source\Release-NMS-Client\eqgame_dll\MQ2DataTypes.h(922): warning C4091: 'static ': ignored on left of 'MQ2CharacterType::CharacterMethods' when no variable is declared (compiling source file MQ2Commands.cpp)
C:\Users\kraqu\Desktop\NMS Public Release\Source\Release-NMS-Client\eqgame_dll\MQ2DataTypes.h(1187): warning C4091: 'static ': ignored on left of 'MQ2SpellType::SpellMembers' when no variable is declared (compiling source file MQ2Commands.cpp)
C:\Users\kraqu\Desktop\NMS Public Release\Source\Release-NMS-Client\eqgame_dll\MQ2DataTypes.h(1190): warning C4091: 'static ': ignored on left of 'MQ2SpellType::SpellMethods' when no variable is declared (compiling source file MQ2Commands.cpp)
C:\Users\kraqu\Desktop\NMS Public Release\Source\Release-NMS-Client\eqgame_dll\MQ2DataTypes.h(1271): warning C4091: 'static ': ignored on left of 'MQ2BuffType::BuffMembers' when no variable is declared (compiling source file MQ2Commands.cpp)
C:\Users\kraqu\Desktop\NMS Public Release\Source\Release-NMS-Client\eqgame_dll\MQ2DataTypes.h(1275): warning C4091: 'static ': ignored on left of 'MQ2BuffType::BuffMethods' when no variable is declared (compiling source file MQ2Commands.cpp)
C:\Users\kraqu\Desktop\NMS Public Release\Source\Release-NMS-Client\eqgame_dll\MQ2DataTypes.h(1468): warning C4091: 'static ': ignored on left of 'MQ2ItemType::ItemMembers' when no variable is declared (compiling source file MQ2Commands.cpp)
C:\Users\kraqu\Desktop\NMS Public Release\Source\Release-NMS-Client\eqgame_dll\MQ2DataTypes.h(1471): warning C4091: 'static ': ignored on left of 'MQ2ItemType::ItemMethods' when no variable is declared (compiling source file MQ2Commands.cpp)
  MQ2ParseAPI.cpp
C:\Users\kraqu\Desktop\NMS Public Release\Source\Release-NMS-Client\eqgame_dll\MQ2DataTypes.h(1669): warning C4091: 'static ': ignored on left of 'MQ2SwitchType::SwitchMembers' when no variable is declared (compiling source file MQ2Commands.cpp)
C:\Users\kraqu\Desktop\NMS Public Release\Source\Release-NMS-Client\eqgame_dll\MQ2DataTypes.h(1673): warning C4091: 'static ': ignored on left of 'MQ2SwitchType::SwitchMethods' when no variable is declared (compiling source file MQ2Commands.cpp)
C:\Users\kraqu\Desktop\NMS Public Release\Source\Release-NMS-Client\eqgame_dll\MQ2DataTypes.h(172): warning C4091: 'static ': ignored on left of 'MQ2IntType::IntMembers' when no variable is declared (compiling source file MQ2CommandAPI.cpp)
C:\Users\kraqu\Desktop\NMS Public Release\Source\Release-NMS-Client\eqgame_dll\MQ2DataTypes.h(1749): warning C4091: 'static ': ignored on left of 'MQ2GroundType::GroundMembers' when no variable is declared (compiling source file MQ2Commands.cpp)
C:\Users\kraqu\Desktop\NMS Public Release\Source\Release-NMS-Client\eqgame_dll\MQ2DataTypes.h(214): warning C4091: 'static ': ignored on left of 'MQ2ArgbType::ArgbMembers' when no variable is declared (compiling source file MQ2CommandAPI.cpp)
C:\Users\kraqu\Desktop\NMS Public Release\Source\Release-NMS-Client\eqgame_dll\MQ2DataTypes.h(1753): warning C4091: 'static ': ignored on left of 'MQ2GroundType::GroundMethods' when no variable is declared (compiling source file MQ2Commands.cpp)
C:\Users\kraqu\Desktop\NMS Public Release\Source\Release-NMS-Client\eqgame_dll\MQ2DataTypes.h(303): warning C4091: 'static ': ignored on left of 'MQ2StringType::StringMembers' when no variable is declared (compiling source file MQ2CommandAPI.cpp)
C:\Users\kraqu\Desktop\NMS Public Release\Source\Release-NMS-Client\eqgame_dll\MQ2DataTypes.h(1816): warning C4091: 'static ': ignored on left of 'MQ2CorpseType::CorpseMembers' when no variable is declared (compiling source file MQ2Commands.cpp)
C:\Users\kraqu\Desktop\NMS Public Release\Source\Release-NMS-Client\eqgame_dll\MQ2DataTypes.h(1819): warning C4091: 'static ': ignored on left of 'MQ2CorpseType::CorpseMethods' when no variable is declared (compiling source file MQ2Commands.cpp)
C:\Users\kraqu\Desktop\NMS Public Release\Source\Release-NMS-Client\eqgame_dll\MQ2Main.h(23,1): warning C4005: '_WIN32_WINNT': macro redefinition (compiling source file Hooks.cpp)
C:\Program Files (x86)\Windows Kits\10\Include\10.0.18362.0\shared\sdkddkver.h(217): message : see previous definition of '_WIN32_WINNT' (compiling source file Hooks.cpp)
C:\Users\kraqu\Desktop\NMS Public Release\Source\Release-NMS-Client\eqgame_dll\MQ2DataTypes.h(367): warning C4091: 'static ': ignored on left of 'MQ2FloatType::FloatMembers' when no variable is declared (compiling source file MQ2CommandAPI.cpp)
C:\Users\kraqu\Desktop\NMS Public Release\Source\Release-NMS-Client\eqgame_dll\MQ2DataTypes.h(418): warning C4091: 'static ': ignored on left of 'MQ2TicksType::TicksMembers' when no variable is declared (compiling source file MQ2CommandAPI.cpp)
C:\Users\kraqu\Desktop\NMS Public Release\Source\Release-NMS-Client\eqgame_dll\MQ2DataTypes.h(1867): warning C4091: 'static ': ignored on left of 'MQ2MerchantType::MerchantMembers' when no variable is declared (compiling source file MQ2Commands.cpp)
C:\Users\kraqu\Desktop\NMS Public Release\Source\Release-NMS-Client\eqgame_dll\MQ2DataTypes.h(1870): warning C4091: 'static ': ignored on left of 'MQ2MerchantType::MerchantMethods' when no variable is declared (compiling source file MQ2Commands.cpp)
C:\Users\kraqu\Desktop\NMS Public Release\Source\Release-NMS-Client\eqgame_dll\MQ2DataTypes.h(558): warning C4091: 'static ': ignored on left of 'MQ2SpawnType::SpawnMembers' when no variable is declared (compiling source file MQ2CommandAPI.cpp)
C:\Users\kraqu\Desktop\NMS Public Release\Source\Release-NMS-Client\eqgame_dll\MQ2DataTypes.h(566): warning C4091: 'static ': ignored on left of 'MQ2SpawnType::SpawnMethods' when no variable is declared (compiling source file MQ2CommandAPI.cpp)
C:\Users\kraqu\Desktop\NMS Public Release\Source\Release-NMS-Client\eqgame_dll\MQ2DataTypes.h(1948): warning C4091: 'static ': ignored on left of 'MQ2WindowType::WindowMembers' when no variable is declared (compiling source file MQ2Commands.cpp)
C:\Users\kraqu\Desktop\NMS Public Release\Source\Release-NMS-Client\eqgame_dll\MQ2DataTypes.h(1960): warning C4091: 'static ': ignored on left of 'MQ2WindowType::WindowMethods' when no variable is declared (compiling source file MQ2Commands.cpp)
C:\Users\kraqu\Desktop\NMS Public Release\Source\Release-NMS-Client\eqgame_dll\MQ2DataTypes.h(2056): warning C4091: 'static ': ignored on left of 'MQ2MacroType::MacroMembers' when no variable is declared (compiling source file MQ2Commands.cpp)
C:\Users\kraqu\Desktop\NMS Public Release\Source\Release-NMS-Client\eqgame_dll\MQ2DataTypes.h(916): warning C4091: 'static ': ignored on left of 'MQ2CharacterType::CharacterMembers' when no variable is declared (compiling source file MQ2CommandAPI.cpp)
C:\Users\kraqu\Desktop\NMS Public Release\Source\Release-NMS-Client\eqgame_dll\MQ2DataTypes.h(922): warning C4091: 'static ': ignored on left of 'MQ2CharacterType::CharacterMethods' when no variable is declared (compiling source file MQ2CommandAPI.cpp)
C:\Users\kraqu\Desktop\NMS Public Release\Source\Release-NMS-Client\eqgame_dll\MQ2DataTypes.h(2101): warning C4091: 'static ': ignored on left of 'MQ2ZoneType::ZoneMembers' when no variable is declared (compiling source file MQ2Commands.cpp)
C:\Users\kraqu\Desktop\NMS Public Release\Source\Release-NMS-Client\eqgame_dll\MQ2DataTypes.h(2159): warning C4091: 'static ': ignored on left of 'MQ2CurrentZoneType::CurrentZoneMembers' when no variable is declared (compiling source file MQ2Commands.cpp)
C:\Users\kraqu\Desktop\NMS Public Release\Source\Release-NMS-Client\eqgame_dll\MQ2DataTypes.h(2229): warning C4091: 'static ': ignored on left of 'MQ2MacroQuestType::MacroQuestMembers' when no variable is declared (compiling source file MQ2Commands.cpp)
C:\Users\kraqu\Desktop\NMS Public Release\Source\Release-NMS-Client\eqgame_dll\MQ2DataTypes.h(2232): warning C4091: 'static ': ignored on left of 'MQ2MacroQuestType::MacroQuestMethods' when no variable is declared (compiling source file MQ2Commands.cpp)
C:\Users\kraqu\Desktop\NMS Public Release\Source\Release-NMS-Client\eqgame_dll\MQ2DataTypes.h(2299): warning C4091: 'static ': ignored on left of 'MQ2MathType::MathMembers' when no variable is declared (compiling source file MQ2Commands.cpp)
C:\Users\kraqu\Desktop\NMS Public Release\Source\Release-NMS-Client\eqgame_dll\MQ2DataTypes.h(1187): warning C4091: 'static ': ignored on left of 'MQ2SpellType::SpellMembers' when no variable is declared (compiling source file MQ2CommandAPI.cpp)
C:\Users\kraqu\Desktop\NMS Public Release\Source\Release-NMS-Client\eqgame_dll\MQ2DataTypes.h(1190): warning C4091: 'static ': ignored on left of 'MQ2SpellType::SpellMethods' when no variable is declared (compiling source file MQ2CommandAPI.cpp)
C:\Users\kraqu\Desktop\NMS Public Release\Source\Release-NMS-Client\eqgame_dll\MQ2DataTypes.h(2345): warning C4091: 'static ': ignored on left of 'MQ2RaceType::RaceMembers' when no variable is declared (compiling source file MQ2Commands.cpp)
C:\Users\kraqu\Desktop\NMS Public Release\Source\Release-NMS-Client\eqgame_dll\MQ2DataTypes.h(1271): warning C4091: 'static ': ignored on left of 'MQ2BuffType::BuffMembers' when no variable is declared (compiling source file MQ2CommandAPI.cpp)
C:\Users\kraqu\Desktop\NMS Public Release\Source\Release-NMS-Client\eqgame_dll\MQ2DataTypes.h(1275): warning C4091: 'static ': ignored on left of 'MQ2BuffType::BuffMethods' when no variable is declared (compiling source file MQ2CommandAPI.cpp)
C:\Users\kraqu\Desktop\NMS Public Release\Source\Release-NMS-Client\eqgame_dll\MQ2DataTypes.h(2392): warning C4091: 'static ': ignored on left of 'MQ2ClassType::ClassMembers' when no variable is declared (compiling source file MQ2Commands.cpp)
C:\Users\kraqu\Desktop\NMS Public Release\Source\Release-NMS-Client\eqgame_dll\MQ2DataTypes.h(1468): warning C4091: 'static ': ignored on left of 'MQ2ItemType::ItemMembers' when no variable is declared (compiling source file MQ2CommandAPI.cpp)
C:\Users\kraqu\Desktop\NMS Public Release\Source\Release-NMS-Client\eqgame_dll\MQ2DataTypes.h(1471): warning C4091: 'static ': ignored on left of 'MQ2ItemType::ItemMethods' when no variable is declared (compiling source file MQ2CommandAPI.cpp)
C:\Users\kraqu\Desktop\NMS Public Release\Source\Release-NMS-Client\eqgame_dll\MQ2DataTypes.h(2438): warning C4091: 'static ': ignored on left of 'MQ2BodyType::BodyMembers' when no variable is declared (compiling source file MQ2Commands.cpp)
C:\Users\kraqu\Desktop\NMS Public Release\Source\Release-NMS-Client\eqgame_dll\MQ2DataTypes.h(2476): warning C4091: 'static ': ignored on left of 'MQ2DeityType::DeityMembers' when no variable is declared (compiling source file MQ2Commands.cpp)
C:\Users\kraqu\Desktop\NMS Public Release\Source\Release-NMS-Client\eqgame_dll\MQ2DataTypes.h(2525): warning C4091: 'static ': ignored on left of 'MQ2TimeType::TimeMembers' when no variable is declared (compiling source file MQ2Commands.cpp)
C:\Users\kraqu\Desktop\NMS Public Release\Source\Release-NMS-Client\eqgame_dll\MQ2DataTypes.h(1669): warning C4091: 'static ': ignored on left of 'MQ2SwitchType::SwitchMembers' when no variable is declared (compiling source file MQ2CommandAPI.cpp)
C:\Users\kraqu\Desktop\NMS Public Release\Source\Release-NMS-Client\eqgame_dll\MQ2DataTypes.h(1673): warning C4091: 'static ': ignored on left of 'MQ2SwitchType::SwitchMethods' when no variable is declared (compiling source file MQ2CommandAPI.cpp)
C:\Users\kraqu\Desktop\NMS Public Release\Source\Release-NMS-Client\eqgame_dll\MQ2DataTypes.h(2590): warning C4091: 'static ': ignored on left of 'MQ2TypeType::TypeMembers' when no variable is declared (compiling source file MQ2Commands.cpp)
C:\Users\kraqu\Desktop\NMS Public Release\Source\Release-NMS-Client\eqgame_dll\MQ2DataTypes.h(2631): warning C4091: 'static ': ignored on left of 'MQ2HeadingType::HeadingMembers' when no variable is declared (compiling source file MQ2Commands.cpp)
C:\Users\kraqu\Desktop\NMS Public Release\Source\Release-NMS-Client\eqgame_dll\MQ2DataTypes.h(2634): warning C4091: 'static ': ignored on left of 'MQ2HeadingType::HeadingMethods' when no variable is declared (compiling source file MQ2Commands.cpp)
C:\Users\kraqu\Desktop\NMS Public Release\Source\Release-NMS-Client\eqgame_dll\MQ2DataTypes.h(1749): warning C4091: 'static ': ignored on left of 'MQ2GroundType::GroundMembers' when no variable is declared (compiling source file MQ2CommandAPI.cpp)
C:\Users\kraqu\Desktop\NMS Public Release\Source\Release-NMS-Client\eqgame_dll\MQ2DataTypes.h(1753): warning C4091: 'static ': ignored on left of 'MQ2GroundType::GroundMethods' when no variable is declared (compiling source file MQ2CommandAPI.cpp)
C:\Users\kraqu\Desktop\NMS Public Release\Source\Release-NMS-Client\eqgame_dll\MQ2DataTypes.h(2685): warning C4091: 'static ': ignored on left of 'MQ2InvSlotType::InvSlotMembers' when no variable is declared (compiling source file MQ2Commands.cpp)
C:\Users\kraqu\Desktop\NMS Public Release\Source\Release-NMS-Client\eqgame_dll\MQ2DataTypes.h(2688): warning C4091: 'static ': ignored on left of 'MQ2InvSlotType::InvSlotMethods' when no variable is declared (compiling source file MQ2Commands.cpp)
C:\Users\kraqu\Desktop\NMS Public Release\Source\Release-NMS-Client\eqgame_dll\MQ2DataTypes.h(1816): warning C4091: 'static ': ignored on left of 'MQ2CorpseType::CorpseMembers' when no variable is declared (compiling source file MQ2CommandAPI.cpp)
C:\Users\kraqu\Desktop\NMS Public Release\Source\Release-NMS-Client\eqgame_dll\MQ2DataTypes.h(1819): warning C4091: 'static ': ignored on left of 'MQ2CorpseType::CorpseMethods' when no variable is declared (compiling source file MQ2CommandAPI.cpp)
C:\Users\kraqu\Desktop\NMS Public Release\Source\Release-NMS-Client\eqgame_dll\MQ2DataTypes.h(2744): warning C4091: 'static ': ignored on left of 'MQ2PluginType::PluginMembers' when no variable is declared (compiling source file MQ2Commands.cpp)
C:\Users\kraqu\Desktop\NMS Public Release\Source\Release-NMS-Client\eqgame_dll\MQ2DataTypes.h(1867): warning C4091: 'static ': ignored on left of 'MQ2MerchantType::MerchantMembers' when no variable is declared (compiling source file MQ2CommandAPI.cpp)
C:\Users\kraqu\Desktop\NMS Public Release\Source\Release-NMS-Client\eqgame_dll\MQ2DataTypes.h(1870): warning C4091: 'static ': ignored on left of 'MQ2MerchantType::MerchantMethods' when no variable is declared (compiling source file MQ2CommandAPI.cpp)
C:\Users\kraqu\Desktop\NMS Public Release\Source\Release-NMS-Client\eqgame_dll\MQ2DataTypes.h(2789): warning C4091: 'static ': ignored on left of 'MQ2BenchmarkType::BenchmarkMembers' when no variable is declared (compiling source file MQ2Commands.cpp)
C:\Users\kraqu\Desktop\NMS Public Release\Source\Release-NMS-Client\eqgame_dll\MQ2DataTypes.h(1948): warning C4091: 'static ': ignored on left of 'MQ2WindowType::WindowMembers' when no variable is declared (compiling source file MQ2CommandAPI.cpp)
C:\Users\kraqu\Desktop\NMS Public Release\Source\Release-NMS-Client\eqgame_dll\MQ2DataTypes.h(1960): warning C4091: 'static ': ignored on left of 'MQ2WindowType::WindowMethods' when no variable is declared (compiling source file MQ2CommandAPI.cpp)
C:\Users\kraqu\Desktop\NMS Public Release\Source\Release-NMS-Client\eqgame_dll\MQ2DataTypes.h(2837): warning C4091: 'static ': ignored on left of 'MQ2SkillType::SkillMembers' when no variable is declared (compiling source file MQ2Commands.cpp)
C:\Users\kraqu\Desktop\NMS Public Release\Source\Release-NMS-Client\eqgame_dll\MQ2DataTypes.h(2840): warning C4091: 'static ': ignored on left of 'MQ2SkillType::SkillMethods' when no variable is declared (compiling source file MQ2Commands.cpp)
C:\Users\kraqu\Desktop\NMS Public Release\Source\Release-NMS-Client\eqgame_dll\MQ2DataTypes.h(2903): warning C4091: 'static ': ignored on left of 'MQ2AltAbilityType::AltAbilityMembers' when no variable is declared (compiling source file MQ2Commands.cpp)
C:\Users\kraqu\Desktop\NMS Public Release\Source\Release-NMS-Client\eqgame_dll\MQ2DataTypes.h(2906): warning C4091: 'static ': ignored on left of 'MQ2AltAbilityType::AltAbilityMethods' when no variable is declared (compiling source file MQ2Commands.cpp)
C:\Users\kraqu\Desktop\NMS Public Release\Source\Release-NMS-Client\eqgame_dll\MQ2DataTypes.h(2056): warning C4091: 'static ': ignored on left of 'MQ2MacroType::MacroMembers' when no variable is declared (compiling source file MQ2CommandAPI.cpp)
C:\Users\kraqu\Desktop\NMS Public Release\Source\Release-NMS-Client\eqgame_dll\MQ2DataTypes.h(2953): warning C4091: 'static ': ignored on left of 'MQ2TimerType::TimerMembers' when no variable is declared (compiling source file MQ2Commands.cpp)
C:\Users\kraqu\Desktop\NMS Public Release\Source\Release-NMS-Client\eqgame_dll\MQ2DataTypes.h(2101): warning C4091: 'static ': ignored on left of 'MQ2ZoneType::ZoneMembers' when no variable is declared (compiling source file MQ2CommandAPI.cpp)
C:\Users\kraqu\Desktop\NMS Public Release\Source\Release-NMS-Client\eqgame_dll\MQ2DataTypes.h(2959): warning C4091: 'static ': ignored on left of 'MQ2TimerType::TimerMethods' when no variable is declared (compiling source file MQ2Commands.cpp)
  MQ2PluginHandler.cpp
C:\Users\kraqu\Desktop\NMS Public Release\Source\Release-NMS-Client\eqgame_dll\MQ2DataTypes.h(2159): warning C4091: 'static ': ignored on left of 'MQ2CurrentZoneType::CurrentZoneMembers' when no variable is declared (compiling source file MQ2CommandAPI.cpp)
C:\Users\kraqu\Desktop\NMS Public Release\Source\Release-NMS-Client\eqgame_dll\MQ2DataTypes.h(3055): warning C4091: 'static ': ignored on left of 'MQ2ArrayType::ArrayMembers' when no variable is declared (compiling source file MQ2Commands.cpp)
C:\Users\kraqu\Desktop\NMS Public Release\Source\Release-NMS-Client\eqgame_dll\MQ2DataTypes.h(2229): warning C4091: 'static ': ignored on left of 'MQ2MacroQuestType::MacroQuestMembers' when no variable is declared (compiling source file MQ2CommandAPI.cpp)
C:\Users\kraqu\Desktop\NMS Public Release\Source\Release-NMS-Client\eqgame_dll\MQ2DataTypes.h(3105): warning C4091: 'static ': ignored on left of 'MQ2GroupType::GroupMembers' when no variable is declared (compiling source file MQ2Commands.cpp)
C:\Users\kraqu\Desktop\NMS Public Release\Source\Release-NMS-Client\eqgame_dll\MQ2DataTypes.h(3108): warning C4091: 'static ': ignored on left of 'MQ2GroupType::GroupMethods' when no variable is declared (compiling source file MQ2Commands.cpp)
C:\Users\kraqu\Desktop\NMS Public Release\Source\Release-NMS-Client\eqgame_dll\MQ2DataTypes.h(2232): warning C4091: 'static ': ignored on left of 'MQ2MacroQuestType::MacroQuestMethods' when no variable is declared (compiling source file MQ2CommandAPI.cpp)
C:\Users\kraqu\Desktop\NMS Public Release\Source\Release-NMS-Client\eqgame_dll\MQ2DataTypes.h(3152): warning C4091: 'static ': ignored on left of 'MQ2GroupMemberType::GroupMemberMembers' when no variable is declared (compiling source file MQ2Commands.cpp)
C:\Users\kraqu\Desktop\NMS Public Release\Source\Release-NMS-Client\eqgame_dll\MQ2DataTypes.h(3155): warning C4091: 'static ': ignored on left of 'MQ2GroupMemberType::GroupMemberMethods' when no variable is declared (compiling source file MQ2Commands.cpp)
C:\Users\kraqu\Desktop\NMS Public Release\Source\Release-NMS-Client\eqgame_dll\MQ2DataTypes.h(2299): warning C4091: 'static ': ignored on left of 'MQ2MathType::MathMembers' when no variable is declared (compiling source file MQ2CommandAPI.cpp)
C:\Users\kraqu\Desktop\NMS Public Release\Source\Release-NMS-Client\eqgame_dll\MQ2DataTypes.h(3209): warning C4091: 'static ': ignored on left of 'MQ2RaidType::RaidMembers' when no variable is declared (compiling source file MQ2Commands.cpp)
C:\Users\kraqu\Desktop\NMS Public Release\Source\Release-NMS-Client\eqgame_dll\MQ2DataTypes.h(3212): warning C4091: 'static ': ignored on left of 'MQ2RaidType::RaidMethods' when no variable is declared (compiling source file MQ2Commands.cpp)
C:\Users\kraqu\Desktop\NMS Public Release\Source\Release-NMS-Client\eqgame_dll\MQ2DataTypes.h(2345): warning C4091: 'static ': ignored on left of 'MQ2RaceType::RaceMembers' when no variable is declared (compiling source file MQ2CommandAPI.cpp)
C:\Users\kraqu\Desktop\NMS Public Release\Source\Release-NMS-Client\eqgame_dll\MQ2DataTypes.h(3264): warning C4091: 'static ': ignored on left of 'MQ2RaidMemberType::RaidMemberMembers' when no variable is declared (compiling source file MQ2Commands.cpp)
C:\Users\kraqu\Desktop\NMS Public Release\Source\Release-NMS-Client\eqgame_dll\MQ2DataTypes.h(2392): warning C4091: 'static ': ignored on left of 'MQ2ClassType::ClassMembers' when no variable is declared (compiling source file MQ2CommandAPI.cpp)
C:\Users\kraqu\Desktop\NMS Public Release\Source\Release-NMS-Client\eqgame_dll\MQ2DataTypes.h(3267): warning C4091: 'static ': ignored on left of 'MQ2RaidMemberType::RaidMemberMethods' when no variable is declared (compiling source file MQ2Commands.cpp)
C:\Users\kraqu\Desktop\NMS Public Release\Source\Release-NMS-Client\eqgame_dll\MQ2DataTypes.h(2438): warning C4091: 'static ': ignored on left of 'MQ2BodyType::BodyMembers' when no variable is declared (compiling source file MQ2CommandAPI.cpp)
C:\Users\kraqu\Desktop\NMS Public Release\Source\Release-NMS-Client\eqgame_dll\MQ2DataTypes.h(3320): warning C4091: 'static ': ignored on left of 'MQ2EvolvingItemType::EvolvingItemMembers' when no variable is declared (compiling source file MQ2Commands.cpp)
C:\Users\kraqu\Desktop\NMS Public Release\Source\Release-NMS-Client\eqgame_dll\MQ2DataTypes.h(2476): warning C4091: 'static ': ignored on left of 'MQ2DeityType::DeityMembers' when no variable is declared (compiling source file MQ2CommandAPI.cpp)
C:\Users\kraqu\Desktop\NMS Public Release\Source\Release-NMS-Client\eqgame_dll\MQ2DataTypes.h(3363): warning C4091: 'static ': ignored on left of 'MQ2DynamicZoneType::DynamicZoneMembers' when no variable is declared (compiling source file MQ2Commands.cpp)
C:\Users\kraqu\Desktop\NMS Public Release\Source\Release-NMS-Client\eqgame_dll\MQ2DataTypes.h(2525): warning C4091: 'static ': ignored on left of 'MQ2TimeType::TimeMembers' when no variable is declared (compiling source file MQ2CommandAPI.cpp)
C:\Users\kraqu\Desktop\NMS Public Release\Source\Release-NMS-Client\eqgame_dll\MQ2DataTypes.h(3402): warning C4091: 'static ': ignored on left of 'MQ2DZMemberType::DZMemberTypeMembers' when no variable is declared (compiling source file MQ2Commands.cpp)
C:\Users\kraqu\Desktop\NMS Public Release\Source\Release-NMS-Client\eqgame_dll\MQ2DataTypes.h(3443): warning C4091: 'static ': ignored on left of 'MQ2FellowshipType::FellowshipTypeMembers' when no variable is declared (compiling source file MQ2Commands.cpp)
C:\Users\kraqu\Desktop\NMS Public Release\Source\Release-NMS-Client\eqgame_dll\MQ2DataTypes.h(3490): warning C4091: 'static ': ignored on left of 'MQ2FellowshipMemberType::FMTypeMembers' when no variable is declared (compiling source file MQ2Commands.cpp)
C:\Users\kraqu\Desktop\NMS Public Release\Source\Release-NMS-Client\eqgame_dll\MQ2DataTypes.h(3524): warning C4091: 'static ': ignored on left of 'MQ2FriendsType::FriendsMembers' when no variable is declared (compiling source file MQ2Commands.cpp)
C:\Users\kraqu\Desktop\NMS Public Release\Source\Release-NMS-Client\eqgame_dll\MQ2DataTypes.h(3527): warning C4091: 'static ': ignored on left of 'MQ2FriendsType::FriendsMethods' when no variable is declared (compiling source file MQ2Commands.cpp)
C:\Users\kraqu\Desktop\NMS Public Release\Source\Release-NMS-Client\eqgame_dll\MQ2DataTypes.h(3572): warning C4091: 'static ': ignored on left of 'MQ2TargetType::TargetMembers' when no variable is declared (compiling source file MQ2Commands.cpp)
C:\Users\kraqu\Desktop\NMS Public Release\Source\Release-NMS-Client\eqgame_dll\MQ2DataTypes.h(2590): warning C4091: 'static ': ignored on left of 'MQ2TypeType::TypeMembers' when no variable is declared (compiling source file MQ2CommandAPI.cpp)
C:\Users\kraqu\Desktop\NMS Public Release\Source\Release-NMS-Client\eqgame_dll\MQ2DataTypes.h(2631): warning C4091: 'static ': ignored on left of 'MQ2HeadingType::HeadingMembers' when no variable is declared (compiling source file MQ2CommandAPI.cpp)
C:\Users\kraqu\Desktop\NMS Public Release\Source\Release-NMS-Client\eqgame_dll\MQ2DataTypes.h(2634): warning C4091: 'static ': ignored on left of 'MQ2HeadingType::HeadingMethods' when no variable is declared (compiling source file MQ2CommandAPI.cpp)
C:\Users\kraqu\Desktop\NMS Public Release\Source\Release-NMS-Client\eqgame_dll\MQ2DataTypes.h(2685): warning C4091: 'static ': ignored on left of 'MQ2InvSlotType::InvSlotMembers' when no variable is declared (compiling source file MQ2CommandAPI.cpp)
C:\Users\kraqu\Desktop\NMS Public Release\Source\Release-NMS-Client\eqgame_dll\MQ2DataTypes.h(2688): warning C4091: 'static ': ignored on left of 'MQ2InvSlotType::InvSlotMethods' when no variable is declared (compiling source file MQ2CommandAPI.cpp)
C:\Users\kraqu\Desktop\NMS Public Release\Source\Release-NMS-Client\eqgame_dll\MQ2DataTypes.h(2744): warning C4091: 'static ': ignored on left of 'MQ2PluginType::PluginMembers' when no variable is declared (compiling source file MQ2CommandAPI.cpp)
C:\Users\kraqu\Desktop\NMS Public Release\Source\Release-NMS-Client\eqgame_dll\MQ2DataTypes.h(2789): warning C4091: 'static ': ignored on left of 'MQ2BenchmarkType::BenchmarkMembers' when no variable is declared (compiling source file MQ2CommandAPI.cpp)
C:\Users\kraqu\Desktop\NMS Public Release\Source\Release-NMS-Client\eqgame_dll\MQ2DataTypes.h(2837): warning C4091: 'static ': ignored on left of 'MQ2SkillType::SkillMembers' when no variable is declared (compiling source file MQ2CommandAPI.cpp)
C:\Users\kraqu\Desktop\NMS Public Release\Source\Release-NMS-Client\eqgame_dll\MQ2DataTypes.h(3650): warning C4091: 'static ': ignored on left of 'MQ2XTargetType::xTargetMembers' when no variable is declared (compiling source file MQ2Commands.cpp)
C:\Users\kraqu\Desktop\NMS Public Release\Source\Release-NMS-Client\eqgame_dll\EQData.h(464,2): warning C4091: 'typedef ': ignored on left of 'EQData::MaterialType' when no variable is declared (compiling source file MQ2DataAPI.cpp)
C:\Users\kraqu\Desktop\NMS Public Release\Source\Release-NMS-Client\eqgame_dll\MQ2DataTypes.h(2840): warning C4091: 'static ': ignored on left of 'MQ2SkillType::SkillMethods' when no variable is declared (compiling source file MQ2CommandAPI.cpp)
C:\Users\kraqu\Desktop\NMS Public Release\Source\Release-NMS-Client\eqgame_dll\MQ2DataTypes.h(2903): warning C4091: 'static ': ignored on left of 'MQ2AltAbilityType::AltAbilityMembers' when no variable is declared (compiling source file MQ2CommandAPI.cpp)
C:\Users\kraqu\Desktop\NMS Public Release\Source\Release-NMS-Client\eqgame_dll\MQ2DataTypes.h(2906): warning C4091: 'static ': ignored on left of 'MQ2AltAbilityType::AltAbilityMethods' when no variable is declared (compiling source file MQ2CommandAPI.cpp)
C:\Users\kraqu\Desktop\NMS Public Release\Source\Release-NMS-Client\eqgame_dll\MQ2Main.h(776,7): warning C4200: nonstandard extension used: zero-sized array in struct/union (compiling source file MQ2Commands.cpp)
C:\Users\kraqu\Desktop\NMS Public Release\Source\Release-NMS-Client\eqgame_dll\MQ2Main.h(776,7): message : This member will be ignored by a defaulted constructor or copy/move assignment operator (compiling source file MQ2Commands.cpp)
C:\Users\kraqu\Desktop\NMS Public Release\Source\Release-NMS-Client\eqgame_dll\MQ2DataTypes.h(2953): warning C4091: 'static ': ignored on left of 'MQ2TimerType::TimerMembers' when no variable is declared (compiling source file MQ2CommandAPI.cpp)
C:\Users\kraqu\Desktop\NMS Public Release\Source\Release-NMS-Client\eqgame_dll\MQ2DataTypes.h(2959): warning C4091: 'static ': ignored on left of 'MQ2TimerType::TimerMethods' when no variable is declared (compiling source file MQ2CommandAPI.cpp)
C:\Users\kraqu\Desktop\NMS Public Release\Source\Release-NMS-Client\eqgame_dll\MQ2DataTypes.h(3055): warning C4091: 'static ': ignored on left of 'MQ2ArrayType::ArrayMembers' when no variable is declared (compiling source file MQ2CommandAPI.cpp)
C:\Users\kraqu\Desktop\NMS Public Release\Source\Release-NMS-Client\eqgame_dll\MQ2DataTypes.h(3105): warning C4091: 'static ': ignored on left of 'MQ2GroupType::GroupMembers' when no variable is declared (compiling source file MQ2CommandAPI.cpp)
C:\Users\kraqu\Desktop\NMS Public Release\Source\Release-NMS-Client\eqgame_dll\MQ2DataTypes.h(3108): warning C4091: 'static ': ignored on left of 'MQ2GroupType::GroupMethods' when no variable is declared (compiling source file MQ2CommandAPI.cpp)
C:\Users\kraqu\Desktop\NMS Public Release\Source\Release-NMS-Client\eqgame_dll\MQ2DataTypes.h(3152): warning C4091: 'static ': ignored on left of 'MQ2GroupMemberType::GroupMemberMembers' when no variable is declared (compiling source file MQ2CommandAPI.cpp)
C:\Users\kraqu\Desktop\NMS Public Release\Source\Release-NMS-Client\eqgame_dll\MQ2DataTypes.h(3155): warning C4091: 'static ': ignored on left of 'MQ2GroupMemberType::GroupMemberMethods' when no variable is declared (compiling source file MQ2CommandAPI.cpp)
C:\Users\kraqu\Desktop\NMS Public Release\Source\Release-NMS-Client\eqgame_dll\MQ2DataTypes.h(3209): warning C4091: 'static ': ignored on left of 'MQ2RaidType::RaidMembers' when no variable is declared (compiling source file MQ2CommandAPI.cpp)
C:\Users\kraqu\Desktop\NMS Public Release\Source\Release-NMS-Client\eqgame_dll\MQ2DataTypes.h(3212): warning C4091: 'static ': ignored on left of 'MQ2RaidType::RaidMethods' when no variable is declared (compiling source file MQ2CommandAPI.cpp)
C:\Users\kraqu\Desktop\NMS Public Release\Source\Release-NMS-Client\eqgame_dll\MQ2DataTypes.h(3264): warning C4091: 'static ': ignored on left of 'MQ2RaidMemberType::RaidMemberMembers' when no variable is declared (compiling source file MQ2CommandAPI.cpp)
C:\Users\kraqu\Desktop\NMS Public Release\Source\Release-NMS-Client\eqgame_dll\MQ2DataTypes.h(3267): warning C4091: 'static ': ignored on left of 'MQ2RaidMemberType::RaidMemberMethods' when no variable is declared (compiling source file MQ2CommandAPI.cpp)
C:\Users\kraqu\Desktop\NMS Public Release\Source\Release-NMS-Client\eqgame_dll\MQ2DataTypes.h(3320): warning C4091: 'static ': ignored on left of 'MQ2EvolvingItemType::EvolvingItemMembers' when no variable is declared (compiling source file MQ2CommandAPI.cpp)
C:\Users\kraqu\Desktop\NMS Public Release\Source\Release-NMS-Client\eqgame_dll\MQ2Internal.h(131,6): warning C4091: 'static ': ignored on left of 'MQ2Internal::SearchItemFlag' when no variable is declared (compiling source file MQ2Data.cpp)
C:\Users\kraqu\Desktop\NMS Public Release\Source\Release-NMS-Client\eqgame_dll\MQ2DataTypes.h(3363): warning C4091: 'static ': ignored on left of 'MQ2DynamicZoneType::DynamicZoneMembers' when no variable is declared (compiling source file MQ2CommandAPI.cpp)
C:\Users\kraqu\Desktop\NMS Public Release\Source\Release-NMS-Client\eqgame_dll\MQ2DataTypes.h(3402): warning C4091: 'static ': ignored on left of 'MQ2DZMemberType::DZMemberTypeMembers' when no variable is declared (compiling source file MQ2CommandAPI.cpp)
C:\Users\kraqu\Desktop\NMS Public Release\Source\Release-NMS-Client\eqgame_dll\MQ2DataTypes.h(3443): warning C4091: 'static ': ignored on left of 'MQ2FellowshipType::FellowshipTypeMembers' when no variable is declared (compiling source file MQ2CommandAPI.cpp)
C:\Users\kraqu\Desktop\NMS Public Release\Source\Release-NMS-Client\eqgame_dll\MQ2DataTypes.h(3490): warning C4091: 'static ': ignored on left of 'MQ2FellowshipMemberType::FMTypeMembers' when no variable is declared (compiling source file MQ2CommandAPI.cpp)
C:\Users\kraqu\Desktop\NMS Public Release\Source\Release-NMS-Client\eqgame_dll\MQ2DataTypes.h(3524): warning C4091: 'static ': ignored on left of 'MQ2FriendsType::FriendsMembers' when no variable is declared (compiling source file MQ2CommandAPI.cpp)
C:\Users\kraqu\Desktop\NMS Public Release\Source\Release-NMS-Client\eqgame_dll\MQ2DataTypes.h(3527): warning C4091: 'static ': ignored on left of 'MQ2FriendsType::FriendsMethods' when no variable is declared (compiling source file MQ2CommandAPI.cpp)
C:\Users\kraqu\Desktop\NMS Public Release\Source\Release-NMS-Client\eqgame_dll\MQ2DataTypes.h(3572): warning C4091: 'static ': ignored on left of 'MQ2TargetType::TargetMembers' when no variable is declared (compiling source file MQ2CommandAPI.cpp)
C:\Users\kraqu\Desktop\NMS Public Release\Source\Release-NMS-Client\eqgame_dll\MQ2DataTypes.h(3650): warning C4091: 'static ': ignored on left of 'MQ2XTargetType::xTargetMembers' when no variable is declared (compiling source file MQ2CommandAPI.cpp)
C:\Users\kraqu\Desktop\NMS Public Release\Source\Release-NMS-Client\eqgame_dll\MQ2Main.h(776,7): warning C4200: nonstandard extension used: zero-sized array in struct/union (compiling source file MQ2CommandAPI.cpp)
C:\Users\kraqu\Desktop\NMS Public Release\Source\Release-NMS-Client\eqgame_dll\MQ2Main.h(776,7): message : This member will be ignored by a defaulted constructor or copy/move assignment operator (compiling source file MQ2CommandAPI.cpp)
C:\Users\kraqu\Desktop\NMS Public Release\Source\Release-NMS-Client\eqgame_dll\MQ2CommandAPI.cpp(178,40): warning C4244: '=': conversion from 'DWORD' to 'BYTE', possible loss of data
C:\Users\kraqu\Desktop\NMS Public Release\Source\Release-NMS-Client\eqgame_dll\MQ2CommandAPI.cpp(164,21): warning C4101: 'g_savedCI2Class': unreferenced local variable
C:\Users\kraqu\Desktop\NMS Public Release\Source\Release-NMS-Client\eqgame_dll\MQ2Commands.cpp(47,52): warning C4474: 'sprintf' : too many arguments passed for format string
C:\Users\kraqu\Desktop\NMS Public Release\Source\Release-NMS-Client\eqgame_dll\MQ2Commands.cpp(47,52): message : placeholders and their parameters expect 1 variadic arguments, but 2 were provided
C:\Users\kraqu\Desktop\NMS Public Release\Source\Release-NMS-Client\eqgame_dll\MQ2DataTypes.h(172): warning C4091: 'static ': ignored on left of 'MQ2IntType::IntMembers' when no variable is declared (compiling source file MQ2Data.cpp)
C:\Users\kraqu\Desktop\NMS Public Release\Source\Release-NMS-Client\eqgame_dll\MQ2DataTypes.h(214): warning C4091: 'static ': ignored on left of 'MQ2ArgbType::ArgbMembers' when no variable is declared (compiling source file MQ2Data.cpp)
C:\Users\kraqu\Desktop\NMS Public Release\Source\Release-NMS-Client\eqgame_dll\MQ2DataTypes.h(303): warning C4091: 'static ': ignored on left of 'MQ2StringType::StringMembers' when no variable is declared (compiling source file MQ2Data.cpp)
C:\Users\kraqu\Desktop\NMS Public Release\Source\Release-NMS-Client\eqgame_dll\MQ2DataTypes.h(367): warning C4091: 'static ': ignored on left of 'MQ2FloatType::FloatMembers' when no variable is declared (compiling source file MQ2Data.cpp)
C:\Users\kraqu\Desktop\NMS Public Release\Source\Release-NMS-Client\eqgame_dll\MQ2DataTypes.h(418): warning C4091: 'static ': ignored on left of 'MQ2TicksType::TicksMembers' when no variable is declared (compiling source file MQ2Data.cpp)
C:\Users\kraqu\Desktop\NMS Public Release\Source\Release-NMS-Client\eqgame_dll\MQ2DataTypes.h(558): warning C4091: 'static ': ignored on left of 'MQ2SpawnType::SpawnMembers' when no variable is declared (compiling source file MQ2Data.cpp)
C:\Users\kraqu\Desktop\NMS Public Release\Source\Release-NMS-Client\eqgame_dll\MQ2DataTypes.h(566): warning C4091: 'static ': ignored on left of 'MQ2SpawnType::SpawnMethods' when no variable is declared (compiling source file MQ2Data.cpp)
C:\Users\kraqu\Desktop\NMS Public Release\Source\Release-NMS-Client\eqgame_dll\MQ2DataTypes.h(916): warning C4091: 'static ': ignored on left of 'MQ2CharacterType::CharacterMembers' when no variable is declared (compiling source file MQ2Data.cpp)
C:\Users\kraqu\Desktop\NMS Public Release\Source\Release-NMS-Client\eqgame_dll\MQ2DataTypes.h(922): warning C4091: 'static ': ignored on left of 'MQ2CharacterType::CharacterMethods' when no variable is declared (compiling source file MQ2Data.cpp)
C:\Users\kraqu\Desktop\NMS Public Release\Source\Release-NMS-Client\eqgame_dll\EQData.h(464,2): warning C4091: 'typedef ': ignored on left of 'EQData::MaterialType' when no variable is declared (compiling source file Hooks.cpp)
C:\Users\kraqu\Desktop\NMS Public Release\Source\Release-NMS-Client\eqgame_dll\MQ2DataTypes.h(1187): warning C4091: 'static ': ignored on left of 'MQ2SpellType::SpellMembers' when no variable is declared (compiling source file MQ2Data.cpp)
C:\Users\kraqu\Desktop\NMS Public Release\Source\Release-NMS-Client\eqgame_dll\MQ2DataTypes.h(1190): warning C4091: 'static ': ignored on left of 'MQ2SpellType::SpellMethods' when no variable is declared (compiling source file MQ2Data.cpp)
C:\Users\kraqu\Desktop\NMS Public Release\Source\Release-NMS-Client\eqgame_dll\MQ2DataTypes.h(1271): warning C4091: 'static ': ignored on left of 'MQ2BuffType::BuffMembers' when no variable is declared (compiling source file MQ2Data.cpp)
C:\Users\kraqu\Desktop\NMS Public Release\Source\Release-NMS-Client\eqgame_dll\MQ2DataTypes.h(1275): warning C4091: 'static ': ignored on left of 'MQ2BuffType::BuffMethods' when no variable is declared (compiling source file MQ2Data.cpp)
C:\Users\kraqu\Desktop\NMS Public Release\Source\Release-NMS-Client\eqgame_dll\MQ2DataTypes.h(1468): warning C4091: 'static ': ignored on left of 'MQ2ItemType::ItemMembers' when no variable is declared (compiling source file MQ2Data.cpp)
C:\Users\kraqu\Desktop\NMS Public Release\Source\Release-NMS-Client\eqgame_dll\MQ2DataTypes.h(1471): warning C4091: 'static ': ignored on left of 'MQ2ItemType::ItemMethods' when no variable is declared (compiling source file MQ2Data.cpp)
C:\Users\kraqu\Desktop\NMS Public Release\Source\Release-NMS-Client\eqgame_dll\MQ2DataTypes.h(1669): warning C4091: 'static ': ignored on left of 'MQ2SwitchType::SwitchMembers' when no variable is declared (compiling source file MQ2Data.cpp)
C:\Users\kraqu\Desktop\NMS Public Release\Source\Release-NMS-Client\eqgame_dll\MQ2DataTypes.h(1673): warning C4091: 'static ': ignored on left of 'MQ2SwitchType::SwitchMethods' when no variable is declared (compiling source file MQ2Data.cpp)
C:\Users\kraqu\Desktop\NMS Public Release\Source\Release-NMS-Client\eqgame_dll\MQ2DataTypes.h(1749): warning C4091: 'static ': ignored on left of 'MQ2GroundType::GroundMembers' when no variable is declared (compiling source file MQ2Data.cpp)
C:\Users\kraqu\Desktop\NMS Public Release\Source\Release-NMS-Client\eqgame_dll\MQ2DataTypes.h(1753): warning C4091: 'static ': ignored on left of 'MQ2GroundType::GroundMethods' when no variable is declared (compiling source file MQ2Data.cpp)
C:\Users\kraqu\Desktop\NMS Public Release\Source\Release-NMS-Client\eqgame_dll\MQ2DataTypes.h(1816): warning C4091: 'static ': ignored on left of 'MQ2CorpseType::CorpseMembers' when no variable is declared (compiling source file MQ2Data.cpp)
C:\Users\kraqu\Desktop\NMS Public Release\Source\Release-NMS-Client\eqgame_dll\MQ2DataTypes.h(1819): warning C4091: 'static ': ignored on left of 'MQ2CorpseType::CorpseMethods' when no variable is declared (compiling source file MQ2Data.cpp)
C:\Users\kraqu\Desktop\NMS Public Release\Source\Release-NMS-Client\eqgame_dll\MQ2DataTypes.h(1867): warning C4091: 'static ': ignored on left of 'MQ2MerchantType::MerchantMembers' when no variable is declared (compiling source file MQ2Data.cpp)
C:\Users\kraqu\Desktop\NMS Public Release\Source\Release-NMS-Client\eqgame_dll\MQ2DataTypes.h(1870): warning C4091: 'static ': ignored on left of 'MQ2MerchantType::MerchantMethods' when no variable is declared (compiling source file MQ2Data.cpp)
C:\Users\kraqu\Desktop\NMS Public Release\Source\Release-NMS-Client\eqgame_dll\MQ2DataTypes.h(1948): warning C4091: 'static ': ignored on left of 'MQ2WindowType::WindowMembers' when no variable is declared (compiling source file MQ2Data.cpp)
C:\Users\kraqu\Desktop\NMS Public Release\Source\Release-NMS-Client\eqgame_dll\MQ2DataTypes.h(1960): warning C4091: 'static ': ignored on left of 'MQ2WindowType::WindowMethods' when no variable is declared (compiling source file MQ2Data.cpp)
C:\Users\kraqu\Desktop\NMS Public Release\Source\Release-NMS-Client\eqgame_dll\MQ2DataTypes.h(2056): warning C4091: 'static ': ignored on left of 'MQ2MacroType::MacroMembers' when no variable is declared (compiling source file MQ2Data.cpp)
C:\Users\kraqu\Desktop\NMS Public Release\Source\Release-NMS-Client\eqgame_dll\MQ2DataTypes.h(2101): warning C4091: 'static ': ignored on left of 'MQ2ZoneType::ZoneMembers' when no variable is declared (compiling source file MQ2Data.cpp)
C:\Users\kraqu\Desktop\NMS Public Release\Source\Release-NMS-Client\eqgame_dll\MQ2DataTypes.h(2159): warning C4091: 'static ': ignored on left of 'MQ2CurrentZoneType::CurrentZoneMembers' when no variable is declared (compiling source file MQ2Data.cpp)
C:\Users\kraqu\Desktop\NMS Public Release\Source\Release-NMS-Client\eqgame_dll\MQ2DataTypes.h(2229): warning C4091: 'static ': ignored on left of 'MQ2MacroQuestType::MacroQuestMembers' when no variable is declared (compiling source file MQ2Data.cpp)
C:\Users\kraqu\Desktop\NMS Public Release\Source\Release-NMS-Client\eqgame_dll\MQ2DataTypes.h(2232): warning C4091: 'static ': ignored on left of 'MQ2MacroQuestType::MacroQuestMethods' when no variable is declared (compiling source file MQ2Data.cpp)
C:\Users\kraqu\Desktop\NMS Public Release\Source\Release-NMS-Client\eqgame_dll\MQ2DataTypes.h(2299): warning C4091: 'static ': ignored on left of 'MQ2MathType::MathMembers' when no variable is declared (compiling source file MQ2Data.cpp)
C:\Users\kraqu\Desktop\NMS Public Release\Source\Release-NMS-Client\eqgame_dll\MQ2DataTypes.h(2345): warning C4091: 'static ': ignored on left of 'MQ2RaceType::RaceMembers' when no variable is declared (compiling source file MQ2Data.cpp)
C:\Users\kraqu\Desktop\NMS Public Release\Source\Release-NMS-Client\eqgame_dll\MQ2DataTypes.h(2392): warning C4091: 'static ': ignored on left of 'MQ2ClassType::ClassMembers' when no variable is declared (compiling source file MQ2Data.cpp)
C:\Users\kraqu\Desktop\NMS Public Release\Source\Release-NMS-Client\eqgame_dll\MQ2DataTypes.h(2438): warning C4091: 'static ': ignored on left of 'MQ2BodyType::BodyMembers' when no variable is declared (compiling source file MQ2Data.cpp)
C:\Users\kraqu\Desktop\NMS Public Release\Source\Release-NMS-Client\eqgame_dll\MQ2DataTypes.h(2476): warning C4091: 'static ': ignored on left of 'MQ2DeityType::DeityMembers' when no variable is declared (compiling source file MQ2Data.cpp)
C:\Users\kraqu\Desktop\NMS Public Release\Source\Release-NMS-Client\eqgame_dll\MQ2DataTypes.h(2525): warning C4091: 'static ': ignored on left of 'MQ2TimeType::TimeMembers' when no variable is declared (compiling source file MQ2Data.cpp)
C:\Users\kraqu\Desktop\NMS Public Release\Source\Release-NMS-Client\eqgame_dll\MQ2DataTypes.h(2590): warning C4091: 'static ': ignored on left of 'MQ2TypeType::TypeMembers' when no variable is declared (compiling source file MQ2Data.cpp)
C:\Users\kraqu\Desktop\NMS Public Release\Source\Release-NMS-Client\eqgame_dll\MQ2DataTypes.h(2631): warning C4091: 'static ': ignored on left of 'MQ2HeadingType::HeadingMembers' when no variable is declared (compiling source file MQ2Data.cpp)
C:\Users\kraqu\Desktop\NMS Public Release\Source\Release-NMS-Client\eqgame_dll\MQ2DataTypes.h(2634): warning C4091: 'static ': ignored on left of 'MQ2HeadingType::HeadingMethods' when no variable is declared (compiling source file MQ2Data.cpp)
C:\Users\kraqu\Desktop\NMS Public Release\Source\Release-NMS-Client\eqgame_dll\MQ2DataTypes.h(2685): warning C4091: 'static ': ignored on left of 'MQ2InvSlotType::InvSlotMembers' when no variable is declared (compiling source file MQ2Data.cpp)
C:\Users\kraqu\Desktop\NMS Public Release\Source\Release-NMS-Client\eqgame_dll\MQ2DataTypes.h(2688): warning C4091: 'static ': ignored on left of 'MQ2InvSlotType::InvSlotMethods' when no variable is declared (compiling source file MQ2Data.cpp)
C:\Users\kraqu\Desktop\NMS Public Release\Source\Release-NMS-Client\eqgame_dll\MQ2DataTypes.h(2744): warning C4091: 'static ': ignored on left of 'MQ2PluginType::PluginMembers' when no variable is declared (compiling source file MQ2Data.cpp)
C:\Users\kraqu\Desktop\NMS Public Release\Source\Release-NMS-Client\eqgame_dll\MQ2DataTypes.h(2789): warning C4091: 'static ': ignored on left of 'MQ2BenchmarkType::BenchmarkMembers' when no variable is declared (compiling source file MQ2Data.cpp)
C:\Users\kraqu\Desktop\NMS Public Release\Source\Release-NMS-Client\eqgame_dll\MQ2DataTypes.h(2837): warning C4091: 'static ': ignored on left of 'MQ2SkillType::SkillMembers' when no variable is declared (compiling source file MQ2Data.cpp)
C:\Users\kraqu\Desktop\NMS Public Release\Source\Release-NMS-Client\eqgame_dll\MQ2DataTypes.h(2840): warning C4091: 'static ': ignored on left of 'MQ2SkillType::SkillMethods' when no variable is declared (compiling source file MQ2Data.cpp)
C:\Users\kraqu\Desktop\NMS Public Release\Source\Release-NMS-Client\eqgame_dll\MQ2DataTypes.h(2903): warning C4091: 'static ': ignored on left of 'MQ2AltAbilityType::AltAbilityMembers' when no variable is declared (compiling source file MQ2Data.cpp)
C:\Users\kraqu\Desktop\NMS Public Release\Source\Release-NMS-Client\eqgame_dll\MQ2DataTypes.h(2906): warning C4091: 'static ': ignored on left of 'MQ2AltAbilityType::AltAbilityMethods' when no variable is declared (compiling source file MQ2Data.cpp)
C:\Users\kraqu\Desktop\NMS Public Release\Source\Release-NMS-Client\eqgame_dll\MQ2DataTypes.h(2953): warning C4091: 'static ': ignored on left of 'MQ2TimerType::TimerMembers' when no variable is declared (compiling source file MQ2Data.cpp)
C:\Users\kraqu\Desktop\NMS Public Release\Source\Release-NMS-Client\eqgame_dll\MQ2DataTypes.h(2959): warning C4091: 'static ': ignored on left of 'MQ2TimerType::TimerMethods' when no variable is declared (compiling source file MQ2Data.cpp)
C:\Users\kraqu\Desktop\NMS Public Release\Source\Release-NMS-Client\eqgame_dll\MQ2DataTypes.h(3055): warning C4091: 'static ': ignored on left of 'MQ2ArrayType::ArrayMembers' when no variable is declared (compiling source file MQ2Data.cpp)
C:\Users\kraqu\Desktop\NMS Public Release\Source\Release-NMS-Client\eqgame_dll\MQ2DataTypes.h(3105): warning C4091: 'static ': ignored on left of 'MQ2GroupType::GroupMembers' when no variable is declared (compiling source file MQ2Data.cpp)
C:\Users\kraqu\Desktop\NMS Public Release\Source\Release-NMS-Client\eqgame_dll\MQ2DataTypes.h(3108): warning C4091: 'static ': ignored on left of 'MQ2GroupType::GroupMethods' when no variable is declared (compiling source file MQ2Data.cpp)
C:\Users\kraqu\Desktop\NMS Public Release\Source\Release-NMS-Client\eqgame_dll\MQ2DataTypes.h(3152): warning C4091: 'static ': ignored on left of 'MQ2GroupMemberType::GroupMemberMembers' when no variable is declared (compiling source file MQ2Data.cpp)
C:\Users\kraqu\Desktop\NMS Public Release\Source\Release-NMS-Client\eqgame_dll\MQ2DataTypes.h(3155): warning C4091: 'static ': ignored on left of 'MQ2GroupMemberType::GroupMemberMethods' when no variable is declared (compiling source file MQ2Data.cpp)
C:\Users\kraqu\Desktop\NMS Public Release\Source\Release-NMS-Client\eqgame_dll\MQ2DataTypes.h(3209): warning C4091: 'static ': ignored on left of 'MQ2RaidType::RaidMembers' when no variable is declared (compiling source file MQ2Data.cpp)
C:\Users\kraqu\Desktop\NMS Public Release\Source\Release-NMS-Client\eqgame_dll\MQ2DataTypes.h(3212): warning C4091: 'static ': ignored on left of 'MQ2RaidType::RaidMethods' when no variable is declared (compiling source file MQ2Data.cpp)
C:\Users\kraqu\Desktop\NMS Public Release\Source\Release-NMS-Client\eqgame_dll\MQ2DataTypes.h(3264): warning C4091: 'static ': ignored on left of 'MQ2RaidMemberType::RaidMemberMembers' when no variable is declared (compiling source file MQ2Data.cpp)
C:\Users\kraqu\Desktop\NMS Public Release\Source\Release-NMS-Client\eqgame_dll\MQ2DataTypes.h(3267): warning C4091: 'static ': ignored on left of 'MQ2RaidMemberType::RaidMemberMethods' when no variable is declared (compiling source file MQ2Data.cpp)
C:\Users\kraqu\Desktop\NMS Public Release\Source\Release-NMS-Client\eqgame_dll\MQ2DataTypes.h(3320): warning C4091: 'static ': ignored on left of 'MQ2EvolvingItemType::EvolvingItemMembers' when no variable is declared (compiling source file MQ2Data.cpp)
C:\Users\kraqu\Desktop\NMS Public Release\Source\Release-NMS-Client\eqgame_dll\MQ2DataTypes.h(3363): warning C4091: 'static ': ignored on left of 'MQ2DynamicZoneType::DynamicZoneMembers' when no variable is declared (compiling source file MQ2Data.cpp)
C:\Users\kraqu\Desktop\NMS Public Release\Source\Release-NMS-Client\eqgame_dll\MQ2DataTypes.h(3402): warning C4091: 'static ': ignored on left of 'MQ2DZMemberType::DZMemberTypeMembers' when no variable is declared (compiling source file MQ2Data.cpp)
C:\Users\kraqu\Desktop\NMS Public Release\Source\Release-NMS-Client\eqgame_dll\MQ2DataTypes.h(3443): warning C4091: 'static ': ignored on left of 'MQ2FellowshipType::FellowshipTypeMembers' when no variable is declared (compiling source file MQ2Data.cpp)
C:\Users\kraqu\Desktop\NMS Public Release\Source\Release-NMS-Client\eqgame_dll\MQ2DataTypes.h(3490): warning C4091: 'static ': ignored on left of 'MQ2FellowshipMemberType::FMTypeMembers' when no variable is declared (compiling source file MQ2Data.cpp)
C:\Users\kraqu\Desktop\NMS Public Release\Source\Release-NMS-Client\eqgame_dll\MQ2DataTypes.h(3524): warning C4091: 'static ': ignored on left of 'MQ2FriendsType::FriendsMembers' when no variable is declared (compiling source file MQ2Data.cpp)
C:\Users\kraqu\Desktop\NMS Public Release\Source\Release-NMS-Client\eqgame_dll\MQ2DataTypes.h(3527): warning C4091: 'static ': ignored on left of 'MQ2FriendsType::FriendsMethods' when no variable is declared (compiling source file MQ2Data.cpp)
C:\Users\kraqu\Desktop\NMS Public Release\Source\Release-NMS-Client\eqgame_dll\MQ2DataTypes.h(3572): warning C4091: 'static ': ignored on left of 'MQ2TargetType::TargetMembers' when no variable is declared (compiling source file MQ2Data.cpp)
C:\Users\kraqu\Desktop\NMS Public Release\Source\Release-NMS-Client\eqgame_dll\MQ2DataTypes.h(3650): warning C4091: 'static ': ignored on left of 'MQ2XTargetType::xTargetMembers' when no variable is declared (compiling source file MQ2Data.cpp)
C:\Users\kraqu\Desktop\NMS Public Release\Source\Release-NMS-Client\eqgame_dll\MQ2Main.h(776,7): warning C4200: nonstandard extension used: zero-sized array in struct/union (compiling source file MQ2Data.cpp)
C:\Users\kraqu\Desktop\NMS Public Release\Source\Release-NMS-Client\eqgame_dll\MQ2Main.h(776,7): message : This member will be ignored by a defaulted constructor or copy/move assignment operator (compiling source file MQ2Data.cpp)
C:\Users\kraqu\Desktop\NMS Public Release\Source\Release-NMS-Client\eqgame_dll\MQ2Internal.h(131,6): warning C4091: 'static ': ignored on left of 'MQ2Internal::SearchItemFlag' when no variable is declared (compiling source file MQ2DataAPI.cpp)
C:\Users\kraqu\Desktop\NMS Public Release\Source\Release-NMS-Client\eqgame_dll\MQ2Internal.h(131,6): warning C4091: 'static ': ignored on left of 'MQ2Internal::SearchItemFlag' when no variable is declared (compiling source file Hooks.cpp)
C:\Users\kraqu\Desktop\NMS Public Release\Source\Release-NMS-Client\eqgame_dll\MQ2DataTypes.h(172): warning C4091: 'static ': ignored on left of 'MQ2IntType::IntMembers' when no variable is declared (compiling source file MQ2DataAPI.cpp)
C:\Users\kraqu\Desktop\NMS Public Release\Source\Release-NMS-Client\eqgame_dll\MQ2DataTypes.h(214): warning C4091: 'static ': ignored on left of 'MQ2ArgbType::ArgbMembers' when no variable is declared (compiling source file MQ2DataAPI.cpp)
C:\Users\kraqu\Desktop\NMS Public Release\Source\Release-NMS-Client\eqgame_dll\MQ2DataTypes.h(303): warning C4091: 'static ': ignored on left of 'MQ2StringType::StringMembers' when no variable is declared (compiling source file MQ2DataAPI.cpp)
C:\Users\kraqu\Desktop\NMS Public Release\Source\Release-NMS-Client\eqgame_dll\tweeny\tweenone.tcc(117,32): warning C4244: 'initializing': conversion from 'float' to 'uint32_t', possible loss of data (compiling source file FloatingTextManager.cpp)
C:\Users\kraqu\Desktop\NMS Public Release\Source\Release-NMS-Client\eqgame_dll\tweeny\tweenone.tcc(115): message : while compiling class template member function 'void tweeny::tween<int>::interpolate(float,unsigned int,T &) const'
          with
          [
              T=int
          ] (compiling source file FloatingTextManager.cpp)
C:\Users\kraqu\Desktop\NMS Public Release\Source\Release-NMS-Client\eqgame_dll\tweeny\tweenone.tcc(127): message : see reference to function template instantiation 'void tweeny::tween<int>::interpolate(float,unsigned int,T &) const' being compiled
          with
          [
              T=int
          ] (compiling source file FloatingTextManager.cpp)
C:\Users\kraqu\Desktop\NMS Public Release\Source\Release-NMS-Client\eqgame_dll\tweeny\tweenone.tcc(125): message : while compiling class template member function 'void tweeny::tween<int>::render(float)' (compiling source file FloatingTextManager.cpp)
C:\Users\kraqu\Desktop\NMS Public Release\Source\Release-NMS-Client\eqgame_dll\tweeny\tweenone.tcc(94): message : see reference to function template instantiation 'void tweeny::tween<int>::render(float)' being compiled (compiling source file FloatingTextManager.cpp)
C:\Users\kraqu\Desktop\NMS Public Release\Source\Release-NMS-Client\eqgame_dll\tweeny\tweenone.tcc(38): message : while compiling class template member function 'tweeny::tween<int>::tween(T)'
          with
          [
              T=int
          ] (compiling source file FloatingTextManager.cpp)
C:\Users\kraqu\Desktop\NMS Public Release\Source\Release-NMS-Client\eqgame_dll\tweeny\tweenone.tcc(36): message : see reference to function template instantiation 'tweeny::tween<int>::tween(T)' being compiled
          with
          [
              T=int
          ] (compiling source file FloatingTextManager.cpp)
C:\Users\kraqu\Desktop\NMS Public Release\Source\Release-NMS-Client\eqgame_dll\tweeny\tweenone.tcc(36): message : while compiling class template member function 'tweeny::tween<int> tweeny::tween<int>::from(T)'
          with
          [
              T=int
          ] (compiling source file FloatingTextManager.cpp)
C:\Users\kraqu\Desktop\NMS Public Release\Source\Release-NMS-Client\eqgame_dll\tweeny\tweeny.tcc(36): message : see reference to function template instantiation 'tweeny::tween<int> tweeny::tween<int>::from(T)' being compiled
          with
          [
              T=int
          ] (compiling source file FloatingTextManager.cpp)
C:\Users\kraqu\Desktop\NMS Public Release\Source\Release-NMS-Client\eqgame_dll\tweeny\tweenone.tcc(37): message : while compiling class template member function 'tweeny::tween<int>::tween(void)' (compiling source file FloatingTextManager.cpp)
C:\Users\kraqu\Desktop\NMS Public Release\Source\Release-NMS-Client\eqgame_dll\FloatingTextManager.h(124): message : see reference to function template instantiation 'tweeny::tween<int>::tween(void)' being compiled (compiling source file FloatingTextManager.cpp)
C:\Users\kraqu\Desktop\NMS Public Release\Source\Release-NMS-Client\eqgame_dll\MQ2DataTypes.h(367): warning C4091: 'static ': ignored on left of 'MQ2FloatType::FloatMembers' when no variable is declared (compiling source file MQ2DataAPI.cpp)
C:\Users\kraqu\Desktop\NMS Public Release\Source\Release-NMS-Client\eqgame_dll\FloatingTextManager.h(153): message : see reference to class template instantiation 'tweeny::tween<int>' being compiled (compiling source file FloatingTextManager.cpp)
C:\Users\kraqu\Desktop\NMS Public Release\Source\Release-NMS-Client\eqgame_dll\MQ2DataTypes.h(418): warning C4091: 'static ': ignored on left of 'MQ2TicksType::TicksMembers' when no variable is declared (compiling source file MQ2DataAPI.cpp)
C:\Users\kraqu\Desktop\NMS Public Release\Source\Release-NMS-Client\eqgame_dll\MQ2DataTypes.h(558): warning C4091: 'static ': ignored on left of 'MQ2SpawnType::SpawnMembers' when no variable is declared (compiling source file MQ2DataAPI.cpp)
C:\Users\kraqu\Desktop\NMS Public Release\Source\Release-NMS-Client\eqgame_dll\MQ2DataTypes.h(566): warning C4091: 'static ': ignored on left of 'MQ2SpawnType::SpawnMethods' when no variable is declared (compiling source file MQ2DataAPI.cpp)
C:\Users\kraqu\Desktop\NMS Public Release\Source\Release-NMS-Client\eqgame_dll\MQ2DataTypes.h(916): warning C4091: 'static ': ignored on left of 'MQ2CharacterType::CharacterMembers' when no variable is declared (compiling source file MQ2DataAPI.cpp)
C:\Users\kraqu\Desktop\NMS Public Release\Source\Release-NMS-Client\eqgame_dll\MQ2DataTypes.h(922): warning C4091: 'static ': ignored on left of 'MQ2CharacterType::CharacterMethods' when no variable is declared (compiling source file MQ2DataAPI.cpp)
C:\Users\kraqu\Desktop\NMS Public Release\Source\Release-NMS-Client\eqgame_dll\MQ2DataTypes.h(1187): warning C4091: 'static ': ignored on left of 'MQ2SpellType::SpellMembers' when no variable is declared (compiling source file MQ2DataAPI.cpp)
C:\Users\kraqu\Desktop\NMS Public Release\Source\Release-NMS-Client\eqgame_dll\MQ2DataTypes.h(1190): warning C4091: 'static ': ignored on left of 'MQ2SpellType::SpellMethods' when no variable is declared (compiling source file MQ2DataAPI.cpp)
C:\Users\kraqu\Desktop\NMS Public Release\Source\Release-NMS-Client\eqgame_dll\MQ2DataTypes.h(1271): warning C4091: 'static ': ignored on left of 'MQ2BuffType::BuffMembers' when no variable is declared (compiling source file MQ2DataAPI.cpp)
C:\Users\kraqu\Desktop\NMS Public Release\Source\Release-NMS-Client\eqgame_dll\MQ2DataTypes.h(1275): warning C4091: 'static ': ignored on left of 'MQ2BuffType::BuffMethods' when no variable is declared (compiling source file MQ2DataAPI.cpp)
C:\Users\kraqu\Desktop\NMS Public Release\Source\Release-NMS-Client\eqgame_dll\MQ2DataTypes.h(1468): warning C4091: 'static ': ignored on left of 'MQ2ItemType::ItemMembers' when no variable is declared (compiling source file MQ2DataAPI.cpp)
C:\Users\kraqu\Desktop\NMS Public Release\Source\Release-NMS-Client\eqgame_dll\MQ2DataTypes.h(1471): warning C4091: 'static ': ignored on left of 'MQ2ItemType::ItemMethods' when no variable is declared (compiling source file MQ2DataAPI.cpp)
C:\Users\kraqu\Desktop\NMS Public Release\Source\Release-NMS-Client\eqgame_dll\MQ2DataTypes.h(1669): warning C4091: 'static ': ignored on left of 'MQ2SwitchType::SwitchMembers' when no variable is declared (compiling source file MQ2DataAPI.cpp)
C:\Users\kraqu\Desktop\NMS Public Release\Source\Release-NMS-Client\eqgame_dll\MQ2DataTypes.h(1673): warning C4091: 'static ': ignored on left of 'MQ2SwitchType::SwitchMethods' when no variable is declared (compiling source file MQ2DataAPI.cpp)
C:\Users\kraqu\Desktop\NMS Public Release\Source\Release-NMS-Client\eqgame_dll\MQ2DataTypes.h(1749): warning C4091: 'static ': ignored on left of 'MQ2GroundType::GroundMembers' when no variable is declared (compiling source file MQ2DataAPI.cpp)
C:\Users\kraqu\Desktop\NMS Public Release\Source\Release-NMS-Client\eqgame_dll\MQ2DataTypes.h(1753): warning C4091: 'static ': ignored on left of 'MQ2GroundType::GroundMethods' when no variable is declared (compiling source file MQ2DataAPI.cpp)
C:\Users\kraqu\Desktop\NMS Public Release\Source\Release-NMS-Client\eqgame_dll\MQ2DataTypes.h(1816): warning C4091: 'static ': ignored on left of 'MQ2CorpseType::CorpseMembers' when no variable is declared (compiling source file MQ2DataAPI.cpp)
C:\Users\kraqu\Desktop\NMS Public Release\Source\Release-NMS-Client\eqgame_dll\MQ2DataTypes.h(1819): warning C4091: 'static ': ignored on left of 'MQ2CorpseType::CorpseMethods' when no variable is declared (compiling source file MQ2DataAPI.cpp)
C:\Users\kraqu\Desktop\NMS Public Release\Source\Release-NMS-Client\eqgame_dll\EQData.h(464,2): warning C4091: 'typedef ': ignored on left of 'EQData::MaterialType' when no variable is declared (compiling source file MQ2DataTypes.cpp)
C:\Users\kraqu\Desktop\NMS Public Release\Source\Release-NMS-Client\eqgame_dll\MQ2DataTypes.h(172): warning C4091: 'static ': ignored on left of 'MQ2IntType::IntMembers' when no variable is declared (compiling source file Hooks.cpp)
C:\Users\kraqu\Desktop\NMS Public Release\Source\Release-NMS-Client\eqgame_dll\MQ2DataTypes.h(214): warning C4091: 'static ': ignored on left of 'MQ2ArgbType::ArgbMembers' when no variable is declared (compiling source file Hooks.cpp)
C:\Users\kraqu\Desktop\NMS Public Release\Source\Release-NMS-Client\eqgame_dll\MQ2DataTypes.h(303): warning C4091: 'static ': ignored on left of 'MQ2StringType::StringMembers' when no variable is declared (compiling source file Hooks.cpp)
C:\Users\kraqu\Desktop\NMS Public Release\Source\Release-NMS-Client\eqgame_dll\MQ2DataTypes.h(367): warning C4091: 'static ': ignored on left of 'MQ2FloatType::FloatMembers' when no variable is declared (compiling source file Hooks.cpp)
C:\Users\kraqu\Desktop\NMS Public Release\Source\Release-NMS-Client\eqgame_dll\MQ2DataTypes.h(418): warning C4091: 'static ': ignored on left of 'MQ2TicksType::TicksMembers' when no variable is declared (compiling source file Hooks.cpp)
C:\Users\kraqu\Desktop\NMS Public Release\Source\Release-NMS-Client\eqgame_dll\MQ2DataTypes.h(558): warning C4091: 'static ': ignored on left of 'MQ2SpawnType::SpawnMembers' when no variable is declared (compiling source file Hooks.cpp)
C:\Users\kraqu\Desktop\NMS Public Release\Source\Release-NMS-Client\eqgame_dll\MQ2DataTypes.h(566): warning C4091: 'static ': ignored on left of 'MQ2SpawnType::SpawnMethods' when no variable is declared (compiling source file Hooks.cpp)
C:\Users\kraqu\Desktop\NMS Public Release\Source\Release-NMS-Client\eqgame_dll\MQ2DataTypes.h(916): warning C4091: 'static ': ignored on left of 'MQ2CharacterType::CharacterMembers' when no variable is declared (compiling source file Hooks.cpp)
C:\Users\kraqu\Desktop\NMS Public Release\Source\Release-NMS-Client\eqgame_dll\MQ2DataTypes.h(922): warning C4091: 'static ': ignored on left of 'MQ2CharacterType::CharacterMethods' when no variable is declared (compiling source file Hooks.cpp)
C:\Users\kraqu\Desktop\NMS Public Release\Source\Release-NMS-Client\eqgame_dll\MQ2DataTypes.h(1187): warning C4091: 'static ': ignored on left of 'MQ2SpellType::SpellMembers' when no variable is declared (compiling source file Hooks.cpp)
C:\Users\kraqu\Desktop\NMS Public Release\Source\Release-NMS-Client\eqgame_dll\MQ2DataTypes.h(1190): warning C4091: 'static ': ignored on left of 'MQ2SpellType::SpellMethods' when no variable is declared (compiling source file Hooks.cpp)
C:\Users\kraqu\Desktop\NMS Public Release\Source\Release-NMS-Client\eqgame_dll\MQ2DataTypes.h(1271): warning C4091: 'static ': ignored on left of 'MQ2BuffType::BuffMembers' when no variable is declared (compiling source file Hooks.cpp)
C:\Users\kraqu\Desktop\NMS Public Release\Source\Release-NMS-Client\eqgame_dll\MQ2DataTypes.h(1275): warning C4091: 'static ': ignored on left of 'MQ2BuffType::BuffMethods' when no variable is declared (compiling source file Hooks.cpp)
C:\Users\kraqu\Desktop\NMS Public Release\Source\Release-NMS-Client\eqgame_dll\MQ2DataTypes.h(1468): warning C4091: 'static ': ignored on left of 'MQ2ItemType::ItemMembers' when no variable is declared (compiling source file Hooks.cpp)
C:\Users\kraqu\Desktop\NMS Public Release\Source\Release-NMS-Client\eqgame_dll\MQ2DataTypes.h(1471): warning C4091: 'static ': ignored on left of 'MQ2ItemType::ItemMethods' when no variable is declared (compiling source file Hooks.cpp)
C:\Users\kraqu\Desktop\NMS Public Release\Source\Release-NMS-Client\eqgame_dll\MQ2DataTypes.h(1669): warning C4091: 'static ': ignored on left of 'MQ2SwitchType::SwitchMembers' when no variable is declared (compiling source file Hooks.cpp)
C:\Users\kraqu\Desktop\NMS Public Release\Source\Release-NMS-Client\eqgame_dll\MQ2DataTypes.h(1673): warning C4091: 'static ': ignored on left of 'MQ2SwitchType::SwitchMethods' when no variable is declared (compiling source file Hooks.cpp)
C:\Users\kraqu\Desktop\NMS Public Release\Source\Release-NMS-Client\eqgame_dll\MQ2DataTypes.h(1749): warning C4091: 'static ': ignored on left of 'MQ2GroundType::GroundMembers' when no variable is declared (compiling source file Hooks.cpp)
C:\Users\kraqu\Desktop\NMS Public Release\Source\Release-NMS-Client\eqgame_dll\MQ2DataTypes.h(1753): warning C4091: 'static ': ignored on left of 'MQ2GroundType::GroundMethods' when no variable is declared (compiling source file Hooks.cpp)
C:\Users\kraqu\Desktop\NMS Public Release\Source\Release-NMS-Client\eqgame_dll\MQ2DataTypes.h(1816): warning C4091: 'static ': ignored on left of 'MQ2CorpseType::CorpseMembers' when no variable is declared (compiling source file Hooks.cpp)
C:\Users\kraqu\Desktop\NMS Public Release\Source\Release-NMS-Client\eqgame_dll\MQ2DataTypes.h(1819): warning C4091: 'static ': ignored on left of 'MQ2CorpseType::CorpseMethods' when no variable is declared (compiling source file Hooks.cpp)
C:\Users\kraqu\Desktop\NMS Public Release\Source\Release-NMS-Client\eqgame_dll\MQ2DataTypes.h(1867): warning C4091: 'static ': ignored on left of 'MQ2MerchantType::MerchantMembers' when no variable is declared (compiling source file Hooks.cpp)
C:\Users\kraqu\Desktop\NMS Public Release\Source\Release-NMS-Client\eqgame_dll\MQ2DataTypes.h(1870): warning C4091: 'static ': ignored on left of 'MQ2MerchantType::MerchantMethods' when no variable is declared (compiling source file Hooks.cpp)
C:\Users\kraqu\Desktop\NMS Public Release\Source\Release-NMS-Client\eqgame_dll\MQ2DataTypes.h(1948): warning C4091: 'static ': ignored on left of 'MQ2WindowType::WindowMembers' when no variable is declared (compiling source file Hooks.cpp)
C:\Users\kraqu\Desktop\NMS Public Release\Source\Release-NMS-Client\eqgame_dll\MQ2DataTypes.h(1960): warning C4091: 'static ': ignored on left of 'MQ2WindowType::WindowMethods' when no variable is declared (compiling source file Hooks.cpp)
C:\Users\kraqu\Desktop\NMS Public Release\Source\Release-NMS-Client\eqgame_dll\MQ2DataTypes.h(2056): warning C4091: 'static ': ignored on left of 'MQ2MacroType::MacroMembers' when no variable is declared (compiling source file Hooks.cpp)
C:\Users\kraqu\Desktop\NMS Public Release\Source\Release-NMS-Client\eqgame_dll\MQ2DataTypes.h(2101): warning C4091: 'static ': ignored on left of 'MQ2ZoneType::ZoneMembers' when no variable is declared (compiling source file Hooks.cpp)
C:\Users\kraqu\Desktop\NMS Public Release\Source\Release-NMS-Client\eqgame_dll\MQ2DataTypes.h(1867): warning C4091: 'static ': ignored on left of 'MQ2MerchantType::MerchantMembers' when no variable is declared (compiling source file MQ2DataAPI.cpp)
C:\Users\kraqu\Desktop\NMS Public Release\Source\Release-NMS-Client\eqgame_dll\MQ2DataTypes.h(1870): warning C4091: 'static ': ignored on left of 'MQ2MerchantType::MerchantMethods' when no variable is declared (compiling source file MQ2DataAPI.cpp)
C:\Users\kraqu\Desktop\NMS Public Release\Source\Release-NMS-Client\eqgame_dll\MQ2DataTypes.h(2159): warning C4091: 'static ': ignored on left of 'MQ2CurrentZoneType::CurrentZoneMembers' when no variable is declared (compiling source file Hooks.cpp)
C:\Users\kraqu\Desktop\NMS Public Release\Source\Release-NMS-Client\eqgame_dll\MQ2DataTypes.h(2229): warning C4091: 'static ': ignored on left of 'MQ2MacroQuestType::MacroQuestMembers' when no variable is declared (compiling source file Hooks.cpp)
C:\Users\kraqu\Desktop\NMS Public Release\Source\Release-NMS-Client\eqgame_dll\MQ2DataTypes.h(1948): warning C4091: 'static ': ignored on left of 'MQ2WindowType::WindowMembers' when no variable is declared (compiling source file MQ2DataAPI.cpp)
C:\Users\kraqu\Desktop\NMS Public Release\Source\Release-NMS-Client\eqgame_dll\MQ2DataTypes.h(2232): warning C4091: 'static ': ignored on left of 'MQ2MacroQuestType::MacroQuestMethods' when no variable is declared (compiling source file Hooks.cpp)
C:\Users\kraqu\Desktop\NMS Public Release\Source\Release-NMS-Client\eqgame_dll\MQ2DataTypes.h(1960): warning C4091: 'static ': ignored on left of 'MQ2WindowType::WindowMethods' when no variable is declared (compiling source file MQ2DataAPI.cpp)
C:\Users\kraqu\Desktop\NMS Public Release\Source\Release-NMS-Client\eqgame_dll\MQ2DataTypes.h(2299): warning C4091: 'static ': ignored on left of 'MQ2MathType::MathMembers' when no variable is declared (compiling source file Hooks.cpp)
C:\Users\kraqu\Desktop\NMS Public Release\Source\Release-NMS-Client\eqgame_dll\MQ2DataTypes.h(2056): warning C4091: 'static ': ignored on left of 'MQ2MacroType::MacroMembers' when no variable is declared (compiling source file MQ2DataAPI.cpp)
C:\Users\kraqu\Desktop\NMS Public Release\Source\Release-NMS-Client\eqgame_dll\MQ2DataTypes.h(2345): warning C4091: 'static ': ignored on left of 'MQ2RaceType::RaceMembers' when no variable is declared (compiling source file Hooks.cpp)
C:\Users\kraqu\Desktop\NMS Public Release\Source\Release-NMS-Client\eqgame_dll\MQ2DataTypes.h(2101): warning C4091: 'static ': ignored on left of 'MQ2ZoneType::ZoneMembers' when no variable is declared (compiling source file MQ2DataAPI.cpp)
C:\Users\kraqu\Desktop\NMS Public Release\Source\Release-NMS-Client\eqgame_dll\MQ2DataTypes.h(2159): warning C4091: 'static ': ignored on left of 'MQ2CurrentZoneType::CurrentZoneMembers' when no variable is declared (compiling source file MQ2DataAPI.cpp)
C:\Users\kraqu\Desktop\NMS Public Release\Source\Release-NMS-Client\eqgame_dll\MQ2DataTypes.h(2392): warning C4091: 'static ': ignored on left of 'MQ2ClassType::ClassMembers' when no variable is declared (compiling source file Hooks.cpp)
C:\Users\kraqu\Desktop\NMS Public Release\Source\Release-NMS-Client\eqgame_dll\MQ2DataTypes.h(2229): warning C4091: 'static ': ignored on left of 'MQ2MacroQuestType::MacroQuestMembers' when no variable is declared (compiling source file MQ2DataAPI.cpp)
C:\Users\kraqu\Desktop\NMS Public Release\Source\Release-NMS-Client\eqgame_dll\MQ2DataTypes.h(2232): warning C4091: 'static ': ignored on left of 'MQ2MacroQuestType::MacroQuestMethods' when no variable is declared (compiling source file MQ2DataAPI.cpp)
C:\Users\kraqu\Desktop\NMS Public Release\Source\Release-NMS-Client\eqgame_dll\MQ2DataTypes.h(2438): warning C4091: 'static ': ignored on left of 'MQ2BodyType::BodyMembers' when no variable is declared (compiling source file Hooks.cpp)
C:\Users\kraqu\Desktop\NMS Public Release\Source\Release-NMS-Client\eqgame_dll\MQ2DataTypes.h(2476): warning C4091: 'static ': ignored on left of 'MQ2DeityType::DeityMembers' when no variable is declared (compiling source file Hooks.cpp)
C:\Users\kraqu\Desktop\NMS Public Release\Source\Release-NMS-Client\eqgame_dll\MQ2DataTypes.h(2299): warning C4091: 'static ': ignored on left of 'MQ2MathType::MathMembers' when no variable is declared (compiling source file MQ2DataAPI.cpp)
C:\Users\kraqu\Desktop\NMS Public Release\Source\Release-NMS-Client\eqgame_dll\MQ2DataTypes.h(2525): warning C4091: 'static ': ignored on left of 'MQ2TimeType::TimeMembers' when no variable is declared (compiling source file Hooks.cpp)
C:\Users\kraqu\Desktop\NMS Public Release\Source\Release-NMS-Client\eqgame_dll\MQ2DataTypes.h(2345): warning C4091: 'static ': ignored on left of 'MQ2RaceType::RaceMembers' when no variable is declared (compiling source file MQ2DataAPI.cpp)
C:\Users\kraqu\Desktop\NMS Public Release\Source\Release-NMS-Client\eqgame_dll\MQ2DataTypes.h(2590): warning C4091: 'static ': ignored on left of 'MQ2TypeType::TypeMembers' when no variable is declared (compiling source file Hooks.cpp)
C:\Users\kraqu\Desktop\NMS Public Release\Source\Release-NMS-Client\eqgame_dll\MQ2DataTypes.h(2392): warning C4091: 'static ': ignored on left of 'MQ2ClassType::ClassMembers' when no variable is declared (compiling source file MQ2DataAPI.cpp)
C:\Users\kraqu\Desktop\NMS Public Release\Source\Release-NMS-Client\eqgame_dll\MQ2DataTypes.h(2631): warning C4091: 'static ': ignored on left of 'MQ2HeadingType::HeadingMembers' when no variable is declared (compiling source file Hooks.cpp)
C:\Users\kraqu\Desktop\NMS Public Release\Source\Release-NMS-Client\eqgame_dll\MQ2DataTypes.h(2634): warning C4091: 'static ': ignored on left of 'MQ2HeadingType::HeadingMethods' when no variable is declared (compiling source file Hooks.cpp)
C:\Users\kraqu\Desktop\NMS Public Release\Source\Release-NMS-Client\eqgame_dll\MQ2DataTypes.h(2438): warning C4091: 'static ': ignored on left of 'MQ2BodyType::BodyMembers' when no variable is declared (compiling source file MQ2DataAPI.cpp)
C:\Users\kraqu\Desktop\NMS Public Release\Source\Release-NMS-Client\eqgame_dll\MQ2DataTypes.h(2476): warning C4091: 'static ': ignored on left of 'MQ2DeityType::DeityMembers' when no variable is declared (compiling source file MQ2DataAPI.cpp)
C:\Users\kraqu\Desktop\NMS Public Release\Source\Release-NMS-Client\eqgame_dll\MQ2DataTypes.h(2685): warning C4091: 'static ': ignored on left of 'MQ2InvSlotType::InvSlotMembers' when no variable is declared (compiling source file Hooks.cpp)
C:\Users\kraqu\Desktop\NMS Public Release\Source\Release-NMS-Client\eqgame_dll\MQ2DataTypes.h(2688): warning C4091: 'static ': ignored on left of 'MQ2InvSlotType::InvSlotMethods' when no variable is declared (compiling source file Hooks.cpp)
C:\Users\kraqu\Desktop\NMS Public Release\Source\Release-NMS-Client\eqgame_dll\MQ2DataTypes.h(2525): warning C4091: 'static ': ignored on left of 'MQ2TimeType::TimeMembers' when no variable is declared (compiling source file MQ2DataAPI.cpp)
C:\Users\kraqu\Desktop\NMS Public Release\Source\Release-NMS-Client\eqgame_dll\MQ2DataTypes.h(2744): warning C4091: 'static ': ignored on left of 'MQ2PluginType::PluginMembers' when no variable is declared (compiling source file Hooks.cpp)
C:\Users\kraqu\Desktop\NMS Public Release\Source\Release-NMS-Client\eqgame_dll\MQ2DataTypes.h(2590): warning C4091: 'static ': ignored on left of 'MQ2TypeType::TypeMembers' when no variable is declared (compiling source file MQ2DataAPI.cpp)
C:\Users\kraqu\Desktop\NMS Public Release\Source\Release-NMS-Client\eqgame_dll\MQ2DataTypes.h(2789): warning C4091: 'static ': ignored on left of 'MQ2BenchmarkType::BenchmarkMembers' when no variable is declared (compiling source file Hooks.cpp)
C:\Users\kraqu\Desktop\NMS Public Release\Source\Release-NMS-Client\eqgame_dll\MQ2DataTypes.h(2631): warning C4091: 'static ': ignored on left of 'MQ2HeadingType::HeadingMembers' when no variable is declared (compiling source file MQ2DataAPI.cpp)
C:\Users\kraqu\Desktop\NMS Public Release\Source\Release-NMS-Client\eqgame_dll\MQ2DataTypes.h(2837): warning C4091: 'static ': ignored on left of 'MQ2SkillType::SkillMembers' when no variable is declared (compiling source file Hooks.cpp)
C:\Users\kraqu\Desktop\NMS Public Release\Source\Release-NMS-Client\eqgame_dll\MQ2DataTypes.h(2634): warning C4091: 'static ': ignored on left of 'MQ2HeadingType::HeadingMethods' when no variable is declared (compiling source file MQ2DataAPI.cpp)
C:\Users\kraqu\Desktop\NMS Public Release\Source\Release-NMS-Client\eqgame_dll\MQ2DataTypes.h(2840): warning C4091: 'static ': ignored on left of 'MQ2SkillType::SkillMethods' when no variable is declared (compiling source file Hooks.cpp)
C:\Users\kraqu\Desktop\NMS Public Release\Source\Release-NMS-Client\eqgame_dll\MQ2DataTypes.h(2685): warning C4091: 'static ': ignored on left of 'MQ2InvSlotType::InvSlotMembers' when no variable is declared (compiling source file MQ2DataAPI.cpp)
C:\Users\kraqu\Desktop\NMS Public Release\Source\Release-NMS-Client\eqgame_dll\MQ2DataTypes.h(2688): warning C4091: 'static ': ignored on left of 'MQ2InvSlotType::InvSlotMethods' when no variable is declared (compiling source file MQ2DataAPI.cpp)
C:\Users\kraqu\Desktop\NMS Public Release\Source\Release-NMS-Client\eqgame_dll\MQ2DataTypes.h(2903): warning C4091: 'static ': ignored on left of 'MQ2AltAbilityType::AltAbilityMembers' when no variable is declared (compiling source file Hooks.cpp)
C:\Users\kraqu\Desktop\NMS Public Release\Source\Release-NMS-Client\eqgame_dll\MQ2DataTypes.h(2906): warning C4091: 'static ': ignored on left of 'MQ2AltAbilityType::AltAbilityMethods' when no variable is declared (compiling source file Hooks.cpp)
C:\Users\kraqu\Desktop\NMS Public Release\Source\Release-NMS-Client\eqgame_dll\MQ2DataTypes.h(2744): warning C4091: 'static ': ignored on left of 'MQ2PluginType::PluginMembers' when no variable is declared (compiling source file MQ2DataAPI.cpp)
C:\Users\kraqu\Desktop\NMS Public Release\Source\Release-NMS-Client\eqgame_dll\MQ2DataTypes.h(2953): warning C4091: 'static ': ignored on left of 'MQ2TimerType::TimerMembers' when no variable is declared (compiling source file Hooks.cpp)
C:\Users\kraqu\Desktop\NMS Public Release\Source\Release-NMS-Client\eqgame_dll\MQ2DataTypes.h(2959): warning C4091: 'static ': ignored on left of 'MQ2TimerType::TimerMethods' when no variable is declared (compiling source file Hooks.cpp)
C:\Users\kraqu\Desktop\NMS Public Release\Source\Release-NMS-Client\eqgame_dll\MQ2DataTypes.h(2789): warning C4091: 'static ': ignored on left of 'MQ2BenchmarkType::BenchmarkMembers' when no variable is declared (compiling source file MQ2DataAPI.cpp)
C:\Users\kraqu\Desktop\NMS Public Release\Source\Release-NMS-Client\eqgame_dll\MQ2DataTypes.h(2837): warning C4091: 'static ': ignored on left of 'MQ2SkillType::SkillMembers' when no variable is declared (compiling source file MQ2DataAPI.cpp)
C:\Users\kraqu\Desktop\NMS Public Release\Source\Release-NMS-Client\eqgame_dll\MQ2DataTypes.h(2840): warning C4091: 'static ': ignored on left of 'MQ2SkillType::SkillMethods' when no variable is declared (compiling source file MQ2DataAPI.cpp)
C:\Users\kraqu\Desktop\NMS Public Release\Source\Release-NMS-Client\eqgame_dll\MQ2DataTypes.h(3055): warning C4091: 'static ': ignored on left of 'MQ2ArrayType::ArrayMembers' when no variable is declared (compiling source file Hooks.cpp)
C:\Users\kraqu\Desktop\NMS Public Release\Source\Release-NMS-Client\eqgame_dll\MQ2DataTypes.h(2903): warning C4091: 'static ': ignored on left of 'MQ2AltAbilityType::AltAbilityMembers' when no variable is declared (compiling source file MQ2DataAPI.cpp)
C:\Users\kraqu\Desktop\NMS Public Release\Source\Release-NMS-Client\eqgame_dll\MQ2DataTypes.h(2906): warning C4091: 'static ': ignored on left of 'MQ2AltAbilityType::AltAbilityMethods' when no variable is declared (compiling source file MQ2DataAPI.cpp)
C:\Users\kraqu\Desktop\NMS Public Release\Source\Release-NMS-Client\eqgame_dll\MQ2DataTypes.h(3105): warning C4091: 'static ': ignored on left of 'MQ2GroupType::GroupMembers' when no variable is declared (compiling source file Hooks.cpp)
C:\Users\kraqu\Desktop\NMS Public Release\Source\Release-NMS-Client\eqgame_dll\MQ2DataTypes.h(3108): warning C4091: 'static ': ignored on left of 'MQ2GroupType::GroupMethods' when no variable is declared (compiling source file Hooks.cpp)
C:\Users\kraqu\Desktop\NMS Public Release\Source\Release-NMS-Client\eqgame_dll\MQ2DataTypes.h(2953): warning C4091: 'static ': ignored on left of 'MQ2TimerType::TimerMembers' when no variable is declared (compiling source file MQ2DataAPI.cpp)
C:\Users\kraqu\Desktop\NMS Public Release\Source\Release-NMS-Client\eqgame_dll\MQ2DataTypes.h(2959): warning C4091: 'static ': ignored on left of 'MQ2TimerType::TimerMethods' when no variable is declared (compiling source file MQ2DataAPI.cpp)
C:\Users\kraqu\Desktop\NMS Public Release\Source\Release-NMS-Client\eqgame_dll\MQ2DataTypes.h(3152): warning C4091: 'static ': ignored on left of 'MQ2GroupMemberType::GroupMemberMembers' when no variable is declared (compiling source file Hooks.cpp)
C:\Users\kraqu\Desktop\NMS Public Release\Source\Release-NMS-Client\eqgame_dll\MQ2DataTypes.h(3155): warning C4091: 'static ': ignored on left of 'MQ2GroupMemberType::GroupMemberMethods' when no variable is declared (compiling source file Hooks.cpp)
C:\Users\kraqu\Desktop\NMS Public Release\Source\Release-NMS-Client\eqgame_dll\MQ2DataTypes.h(3209): warning C4091: 'static ': ignored on left of 'MQ2RaidType::RaidMembers' when no variable is declared (compiling source file Hooks.cpp)
C:\Users\kraqu\Desktop\NMS Public Release\Source\Release-NMS-Client\eqgame_dll\MQ2DataTypes.h(3212): warning C4091: 'static ': ignored on left of 'MQ2RaidType::RaidMethods' when no variable is declared (compiling source file Hooks.cpp)
C:\Users\kraqu\Desktop\NMS Public Release\Source\Release-NMS-Client\eqgame_dll\MQ2DataTypes.h(3055): warning C4091: 'static ': ignored on left of 'MQ2ArrayType::ArrayMembers' when no variable is declared (compiling source file MQ2DataAPI.cpp)
C:\Users\kraqu\Desktop\NMS Public Release\Source\Release-NMS-Client\eqgame_dll\MQ2DataTypes.h(3264): warning C4091: 'static ': ignored on left of 'MQ2RaidMemberType::RaidMemberMembers' when no variable is declared (compiling source file Hooks.cpp)
C:\Users\kraqu\Desktop\NMS Public Release\Source\Release-NMS-Client\eqgame_dll\MQ2DataTypes.h(3105): warning C4091: 'static ': ignored on left of 'MQ2GroupType::GroupMembers' when no variable is declared (compiling source file MQ2DataAPI.cpp)
C:\Users\kraqu\Desktop\NMS Public Release\Source\Release-NMS-Client\eqgame_dll\MQ2DataTypes.h(3267): warning C4091: 'static ': ignored on left of 'MQ2RaidMemberType::RaidMemberMethods' when no variable is declared (compiling source file Hooks.cpp)
C:\Users\kraqu\Desktop\NMS Public Release\Source\Release-NMS-Client\eqgame_dll\MQ2DataTypes.h(3108): warning C4091: 'static ': ignored on left of 'MQ2GroupType::GroupMethods' when no variable is declared (compiling source file MQ2DataAPI.cpp)
C:\Users\kraqu\Desktop\NMS Public Release\Source\Release-NMS-Client\eqgame_dll\MQ2DataTypes.h(3152): warning C4091: 'static ': ignored on left of 'MQ2GroupMemberType::GroupMemberMembers' when no variable is declared (compiling source file MQ2DataAPI.cpp)
C:\Users\kraqu\Desktop\NMS Public Release\Source\Release-NMS-Client\eqgame_dll\MQ2DataTypes.h(3155): warning C4091: 'static ': ignored on left of 'MQ2GroupMemberType::GroupMemberMethods' when no variable is declared (compiling source file MQ2DataAPI.cpp)
C:\Users\kraqu\Desktop\NMS Public Release\Source\Release-NMS-Client\eqgame_dll\MQ2DataTypes.h(3320): warning C4091: 'static ': ignored on left of 'MQ2EvolvingItemType::EvolvingItemMembers' when no variable is declared (compiling source file Hooks.cpp)
C:\Users\kraqu\Desktop\NMS Public Release\Source\Release-NMS-Client\eqgame_dll\MQ2DataTypes.h(3209): warning C4091: 'static ': ignored on left of 'MQ2RaidType::RaidMembers' when no variable is declared (compiling source file MQ2DataAPI.cpp)
C:\Users\kraqu\Desktop\NMS Public Release\Source\Release-NMS-Client\eqgame_dll\MQ2DataTypes.h(3363): warning C4091: 'static ': ignored on left of 'MQ2DynamicZoneType::DynamicZoneMembers' when no variable is declared (compiling source file Hooks.cpp)
C:\Users\kraqu\Desktop\NMS Public Release\Source\Release-NMS-Client\eqgame_dll\MQ2DataTypes.h(3212): warning C4091: 'static ': ignored on left of 'MQ2RaidType::RaidMethods' when no variable is declared (compiling source file MQ2DataAPI.cpp)
C:\Users\kraqu\Desktop\NMS Public Release\Source\Release-NMS-Client\eqgame_dll\MQ2DataTypes.h(3402): warning C4091: 'static ': ignored on left of 'MQ2DZMemberType::DZMemberTypeMembers' when no variable is declared (compiling source file Hooks.cpp)
C:\Users\kraqu\Desktop\NMS Public Release\Source\Release-NMS-Client\eqgame_dll\MQ2DataTypes.h(3264): warning C4091: 'static ': ignored on left of 'MQ2RaidMemberType::RaidMemberMembers' when no variable is declared (compiling source file MQ2DataAPI.cpp)
C:\Users\kraqu\Desktop\NMS Public Release\Source\Release-NMS-Client\eqgame_dll\MQ2DataTypes.h(3267): warning C4091: 'static ': ignored on left of 'MQ2RaidMemberType::RaidMemberMethods' when no variable is declared (compiling source file MQ2DataAPI.cpp)
C:\Users\kraqu\Desktop\NMS Public Release\Source\Release-NMS-Client\eqgame_dll\MQ2DataTypes.h(3443): warning C4091: 'static ': ignored on left of 'MQ2FellowshipType::FellowshipTypeMembers' when no variable is declared (compiling source file Hooks.cpp)
C:\Users\kraqu\Desktop\NMS Public Release\Source\Release-NMS-Client\eqgame_dll\MQ2DataTypes.h(3320): warning C4091: 'static ': ignored on left of 'MQ2EvolvingItemType::EvolvingItemMembers' when no variable is declared (compiling source file MQ2DataAPI.cpp)
C:\Users\kraqu\Desktop\NMS Public Release\Source\Release-NMS-Client\eqgame_dll\MQ2DataTypes.h(3363): warning C4091: 'static ': ignored on left of 'MQ2DynamicZoneType::DynamicZoneMembers' when no variable is declared (compiling source file MQ2DataAPI.cpp)
C:\Users\kraqu\Desktop\NMS Public Release\Source\Release-NMS-Client\eqgame_dll\MQ2DataTypes.h(3402): warning C4091: 'static ': ignored on left of 'MQ2DZMemberType::DZMemberTypeMembers' when no variable is declared (compiling source file MQ2DataAPI.cpp)
C:\Users\kraqu\Desktop\NMS Public Release\Source\Release-NMS-Client\eqgame_dll\MQ2DataTypes.h(3443): warning C4091: 'static ': ignored on left of 'MQ2FellowshipType::FellowshipTypeMembers' when no variable is declared (compiling source file MQ2DataAPI.cpp)
C:\Users\kraqu\Desktop\NMS Public Release\Source\Release-NMS-Client\eqgame_dll\MQ2DataTypes.h(3490): warning C4091: 'static ': ignored on left of 'MQ2FellowshipMemberType::FMTypeMembers' when no variable is declared (compiling source file MQ2DataAPI.cpp)
C:\Users\kraqu\Desktop\NMS Public Release\Source\Release-NMS-Client\eqgame_dll\MQ2DataTypes.h(3524): warning C4091: 'static ': ignored on left of 'MQ2FriendsType::FriendsMembers' when no variable is declared (compiling source file MQ2DataAPI.cpp)
C:\Users\kraqu\Desktop\NMS Public Release\Source\Release-NMS-Client\eqgame_dll\MQ2DataTypes.h(3527): warning C4091: 'static ': ignored on left of 'MQ2FriendsType::FriendsMethods' when no variable is declared (compiling source file MQ2DataAPI.cpp)
C:\Users\kraqu\Desktop\NMS Public Release\Source\Release-NMS-Client\eqgame_dll\MQ2DataTypes.h(3572): warning C4091: 'static ': ignored on left of 'MQ2TargetType::TargetMembers' when no variable is declared (compiling source file MQ2DataAPI.cpp)
C:\Users\kraqu\Desktop\NMS Public Release\Source\Release-NMS-Client\eqgame_dll\MQ2DataTypes.h(3650): warning C4091: 'static ': ignored on left of 'MQ2XTargetType::xTargetMembers' when no variable is declared (compiling source file MQ2DataAPI.cpp)
C:\Users\kraqu\Desktop\NMS Public Release\Source\Release-NMS-Client\eqgame_dll\EQData.h(464,2): warning C4091: 'typedef ': ignored on left of 'EQData::MaterialType' when no variable is declared (compiling source file MQ2DataVars.cpp)
C:\Users\kraqu\Desktop\NMS Public Release\Source\Release-NMS-Client\eqgame_dll\MQ2DataTypes.h(3490): warning C4091: 'static ': ignored on left of 'MQ2FellowshipMemberType::FMTypeMembers' when no variable is declared (compiling source file Hooks.cpp)
C:\Users\kraqu\Desktop\NMS Public Release\Source\Release-NMS-Client\eqgame_dll\MQ2DataTypes.h(3524): warning C4091: 'static ': ignored on left of 'MQ2FriendsType::FriendsMembers' when no variable is declared (compiling source file Hooks.cpp)
C:\Users\kraqu\Desktop\NMS Public Release\Source\Release-NMS-Client\eqgame_dll\MQ2DataTypes.h(3527): warning C4091: 'static ': ignored on left of 'MQ2FriendsType::FriendsMethods' when no variable is declared (compiling source file Hooks.cpp)
C:\Users\kraqu\Desktop\NMS Public Release\Source\Release-NMS-Client\eqgame_dll\MQ2Main.h(776,7): warning C4200: nonstandard extension used: zero-sized array in struct/union (compiling source file MQ2DataAPI.cpp)
C:\Users\kraqu\Desktop\NMS Public Release\Source\Release-NMS-Client\eqgame_dll\MQ2Main.h(776,7): message : This member will be ignored by a defaulted constructor or copy/move assignment operator (compiling source file MQ2DataAPI.cpp)
C:\Users\kraqu\Desktop\NMS Public Release\Source\Release-NMS-Client\eqgame_dll\MQ2DataTypes.h(3572): warning C4091: 'static ': ignored on left of 'MQ2TargetType::TargetMembers' when no variable is declared (compiling source file Hooks.cpp)
C:\Users\kraqu\Desktop\NMS Public Release\Source\Release-NMS-Client\eqgame_dll\MQ2DataTypes.h(3650): warning C4091: 'static ': ignored on left of 'MQ2XTargetType::xTargetMembers' when no variable is declared (compiling source file Hooks.cpp)
C:\Users\kraqu\Desktop\NMS Public Release\Source\Release-NMS-Client\eqgame_dll\MQ2Main.h(776,7): warning C4200: nonstandard extension used: zero-sized array in struct/union (compiling source file Hooks.cpp)
C:\Users\kraqu\Desktop\NMS Public Release\Source\Release-NMS-Client\eqgame_dll\MQ2Main.h(776,7): message : This member will be ignored by a defaulted constructor or copy/move assignment operator (compiling source file Hooks.cpp)
C:\Users\kraqu\Desktop\NMS Public Release\Source\Release-NMS-Client\eqgame_dll\RECTF.h(9,2): warning C4091: 'typedef ': ignored on left of 'RECTF' when no variable is declared (compiling source file Hooks.cpp)
  MQ2Pulse.cpp
  MQ2Spawns.cpp
  MQ2Utilities.cpp
  MQ2Windows.cpp
C:\Users\kraqu\Desktop\NMS Public Release\Source\Release-NMS-Client\eqgame_dll\MQ2Internal.h(131,6): warning C4091: 'static ': ignored on left of 'MQ2Internal::SearchItemFlag' when no variable is declared (compiling source file MQ2DataTypes.cpp)
C:\Users\kraqu\Desktop\NMS Public Release\Source\Release-NMS-Client\eqgame_dll\MQ2DataTypes.h(172): warning C4091: 'static ': ignored on left of 'MQ2IntType::IntMembers' when no variable is declared (compiling source file MQ2DataTypes.cpp)
C:\Users\kraqu\Desktop\NMS Public Release\Source\Release-NMS-Client\eqgame_dll\MQ2DataTypes.h(214): warning C4091: 'static ': ignored on left of 'MQ2ArgbType::ArgbMembers' when no variable is declared (compiling source file MQ2DataTypes.cpp)
C:\Users\kraqu\Desktop\NMS Public Release\Source\Release-NMS-Client\eqgame_dll\MQ2DataTypes.h(303): warning C4091: 'static ': ignored on left of 'MQ2StringType::StringMembers' when no variable is declared (compiling source file MQ2DataTypes.cpp)
C:\Users\kraqu\Desktop\NMS Public Release\Source\Release-NMS-Client\eqgame_dll\MQ2DataTypes.h(367): warning C4091: 'static ': ignored on left of 'MQ2FloatType::FloatMembers' when no variable is declared (compiling source file MQ2DataTypes.cpp)
C:\Users\kraqu\Desktop\NMS Public Release\Source\Release-NMS-Client\eqgame_dll\MQ2DataTypes.h(418): warning C4091: 'static ': ignored on left of 'MQ2TicksType::TicksMembers' when no variable is declared (compiling source file MQ2DataTypes.cpp)
C:\Users\kraqu\Desktop\NMS Public Release\Source\Release-NMS-Client\eqgame_dll\MQ2DataTypes.h(558): warning C4091: 'static ': ignored on left of 'MQ2SpawnType::SpawnMembers' when no variable is declared (compiling source file MQ2DataTypes.cpp)
C:\Users\kraqu\Desktop\NMS Public Release\Source\Release-NMS-Client\eqgame_dll\MQ2DataTypes.h(566): warning C4091: 'static ': ignored on left of 'MQ2SpawnType::SpawnMethods' when no variable is declared (compiling source file MQ2DataTypes.cpp)
C:\Users\kraqu\Desktop\NMS Public Release\Source\Release-NMS-Client\eqgame_dll\MQ2DataTypes.h(916): warning C4091: 'static ': ignored on left of 'MQ2CharacterType::CharacterMembers' when no variable is declared (compiling source file MQ2DataTypes.cpp)
C:\Users\kraqu\Desktop\NMS Public Release\Source\Release-NMS-Client\eqgame_dll\MQ2DataTypes.h(922): warning C4091: 'static ': ignored on left of 'MQ2CharacterType::CharacterMethods' when no variable is declared (compiling source file MQ2DataTypes.cpp)
C:\Users\kraqu\Desktop\NMS Public Release\Source\Release-NMS-Client\eqgame_dll\MQ2DataTypes.h(1187): warning C4091: 'static ': ignored on left of 'MQ2SpellType::SpellMembers' when no variable is declared (compiling source file MQ2DataTypes.cpp)
C:\Users\kraqu\Desktop\NMS Public Release\Source\Release-NMS-Client\eqgame_dll\MQ2Internal.h(131,6): warning C4091: 'static ': ignored on left of 'MQ2Internal::SearchItemFlag' when no variable is declared (compiling source file MQ2DataVars.cpp)
C:\Users\kraqu\Desktop\NMS Public Release\Source\Release-NMS-Client\eqgame_dll\MQ2DataTypes.h(1190): warning C4091: 'static ': ignored on left of 'MQ2SpellType::SpellMethods' when no variable is declared (compiling source file MQ2DataTypes.cpp)
C:\Users\kraqu\Desktop\NMS Public Release\Source\Release-NMS-Client\eqgame_dll\MQ2DataTypes.h(1271): warning C4091: 'static ': ignored on left of 'MQ2BuffType::BuffMembers' when no variable is declared (compiling source file MQ2DataTypes.cpp)
C:\Users\kraqu\Desktop\NMS Public Release\Source\Release-NMS-Client\eqgame_dll\MQ2DataTypes.h(1275): warning C4091: 'static ': ignored on left of 'MQ2BuffType::BuffMethods' when no variable is declared (compiling source file MQ2DataTypes.cpp)
C:\Users\kraqu\Desktop\NMS Public Release\Source\Release-NMS-Client\eqgame_dll\MQ2DataTypes.h(1468): warning C4091: 'static ': ignored on left of 'MQ2ItemType::ItemMembers' when no variable is declared (compiling source file MQ2DataTypes.cpp)
C:\Users\kraqu\Desktop\NMS Public Release\Source\Release-NMS-Client\eqgame_dll\MQ2DataTypes.h(1471): warning C4091: 'static ': ignored on left of 'MQ2ItemType::ItemMethods' when no variable is declared (compiling source file MQ2DataTypes.cpp)
C:\Users\kraqu\Desktop\NMS Public Release\Source\Release-NMS-Client\eqgame_dll\MQ2DataTypes.h(1669): warning C4091: 'static ': ignored on left of 'MQ2SwitchType::SwitchMembers' when no variable is declared (compiling source file MQ2DataTypes.cpp)
C:\Users\kraqu\Desktop\NMS Public Release\Source\Release-NMS-Client\eqgame_dll\MQ2DataTypes.h(1673): warning C4091: 'static ': ignored on left of 'MQ2SwitchType::SwitchMethods' when no variable is declared (compiling source file MQ2DataTypes.cpp)
C:\Users\kraqu\Desktop\NMS Public Release\Source\Release-NMS-Client\eqgame_dll\MQ2DataTypes.h(1749): warning C4091: 'static ': ignored on left of 'MQ2GroundType::GroundMembers' when no variable is declared (compiling source file MQ2DataTypes.cpp)
C:\Users\kraqu\Desktop\NMS Public Release\Source\Release-NMS-Client\eqgame_dll\MQ2DataTypes.h(1753): warning C4091: 'static ': ignored on left of 'MQ2GroundType::GroundMethods' when no variable is declared (compiling source file MQ2DataTypes.cpp)
C:\Users\kraqu\Desktop\NMS Public Release\Source\Release-NMS-Client\eqgame_dll\MQ2DataTypes.h(1816): warning C4091: 'static ': ignored on left of 'MQ2CorpseType::CorpseMembers' when no variable is declared (compiling source file MQ2DataTypes.cpp)
C:\Users\kraqu\Desktop\NMS Public Release\Source\Release-NMS-Client\eqgame_dll\MQ2DataTypes.h(1819): warning C4091: 'static ': ignored on left of 'MQ2CorpseType::CorpseMethods' when no variable is declared (compiling source file MQ2DataTypes.cpp)
C:\Users\kraqu\Desktop\NMS Public Release\Source\Release-NMS-Client\eqgame_dll\MQ2DataTypes.h(1867): warning C4091: 'static ': ignored on left of 'MQ2MerchantType::MerchantMembers' when no variable is declared (compiling source file MQ2DataTypes.cpp)
C:\Users\kraqu\Desktop\NMS Public Release\Source\Release-NMS-Client\eqgame_dll\MQ2DataTypes.h(1870): warning C4091: 'static ': ignored on left of 'MQ2MerchantType::MerchantMethods' when no variable is declared (compiling source file MQ2DataTypes.cpp)
C:\Users\kraqu\Desktop\NMS Public Release\Source\Release-NMS-Client\eqgame_dll\MQ2DataTypes.h(1948): warning C4091: 'static ': ignored on left of 'MQ2WindowType::WindowMembers' when no variable is declared (compiling source file MQ2DataTypes.cpp)
C:\Users\kraqu\Desktop\NMS Public Release\Source\Release-NMS-Client\eqgame_dll\MQ2DataTypes.h(1960): warning C4091: 'static ': ignored on left of 'MQ2WindowType::WindowMethods' when no variable is declared (compiling source file MQ2DataTypes.cpp)
C:\Users\kraqu\Desktop\NMS Public Release\Source\Release-NMS-Client\eqgame_dll\MQ2DataTypes.h(2056): warning C4091: 'static ': ignored on left of 'MQ2MacroType::MacroMembers' when no variable is declared (compiling source file MQ2DataTypes.cpp)
C:\Users\kraqu\Desktop\NMS Public Release\Source\Release-NMS-Client\eqgame_dll\MQ2DataTypes.h(2101): warning C4091: 'static ': ignored on left of 'MQ2ZoneType::ZoneMembers' when no variable is declared (compiling source file MQ2DataTypes.cpp)
C:\Users\kraqu\Desktop\NMS Public Release\Source\Release-NMS-Client\eqgame_dll\MQ2DataTypes.h(2159): warning C4091: 'static ': ignored on left of 'MQ2CurrentZoneType::CurrentZoneMembers' when no variable is declared (compiling source file MQ2DataTypes.cpp)
C:\Users\kraqu\Desktop\NMS Public Release\Source\Release-NMS-Client\eqgame_dll\MQ2DataTypes.h(2229): warning C4091: 'static ': ignored on left of 'MQ2MacroQuestType::MacroQuestMembers' when no variable is declared (compiling source file MQ2DataTypes.cpp)
C:\Users\kraqu\Desktop\NMS Public Release\Source\Release-NMS-Client\eqgame_dll\MQ2DataTypes.h(2232): warning C4091: 'static ': ignored on left of 'MQ2MacroQuestType::MacroQuestMethods' when no variable is declared (compiling source file MQ2DataTypes.cpp)
C:\Users\kraqu\Desktop\NMS Public Release\Source\Release-NMS-Client\eqgame_dll\MQ2DataTypes.h(2299): warning C4091: 'static ': ignored on left of 'MQ2MathType::MathMembers' when no variable is declared (compiling source file MQ2DataTypes.cpp)
C:\Users\kraqu\Desktop\NMS Public Release\Source\Release-NMS-Client\eqgame_dll\MQ2DataTypes.h(2345): warning C4091: 'static ': ignored on left of 'MQ2RaceType::RaceMembers' when no variable is declared (compiling source file MQ2DataTypes.cpp)
C:\Users\kraqu\Desktop\NMS Public Release\Source\Release-NMS-Client\eqgame_dll\MQ2DataTypes.h(2392): warning C4091: 'static ': ignored on left of 'MQ2ClassType::ClassMembers' when no variable is declared (compiling source file MQ2DataTypes.cpp)
C:\Users\kraqu\Desktop\NMS Public Release\Source\Release-NMS-Client\eqgame_dll\MQ2DataTypes.h(2438): warning C4091: 'static ': ignored on left of 'MQ2BodyType::BodyMembers' when no variable is declared (compiling source file MQ2DataTypes.cpp)
C:\Users\kraqu\Desktop\NMS Public Release\Source\Release-NMS-Client\eqgame_dll\MQ2DataTypes.h(2476): warning C4091: 'static ': ignored on left of 'MQ2DeityType::DeityMembers' when no variable is declared (compiling source file MQ2DataTypes.cpp)
C:\Users\kraqu\Desktop\NMS Public Release\Source\Release-NMS-Client\eqgame_dll\MQ2DataTypes.h(2525): warning C4091: 'static ': ignored on left of 'MQ2TimeType::TimeMembers' when no variable is declared (compiling source file MQ2DataTypes.cpp)
C:\Users\kraqu\Desktop\NMS Public Release\Source\Release-NMS-Client\eqgame_dll\MQ2DataTypes.h(2590): warning C4091: 'static ': ignored on left of 'MQ2TypeType::TypeMembers' when no variable is declared (compiling source file MQ2DataTypes.cpp)
C:\Users\kraqu\Desktop\NMS Public Release\Source\Release-NMS-Client\eqgame_dll\MQ2DataTypes.h(2631): warning C4091: 'static ': ignored on left of 'MQ2HeadingType::HeadingMembers' when no variable is declared (compiling source file MQ2DataTypes.cpp)
C:\Users\kraqu\Desktop\NMS Public Release\Source\Release-NMS-Client\eqgame_dll\MQ2DataTypes.h(2634): warning C4091: 'static ': ignored on left of 'MQ2HeadingType::HeadingMethods' when no variable is declared (compiling source file MQ2DataTypes.cpp)
C:\Users\kraqu\Desktop\NMS Public Release\Source\Release-NMS-Client\eqgame_dll\MQ2DataTypes.h(2685): warning C4091: 'static ': ignored on left of 'MQ2InvSlotType::InvSlotMembers' when no variable is declared (compiling source file MQ2DataTypes.cpp)
C:\Users\kraqu\Desktop\NMS Public Release\Source\Release-NMS-Client\eqgame_dll\MQ2DataTypes.h(2688): warning C4091: 'static ': ignored on left of 'MQ2InvSlotType::InvSlotMethods' when no variable is declared (compiling source file MQ2DataTypes.cpp)
C:\Users\kraqu\Desktop\NMS Public Release\Source\Release-NMS-Client\eqgame_dll\MQ2DataTypes.h(2744): warning C4091: 'static ': ignored on left of 'MQ2PluginType::PluginMembers' when no variable is declared (compiling source file MQ2DataTypes.cpp)
C:\Users\kraqu\Desktop\NMS Public Release\Source\Release-NMS-Client\eqgame_dll\MQ2DataTypes.h(2789): warning C4091: 'static ': ignored on left of 'MQ2BenchmarkType::BenchmarkMembers' when no variable is declared (compiling source file MQ2DataTypes.cpp)
C:\Users\kraqu\Desktop\NMS Public Release\Source\Release-NMS-Client\eqgame_dll\MQ2DataTypes.h(2837): warning C4091: 'static ': ignored on left of 'MQ2SkillType::SkillMembers' when no variable is declared (compiling source file MQ2DataTypes.cpp)
C:\Users\kraqu\Desktop\NMS Public Release\Source\Release-NMS-Client\eqgame_dll\MQ2DataTypes.h(2840): warning C4091: 'static ': ignored on left of 'MQ2SkillType::SkillMethods' when no variable is declared (compiling source file MQ2DataTypes.cpp)
C:\Users\kraqu\Desktop\NMS Public Release\Source\Release-NMS-Client\eqgame_dll\MQ2DataTypes.h(2903): warning C4091: 'static ': ignored on left of 'MQ2AltAbilityType::AltAbilityMembers' when no variable is declared (compiling source file MQ2DataTypes.cpp)
C:\Users\kraqu\Desktop\NMS Public Release\Source\Release-NMS-Client\eqgame_dll\MQ2DataTypes.h(2906): warning C4091: 'static ': ignored on left of 'MQ2AltAbilityType::AltAbilityMethods' when no variable is declared (compiling source file MQ2DataTypes.cpp)
C:\Users\kraqu\Desktop\NMS Public Release\Source\Release-NMS-Client\eqgame_dll\MQ2DataTypes.h(2953): warning C4091: 'static ': ignored on left of 'MQ2TimerType::TimerMembers' when no variable is declared (compiling source file MQ2DataTypes.cpp)
C:\Users\kraqu\Desktop\NMS Public Release\Source\Release-NMS-Client\eqgame_dll\MQ2DataTypes.h(2959): warning C4091: 'static ': ignored on left of 'MQ2TimerType::TimerMethods' when no variable is declared (compiling source file MQ2DataTypes.cpp)
C:\Users\kraqu\Desktop\NMS Public Release\Source\Release-NMS-Client\eqgame_dll\MQ2DataTypes.h(3055): warning C4091: 'static ': ignored on left of 'MQ2ArrayType::ArrayMembers' when no variable is declared (compiling source file MQ2DataTypes.cpp)
C:\Users\kraqu\Desktop\NMS Public Release\Source\Release-NMS-Client\eqgame_dll\MQ2DataTypes.h(3105): warning C4091: 'static ': ignored on left of 'MQ2GroupType::GroupMembers' when no variable is declared (compiling source file MQ2DataTypes.cpp)
C:\Users\kraqu\Desktop\NMS Public Release\Source\Release-NMS-Client\eqgame_dll\MQ2DataTypes.h(3108): warning C4091: 'static ': ignored on left of 'MQ2GroupType::GroupMethods' when no variable is declared (compiling source file MQ2DataTypes.cpp)
C:\Users\kraqu\Desktop\NMS Public Release\Source\Release-NMS-Client\eqgame_dll\MQ2DataTypes.h(3152): warning C4091: 'static ': ignored on left of 'MQ2GroupMemberType::GroupMemberMembers' when no variable is declared (compiling source file MQ2DataTypes.cpp)
C:\Users\kraqu\Desktop\NMS Public Release\Source\Release-NMS-Client\eqgame_dll\MQ2DataTypes.h(3155): warning C4091: 'static ': ignored on left of 'MQ2GroupMemberType::GroupMemberMethods' when no variable is declared (compiling source file MQ2DataTypes.cpp)
C:\Users\kraqu\Desktop\NMS Public Release\Source\Release-NMS-Client\eqgame_dll\MQ2DataTypes.h(3209): warning C4091: 'static ': ignored on left of 'MQ2RaidType::RaidMembers' when no variable is declared (compiling source file MQ2DataTypes.cpp)
C:\Users\kraqu\Desktop\NMS Public Release\Source\Release-NMS-Client\eqgame_dll\MQ2DataTypes.h(3212): warning C4091: 'static ': ignored on left of 'MQ2RaidType::RaidMethods' when no variable is declared (compiling source file MQ2DataTypes.cpp)
C:\Users\kraqu\Desktop\NMS Public Release\Source\Release-NMS-Client\eqgame_dll\MQ2DataTypes.h(3264): warning C4091: 'static ': ignored on left of 'MQ2RaidMemberType::RaidMemberMembers' when no variable is declared (compiling source file MQ2DataTypes.cpp)
C:\Users\kraqu\Desktop\NMS Public Release\Source\Release-NMS-Client\eqgame_dll\MQ2DataTypes.h(3267): warning C4091: 'static ': ignored on left of 'MQ2RaidMemberType::RaidMemberMethods' when no variable is declared (compiling source file MQ2DataTypes.cpp)
C:\Users\kraqu\Desktop\NMS Public Release\Source\Release-NMS-Client\eqgame_dll\MQ2DataTypes.h(3320): warning C4091: 'static ': ignored on left of 'MQ2EvolvingItemType::EvolvingItemMembers' when no variable is declared (compiling source file MQ2DataTypes.cpp)
C:\Users\kraqu\Desktop\NMS Public Release\Source\Release-NMS-Client\eqgame_dll\MQ2DataTypes.h(3363): warning C4091: 'static ': ignored on left of 'MQ2DynamicZoneType::DynamicZoneMembers' when no variable is declared (compiling source file MQ2DataTypes.cpp)
C:\Users\kraqu\Desktop\NMS Public Release\Source\Release-NMS-Client\eqgame_dll\MQ2DataTypes.h(3402): warning C4091: 'static ': ignored on left of 'MQ2DZMemberType::DZMemberTypeMembers' when no variable is declared (compiling source file MQ2DataTypes.cpp)
C:\Users\kraqu\Desktop\NMS Public Release\Source\Release-NMS-Client\eqgame_dll\MQ2DataTypes.h(3443): warning C4091: 'static ': ignored on left of 'MQ2FellowshipType::FellowshipTypeMembers' when no variable is declared (compiling source file MQ2DataTypes.cpp)
C:\Users\kraqu\Desktop\NMS Public Release\Source\Release-NMS-Client\eqgame_dll\MQ2DataTypes.h(3490): warning C4091: 'static ': ignored on left of 'MQ2FellowshipMemberType::FMTypeMembers' when no variable is declared (compiling source file MQ2DataTypes.cpp)
C:\Users\kraqu\Desktop\NMS Public Release\Source\Release-NMS-Client\eqgame_dll\MQ2DataTypes.h(3524): warning C4091: 'static ': ignored on left of 'MQ2FriendsType::FriendsMembers' when no variable is declared (compiling source file MQ2DataTypes.cpp)
C:\Users\kraqu\Desktop\NMS Public Release\Source\Release-NMS-Client\eqgame_dll\MQ2DataTypes.h(3527): warning C4091: 'static ': ignored on left of 'MQ2FriendsType::FriendsMethods' when no variable is declared (compiling source file MQ2DataTypes.cpp)
C:\Users\kraqu\Desktop\NMS Public Release\Source\Release-NMS-Client\eqgame_dll\MQ2DataTypes.h(3572): warning C4091: 'static ': ignored on left of 'MQ2TargetType::TargetMembers' when no variable is declared (compiling source file MQ2DataTypes.cpp)
C:\Users\kraqu\Desktop\NMS Public Release\Source\Release-NMS-Client\eqgame_dll\MQ2DataTypes.h(3650): warning C4091: 'static ': ignored on left of 'MQ2XTargetType::xTargetMembers' when no variable is declared (compiling source file MQ2DataTypes.cpp)
C:\Users\kraqu\Desktop\NMS Public Release\Source\Release-NMS-Client\eqgame_dll\MQ2Main.h(776,7): warning C4200: nonstandard extension used: zero-sized array in struct/union (compiling source file MQ2DataTypes.cpp)
C:\Users\kraqu\Desktop\NMS Public Release\Source\Release-NMS-Client\eqgame_dll\MQ2Main.h(776,7): message : This member will be ignored by a defaulted constructor or copy/move assignment operator (compiling source file MQ2DataTypes.cpp)
C:\Users\kraqu\Desktop\NMS Public Release\Source\Release-NMS-Client\eqgame_dll\MQ2DataTypes.h(172): warning C4091: 'static ': ignored on left of 'MQ2IntType::IntMembers' when no variable is declared (compiling source file MQ2DataVars.cpp)
C:\Users\kraqu\Desktop\NMS Public Release\Source\Release-NMS-Client\eqgame_dll\MQ2DataTypes.h(214): warning C4091: 'static ': ignored on left of 'MQ2ArgbType::ArgbMembers' when no variable is declared (compiling source file MQ2DataVars.cpp)
C:\Users\kraqu\Desktop\NMS Public Release\Source\Release-NMS-Client\eqgame_dll\MQ2DataTypes.h(303): warning C4091: 'static ': ignored on left of 'MQ2StringType::StringMembers' when no variable is declared (compiling source file MQ2DataVars.cpp)
  Sprite.cpp
C:\Users\kraqu\Desktop\NMS Public Release\Source\Release-NMS-Client\eqgame_dll\MQ2DataTypes.h(367): warning C4091: 'static ': ignored on left of 'MQ2FloatType::FloatMembers' when no variable is declared (compiling source file MQ2DataVars.cpp)
C:\Users\kraqu\Desktop\NMS Public Release\Source\Release-NMS-Client\eqgame_dll\MQ2DataTypes.h(418): warning C4091: 'static ': ignored on left of 'MQ2TicksType::TicksMembers' when no variable is declared (compiling source file MQ2DataVars.cpp)
C:\Users\kraqu\Desktop\NMS Public Release\Source\Release-NMS-Client\eqgame_dll\MQ2DataTypes.h(558): warning C4091: 'static ': ignored on left of 'MQ2SpawnType::SpawnMembers' when no variable is declared (compiling source file MQ2DataVars.cpp)
C:\Users\kraqu\Desktop\NMS Public Release\Source\Release-NMS-Client\eqgame_dll\MQ2DataTypes.h(566): warning C4091: 'static ': ignored on left of 'MQ2SpawnType::SpawnMethods' when no variable is declared (compiling source file MQ2DataVars.cpp)
C:\Users\kraqu\Desktop\NMS Public Release\Source\Release-NMS-Client\eqgame_dll\EQData.h(464,2): warning C4091: 'typedef ': ignored on left of 'EQData::MaterialType' when no variable is declared (compiling source file MQ2DetourAPI.cpp)
C:\Users\kraqu\Desktop\NMS Public Release\Source\Release-NMS-Client\eqgame_dll\MQ2DataTypes.h(916): warning C4091: 'static ': ignored on left of 'MQ2CharacterType::CharacterMembers' when no variable is declared (compiling source file MQ2DataVars.cpp)
C:\Users\kraqu\Desktop\NMS Public Release\Source\Release-NMS-Client\eqgame_dll\MQ2DataTypes.h(922): warning C4091: 'static ': ignored on left of 'MQ2CharacterType::CharacterMethods' when no variable is declared (compiling source file MQ2DataVars.cpp)
C:\Users\kraqu\Desktop\NMS Public Release\Source\Release-NMS-Client\eqgame_dll\EQData.h(464,2): warning C4091: 'typedef ': ignored on left of 'EQData::MaterialType' when no variable is declared (compiling source file MQ2MapAPI.cpp)
C:\Users\kraqu\Desktop\NMS Public Release\Source\Release-NMS-Client\eqgame_dll\MQ2DataTypes.h(1187): warning C4091: 'static ': ignored on left of 'MQ2SpellType::SpellMembers' when no variable is declared (compiling source file MQ2DataVars.cpp)
C:\Users\kraqu\Desktop\NMS Public Release\Source\Release-NMS-Client\eqgame_dll\MQ2DataTypes.h(1190): warning C4091: 'static ': ignored on left of 'MQ2SpellType::SpellMethods' when no variable is declared (compiling source file MQ2DataVars.cpp)
C:\Users\kraqu\Desktop\NMS Public Release\Source\Release-NMS-Client\eqgame_dll\MQ2DataTypes.h(1271): warning C4091: 'static ': ignored on left of 'MQ2BuffType::BuffMembers' when no variable is declared (compiling source file MQ2DataVars.cpp)
C:\Users\kraqu\Desktop\NMS Public Release\Source\Release-NMS-Client\eqgame_dll\MQ2DataTypes.h(1275): warning C4091: 'static ': ignored on left of 'MQ2BuffType::BuffMethods' when no variable is declared (compiling source file MQ2DataVars.cpp)
C:\Users\kraqu\Desktop\NMS Public Release\Source\Release-NMS-Client\eqgame_dll\MQ2DataTypes.h(1468): warning C4091: 'static ': ignored on left of 'MQ2ItemType::ItemMembers' when no variable is declared (compiling source file MQ2DataVars.cpp)
C:\Users\kraqu\Desktop\NMS Public Release\Source\Release-NMS-Client\eqgame_dll\MQ2DataTypes.h(1471): warning C4091: 'static ': ignored on left of 'MQ2ItemType::ItemMethods' when no variable is declared (compiling source file MQ2DataVars.cpp)
C:\Users\kraqu\Desktop\NMS Public Release\Source\Release-NMS-Client\eqgame_dll\MQ2DataTypes.h(1669): warning C4091: 'static ': ignored on left of 'MQ2SwitchType::SwitchMembers' when no variable is declared (compiling source file MQ2DataVars.cpp)
C:\Users\kraqu\Desktop\NMS Public Release\Source\Release-NMS-Client\eqgame_dll\MQ2DataTypes.h(1673): warning C4091: 'static ': ignored on left of 'MQ2SwitchType::SwitchMethods' when no variable is declared (compiling source file MQ2DataVars.cpp)
C:\Users\kraqu\Desktop\NMS Public Release\Source\Release-NMS-Client\eqgame_dll\MQ2DataTypes.h(1749): warning C4091: 'static ': ignored on left of 'MQ2GroundType::GroundMembers' when no variable is declared (compiling source file MQ2DataVars.cpp)
C:\Users\kraqu\Desktop\NMS Public Release\Source\Release-NMS-Client\eqgame_dll\MQ2DataTypes.h(1753): warning C4091: 'static ': ignored on left of 'MQ2GroundType::GroundMethods' when no variable is declared (compiling source file MQ2DataVars.cpp)
C:\Users\kraqu\Desktop\NMS Public Release\Source\Release-NMS-Client\eqgame_dll\MQ2DataTypes.h(1816): warning C4091: 'static ': ignored on left of 'MQ2CorpseType::CorpseMembers' when no variable is declared (compiling source file MQ2DataVars.cpp)
C:\Users\kraqu\Desktop\NMS Public Release\Source\Release-NMS-Client\eqgame_dll\MQ2DataTypes.h(1819): warning C4091: 'static ': ignored on left of 'MQ2CorpseType::CorpseMethods' when no variable is declared (compiling source file MQ2DataVars.cpp)
C:\Users\kraqu\Desktop\NMS Public Release\Source\Release-NMS-Client\eqgame_dll\EQData.h(464,2): warning C4091: 'typedef ': ignored on left of 'EQData::MaterialType' when no variable is declared (compiling source file MQ2FloatingText.cpp)
C:\Users\kraqu\Desktop\NMS Public Release\Source\Release-NMS-Client\eqgame_dll\EQData.h(464,2): warning C4091: 'typedef ': ignored on left of 'EQData::MaterialType' when no variable is declared (compiling source file MQ2ItemDisplay.cpp)
C:\Users\kraqu\Desktop\NMS Public Release\Source\Release-NMS-Client\eqgame_dll\EQData.h(464,2): warning C4091: 'typedef ': ignored on left of 'EQData::MaterialType' when no variable is declared (compiling source file MQ2Map.cpp)
C:\Users\kraqu\Desktop\NMS Public Release\Source\Release-NMS-Client\eqgame_dll\MQ2DataTypes.h(1867): warning C4091: 'static ': ignored on left of 'MQ2MerchantType::MerchantMembers' when no variable is declared (compiling source file MQ2DataVars.cpp)
C:\Users\kraqu\Desktop\NMS Public Release\Source\Release-NMS-Client\eqgame_dll\MQ2DataTypes.h(1870): warning C4091: 'static ': ignored on left of 'MQ2MerchantType::MerchantMethods' when no variable is declared (compiling source file MQ2DataVars.cpp)
C:\Users\kraqu\Desktop\NMS Public Release\Source\Release-NMS-Client\eqgame_dll\MQ2DataTypes.h(1948): warning C4091: 'static ': ignored on left of 'MQ2WindowType::WindowMembers' when no variable is declared (compiling source file MQ2DataVars.cpp)
C:\Users\kraqu\Desktop\NMS Public Release\Source\Release-NMS-Client\eqgame_dll\MQ2DataTypes.h(1960): warning C4091: 'static ': ignored on left of 'MQ2WindowType::WindowMethods' when no variable is declared (compiling source file MQ2DataVars.cpp)
C:\Users\kraqu\Desktop\NMS Public Release\Source\Release-NMS-Client\eqgame_dll\MQ2DataTypes.h(2056): warning C4091: 'static ': ignored on left of 'MQ2MacroType::MacroMembers' when no variable is declared (compiling source file MQ2DataVars.cpp)
C:\Users\kraqu\Desktop\NMS Public Release\Source\Release-NMS-Client\eqgame_dll\MQ2DataTypes.h(2101): warning C4091: 'static ': ignored on left of 'MQ2ZoneType::ZoneMembers' when no variable is declared (compiling source file MQ2DataVars.cpp)
C:\Users\kraqu\Desktop\NMS Public Release\Source\Release-NMS-Client\eqgame_dll\MQ2DataTypes.h(2159): warning C4091: 'static ': ignored on left of 'MQ2CurrentZoneType::CurrentZoneMembers' when no variable is declared (compiling source file MQ2DataVars.cpp)
C:\Users\kraqu\Desktop\NMS Public Release\Source\Release-NMS-Client\eqgame_dll\MQ2DataTypes.h(2229): warning C4091: 'static ': ignored on left of 'MQ2MacroQuestType::MacroQuestMembers' when no variable is declared (compiling source file MQ2DataVars.cpp)
C:\Users\kraqu\Desktop\NMS Public Release\Source\Release-NMS-Client\eqgame_dll\MQ2DataTypes.h(2232): warning C4091: 'static ': ignored on left of 'MQ2MacroQuestType::MacroQuestMethods' when no variable is declared (compiling source file MQ2DataVars.cpp)
C:\Users\kraqu\Desktop\NMS Public Release\Source\Release-NMS-Client\eqgame_dll\MQ2DataTypes.h(2299): warning C4091: 'static ': ignored on left of 'MQ2MathType::MathMembers' when no variable is declared (compiling source file MQ2DataVars.cpp)
C:\Users\kraqu\Desktop\NMS Public Release\Source\Release-NMS-Client\eqgame_dll\MQ2DataTypes.h(2345): warning C4091: 'static ': ignored on left of 'MQ2RaceType::RaceMembers' when no variable is declared (compiling source file MQ2DataVars.cpp)
C:\Users\kraqu\Desktop\NMS Public Release\Source\Release-NMS-Client\eqgame_dll\MQ2DataTypes.h(2392): warning C4091: 'static ': ignored on left of 'MQ2ClassType::ClassMembers' when no variable is declared (compiling source file MQ2DataVars.cpp)
C:\Users\kraqu\Desktop\NMS Public Release\Source\Release-NMS-Client\eqgame_dll\MQ2DataTypes.h(2438): warning C4091: 'static ': ignored on left of 'MQ2BodyType::BodyMembers' when no variable is declared (compiling source file MQ2DataVars.cpp)
C:\Users\kraqu\Desktop\NMS Public Release\Source\Release-NMS-Client\eqgame_dll\MQ2DataTypes.h(2476): warning C4091: 'static ': ignored on left of 'MQ2DeityType::DeityMembers' when no variable is declared (compiling source file MQ2DataVars.cpp)
C:\Users\kraqu\Desktop\NMS Public Release\Source\Release-NMS-Client\eqgame_dll\MQ2DataTypes.h(2525): warning C4091: 'static ': ignored on left of 'MQ2TimeType::TimeMembers' when no variable is declared (compiling source file MQ2DataVars.cpp)
C:\Users\kraqu\Desktop\NMS Public Release\Source\Release-NMS-Client\eqgame_dll\EQData.h(464,2): warning C4091: 'typedef ': ignored on left of 'EQData::MaterialType' when no variable is declared (compiling source file MQ2Globals.cpp)
C:\Users\kraqu\Desktop\NMS Public Release\Source\Release-NMS-Client\eqgame_dll\MQ2DataTypes.h(2590): warning C4091: 'static ': ignored on left of 'MQ2TypeType::TypeMembers' when no variable is declared (compiling source file MQ2DataVars.cpp)
C:\Users\kraqu\Desktop\NMS Public Release\Source\Release-NMS-Client\eqgame_dll\MQ2DataTypes.h(2631): warning C4091: 'static ': ignored on left of 'MQ2HeadingType::HeadingMembers' when no variable is declared (compiling source file MQ2DataVars.cpp)
C:\Users\kraqu\Desktop\NMS Public Release\Source\Release-NMS-Client\eqgame_dll\MQ2DataTypes.h(2634): warning C4091: 'static ': ignored on left of 'MQ2HeadingType::HeadingMethods' when no variable is declared (compiling source file MQ2DataVars.cpp)
C:\Users\kraqu\Desktop\NMS Public Release\Source\Release-NMS-Client\eqgame_dll\MQ2DataTypes.h(2685): warning C4091: 'static ': ignored on left of 'MQ2InvSlotType::InvSlotMembers' when no variable is declared (compiling source file MQ2DataVars.cpp)
C:\Users\kraqu\Desktop\NMS Public Release\Source\Release-NMS-Client\eqgame_dll\MQ2DataTypes.h(2688): warning C4091: 'static ': ignored on left of 'MQ2InvSlotType::InvSlotMethods' when no variable is declared (compiling source file MQ2DataVars.cpp)
C:\Users\kraqu\Desktop\NMS Public Release\Source\Release-NMS-Client\eqgame_dll\MQ2DataTypes.h(2744): warning C4091: 'static ': ignored on left of 'MQ2PluginType::PluginMembers' when no variable is declared (compiling source file MQ2DataVars.cpp)
C:\Users\kraqu\Desktop\NMS Public Release\Source\Release-NMS-Client\eqgame_dll\MQ2DataTypes.h(2789): warning C4091: 'static ': ignored on left of 'MQ2BenchmarkType::BenchmarkMembers' when no variable is declared (compiling source file MQ2DataVars.cpp)
C:\Users\kraqu\Desktop\NMS Public Release\Source\Release-NMS-Client\eqgame_dll\MQ2DataTypes.h(2837): warning C4091: 'static ': ignored on left of 'MQ2SkillType::SkillMembers' when no variable is declared (compiling source file MQ2DataVars.cpp)
C:\Users\kraqu\Desktop\NMS Public Release\Source\Release-NMS-Client\eqgame_dll\MQ2DataTypes.h(2840): warning C4091: 'static ': ignored on left of 'MQ2SkillType::SkillMethods' when no variable is declared (compiling source file MQ2DataVars.cpp)
C:\Users\kraqu\Desktop\NMS Public Release\Source\Release-NMS-Client\eqgame_dll\MQ2DataTypes.h(2903): warning C4091: 'static ': ignored on left of 'MQ2AltAbilityType::AltAbilityMembers' when no variable is declared (compiling source file MQ2DataVars.cpp)
C:\Users\kraqu\Desktop\NMS Public Release\Source\Release-NMS-Client\eqgame_dll\MQ2DataTypes.h(2906): warning C4091: 'static ': ignored on left of 'MQ2AltAbilityType::AltAbilityMethods' when no variable is declared (compiling source file MQ2DataVars.cpp)
C:\Users\kraqu\Desktop\NMS Public Release\Source\Release-NMS-Client\eqgame_dll\MQ2DataTypes.h(2953): warning C4091: 'static ': ignored on left of 'MQ2TimerType::TimerMembers' when no variable is declared (compiling source file MQ2DataVars.cpp)
C:\Users\kraqu\Desktop\NMS Public Release\Source\Release-NMS-Client\eqgame_dll\MQ2DataTypes.h(2959): warning C4091: 'static ': ignored on left of 'MQ2TimerType::TimerMethods' when no variable is declared (compiling source file MQ2DataVars.cpp)
C:\Users\kraqu\Desktop\NMS Public Release\Source\Release-NMS-Client\eqgame_dll\MQ2DataTypes.h(3055): warning C4091: 'static ': ignored on left of 'MQ2ArrayType::ArrayMembers' when no variable is declared (compiling source file MQ2DataVars.cpp)
C:\Users\kraqu\Desktop\NMS Public Release\Source\Release-NMS-Client\eqgame_dll\MQ2DataTypes.h(3105): warning C4091: 'static ': ignored on left of 'MQ2GroupType::GroupMembers' when no variable is declared (compiling source file MQ2DataVars.cpp)
C:\Users\kraqu\Desktop\NMS Public Release\Source\Release-NMS-Client\eqgame_dll\MQ2DataTypes.h(3108): warning C4091: 'static ': ignored on left of 'MQ2GroupType::GroupMethods' when no variable is declared (compiling source file MQ2DataVars.cpp)
C:\Users\kraqu\Desktop\NMS Public Release\Source\Release-NMS-Client\eqgame_dll\MQ2DataTypes.h(3152): warning C4091: 'static ': ignored on left of 'MQ2GroupMemberType::GroupMemberMembers' when no variable is declared (compiling source file MQ2DataVars.cpp)
C:\Users\kraqu\Desktop\NMS Public Release\Source\Release-NMS-Client\eqgame_dll\MQ2DataTypes.h(3155): warning C4091: 'static ': ignored on left of 'MQ2GroupMemberType::GroupMemberMethods' when no variable is declared (compiling source file MQ2DataVars.cpp)
C:\Users\kraqu\Desktop\NMS Public Release\Source\Release-NMS-Client\eqgame_dll\MQ2DataTypes.h(3209): warning C4091: 'static ': ignored on left of 'MQ2RaidType::RaidMembers' when no variable is declared (compiling source file MQ2DataVars.cpp)
C:\Users\kraqu\Desktop\NMS Public Release\Source\Release-NMS-Client\eqgame_dll\MQ2DataTypes.h(3212): warning C4091: 'static ': ignored on left of 'MQ2RaidType::RaidMethods' when no variable is declared (compiling source file MQ2DataVars.cpp)
C:\Users\kraqu\Desktop\NMS Public Release\Source\Release-NMS-Client\eqgame_dll\MQ2DataTypes.h(3264): warning C4091: 'static ': ignored on left of 'MQ2RaidMemberType::RaidMemberMembers' when no variable is declared (compiling source file MQ2DataVars.cpp)
C:\Users\kraqu\Desktop\NMS Public Release\Source\Release-NMS-Client\eqgame_dll\MQ2DataTypes.h(3267): warning C4091: 'static ': ignored on left of 'MQ2RaidMemberType::RaidMemberMethods' when no variable is declared (compiling source file MQ2DataVars.cpp)
C:\Users\kraqu\Desktop\NMS Public Release\Source\Release-NMS-Client\eqgame_dll\MQ2DataTypes.h(3320): warning C4091: 'static ': ignored on left of 'MQ2EvolvingItemType::EvolvingItemMembers' when no variable is declared (compiling source file MQ2DataVars.cpp)
C:\Users\kraqu\Desktop\NMS Public Release\Source\Release-NMS-Client\eqgame_dll\MQ2DataTypes.h(3363): warning C4091: 'static ': ignored on left of 'MQ2DynamicZoneType::DynamicZoneMembers' when no variable is declared (compiling source file MQ2DataVars.cpp)
C:\Users\kraqu\Desktop\NMS Public Release\Source\Release-NMS-Client\eqgame_dll\MQ2DataTypes.h(3402): warning C4091: 'static ': ignored on left of 'MQ2DZMemberType::DZMemberTypeMembers' when no variable is declared (compiling source file MQ2DataVars.cpp)
C:\Users\kraqu\Desktop\NMS Public Release\Source\Release-NMS-Client\eqgame_dll\MQ2DataTypes.h(3443): warning C4091: 'static ': ignored on left of 'MQ2FellowshipType::FellowshipTypeMembers' when no variable is declared (compiling source file MQ2DataVars.cpp)
C:\Users\kraqu\Desktop\NMS Public Release\Source\Release-NMS-Client\eqgame_dll\MQ2DataTypes.h(3490): warning C4091: 'static ': ignored on left of 'MQ2FellowshipMemberType::FMTypeMembers' when no variable is declared (compiling source file MQ2DataVars.cpp)
C:\Users\kraqu\Desktop\NMS Public Release\Source\Release-NMS-Client\eqgame_dll\MQ2DataTypes.h(3524): warning C4091: 'static ': ignored on left of 'MQ2FriendsType::FriendsMembers' when no variable is declared (compiling source file MQ2DataVars.cpp)
C:\Users\kraqu\Desktop\NMS Public Release\Source\Release-NMS-Client\eqgame_dll\MQ2DataTypes.h(3527): warning C4091: 'static ': ignored on left of 'MQ2FriendsType::FriendsMethods' when no variable is declared (compiling source file MQ2DataVars.cpp)
C:\Users\kraqu\Desktop\NMS Public Release\Source\Release-NMS-Client\eqgame_dll\MQ2DataTypes.h(3572): warning C4091: 'static ': ignored on left of 'MQ2TargetType::TargetMembers' when no variable is declared (compiling source file MQ2DataVars.cpp)
C:\Users\kraqu\Desktop\NMS Public Release\Source\Release-NMS-Client\eqgame_dll\MQ2DataTypes.h(3650): warning C4091: 'static ': ignored on left of 'MQ2XTargetType::xTargetMembers' when no variable is declared (compiling source file MQ2DataVars.cpp)
C:\Users\kraqu\Desktop\NMS Public Release\Source\Release-NMS-Client\eqgame_dll\MQ2Main.h(776,7): warning C4200: nonstandard extension used: zero-sized array in struct/union (compiling source file MQ2DataVars.cpp)
C:\Users\kraqu\Desktop\NMS Public Release\Source\Release-NMS-Client\eqgame_dll\MQ2Main.h(776,7): message : This member will be ignored by a defaulted constructor or copy/move assignment operator (compiling source file MQ2DataVars.cpp)
C:\Users\kraqu\Desktop\NMS Public Release\Source\Release-NMS-Client\eqgame_dll\MQ2Internal.h(131,6): warning C4091: 'static ': ignored on left of 'MQ2Internal::SearchItemFlag' when no variable is declared (compiling source file MQ2MapAPI.cpp)
C:\Users\kraqu\Desktop\NMS Public Release\Source\Release-NMS-Client\eqgame_dll\EQData.h(464,2): warning C4091: 'typedef ': ignored on left of 'EQData::MaterialType' when no variable is declared (compiling source file MQ2MacroCommands.cpp)
C:\Users\kraqu\Desktop\NMS Public Release\Source\Release-NMS-Client\eqgame_dll\MQ2DataTypes.h(172): warning C4091: 'static ': ignored on left of 'MQ2IntType::IntMembers' when no variable is declared (compiling source file MQ2MapAPI.cpp)
C:\Users\kraqu\Desktop\NMS Public Release\Source\Release-NMS-Client\eqgame_dll\MQ2DataTypes.h(214): warning C4091: 'static ': ignored on left of 'MQ2ArgbType::ArgbMembers' when no variable is declared (compiling source file MQ2MapAPI.cpp)
C:\Users\kraqu\Desktop\NMS Public Release\Source\Release-NMS-Client\eqgame_dll\MQ2DataTypes.h(303): warning C4091: 'static ': ignored on left of 'MQ2StringType::StringMembers' when no variable is declared (compiling source file MQ2MapAPI.cpp)
C:\Users\kraqu\Desktop\NMS Public Release\Source\Release-NMS-Client\eqgame_dll\MQ2DataTypes.h(367): warning C4091: 'static ': ignored on left of 'MQ2FloatType::FloatMembers' when no variable is declared (compiling source file MQ2MapAPI.cpp)
C:\Users\kraqu\Desktop\NMS Public Release\Source\Release-NMS-Client\eqgame_dll\MQ2DataTypes.h(418): warning C4091: 'static ': ignored on left of 'MQ2TicksType::TicksMembers' when no variable is declared (compiling source file MQ2MapAPI.cpp)
C:\Users\kraqu\Desktop\NMS Public Release\Source\Release-NMS-Client\eqgame_dll\MQ2DataTypes.h(558): warning C4091: 'static ': ignored on left of 'MQ2SpawnType::SpawnMembers' when no variable is declared (compiling source file MQ2MapAPI.cpp)
C:\Users\kraqu\Desktop\NMS Public Release\Source\Release-NMS-Client\eqgame_dll\MQ2DataTypes.h(566): warning C4091: 'static ': ignored on left of 'MQ2SpawnType::SpawnMethods' when no variable is declared (compiling source file MQ2MapAPI.cpp)
C:\Users\kraqu\Desktop\NMS Public Release\Source\Release-NMS-Client\eqgame_dll\MQ2DataTypes.h(916): warning C4091: 'static ': ignored on left of 'MQ2CharacterType::CharacterMembers' when no variable is declared (compiling source file MQ2MapAPI.cpp)
C:\Users\kraqu\Desktop\NMS Public Release\Source\Release-NMS-Client\eqgame_dll\MQ2DataTypes.h(922): warning C4091: 'static ': ignored on left of 'MQ2CharacterType::CharacterMethods' when no variable is declared (compiling source file MQ2MapAPI.cpp)
C:\Users\kraqu\Desktop\NMS Public Release\Source\Release-NMS-Client\eqgame_dll\MQ2DataTypes.h(1187): warning C4091: 'static ': ignored on left of 'MQ2SpellType::SpellMembers' when no variable is declared (compiling source file MQ2MapAPI.cpp)
C:\Users\kraqu\Desktop\NMS Public Release\Source\Release-NMS-Client\eqgame_dll\MQ2DataTypes.h(1190): warning C4091: 'static ': ignored on left of 'MQ2SpellType::SpellMethods' when no variable is declared (compiling source file MQ2MapAPI.cpp)
C:\Users\kraqu\Desktop\NMS Public Release\Source\Release-NMS-Client\eqgame_dll\MQ2DataTypes.h(1271): warning C4091: 'static ': ignored on left of 'MQ2BuffType::BuffMembers' when no variable is declared (compiling source file MQ2MapAPI.cpp)
C:\Users\kraqu\Desktop\NMS Public Release\Source\Release-NMS-Client\eqgame_dll\MQ2DataTypes.h(1275): warning C4091: 'static ': ignored on left of 'MQ2BuffType::BuffMethods' when no variable is declared (compiling source file MQ2MapAPI.cpp)
C:\Users\kraqu\Desktop\NMS Public Release\Source\Release-NMS-Client\eqgame_dll\MQ2DataTypes.h(1468): warning C4091: 'static ': ignored on left of 'MQ2ItemType::ItemMembers' when no variable is declared (compiling source file MQ2MapAPI.cpp)
C:\Users\kraqu\Desktop\NMS Public Release\Source\Release-NMS-Client\eqgame_dll\MQ2DataTypes.h(1471): warning C4091: 'static ': ignored on left of 'MQ2ItemType::ItemMethods' when no variable is declared (compiling source file MQ2MapAPI.cpp)
C:\Users\kraqu\Desktop\NMS Public Release\Source\Release-NMS-Client\eqgame_dll\MQ2DataTypes.h(1669): warning C4091: 'static ': ignored on left of 'MQ2SwitchType::SwitchMembers' when no variable is declared (compiling source file MQ2MapAPI.cpp)
C:\Users\kraqu\Desktop\NMS Public Release\Source\Release-NMS-Client\eqgame_dll\MQ2DataTypes.h(1673): warning C4091: 'static ': ignored on left of 'MQ2SwitchType::SwitchMethods' when no variable is declared (compiling source file MQ2MapAPI.cpp)
C:\Users\kraqu\Desktop\NMS Public Release\Source\Release-NMS-Client\eqgame_dll\MQ2DataTypes.h(1749): warning C4091: 'static ': ignored on left of 'MQ2GroundType::GroundMembers' when no variable is declared (compiling source file MQ2MapAPI.cpp)
C:\Users\kraqu\Desktop\NMS Public Release\Source\Release-NMS-Client\eqgame_dll\MQ2DataTypes.h(1753): warning C4091: 'static ': ignored on left of 'MQ2GroundType::GroundMethods' when no variable is declared (compiling source file MQ2MapAPI.cpp)
C:\Users\kraqu\Desktop\NMS Public Release\Source\Release-NMS-Client\eqgame_dll\MQ2DataTypes.h(1816): warning C4091: 'static ': ignored on left of 'MQ2CorpseType::CorpseMembers' when no variable is declared (compiling source file MQ2MapAPI.cpp)
C:\Users\kraqu\Desktop\NMS Public Release\Source\Release-NMS-Client\eqgame_dll\MQ2DataTypes.h(1819): warning C4091: 'static ': ignored on left of 'MQ2CorpseType::CorpseMethods' when no variable is declared (compiling source file MQ2MapAPI.cpp)
C:\Users\kraqu\Desktop\NMS Public Release\Source\Release-NMS-Client\eqgame_dll\MQ2DataTypes.h(1867): warning C4091: 'static ': ignored on left of 'MQ2MerchantType::MerchantMembers' when no variable is declared (compiling source file MQ2MapAPI.cpp)
C:\Users\kraqu\Desktop\NMS Public Release\Source\Release-NMS-Client\eqgame_dll\MQ2DataTypes.h(1870): warning C4091: 'static ': ignored on left of 'MQ2MerchantType::MerchantMethods' when no variable is declared (compiling source file MQ2MapAPI.cpp)
C:\Users\kraqu\Desktop\NMS Public Release\Source\Release-NMS-Client\eqgame_dll\MQ2DataTypes.h(1948): warning C4091: 'static ': ignored on left of 'MQ2WindowType::WindowMembers' when no variable is declared (compiling source file MQ2MapAPI.cpp)
C:\Users\kraqu\Desktop\NMS Public Release\Source\Release-NMS-Client\eqgame_dll\MQ2DataTypes.h(1960): warning C4091: 'static ': ignored on left of 'MQ2WindowType::WindowMethods' when no variable is declared (compiling source file MQ2MapAPI.cpp)
C:\Users\kraqu\Desktop\NMS Public Release\Source\Release-NMS-Client\eqgame_dll\MQ2DataTypes.h(2056): warning C4091: 'static ': ignored on left of 'MQ2MacroType::MacroMembers' when no variable is declared (compiling source file MQ2MapAPI.cpp)
C:\Users\kraqu\Desktop\NMS Public Release\Source\Release-NMS-Client\eqgame_dll\MQ2DataTypes.h(2101): warning C4091: 'static ': ignored on left of 'MQ2ZoneType::ZoneMembers' when no variable is declared (compiling source file MQ2MapAPI.cpp)
C:\Users\kraqu\Desktop\NMS Public Release\Source\Release-NMS-Client\eqgame_dll\MQ2DataTypes.h(2159): warning C4091: 'static ': ignored on left of 'MQ2CurrentZoneType::CurrentZoneMembers' when no variable is declared (compiling source file MQ2MapAPI.cpp)
C:\Users\kraqu\Desktop\NMS Public Release\Source\Release-NMS-Client\eqgame_dll\MQ2DataTypes.h(2229): warning C4091: 'static ': ignored on left of 'MQ2MacroQuestType::MacroQuestMembers' when no variable is declared (compiling source file MQ2MapAPI.cpp)
C:\Users\kraqu\Desktop\NMS Public Release\Source\Release-NMS-Client\eqgame_dll\MQ2DataTypes.h(2232): warning C4091: 'static ': ignored on left of 'MQ2MacroQuestType::MacroQuestMethods' when no variable is declared (compiling source file MQ2MapAPI.cpp)
C:\Users\kraqu\Desktop\NMS Public Release\Source\Release-NMS-Client\eqgame_dll\MQ2DataTypes.h(2299): warning C4091: 'static ': ignored on left of 'MQ2MathType::MathMembers' when no variable is declared (compiling source file MQ2MapAPI.cpp)
C:\Users\kraqu\Desktop\NMS Public Release\Source\Release-NMS-Client\eqgame_dll\MQ2DataTypes.h(2345): warning C4091: 'static ': ignored on left of 'MQ2RaceType::RaceMembers' when no variable is declared (compiling source file MQ2MapAPI.cpp)
C:\Users\kraqu\Desktop\NMS Public Release\Source\Release-NMS-Client\eqgame_dll\MQ2DataTypes.h(2392): warning C4091: 'static ': ignored on left of 'MQ2ClassType::ClassMembers' when no variable is declared (compiling source file MQ2MapAPI.cpp)
C:\Users\kraqu\Desktop\NMS Public Release\Source\Release-NMS-Client\eqgame_dll\MQ2DataTypes.h(2438): warning C4091: 'static ': ignored on left of 'MQ2BodyType::BodyMembers' when no variable is declared (compiling source file MQ2MapAPI.cpp)
C:\Users\kraqu\Desktop\NMS Public Release\Source\Release-NMS-Client\eqgame_dll\MQ2DataTypes.h(2476): warning C4091: 'static ': ignored on left of 'MQ2DeityType::DeityMembers' when no variable is declared (compiling source file MQ2MapAPI.cpp)
C:\Users\kraqu\Desktop\NMS Public Release\Source\Release-NMS-Client\eqgame_dll\MQ2DataTypes.h(2525): warning C4091: 'static ': ignored on left of 'MQ2TimeType::TimeMembers' when no variable is declared (compiling source file MQ2MapAPI.cpp)
C:\Users\kraqu\Desktop\NMS Public Release\Source\Release-NMS-Client\eqgame_dll\MQ2DataTypes.h(2590): warning C4091: 'static ': ignored on left of 'MQ2TypeType::TypeMembers' when no variable is declared (compiling source file MQ2MapAPI.cpp)
C:\Users\kraqu\Desktop\NMS Public Release\Source\Release-NMS-Client\eqgame_dll\MQ2DataTypes.h(2631): warning C4091: 'static ': ignored on left of 'MQ2HeadingType::HeadingMembers' when no variable is declared (compiling source file MQ2MapAPI.cpp)
C:\Users\kraqu\Desktop\NMS Public Release\Source\Release-NMS-Client\eqgame_dll\MQ2DataTypes.h(2634): warning C4091: 'static ': ignored on left of 'MQ2HeadingType::HeadingMethods' when no variable is declared (compiling source file MQ2MapAPI.cpp)
C:\Users\kraqu\Desktop\NMS Public Release\Source\Release-NMS-Client\eqgame_dll\MQ2DataTypes.h(2685): warning C4091: 'static ': ignored on left of 'MQ2InvSlotType::InvSlotMembers' when no variable is declared (compiling source file MQ2MapAPI.cpp)
C:\Users\kraqu\Desktop\NMS Public Release\Source\Release-NMS-Client\eqgame_dll\MQ2DataTypes.h(2688): warning C4091: 'static ': ignored on left of 'MQ2InvSlotType::InvSlotMethods' when no variable is declared (compiling source file MQ2MapAPI.cpp)
C:\Users\kraqu\Desktop\NMS Public Release\Source\Release-NMS-Client\eqgame_dll\MQ2DataTypes.h(2744): warning C4091: 'static ': ignored on left of 'MQ2PluginType::PluginMembers' when no variable is declared (compiling source file MQ2MapAPI.cpp)
C:\Users\kraqu\Desktop\NMS Public Release\Source\Release-NMS-Client\eqgame_dll\MQ2DataTypes.h(2789): warning C4091: 'static ': ignored on left of 'MQ2BenchmarkType::BenchmarkMembers' when no variable is declared (compiling source file MQ2MapAPI.cpp)
C:\Users\kraqu\Desktop\NMS Public Release\Source\Release-NMS-Client\eqgame_dll\MQ2DataTypes.h(2837): warning C4091: 'static ': ignored on left of 'MQ2SkillType::SkillMembers' when no variable is declared (compiling source file MQ2MapAPI.cpp)
C:\Users\kraqu\Desktop\NMS Public Release\Source\Release-NMS-Client\eqgame_dll\MQ2DataTypes.h(2840): warning C4091: 'static ': ignored on left of 'MQ2SkillType::SkillMethods' when no variable is declared (compiling source file MQ2MapAPI.cpp)
C:\Users\kraqu\Desktop\NMS Public Release\Source\Release-NMS-Client\eqgame_dll\MQ2Internal.h(131,6): warning C4091: 'static ': ignored on left of 'MQ2Internal::SearchItemFlag' when no variable is declared (compiling source file MQ2DetourAPI.cpp)
C:\Users\kraqu\Desktop\NMS Public Release\Source\Release-NMS-Client\eqgame_dll\MQ2DataTypes.h(2903): warning C4091: 'static ': ignored on left of 'MQ2AltAbilityType::AltAbilityMembers' when no variable is declared (compiling source file MQ2MapAPI.cpp)
C:\Users\kraqu\Desktop\NMS Public Release\Source\Release-NMS-Client\eqgame_dll\MQ2DataTypes.h(2906): warning C4091: 'static ': ignored on left of 'MQ2AltAbilityType::AltAbilityMethods' when no variable is declared (compiling source file MQ2MapAPI.cpp)
C:\Users\kraqu\Desktop\NMS Public Release\Source\Release-NMS-Client\eqgame_dll\MQ2DataTypes.h(2953): warning C4091: 'static ': ignored on left of 'MQ2TimerType::TimerMembers' when no variable is declared (compiling source file MQ2MapAPI.cpp)
C:\Users\kraqu\Desktop\NMS Public Release\Source\Release-NMS-Client\eqgame_dll\MQ2DataTypes.h(2959): warning C4091: 'static ': ignored on left of 'MQ2TimerType::TimerMethods' when no variable is declared (compiling source file MQ2MapAPI.cpp)
C:\Users\kraqu\Desktop\NMS Public Release\Source\Release-NMS-Client\eqgame_dll\MQ2DataTypes.h(172): warning C4091: 'static ': ignored on left of 'MQ2IntType::IntMembers' when no variable is declared (compiling source file MQ2DetourAPI.cpp)
C:\Users\kraqu\Desktop\NMS Public Release\Source\Release-NMS-Client\eqgame_dll\MQ2DataTypes.h(3055): warning C4091: 'static ': ignored on left of 'MQ2ArrayType::ArrayMembers' when no variable is declared (compiling source file MQ2MapAPI.cpp)
C:\Users\kraqu\Desktop\NMS Public Release\Source\Release-NMS-Client\eqgame_dll\MQ2DataTypes.h(214): warning C4091: 'static ': ignored on left of 'MQ2ArgbType::ArgbMembers' when no variable is declared (compiling source file MQ2DetourAPI.cpp)
C:\Users\kraqu\Desktop\NMS Public Release\Source\Release-NMS-Client\eqgame_dll\MQ2DataTypes.h(3105): warning C4091: 'static ': ignored on left of 'MQ2GroupType::GroupMembers' when no variable is declared (compiling source file MQ2MapAPI.cpp)
C:\Users\kraqu\Desktop\NMS Public Release\Source\Release-NMS-Client\eqgame_dll\MQ2DataTypes.h(3108): warning C4091: 'static ': ignored on left of 'MQ2GroupType::GroupMethods' when no variable is declared (compiling source file MQ2MapAPI.cpp)
C:\Users\kraqu\Desktop\NMS Public Release\Source\Release-NMS-Client\eqgame_dll\MQ2DataTypes.h(3152): warning C4091: 'static ': ignored on left of 'MQ2GroupMemberType::GroupMemberMembers' when no variable is declared (compiling source file MQ2MapAPI.cpp)
C:\Users\kraqu\Desktop\NMS Public Release\Source\Release-NMS-Client\eqgame_dll\MQ2DataTypes.h(3155): warning C4091: 'static ': ignored on left of 'MQ2GroupMemberType::GroupMemberMethods' when no variable is declared (compiling source file MQ2MapAPI.cpp)
C:\Users\kraqu\Desktop\NMS Public Release\Source\Release-NMS-Client\eqgame_dll\MQ2DataTypes.h(303): warning C4091: 'static ': ignored on left of 'MQ2StringType::StringMembers' when no variable is declared (compiling source file MQ2DetourAPI.cpp)
C:\Users\kraqu\Desktop\NMS Public Release\Source\Release-NMS-Client\eqgame_dll\MQ2DataTypes.h(3209): warning C4091: 'static ': ignored on left of 'MQ2RaidType::RaidMembers' when no variable is declared (compiling source file MQ2MapAPI.cpp)
C:\Users\kraqu\Desktop\NMS Public Release\Source\Release-NMS-Client\eqgame_dll\MQ2DataTypes.h(3212): warning C4091: 'static ': ignored on left of 'MQ2RaidType::RaidMethods' when no variable is declared (compiling source file MQ2MapAPI.cpp)
C:\Users\kraqu\Desktop\NMS Public Release\Source\Release-NMS-Client\eqgame_dll\MQ2DataTypes.h(367): warning C4091: 'static ': ignored on left of 'MQ2FloatType::FloatMembers' when no variable is declared (compiling source file MQ2DetourAPI.cpp)
C:\Users\kraqu\Desktop\NMS Public Release\Source\Release-NMS-Client\eqgame_dll\MQ2DataTypes.h(3264): warning C4091: 'static ': ignored on left of 'MQ2RaidMemberType::RaidMemberMembers' when no variable is declared (compiling source file MQ2MapAPI.cpp)
C:\Users\kraqu\Desktop\NMS Public Release\Source\Release-NMS-Client\eqgame_dll\MQ2Internal.h(131,6): warning C4091: 'static ': ignored on left of 'MQ2Internal::SearchItemFlag' when no variable is declared (compiling source file MQ2Map.cpp)
C:\Users\kraqu\Desktop\NMS Public Release\Source\Release-NMS-Client\eqgame_dll\MQ2DataTypes.h(3267): warning C4091: 'static ': ignored on left of 'MQ2RaidMemberType::RaidMemberMethods' when no variable is declared (compiling source file MQ2MapAPI.cpp)
C:\Users\kraqu\Desktop\NMS Public Release\Source\Release-NMS-Client\eqgame_dll\MQ2DataTypes.h(418): warning C4091: 'static ': ignored on left of 'MQ2TicksType::TicksMembers' when no variable is declared (compiling source file MQ2DetourAPI.cpp)
C:\Users\kraqu\Desktop\NMS Public Release\Source\Release-NMS-Client\eqgame_dll\MQ2DataTypes.h(3320): warning C4091: 'static ': ignored on left of 'MQ2EvolvingItemType::EvolvingItemMembers' when no variable is declared (compiling source file MQ2MapAPI.cpp)
C:\Users\kraqu\Desktop\NMS Public Release\Source\Release-NMS-Client\eqgame_dll\MQ2DataTypes.h(558): warning C4091: 'static ': ignored on left of 'MQ2SpawnType::SpawnMembers' when no variable is declared (compiling source file MQ2DetourAPI.cpp)
C:\Users\kraqu\Desktop\NMS Public Release\Source\Release-NMS-Client\eqgame_dll\MQ2DataTypes.h(3363): warning C4091: 'static ': ignored on left of 'MQ2DynamicZoneType::DynamicZoneMembers' when no variable is declared (compiling source file MQ2MapAPI.cpp)
C:\Users\kraqu\Desktop\NMS Public Release\Source\Release-NMS-Client\eqgame_dll\MQ2DataTypes.h(566): warning C4091: 'static ': ignored on left of 'MQ2SpawnType::SpawnMethods' when no variable is declared (compiling source file MQ2DetourAPI.cpp)
C:\Users\kraqu\Desktop\NMS Public Release\Source\Release-NMS-Client\eqgame_dll\MQ2DataTypes.h(3402): warning C4091: 'static ': ignored on left of 'MQ2DZMemberType::DZMemberTypeMembers' when no variable is declared (compiling source file MQ2MapAPI.cpp)
C:\Users\kraqu\Desktop\NMS Public Release\Source\Release-NMS-Client\eqgame_dll\MQ2DataTypes.h(3443): warning C4091: 'static ': ignored on left of 'MQ2FellowshipType::FellowshipTypeMembers' when no variable is declared (compiling source file MQ2MapAPI.cpp)
C:\Users\kraqu\Desktop\NMS Public Release\Source\Release-NMS-Client\eqgame_dll\MQ2DataTypes.h(3490): warning C4091: 'static ': ignored on left of 'MQ2FellowshipMemberType::FMTypeMembers' when no variable is declared (compiling source file MQ2MapAPI.cpp)
C:\Users\kraqu\Desktop\NMS Public Release\Source\Release-NMS-Client\eqgame_dll\MQ2DataTypes.h(3524): warning C4091: 'static ': ignored on left of 'MQ2FriendsType::FriendsMembers' when no variable is declared (compiling source file MQ2MapAPI.cpp)
C:\Users\kraqu\Desktop\NMS Public Release\Source\Release-NMS-Client\eqgame_dll\MQ2DataTypes.h(3527): warning C4091: 'static ': ignored on left of 'MQ2FriendsType::FriendsMethods' when no variable is declared (compiling source file MQ2MapAPI.cpp)
C:\Users\kraqu\Desktop\NMS Public Release\Source\Release-NMS-Client\eqgame_dll\MQ2DataTypes.h(916): warning C4091: 'static ': ignored on left of 'MQ2CharacterType::CharacterMembers' when no variable is declared (compiling source file MQ2DetourAPI.cpp)
C:\Users\kraqu\Desktop\NMS Public Release\Source\Release-NMS-Client\eqgame_dll\MQ2DataTypes.h(922): warning C4091: 'static ': ignored on left of 'MQ2CharacterType::CharacterMethods' when no variable is declared (compiling source file MQ2DetourAPI.cpp)
C:\Users\kraqu\Desktop\NMS Public Release\Source\Release-NMS-Client\eqgame_dll\MQ2DataTypes.h(3572): warning C4091: 'static ': ignored on left of 'MQ2TargetType::TargetMembers' when no variable is declared (compiling source file MQ2MapAPI.cpp)
C:\Users\kraqu\Desktop\NMS Public Release\Source\Release-NMS-Client\eqgame_dll\MQ2DataTypes.h(3650): warning C4091: 'static ': ignored on left of 'MQ2XTargetType::xTargetMembers' when no variable is declared (compiling source file MQ2MapAPI.cpp)
C:\Users\kraqu\Desktop\NMS Public Release\Source\Release-NMS-Client\eqgame_dll\MQ2DataTypes.h(1187): warning C4091: 'static ': ignored on left of 'MQ2SpellType::SpellMembers' when no variable is declared (compiling source file MQ2DetourAPI.cpp)
C:\Users\kraqu\Desktop\NMS Public Release\Source\Release-NMS-Client\eqgame_dll\MQ2DataTypes.h(1190): warning C4091: 'static ': ignored on left of 'MQ2SpellType::SpellMethods' when no variable is declared (compiling source file MQ2DetourAPI.cpp)
C:\Users\kraqu\Desktop\NMS Public Release\Source\Release-NMS-Client\eqgame_dll\MQ2DataTypes.h(1271): warning C4091: 'static ': ignored on left of 'MQ2BuffType::BuffMembers' when no variable is declared (compiling source file MQ2DetourAPI.cpp)
C:\Users\kraqu\Desktop\NMS Public Release\Source\Release-NMS-Client\eqgame_dll\MQ2DataTypes.h(1275): warning C4091: 'static ': ignored on left of 'MQ2BuffType::BuffMethods' when no variable is declared (compiling source file MQ2DetourAPI.cpp)
C:\Users\kraqu\Desktop\NMS Public Release\Source\Release-NMS-Client\eqgame_dll\MQ2DataTypes.h(1468): warning C4091: 'static ': ignored on left of 'MQ2ItemType::ItemMembers' when no variable is declared (compiling source file MQ2DetourAPI.cpp)
C:\Users\kraqu\Desktop\NMS Public Release\Source\Release-NMS-Client\eqgame_dll\MQ2DataTypes.h(1471): warning C4091: 'static ': ignored on left of 'MQ2ItemType::ItemMethods' when no variable is declared (compiling source file MQ2DetourAPI.cpp)
C:\Users\kraqu\Desktop\NMS Public Release\Source\Release-NMS-Client\eqgame_dll\MQ2DataTypes.h(1669): warning C4091: 'static ': ignored on left of 'MQ2SwitchType::SwitchMembers' when no variable is declared (compiling source file MQ2DetourAPI.cpp)
C:\Users\kraqu\Desktop\NMS Public Release\Source\Release-NMS-Client\eqgame_dll\EQData.h(464,2): warning C4091: 'typedef ': ignored on left of 'EQData::MaterialType' when no variable is declared (compiling source file MQ2Labels.cpp)
C:\Users\kraqu\Desktop\NMS Public Release\Source\Release-NMS-Client\eqgame_dll\MQ2DataTypes.h(1673): warning C4091: 'static ': ignored on left of 'MQ2SwitchType::SwitchMethods' when no variable is declared (compiling source file MQ2DetourAPI.cpp)
C:\Users\kraqu\Desktop\NMS Public Release\Source\Release-NMS-Client\eqgame_dll\MQ2Main.h(776,7): warning C4200: nonstandard extension used: zero-sized array in struct/union (compiling source file MQ2MapAPI.cpp)
C:\Users\kraqu\Desktop\NMS Public Release\Source\Release-NMS-Client\eqgame_dll\MQ2Main.h(776,7): message : This member will be ignored by a defaulted constructor or copy/move assignment operator (compiling source file MQ2MapAPI.cpp)
C:\Users\kraqu\Desktop\NMS Public Release\Source\Release-NMS-Client\eqgame_dll\MQ2DataTypes.h(1749): warning C4091: 'static ': ignored on left of 'MQ2GroundType::GroundMembers' when no variable is declared (compiling source file MQ2DetourAPI.cpp)
C:\Users\kraqu\Desktop\NMS Public Release\Source\Release-NMS-Client\eqgame_dll\MQ2DataTypes.h(1753): warning C4091: 'static ': ignored on left of 'MQ2GroundType::GroundMethods' when no variable is declared (compiling source file MQ2DetourAPI.cpp)
C:\Users\kraqu\Desktop\NMS Public Release\Source\Release-NMS-Client\eqgame_dll\MQ2DataTypes.h(1816): warning C4091: 'static ': ignored on left of 'MQ2CorpseType::CorpseMembers' when no variable is declared (compiling source file MQ2DetourAPI.cpp)
C:\Users\kraqu\Desktop\NMS Public Release\Source\Release-NMS-Client\eqgame_dll\MQ2DataTypes.h(1819): warning C4091: 'static ': ignored on left of 'MQ2CorpseType::CorpseMethods' when no variable is declared (compiling source file MQ2DetourAPI.cpp)
C:\Users\kraqu\Desktop\NMS Public Release\Source\Release-NMS-Client\eqgame_dll\MQ2DataTypes.h(1867): warning C4091: 'static ': ignored on left of 'MQ2MerchantType::MerchantMembers' when no variable is declared (compiling source file MQ2DetourAPI.cpp)
C:\Users\kraqu\Desktop\NMS Public Release\Source\Release-NMS-Client\eqgame_dll\MQ2DataTypes.h(1870): warning C4091: 'static ': ignored on left of 'MQ2MerchantType::MerchantMethods' when no variable is declared (compiling source file MQ2DetourAPI.cpp)
C:\Users\kraqu\Desktop\NMS Public Release\Source\Release-NMS-Client\eqgame_dll\MQ2DataTypes.h(1948): warning C4091: 'static ': ignored on left of 'MQ2WindowType::WindowMembers' when no variable is declared (compiling source file MQ2DetourAPI.cpp)
C:\Users\kraqu\Desktop\NMS Public Release\Source\Release-NMS-Client\eqgame_dll\MQ2DataTypes.h(1960): warning C4091: 'static ': ignored on left of 'MQ2WindowType::WindowMethods' when no variable is declared (compiling source file MQ2DetourAPI.cpp)
C:\Users\kraqu\Desktop\NMS Public Release\Source\Release-NMS-Client\eqgame_dll\MQ2DataTypes.h(2056): warning C4091: 'static ': ignored on left of 'MQ2MacroType::MacroMembers' when no variable is declared (compiling source file MQ2DetourAPI.cpp)
C:\Users\kraqu\Desktop\NMS Public Release\Source\Release-NMS-Client\eqgame_dll\MQ2DataTypes.h(2101): warning C4091: 'static ': ignored on left of 'MQ2ZoneType::ZoneMembers' when no variable is declared (compiling source file MQ2DetourAPI.cpp)
C:\Users\kraqu\Desktop\NMS Public Release\Source\Release-NMS-Client\eqgame_dll\MQ2DataTypes.h(2159): warning C4091: 'static ': ignored on left of 'MQ2CurrentZoneType::CurrentZoneMembers' when no variable is declared (compiling source file MQ2DetourAPI.cpp)
C:\Users\kraqu\Desktop\NMS Public Release\Source\Release-NMS-Client\eqgame_dll\MQ2DataTypes.h(2229): warning C4091: 'static ': ignored on left of 'MQ2MacroQuestType::MacroQuestMembers' when no variable is declared (compiling source file MQ2DetourAPI.cpp)
C:\Users\kraqu\Desktop\NMS Public Release\Source\Release-NMS-Client\eqgame_dll\MQ2DataTypes.h(2232): warning C4091: 'static ': ignored on left of 'MQ2MacroQuestType::MacroQuestMethods' when no variable is declared (compiling source file MQ2DetourAPI.cpp)
C:\Users\kraqu\Desktop\NMS Public Release\Source\Release-NMS-Client\eqgame_dll\MQ2DataTypes.h(2299): warning C4091: 'static ': ignored on left of 'MQ2MathType::MathMembers' when no variable is declared (compiling source file MQ2DetourAPI.cpp)
C:\Users\kraqu\Desktop\NMS Public Release\Source\Release-NMS-Client\eqgame_dll\MQ2DataTypes.h(2345): warning C4091: 'static ': ignored on left of 'MQ2RaceType::RaceMembers' when no variable is declared (compiling source file MQ2DetourAPI.cpp)
C:\Users\kraqu\Desktop\NMS Public Release\Source\Release-NMS-Client\eqgame_dll\MQ2DataTypes.h(2392): warning C4091: 'static ': ignored on left of 'MQ2ClassType::ClassMembers' when no variable is declared (compiling source file MQ2DetourAPI.cpp)
C:\Users\kraqu\Desktop\NMS Public Release\Source\Release-NMS-Client\eqgame_dll\MQ2DataTypes.h(2438): warning C4091: 'static ': ignored on left of 'MQ2BodyType::BodyMembers' when no variable is declared (compiling source file MQ2DetourAPI.cpp)
C:\Users\kraqu\Desktop\NMS Public Release\Source\Release-NMS-Client\eqgame_dll\MQ2DataTypes.h(2476): warning C4091: 'static ': ignored on left of 'MQ2DeityType::DeityMembers' when no variable is declared (compiling source file MQ2DetourAPI.cpp)
C:\Users\kraqu\Desktop\NMS Public Release\Source\Release-NMS-Client\eqgame_dll\MQ2DataTypes.h(2525): warning C4091: 'static ': ignored on left of 'MQ2TimeType::TimeMembers' when no variable is declared (compiling source file MQ2DetourAPI.cpp)
C:\Users\kraqu\Desktop\NMS Public Release\Source\Release-NMS-Client\eqgame_dll\MQ2Internal.h(131,6): warning C4091: 'static ': ignored on left of 'MQ2Internal::SearchItemFlag' when no variable is declared (compiling source file MQ2FloatingText.cpp)
C:\Users\kraqu\Desktop\NMS Public Release\Source\Release-NMS-Client\eqgame_dll\MQ2DataTypes.h(2590): warning C4091: 'static ': ignored on left of 'MQ2TypeType::TypeMembers' when no variable is declared (compiling source file MQ2DetourAPI.cpp)
C:\Users\kraqu\Desktop\NMS Public Release\Source\Release-NMS-Client\eqgame_dll\MQ2DataTypes.h(2631): warning C4091: 'static ': ignored on left of 'MQ2HeadingType::HeadingMembers' when no variable is declared (compiling source file MQ2DetourAPI.cpp)
C:\Users\kraqu\Desktop\NMS Public Release\Source\Release-NMS-Client\eqgame_dll\MQ2DataTypes.h(2634): warning C4091: 'static ': ignored on left of 'MQ2HeadingType::HeadingMethods' when no variable is declared (compiling source file MQ2DetourAPI.cpp)
C:\Users\kraqu\Desktop\NMS Public Release\Source\Release-NMS-Client\eqgame_dll\MQ2DataTypes.h(2685): warning C4091: 'static ': ignored on left of 'MQ2InvSlotType::InvSlotMembers' when no variable is declared (compiling source file MQ2DetourAPI.cpp)
C:\Users\kraqu\Desktop\NMS Public Release\Source\Release-NMS-Client\eqgame_dll\MQ2DataTypes.h(2688): warning C4091: 'static ': ignored on left of 'MQ2InvSlotType::InvSlotMethods' when no variable is declared (compiling source file MQ2DetourAPI.cpp)
C:\Users\kraqu\Desktop\NMS Public Release\Source\Release-NMS-Client\eqgame_dll\MQ2DataTypes.h(2744): warning C4091: 'static ': ignored on left of 'MQ2PluginType::PluginMembers' when no variable is declared (compiling source file MQ2DetourAPI.cpp)
C:\Users\kraqu\Desktop\NMS Public Release\Source\Release-NMS-Client\eqgame_dll\MQ2DataTypes.h(2789): warning C4091: 'static ': ignored on left of 'MQ2BenchmarkType::BenchmarkMembers' when no variable is declared (compiling source file MQ2DetourAPI.cpp)
C:\Users\kraqu\Desktop\NMS Public Release\Source\Release-NMS-Client\eqgame_dll\MQ2DataTypes.h(2837): warning C4091: 'static ': ignored on left of 'MQ2SkillType::SkillMembers' when no variable is declared (compiling source file MQ2DetourAPI.cpp)
C:\Users\kraqu\Desktop\NMS Public Release\Source\Release-NMS-Client\eqgame_dll\MQ2DataTypes.h(2840): warning C4091: 'static ': ignored on left of 'MQ2SkillType::SkillMethods' when no variable is declared (compiling source file MQ2DetourAPI.cpp)
C:\Users\kraqu\Desktop\NMS Public Release\Source\Release-NMS-Client\eqgame_dll\MQ2DataTypes.h(172): warning C4091: 'static ': ignored on left of 'MQ2IntType::IntMembers' when no variable is declared (compiling source file MQ2Map.cpp)
C:\Users\kraqu\Desktop\NMS Public Release\Source\Release-NMS-Client\eqgame_dll\MQ2DataTypes.h(2903): warning C4091: 'static ': ignored on left of 'MQ2AltAbilityType::AltAbilityMembers' when no variable is declared (compiling source file MQ2DetourAPI.cpp)
C:\Users\kraqu\Desktop\NMS Public Release\Source\Release-NMS-Client\eqgame_dll\MQ2DataTypes.h(2906): warning C4091: 'static ': ignored on left of 'MQ2AltAbilityType::AltAbilityMethods' when no variable is declared (compiling source file MQ2DetourAPI.cpp)
C:\Users\kraqu\Desktop\NMS Public Release\Source\Release-NMS-Client\eqgame_dll\MQ2DataTypes.h(214): warning C4091: 'static ': ignored on left of 'MQ2ArgbType::ArgbMembers' when no variable is declared (compiling source file MQ2Map.cpp)
C:\Users\kraqu\Desktop\NMS Public Release\Source\Release-NMS-Client\eqgame_dll\MQ2DataTypes.h(2953): warning C4091: 'static ': ignored on left of 'MQ2TimerType::TimerMembers' when no variable is declared (compiling source file MQ2DetourAPI.cpp)
C:\Users\kraqu\Desktop\NMS Public Release\Source\Release-NMS-Client\eqgame_dll\MQ2DataTypes.h(2959): warning C4091: 'static ': ignored on left of 'MQ2TimerType::TimerMethods' when no variable is declared (compiling source file MQ2DetourAPI.cpp)
C:\Users\kraqu\Desktop\NMS Public Release\Source\Release-NMS-Client\eqgame_dll\MQ2DataTypes.h(303): warning C4091: 'static ': ignored on left of 'MQ2StringType::StringMembers' when no variable is declared (compiling source file MQ2Map.cpp)
C:\Users\kraqu\Desktop\NMS Public Release\Source\Release-NMS-Client\eqgame_dll\MQ2DataTypes.h(3055): warning C4091: 'static ': ignored on left of 'MQ2ArrayType::ArrayMembers' when no variable is declared (compiling source file MQ2DetourAPI.cpp)
C:\Users\kraqu\Desktop\NMS Public Release\Source\Release-NMS-Client\eqgame_dll\MQ2DataTypes.h(367): warning C4091: 'static ': ignored on left of 'MQ2FloatType::FloatMembers' when no variable is declared (compiling source file MQ2Map.cpp)
C:\Users\kraqu\Desktop\NMS Public Release\Source\Release-NMS-Client\eqgame_dll\MQ2DataTypes.h(3105): warning C4091: 'static ': ignored on left of 'MQ2GroupType::GroupMembers' when no variable is declared (compiling source file MQ2DetourAPI.cpp)
C:\Users\kraqu\Desktop\NMS Public Release\Source\Release-NMS-Client\eqgame_dll\MQ2DataTypes.h(3108): warning C4091: 'static ': ignored on left of 'MQ2GroupType::GroupMethods' when no variable is declared (compiling source file MQ2DetourAPI.cpp)
C:\Users\kraqu\Desktop\NMS Public Release\Source\Release-NMS-Client\eqgame_dll\MQ2DataTypes.h(3152): warning C4091: 'static ': ignored on left of 'MQ2GroupMemberType::GroupMemberMembers' when no variable is declared (compiling source file MQ2DetourAPI.cpp)
C:\Users\kraqu\Desktop\NMS Public Release\Source\Release-NMS-Client\eqgame_dll\MQ2DataTypes.h(3155): warning C4091: 'static ': ignored on left of 'MQ2GroupMemberType::GroupMemberMethods' when no variable is declared (compiling source file MQ2DetourAPI.cpp)
C:\Users\kraqu\Desktop\NMS Public Release\Source\Release-NMS-Client\eqgame_dll\MQ2DataTypes.h(3209): warning C4091: 'static ': ignored on left of 'MQ2RaidType::RaidMembers' when no variable is declared (compiling source file MQ2DetourAPI.cpp)
C:\Users\kraqu\Desktop\NMS Public Release\Source\Release-NMS-Client\eqgame_dll\MQ2DataTypes.h(3212): warning C4091: 'static ': ignored on left of 'MQ2RaidType::RaidMethods' when no variable is declared (compiling source file MQ2DetourAPI.cpp)
C:\Users\kraqu\Desktop\NMS Public Release\Source\Release-NMS-Client\eqgame_dll\MQ2DataTypes.h(418): warning C4091: 'static ': ignored on left of 'MQ2TicksType::TicksMembers' when no variable is declared (compiling source file MQ2Map.cpp)
C:\Users\kraqu\Desktop\NMS Public Release\Source\Release-NMS-Client\eqgame_dll\MQ2DataTypes.h(3264): warning C4091: 'static ': ignored on left of 'MQ2RaidMemberType::RaidMemberMembers' when no variable is declared (compiling source file MQ2DetourAPI.cpp)
C:\Users\kraqu\Desktop\NMS Public Release\Source\Release-NMS-Client\eqgame_dll\MQ2DataTypes.h(3267): warning C4091: 'static ': ignored on left of 'MQ2RaidMemberType::RaidMemberMethods' when no variable is declared (compiling source file MQ2DetourAPI.cpp)
C:\Users\kraqu\Desktop\NMS Public Release\Source\Release-NMS-Client\eqgame_dll\MQ2DataTypes.h(3320): warning C4091: 'static ': ignored on left of 'MQ2EvolvingItemType::EvolvingItemMembers' when no variable is declared (compiling source file MQ2DetourAPI.cpp)
C:\Users\kraqu\Desktop\NMS Public Release\Source\Release-NMS-Client\eqgame_dll\MQ2DataTypes.h(558): warning C4091: 'static ': ignored on left of 'MQ2SpawnType::SpawnMembers' when no variable is declared (compiling source file MQ2Map.cpp)
  Text.cpp
C:\Users\kraqu\Desktop\NMS Public Release\Source\Release-NMS-Client\eqgame_dll\MQ2DataTypes.h(3363): warning C4091: 'static ': ignored on left of 'MQ2DynamicZoneType::DynamicZoneMembers' when no variable is declared (compiling source file MQ2DetourAPI.cpp)
C:\Users\kraqu\Desktop\NMS Public Release\Source\Release-NMS-Client\eqgame_dll\MQ2DataTypes.h(566): warning C4091: 'static ': ignored on left of 'MQ2SpawnType::SpawnMethods' when no variable is declared (compiling source file MQ2Map.cpp)
C:\Users\kraqu\Desktop\NMS Public Release\Source\Release-NMS-Client\eqgame_dll\MQ2DataTypes.h(916): warning C4091: 'static ': ignored on left of 'MQ2CharacterType::CharacterMembers' when no variable is declared (compiling source file MQ2Map.cpp)
C:\Users\kraqu\Desktop\NMS Public Release\Source\Release-NMS-Client\eqgame_dll\MQ2DataTypes.h(922): warning C4091: 'static ': ignored on left of 'MQ2CharacterType::CharacterMethods' when no variable is declared (compiling source file MQ2Map.cpp)
  eqgame.cpp
C:\Users\kraqu\Desktop\NMS Public Release\Source\Release-NMS-Client\eqgame_dll\MQ2DataTypes.h(1187): warning C4091: 'static ': ignored on left of 'MQ2SpellType::SpellMembers' when no variable is declared (compiling source file MQ2Map.cpp)
C:\Users\kraqu\Desktop\NMS Public Release\Source\Release-NMS-Client\eqgame_dll\MQ2DataTypes.h(172): warning C4091: 'static ': ignored on left of 'MQ2IntType::IntMembers' when no variable is declared (compiling source file MQ2FloatingText.cpp)
C:\Users\kraqu\Desktop\NMS Public Release\Source\Release-NMS-Client\eqgame_dll\MQ2DataTypes.h(214): warning C4091: 'static ': ignored on left of 'MQ2ArgbType::ArgbMembers' when no variable is declared (compiling source file MQ2FloatingText.cpp)
C:\Users\kraqu\Desktop\NMS Public Release\Source\Release-NMS-Client\eqgame_dll\MQ2Internal.h(131,6): warning C4091: 'static ': ignored on left of 'MQ2Internal::SearchItemFlag' when no variable is declared (compiling source file MQ2Globals.cpp)
C:\Users\kraqu\Desktop\NMS Public Release\Source\Release-NMS-Client\eqgame_dll\MQ2DataTypes.h(303): warning C4091: 'static ': ignored on left of 'MQ2StringType::StringMembers' when no variable is declared (compiling source file MQ2FloatingText.cpp)
C:\Users\kraqu\Desktop\NMS Public Release\Source\Release-NMS-Client\eqgame_dll\MQ2DataTypes.h(367): warning C4091: 'static ': ignored on left of 'MQ2FloatType::FloatMembers' when no variable is declared (compiling source file MQ2FloatingText.cpp)
C:\Users\kraqu\Desktop\NMS Public Release\Source\Release-NMS-Client\eqgame_dll\MQ2DataTypes.h(418): warning C4091: 'static ': ignored on left of 'MQ2TicksType::TicksMembers' when no variable is declared (compiling source file MQ2FloatingText.cpp)
C:\Users\kraqu\Desktop\NMS Public Release\Source\Release-NMS-Client\eqgame_dll\MQ2DataTypes.h(558): warning C4091: 'static ': ignored on left of 'MQ2SpawnType::SpawnMembers' when no variable is declared (compiling source file MQ2FloatingText.cpp)
C:\Users\kraqu\Desktop\NMS Public Release\Source\Release-NMS-Client\eqgame_dll\MQ2DataTypes.h(566): warning C4091: 'static ': ignored on left of 'MQ2SpawnType::SpawnMethods' when no variable is declared (compiling source file MQ2FloatingText.cpp)
C:\Users\kraqu\Desktop\NMS Public Release\Source\Release-NMS-Client\eqgame_dll\MQ2DataTypes.h(916): warning C4091: 'static ': ignored on left of 'MQ2CharacterType::CharacterMembers' when no variable is declared (compiling source file MQ2FloatingText.cpp)
C:\Users\kraqu\Desktop\NMS Public Release\Source\Release-NMS-Client\eqgame_dll\MQ2DataTypes.h(922): warning C4091: 'static ': ignored on left of 'MQ2CharacterType::CharacterMethods' when no variable is declared (compiling source file MQ2FloatingText.cpp)
C:\Users\kraqu\Desktop\NMS Public Release\Source\Release-NMS-Client\eqgame_dll\MQ2Internal.h(131,6): warning C4091: 'static ': ignored on left of 'MQ2Internal::SearchItemFlag' when no variable is declared (compiling source file MQ2MacroCommands.cpp)
C:\Users\kraqu\Desktop\NMS Public Release\Source\Release-NMS-Client\eqgame_dll\MQ2DataTypes.h(3402): warning C4091: 'static ': ignored on left of 'MQ2DZMemberType::DZMemberTypeMembers' when no variable is declared (compiling source file MQ2DetourAPI.cpp)
C:\Users\kraqu\Desktop\NMS Public Release\Source\Release-NMS-Client\eqgame_dll\MQ2DataTypes.h(1187): warning C4091: 'static ': ignored on left of 'MQ2SpellType::SpellMembers' when no variable is declared (compiling source file MQ2FloatingText.cpp)
C:\Users\kraqu\Desktop\NMS Public Release\Source\Release-NMS-Client\eqgame_dll\MQ2DataTypes.h(1190): warning C4091: 'static ': ignored on left of 'MQ2SpellType::SpellMethods' when no variable is declared (compiling source file MQ2FloatingText.cpp)
C:\Users\kraqu\Desktop\NMS Public Release\Source\Release-NMS-Client\eqgame_dll\MQ2DataTypes.h(3443): warning C4091: 'static ': ignored on left of 'MQ2FellowshipType::FellowshipTypeMembers' when no variable is declared (compiling source file MQ2DetourAPI.cpp)
C:\Users\kraqu\Desktop\NMS Public Release\Source\Release-NMS-Client\eqgame_dll\MQ2Internal.h(131,6): warning C4091: 'static ': ignored on left of 'MQ2Internal::SearchItemFlag' when no variable is declared (compiling source file MQ2ItemDisplay.cpp)
C:\Users\kraqu\Desktop\NMS Public Release\Source\Release-NMS-Client\eqgame_dll\MQ2DataTypes.h(1190): warning C4091: 'static ': ignored on left of 'MQ2SpellType::SpellMethods' when no variable is declared (compiling source file MQ2Map.cpp)
C:\Users\kraqu\Desktop\NMS Public Release\Source\Release-NMS-Client\eqgame_dll\MQ2DataTypes.h(1271): warning C4091: 'static ': ignored on left of 'MQ2BuffType::BuffMembers' when no variable is declared (compiling source file MQ2FloatingText.cpp)
C:\Users\kraqu\Desktop\NMS Public Release\Source\Release-NMS-Client\eqgame_dll\MQ2DataTypes.h(3490): warning C4091: 'static ': ignored on left of 'MQ2FellowshipMemberType::FMTypeMembers' when no variable is declared (compiling source file MQ2DetourAPI.cpp)
C:\Users\kraqu\Desktop\NMS Public Release\Source\Release-NMS-Client\eqgame_dll\MQ2DataTypes.h(1275): warning C4091: 'static ': ignored on left of 'MQ2BuffType::BuffMethods' when no variable is declared (compiling source file MQ2FloatingText.cpp)
C:\Users\kraqu\Desktop\NMS Public Release\Source\Release-NMS-Client\eqgame_dll\MQ2DataTypes.h(3524): warning C4091: 'static ': ignored on left of 'MQ2FriendsType::FriendsMembers' when no variable is declared (compiling source file MQ2DetourAPI.cpp)
C:\Users\kraqu\Desktop\NMS Public Release\Source\Release-NMS-Client\eqgame_dll\MQ2DataTypes.h(3527): warning C4091: 'static ': ignored on left of 'MQ2FriendsType::FriendsMethods' when no variable is declared (compiling source file MQ2DetourAPI.cpp)
C:\Users\kraqu\Desktop\NMS Public Release\Source\Release-NMS-Client\eqgame_dll\MQ2DataTypes.h(3572): warning C4091: 'static ': ignored on left of 'MQ2TargetType::TargetMembers' when no variable is declared (compiling source file MQ2DetourAPI.cpp)
C:\Users\kraqu\Desktop\NMS Public Release\Source\Release-NMS-Client\eqgame_dll\MQ2DataTypes.h(1468): warning C4091: 'static ': ignored on left of 'MQ2ItemType::ItemMembers' when no variable is declared (compiling source file MQ2FloatingText.cpp)
C:\Users\kraqu\Desktop\NMS Public Release\Source\Release-NMS-Client\eqgame_dll\MQ2DataTypes.h(3650): warning C4091: 'static ': ignored on left of 'MQ2XTargetType::xTargetMembers' when no variable is declared (compiling source file MQ2DetourAPI.cpp)
C:\Users\kraqu\Desktop\NMS Public Release\Source\Release-NMS-Client\eqgame_dll\MQ2DataTypes.h(1471): warning C4091: 'static ': ignored on left of 'MQ2ItemType::ItemMethods' when no variable is declared (compiling source file MQ2FloatingText.cpp)
C:\Users\kraqu\Desktop\NMS Public Release\Source\Release-NMS-Client\eqgame_dll\MQ2DataTypes.h(1669): warning C4091: 'static ': ignored on left of 'MQ2SwitchType::SwitchMembers' when no variable is declared (compiling source file MQ2FloatingText.cpp)
C:\Users\kraqu\Desktop\NMS Public Release\Source\Release-NMS-Client\eqgame_dll\MQ2DataTypes.h(1673): warning C4091: 'static ': ignored on left of 'MQ2SwitchType::SwitchMethods' when no variable is declared (compiling source file MQ2FloatingText.cpp)
C:\Users\kraqu\Desktop\NMS Public Release\Source\Release-NMS-Client\eqgame_dll\MQ2DataTypes.h(1749): warning C4091: 'static ': ignored on left of 'MQ2GroundType::GroundMembers' when no variable is declared (compiling source file MQ2FloatingText.cpp)
C:\Users\kraqu\Desktop\NMS Public Release\Source\Release-NMS-Client\eqgame_dll\MQ2DataTypes.h(1753): warning C4091: 'static ': ignored on left of 'MQ2GroundType::GroundMethods' when no variable is declared (compiling source file MQ2FloatingText.cpp)
C:\Users\kraqu\Desktop\NMS Public Release\Source\Release-NMS-Client\eqgame_dll\MQ2DataTypes.h(1816): warning C4091: 'static ': ignored on left of 'MQ2CorpseType::CorpseMembers' when no variable is declared (compiling source file MQ2FloatingText.cpp)
C:\Users\kraqu\Desktop\NMS Public Release\Source\Release-NMS-Client\eqgame_dll\MQ2DataTypes.h(1819): warning C4091: 'static ': ignored on left of 'MQ2CorpseType::CorpseMethods' when no variable is declared (compiling source file MQ2FloatingText.cpp)
C:\Users\kraqu\Desktop\NMS Public Release\Source\Release-NMS-Client\eqgame_dll\MQ2DataTypes.h(1867): warning C4091: 'static ': ignored on left of 'MQ2MerchantType::MerchantMembers' when no variable is declared (compiling source file MQ2FloatingText.cpp)
C:\Users\kraqu\Desktop\NMS Public Release\Source\Release-NMS-Client\eqgame_dll\MQ2DataTypes.h(1870): warning C4091: 'static ': ignored on left of 'MQ2MerchantType::MerchantMethods' when no variable is declared (compiling source file MQ2FloatingText.cpp)
C:\Users\kraqu\Desktop\NMS Public Release\Source\Release-NMS-Client\eqgame_dll\MQ2DataTypes.h(1271): warning C4091: 'static ': ignored on left of 'MQ2BuffType::BuffMembers' when no variable is declared (compiling source file MQ2Map.cpp)
C:\Users\kraqu\Desktop\NMS Public Release\Source\Release-NMS-Client\eqgame_dll\MQ2DataTypes.h(1948): warning C4091: 'static ': ignored on left of 'MQ2WindowType::WindowMembers' when no variable is declared (compiling source file MQ2FloatingText.cpp)
C:\Users\kraqu\Desktop\NMS Public Release\Source\Release-NMS-Client\eqgame_dll\MQ2DataTypes.h(1960): warning C4091: 'static ': ignored on left of 'MQ2WindowType::WindowMethods' when no variable is declared (compiling source file MQ2FloatingText.cpp)
C:\Users\kraqu\Desktop\NMS Public Release\Source\Release-NMS-Client\eqgame_dll\MQ2DataTypes.h(2056): warning C4091: 'static ': ignored on left of 'MQ2MacroType::MacroMembers' when no variable is declared (compiling source file MQ2FloatingText.cpp)
C:\Users\kraqu\Desktop\NMS Public Release\Source\Release-NMS-Client\eqgame_dll\MQ2DataTypes.h(2101): warning C4091: 'static ': ignored on left of 'MQ2ZoneType::ZoneMembers' when no variable is declared (compiling source file MQ2FloatingText.cpp)
C:\Users\kraqu\Desktop\NMS Public Release\Source\Release-NMS-Client\eqgame_dll\MQ2DataTypes.h(172): warning C4091: 'static ': ignored on left of 'MQ2IntType::IntMembers' when no variable is declared (compiling source file MQ2Globals.cpp)
C:\Users\kraqu\Desktop\NMS Public Release\Source\Release-NMS-Client\eqgame_dll\MQ2DataTypes.h(2159): warning C4091: 'static ': ignored on left of 'MQ2CurrentZoneType::CurrentZoneMembers' when no variable is declared (compiling source file MQ2FloatingText.cpp)
C:\Users\kraqu\Desktop\NMS Public Release\Source\Release-NMS-Client\eqgame_dll\MQ2Main.h(776,7): warning C4200: nonstandard extension used: zero-sized array in struct/union (compiling source file MQ2DetourAPI.cpp)
C:\Users\kraqu\Desktop\NMS Public Release\Source\Release-NMS-Client\eqgame_dll\MQ2Main.h(776,7): message : This member will be ignored by a defaulted constructor or copy/move assignment operator (compiling source file MQ2DetourAPI.cpp)
C:\Users\kraqu\Desktop\NMS Public Release\Source\Release-NMS-Client\eqgame_dll\MQ2DataTypes.h(214): warning C4091: 'static ': ignored on left of 'MQ2ArgbType::ArgbMembers' when no variable is declared (compiling source file MQ2Globals.cpp)
C:\Users\kraqu\Desktop\NMS Public Release\Source\Release-NMS-Client\eqgame_dll\MQ2DataTypes.h(2229): warning C4091: 'static ': ignored on left of 'MQ2MacroQuestType::MacroQuestMembers' when no variable is declared (compiling source file MQ2FloatingText.cpp)
C:\Users\kraqu\Desktop\NMS Public Release\Source\Release-NMS-Client\eqgame_dll\MQ2DataTypes.h(2232): warning C4091: 'static ': ignored on left of 'MQ2MacroQuestType::MacroQuestMethods' when no variable is declared (compiling source file MQ2FloatingText.cpp)
C:\Users\kraqu\Desktop\NMS Public Release\Source\Release-NMS-Client\eqgame_dll\MQ2DataTypes.h(303): warning C4091: 'static ': ignored on left of 'MQ2StringType::StringMembers' when no variable is declared (compiling source file MQ2Globals.cpp)
C:\Users\kraqu\Desktop\NMS Public Release\Source\Release-NMS-Client\eqgame_dll\MQ2DataTypes.h(2299): warning C4091: 'static ': ignored on left of 'MQ2MathType::MathMembers' when no variable is declared (compiling source file MQ2FloatingText.cpp)
C:\Users\kraqu\Desktop\NMS Public Release\Source\Release-NMS-Client\eqgame_dll\MQ2DataTypes.h(367): warning C4091: 'static ': ignored on left of 'MQ2FloatType::FloatMembers' when no variable is declared (compiling source file MQ2Globals.cpp)
C:\Users\kraqu\Desktop\NMS Public Release\Source\Release-NMS-Client\eqgame_dll\MQ2DetourAPI.cpp(255,26): warning C4838: conversion from 'DWORD' to 'int' requires a narrowing conversion
C:\Users\kraqu\Desktop\NMS Public Release\Source\Release-NMS-Client\eqgame_dll\MQ2DetourAPI.cpp(257,21): warning C4838: conversion from 'DWORD' to 'int' requires a narrowing conversion
C:\Users\kraqu\Desktop\NMS Public Release\Source\Release-NMS-Client\eqgame_dll\MQ2DetourAPI.cpp(258,21): warning C4838: conversion from 'DWORD' to 'int' requires a narrowing conversion
C:\Users\kraqu\Desktop\NMS Public Release\Source\Release-NMS-Client\eqgame_dll\MQ2DataTypes.h(418): warning C4091: 'static ': ignored on left of 'MQ2TicksType::TicksMembers' when no variable is declared (compiling source file MQ2Globals.cpp)
C:\Users\kraqu\Desktop\NMS Public Release\Source\Release-NMS-Client\eqgame_dll\MQ2DataTypes.h(2345): warning C4091: 'static ': ignored on left of 'MQ2RaceType::RaceMembers' when no variable is declared (compiling source file MQ2FloatingText.cpp)
C:\Users\kraqu\Desktop\NMS Public Release\Source\Release-NMS-Client\eqgame_dll\MQ2DetourAPI.cpp(259,21): warning C4838: conversion from 'DWORD' to 'int' requires a narrowing conversion
C:\Users\kraqu\Desktop\NMS Public Release\Source\Release-NMS-Client\eqgame_dll\MQ2DetourAPI.cpp(260,21): warning C4838: conversion from 'DWORD' to 'int' requires a narrowing conversion
C:\Users\kraqu\Desktop\NMS Public Release\Source\Release-NMS-Client\eqgame_dll\MQ2DetourAPI.cpp(261,21): warning C4838: conversion from 'DWORD' to 'int' requires a narrowing conversion
C:\Users\kraqu\Desktop\NMS Public Release\Source\Release-NMS-Client\eqgame_dll\MQ2DataTypes.h(2392): warning C4091: 'static ': ignored on left of 'MQ2ClassType::ClassMembers' when no variable is declared (compiling source file MQ2FloatingText.cpp)
C:\Users\kraqu\Desktop\NMS Public Release\Source\Release-NMS-Client\eqgame_dll\MQ2DetourAPI.cpp(262,21): warning C4838: conversion from 'DWORD' to 'int' requires a narrowing conversion
C:\Users\kraqu\Desktop\NMS Public Release\Source\Release-NMS-Client\eqgame_dll\MQ2DataTypes.h(558): warning C4091: 'static ': ignored on left of 'MQ2SpawnType::SpawnMembers' when no variable is declared (compiling source file MQ2Globals.cpp)
C:\Users\kraqu\Desktop\NMS Public Release\Source\Release-NMS-Client\eqgame_dll\MQ2DataTypes.h(566): warning C4091: 'static ': ignored on left of 'MQ2SpawnType::SpawnMethods' when no variable is declared (compiling source file MQ2Globals.cpp)
C:\Users\kraqu\Desktop\NMS Public Release\Source\Release-NMS-Client\eqgame_dll\MQ2DataTypes.h(1275): warning C4091: 'static ': ignored on left of 'MQ2BuffType::BuffMethods' when no variable is declared (compiling source file MQ2Map.cpp)
C:\Users\kraqu\Desktop\NMS Public Release\Source\Release-NMS-Client\eqgame_dll\MQ2DataTypes.h(2438): warning C4091: 'static ': ignored on left of 'MQ2BodyType::BodyMembers' when no variable is declared (compiling source file MQ2FloatingText.cpp)
C:\Users\kraqu\Desktop\NMS Public Release\Source\Release-NMS-Client\eqgame_dll\MQ2DataTypes.h(2476): warning C4091: 'static ': ignored on left of 'MQ2DeityType::DeityMembers' when no variable is declared (compiling source file MQ2FloatingText.cpp)
C:\Users\kraqu\Desktop\NMS Public Release\Source\Release-NMS-Client\eqgame_dll\MQ2DataTypes.h(2525): warning C4091: 'static ': ignored on left of 'MQ2TimeType::TimeMembers' when no variable is declared (compiling source file MQ2FloatingText.cpp)
C:\Users\kraqu\Desktop\NMS Public Release\Source\Release-NMS-Client\eqgame_dll\MQ2DataTypes.h(2590): warning C4091: 'static ': ignored on left of 'MQ2TypeType::TypeMembers' when no variable is declared (compiling source file MQ2FloatingText.cpp)
C:\Users\kraqu\Desktop\NMS Public Release\Source\Release-NMS-Client\eqgame_dll\MQ2DataTypes.h(916): warning C4091: 'static ': ignored on left of 'MQ2CharacterType::CharacterMembers' when no variable is declared (compiling source file MQ2Globals.cpp)
C:\Users\kraqu\Desktop\NMS Public Release\Source\Release-NMS-Client\eqgame_dll\MQ2DataTypes.h(2631): warning C4091: 'static ': ignored on left of 'MQ2HeadingType::HeadingMembers' when no variable is declared (compiling source file MQ2FloatingText.cpp)
C:\Users\kraqu\Desktop\NMS Public Release\Source\Release-NMS-Client\eqgame_dll\MQ2DataTypes.h(2634): warning C4091: 'static ': ignored on left of 'MQ2HeadingType::HeadingMethods' when no variable is declared (compiling source file MQ2FloatingText.cpp)
C:\Users\kraqu\Desktop\NMS Public Release\Source\Release-NMS-Client\eqgame_dll\MQ2DataTypes.h(922): warning C4091: 'static ': ignored on left of 'MQ2CharacterType::CharacterMethods' when no variable is declared (compiling source file MQ2Globals.cpp)
C:\Users\kraqu\Desktop\NMS Public Release\Source\Release-NMS-Client\eqgame_dll\MQ2DataTypes.h(2685): warning C4091: 'static ': ignored on left of 'MQ2InvSlotType::InvSlotMembers' when no variable is declared (compiling source file MQ2FloatingText.cpp)
C:\Users\kraqu\Desktop\NMS Public Release\Source\Release-NMS-Client\eqgame_dll\MQ2DataTypes.h(2688): warning C4091: 'static ': ignored on left of 'MQ2InvSlotType::InvSlotMethods' when no variable is declared (compiling source file MQ2FloatingText.cpp)
C:\Users\kraqu\Desktop\NMS Public Release\Source\Release-NMS-Client\eqgame_dll\MQ2DataTypes.h(172): warning C4091: 'static ': ignored on left of 'MQ2IntType::IntMembers' when no variable is declared (compiling source file MQ2ItemDisplay.cpp)
C:\Users\kraqu\Desktop\NMS Public Release\Source\Release-NMS-Client\eqgame_dll\MQ2DataTypes.h(214): warning C4091: 'static ': ignored on left of 'MQ2ArgbType::ArgbMembers' when no variable is declared (compiling source file MQ2ItemDisplay.cpp)
C:\Users\kraqu\Desktop\NMS Public Release\Source\Release-NMS-Client\eqgame_dll\MQ2DataTypes.h(2744): warning C4091: 'static ': ignored on left of 'MQ2PluginType::PluginMembers' when no variable is declared (compiling source file MQ2FloatingText.cpp)
C:\Users\kraqu\Desktop\NMS Public Release\Source\Release-NMS-Client\eqgame_dll\MQ2DataTypes.h(2789): warning C4091: 'static ': ignored on left of 'MQ2BenchmarkType::BenchmarkMembers' when no variable is declared (compiling source file MQ2FloatingText.cpp)
C:\Users\kraqu\Desktop\NMS Public Release\Source\Release-NMS-Client\eqgame_dll\MQ2DataTypes.h(1187): warning C4091: 'static ': ignored on left of 'MQ2SpellType::SpellMembers' when no variable is declared (compiling source file MQ2Globals.cpp)
C:\Users\kraqu\Desktop\NMS Public Release\Source\Release-NMS-Client\eqgame_dll\MQ2DataTypes.h(1190): warning C4091: 'static ': ignored on left of 'MQ2SpellType::SpellMethods' when no variable is declared (compiling source file MQ2Globals.cpp)
C:\Users\kraqu\Desktop\NMS Public Release\Source\Release-NMS-Client\eqgame_dll\MQ2DataTypes.h(303): warning C4091: 'static ': ignored on left of 'MQ2StringType::StringMembers' when no variable is declared (compiling source file MQ2ItemDisplay.cpp)
C:\Users\kraqu\Desktop\NMS Public Release\Source\Release-NMS-Client\eqgame_dll\MQ2DataTypes.h(2837): warning C4091: 'static ': ignored on left of 'MQ2SkillType::SkillMembers' when no variable is declared (compiling source file MQ2FloatingText.cpp)
C:\Users\kraqu\Desktop\NMS Public Release\Source\Release-NMS-Client\eqgame_dll\MQ2DataTypes.h(2840): warning C4091: 'static ': ignored on left of 'MQ2SkillType::SkillMethods' when no variable is declared (compiling source file MQ2FloatingText.cpp)
C:\Users\kraqu\Desktop\NMS Public Release\Source\Release-NMS-Client\eqgame_dll\MQ2DataTypes.h(1271): warning C4091: 'static ': ignored on left of 'MQ2BuffType::BuffMembers' when no variable is declared (compiling source file MQ2Globals.cpp)
C:\Users\kraqu\Desktop\NMS Public Release\Source\Release-NMS-Client\eqgame_dll\MQ2DataTypes.h(2903): warning C4091: 'static ': ignored on left of 'MQ2AltAbilityType::AltAbilityMembers' when no variable is declared (compiling source file MQ2FloatingText.cpp)
C:\Users\kraqu\Desktop\NMS Public Release\Source\Release-NMS-Client\eqgame_dll\MQ2DataTypes.h(1275): warning C4091: 'static ': ignored on left of 'MQ2BuffType::BuffMethods' when no variable is declared (compiling source file MQ2Globals.cpp)
C:\Users\kraqu\Desktop\NMS Public Release\Source\Release-NMS-Client\eqgame_dll\MQ2DataTypes.h(2906): warning C4091: 'static ': ignored on left of 'MQ2AltAbilityType::AltAbilityMethods' when no variable is declared (compiling source file MQ2FloatingText.cpp)
C:\Users\kraqu\Desktop\NMS Public Release\Source\Release-NMS-Client\eqgame_dll\MQ2DataTypes.h(2953): warning C4091: 'static ': ignored on left of 'MQ2TimerType::TimerMembers' when no variable is declared (compiling source file MQ2FloatingText.cpp)
C:\Users\kraqu\Desktop\NMS Public Release\Source\Release-NMS-Client\eqgame_dll\MQ2DataTypes.h(2959): warning C4091: 'static ': ignored on left of 'MQ2TimerType::TimerMethods' when no variable is declared (compiling source file MQ2FloatingText.cpp)
C:\Users\kraqu\Desktop\NMS Public Release\Source\Release-NMS-Client\eqgame_dll\MQ2DataTypes.h(367): warning C4091: 'static ': ignored on left of 'MQ2FloatType::FloatMembers' when no variable is declared (compiling source file MQ2ItemDisplay.cpp)
C:\Users\kraqu\Desktop\NMS Public Release\Source\Release-NMS-Client\eqgame_dll\MQ2DataTypes.h(1468): warning C4091: 'static ': ignored on left of 'MQ2ItemType::ItemMembers' when no variable is declared (compiling source file MQ2Globals.cpp)
C:\Users\kraqu\Desktop\NMS Public Release\Source\Release-NMS-Client\eqgame_dll\MQ2DataTypes.h(1471): warning C4091: 'static ': ignored on left of 'MQ2ItemType::ItemMethods' when no variable is declared (compiling source file MQ2Globals.cpp)
C:\Users\kraqu\Desktop\NMS Public Release\Source\Release-NMS-Client\eqgame_dll\MQ2DataTypes.h(3055): warning C4091: 'static ': ignored on left of 'MQ2ArrayType::ArrayMembers' when no variable is declared (compiling source file MQ2FloatingText.cpp)
C:\Users\kraqu\Desktop\NMS Public Release\Source\Release-NMS-Client\eqgame_dll\MQ2DataTypes.h(3105): warning C4091: 'static ': ignored on left of 'MQ2GroupType::GroupMembers' when no variable is declared (compiling source file MQ2FloatingText.cpp)
C:\Users\kraqu\Desktop\NMS Public Release\Source\Release-NMS-Client\eqgame_dll\MQ2DataTypes.h(3108): warning C4091: 'static ': ignored on left of 'MQ2GroupType::GroupMethods' when no variable is declared (compiling source file MQ2FloatingText.cpp)
C:\Users\kraqu\Desktop\NMS Public Release\Source\Release-NMS-Client\eqgame_dll\MQ2DataTypes.h(1468): warning C4091: 'static ': ignored on left of 'MQ2ItemType::ItemMembers' when no variable is declared (compiling source file MQ2Map.cpp)
C:\Users\kraqu\Desktop\NMS Public Release\Source\Release-NMS-Client\eqgame_dll\MQ2DataTypes.h(1471): warning C4091: 'static ': ignored on left of 'MQ2ItemType::ItemMethods' when no variable is declared (compiling source file MQ2Map.cpp)
C:\Users\kraqu\Desktop\NMS Public Release\Source\Release-NMS-Client\eqgame_dll\MQ2DataTypes.h(3152): warning C4091: 'static ': ignored on left of 'MQ2GroupMemberType::GroupMemberMembers' when no variable is declared (compiling source file MQ2FloatingText.cpp)
C:\Users\kraqu\Desktop\NMS Public Release\Source\Release-NMS-Client\eqgame_dll\MQ2DataTypes.h(172): warning C4091: 'static ': ignored on left of 'MQ2IntType::IntMembers' when no variable is declared (compiling source file MQ2MacroCommands.cpp)
C:\Users\kraqu\Desktop\NMS Public Release\Source\Release-NMS-Client\eqgame_dll\MQ2DataTypes.h(3155): warning C4091: 'static ': ignored on left of 'MQ2GroupMemberType::GroupMemberMethods' when no variable is declared (compiling source file MQ2FloatingText.cpp)
C:\Users\kraqu\Desktop\NMS Public Release\Source\Release-NMS-Client\eqgame_dll\MQ2DataTypes.h(214): warning C4091: 'static ': ignored on left of 'MQ2ArgbType::ArgbMembers' when no variable is declared (compiling source file MQ2MacroCommands.cpp)
C:\Users\kraqu\Desktop\NMS Public Release\Source\Release-NMS-Client\eqgame_dll\MQ2DataTypes.h(418): warning C4091: 'static ': ignored on left of 'MQ2TicksType::TicksMembers' when no variable is declared (compiling source file MQ2ItemDisplay.cpp)
C:\Users\kraqu\Desktop\NMS Public Release\Source\Release-NMS-Client\eqgame_dll\MQ2DataTypes.h(1669): warning C4091: 'static ': ignored on left of 'MQ2SwitchType::SwitchMembers' when no variable is declared (compiling source file MQ2Map.cpp)
C:\Users\kraqu\Desktop\NMS Public Release\Source\Release-NMS-Client\eqgame_dll\MQ2DataTypes.h(558): warning C4091: 'static ': ignored on left of 'MQ2SpawnType::SpawnMembers' when no variable is declared (compiling source file MQ2ItemDisplay.cpp)
C:\Users\kraqu\Desktop\NMS Public Release\Source\Release-NMS-Client\eqgame_dll\MQ2DataTypes.h(1673): warning C4091: 'static ': ignored on left of 'MQ2SwitchType::SwitchMethods' when no variable is declared (compiling source file MQ2Map.cpp)
C:\Users\kraqu\Desktop\NMS Public Release\Source\Release-NMS-Client\eqgame_dll\MQ2DataTypes.h(566): warning C4091: 'static ': ignored on left of 'MQ2SpawnType::SpawnMethods' when no variable is declared (compiling source file MQ2ItemDisplay.cpp)
C:\Users\kraqu\Desktop\NMS Public Release\Source\Release-NMS-Client\eqgame_dll\MQ2DataTypes.h(1749): warning C4091: 'static ': ignored on left of 'MQ2GroundType::GroundMembers' when no variable is declared (compiling source file MQ2Map.cpp)
C:\Users\kraqu\Desktop\NMS Public Release\Source\Release-NMS-Client\eqgame_dll\MQ2DataTypes.h(1753): warning C4091: 'static ': ignored on left of 'MQ2GroundType::GroundMethods' when no variable is declared (compiling source file MQ2Map.cpp)
C:\Users\kraqu\Desktop\NMS Public Release\Source\Release-NMS-Client\eqgame_dll\MQ2DataTypes.h(303): warning C4091: 'static ': ignored on left of 'MQ2StringType::StringMembers' when no variable is declared (compiling source file MQ2MacroCommands.cpp)
C:\Users\kraqu\Desktop\NMS Public Release\Source\Release-NMS-Client\eqgame_dll\MQ2DataTypes.h(1816): warning C4091: 'static ': ignored on left of 'MQ2CorpseType::CorpseMembers' when no variable is declared (compiling source file MQ2Map.cpp)
C:\Users\kraqu\Desktop\NMS Public Release\Source\Release-NMS-Client\eqgame_dll\MQ2DataTypes.h(916): warning C4091: 'static ': ignored on left of 'MQ2CharacterType::CharacterMembers' when no variable is declared (compiling source file MQ2ItemDisplay.cpp)
C:\Users\kraqu\Desktop\NMS Public Release\Source\Release-NMS-Client\eqgame_dll\MQ2DataTypes.h(1819): warning C4091: 'static ': ignored on left of 'MQ2CorpseType::CorpseMethods' when no variable is declared (compiling source file MQ2Map.cpp)
C:\Users\kraqu\Desktop\NMS Public Release\Source\Release-NMS-Client\eqgame_dll\MQ2DataTypes.h(367): warning C4091: 'static ': ignored on left of 'MQ2FloatType::FloatMembers' when no variable is declared (compiling source file MQ2MacroCommands.cpp)
C:\Users\kraqu\Desktop\NMS Public Release\Source\Release-NMS-Client\eqgame_dll\MQ2DataTypes.h(1867): warning C4091: 'static ': ignored on left of 'MQ2MerchantType::MerchantMembers' when no variable is declared (compiling source file MQ2Map.cpp)
C:\Users\kraqu\Desktop\NMS Public Release\Source\Release-NMS-Client\eqgame_dll\MQ2DataTypes.h(922): warning C4091: 'static ': ignored on left of 'MQ2CharacterType::CharacterMethods' when no variable is declared (compiling source file MQ2ItemDisplay.cpp)
C:\Users\kraqu\Desktop\NMS Public Release\Source\Release-NMS-Client\eqgame_dll\MQ2DataTypes.h(1870): warning C4091: 'static ': ignored on left of 'MQ2MerchantType::MerchantMethods' when no variable is declared (compiling source file MQ2Map.cpp)
C:\Users\kraqu\Desktop\NMS Public Release\Source\Release-NMS-Client\eqgame_dll\MQ2DataTypes.h(418): warning C4091: 'static ': ignored on left of 'MQ2TicksType::TicksMembers' when no variable is declared (compiling source file MQ2MacroCommands.cpp)
C:\Users\kraqu\Desktop\NMS Public Release\Source\Release-NMS-Client\eqgame_dll\MQ2DataTypes.h(1948): warning C4091: 'static ': ignored on left of 'MQ2WindowType::WindowMembers' when no variable is declared (compiling source file MQ2Map.cpp)
C:\Users\kraqu\Desktop\NMS Public Release\Source\Release-NMS-Client\eqgame_dll\MQ2DataTypes.h(558): warning C4091: 'static ': ignored on left of 'MQ2SpawnType::SpawnMembers' when no variable is declared (compiling source file MQ2MacroCommands.cpp)
C:\Users\kraqu\Desktop\NMS Public Release\Source\Release-NMS-Client\eqgame_dll\MQ2DataTypes.h(566): warning C4091: 'static ': ignored on left of 'MQ2SpawnType::SpawnMethods' when no variable is declared (compiling source file MQ2MacroCommands.cpp)
C:\Users\kraqu\Desktop\NMS Public Release\Source\Release-NMS-Client\eqgame_dll\MQ2DataTypes.h(1960): warning C4091: 'static ': ignored on left of 'MQ2WindowType::WindowMethods' when no variable is declared (compiling source file MQ2Map.cpp)
C:\Users\kraqu\Desktop\NMS Public Release\Source\Release-NMS-Client\eqgame_dll\MQ2DataTypes.h(2056): warning C4091: 'static ': ignored on left of 'MQ2MacroType::MacroMembers' when no variable is declared (compiling source file MQ2Map.cpp)
C:\Users\kraqu\Desktop\NMS Public Release\Source\Release-NMS-Client\eqgame_dll\MQ2DataTypes.h(2101): warning C4091: 'static ': ignored on left of 'MQ2ZoneType::ZoneMembers' when no variable is declared (compiling source file MQ2Map.cpp)
C:\Users\kraqu\Desktop\NMS Public Release\Source\Release-NMS-Client\eqgame_dll\MQ2DataTypes.h(916): warning C4091: 'static ': ignored on left of 'MQ2CharacterType::CharacterMembers' when no variable is declared (compiling source file MQ2MacroCommands.cpp)
C:\Users\kraqu\Desktop\NMS Public Release\Source\Release-NMS-Client\eqgame_dll\MQ2DataTypes.h(922): warning C4091: 'static ': ignored on left of 'MQ2CharacterType::CharacterMethods' when no variable is declared (compiling source file MQ2MacroCommands.cpp)
C:\Users\kraqu\Desktop\NMS Public Release\Source\Release-NMS-Client\eqgame_dll\MQ2DataTypes.h(2159): warning C4091: 'static ': ignored on left of 'MQ2CurrentZoneType::CurrentZoneMembers' when no variable is declared (compiling source file MQ2Map.cpp)
C:\Users\kraqu\Desktop\NMS Public Release\Source\Release-NMS-Client\eqgame_dll\MQ2DataTypes.h(1187): warning C4091: 'static ': ignored on left of 'MQ2SpellType::SpellMembers' when no variable is declared (compiling source file MQ2ItemDisplay.cpp)
C:\Users\kraqu\Desktop\NMS Public Release\Source\Release-NMS-Client\eqgame_dll\MQ2DataTypes.h(2229): warning C4091: 'static ': ignored on left of 'MQ2MacroQuestType::MacroQuestMembers' when no variable is declared (compiling source file MQ2Map.cpp)
C:\Users\kraqu\Desktop\NMS Public Release\Source\Release-NMS-Client\eqgame_dll\MQ2DataTypes.h(1190): warning C4091: 'static ': ignored on left of 'MQ2SpellType::SpellMethods' when no variable is declared (compiling source file MQ2ItemDisplay.cpp)
C:\Users\kraqu\Desktop\NMS Public Release\Source\Release-NMS-Client\eqgame_dll\MQ2DataTypes.h(2232): warning C4091: 'static ': ignored on left of 'MQ2MacroQuestType::MacroQuestMethods' when no variable is declared (compiling source file MQ2Map.cpp)
C:\Users\kraqu\Desktop\NMS Public Release\Source\Release-NMS-Client\eqgame_dll\MQ2DataTypes.h(2299): warning C4091: 'static ': ignored on left of 'MQ2MathType::MathMembers' when no variable is declared (compiling source file MQ2Map.cpp)
C:\Users\kraqu\Desktop\NMS Public Release\Source\Release-NMS-Client\eqgame_dll\MQ2DataTypes.h(1271): warning C4091: 'static ': ignored on left of 'MQ2BuffType::BuffMembers' when no variable is declared (compiling source file MQ2ItemDisplay.cpp)
C:\Users\kraqu\Desktop\NMS Public Release\Source\Release-NMS-Client\eqgame_dll\MQ2DataTypes.h(1275): warning C4091: 'static ': ignored on left of 'MQ2BuffType::BuffMethods' when no variable is declared (compiling source file MQ2ItemDisplay.cpp)
C:\Users\kraqu\Desktop\NMS Public Release\Source\Release-NMS-Client\eqgame_dll\MQ2DataTypes.h(1187): warning C4091: 'static ': ignored on left of 'MQ2SpellType::SpellMembers' when no variable is declared (compiling source file MQ2MacroCommands.cpp)
C:\Users\kraqu\Desktop\NMS Public Release\Source\Release-NMS-Client\eqgame_dll\MQ2DataTypes.h(2345): warning C4091: 'static ': ignored on left of 'MQ2RaceType::RaceMembers' when no variable is declared (compiling source file MQ2Map.cpp)
C:\Users\kraqu\Desktop\NMS Public Release\Source\Release-NMS-Client\eqgame_dll\MQ2DataTypes.h(1190): warning C4091: 'static ': ignored on left of 'MQ2SpellType::SpellMethods' when no variable is declared (compiling source file MQ2MacroCommands.cpp)
C:\Users\kraqu\Desktop\NMS Public Release\Source\Release-NMS-Client\eqgame_dll\MQ2DataTypes.h(1468): warning C4091: 'static ': ignored on left of 'MQ2ItemType::ItemMembers' when no variable is declared (compiling source file MQ2ItemDisplay.cpp)
C:\Users\kraqu\Desktop\NMS Public Release\Source\Release-NMS-Client\eqgame_dll\MQ2DataTypes.h(2392): warning C4091: 'static ': ignored on left of 'MQ2ClassType::ClassMembers' when no variable is declared (compiling source file MQ2Map.cpp)
C:\Users\kraqu\Desktop\NMS Public Release\Source\Release-NMS-Client\eqgame_dll\MQ2DataTypes.h(1471): warning C4091: 'static ': ignored on left of 'MQ2ItemType::ItemMethods' when no variable is declared (compiling source file MQ2ItemDisplay.cpp)
C:\Users\kraqu\Desktop\NMS Public Release\Source\Release-NMS-Client\eqgame_dll\MQ2DataTypes.h(1271): warning C4091: 'static ': ignored on left of 'MQ2BuffType::BuffMembers' when no variable is declared (compiling source file MQ2MacroCommands.cpp)
C:\Users\kraqu\Desktop\NMS Public Release\Source\Release-NMS-Client\eqgame_dll\MQ2DataTypes.h(1275): warning C4091: 'static ': ignored on left of 'MQ2BuffType::BuffMethods' when no variable is declared (compiling source file MQ2MacroCommands.cpp)
C:\Users\kraqu\Desktop\NMS Public Release\Source\Release-NMS-Client\eqgame_dll\MQ2DataTypes.h(2438): warning C4091: 'static ': ignored on left of 'MQ2BodyType::BodyMembers' when no variable is declared (compiling source file MQ2Map.cpp)
C:\Users\kraqu\Desktop\NMS Public Release\Source\Release-NMS-Client\eqgame_dll\MQ2DataTypes.h(2476): warning C4091: 'static ': ignored on left of 'MQ2DeityType::DeityMembers' when no variable is declared (compiling source file MQ2Map.cpp)
C:\Users\kraqu\Desktop\NMS Public Release\Source\Release-NMS-Client\eqgame_dll\MQ2DataTypes.h(1468): warning C4091: 'static ': ignored on left of 'MQ2ItemType::ItemMembers' when no variable is declared (compiling source file MQ2MacroCommands.cpp)
C:\Users\kraqu\Desktop\NMS Public Release\Source\Release-NMS-Client\eqgame_dll\MQ2DataTypes.h(1471): warning C4091: 'static ': ignored on left of 'MQ2ItemType::ItemMethods' when no variable is declared (compiling source file MQ2MacroCommands.cpp)
C:\Users\kraqu\Desktop\NMS Public Release\Source\Release-NMS-Client\eqgame_dll\MQ2DataTypes.h(2525): warning C4091: 'static ': ignored on left of 'MQ2TimeType::TimeMembers' when no variable is declared (compiling source file MQ2Map.cpp)
C:\Users\kraqu\Desktop\NMS Public Release\Source\Release-NMS-Client\eqgame_dll\MQ2DataTypes.h(2590): warning C4091: 'static ': ignored on left of 'MQ2TypeType::TypeMembers' when no variable is declared (compiling source file MQ2Map.cpp)
C:\Users\kraqu\Desktop\NMS Public Release\Source\Release-NMS-Client\eqgame_dll\MQ2DataTypes.h(1669): warning C4091: 'static ': ignored on left of 'MQ2SwitchType::SwitchMembers' when no variable is declared (compiling source file MQ2Globals.cpp)
C:\Users\kraqu\Desktop\NMS Public Release\Source\Release-NMS-Client\eqgame_dll\MQ2DataTypes.h(2631): warning C4091: 'static ': ignored on left of 'MQ2HeadingType::HeadingMembers' when no variable is declared (compiling source file MQ2Map.cpp)
C:\Users\kraqu\Desktop\NMS Public Release\Source\Release-NMS-Client\eqgame_dll\MQ2DataTypes.h(2634): warning C4091: 'static ': ignored on left of 'MQ2HeadingType::HeadingMethods' when no variable is declared (compiling source file MQ2Map.cpp)
C:\Users\kraqu\Desktop\NMS Public Release\Source\Release-NMS-Client\eqgame_dll\MQ2DataTypes.h(1669): warning C4091: 'static ': ignored on left of 'MQ2SwitchType::SwitchMembers' when no variable is declared (compiling source file MQ2ItemDisplay.cpp)
C:\Users\kraqu\Desktop\NMS Public Release\Source\Release-NMS-Client\eqgame_dll\MQ2DataTypes.h(1673): warning C4091: 'static ': ignored on left of 'MQ2SwitchType::SwitchMethods' when no variable is declared (compiling source file MQ2ItemDisplay.cpp)
C:\Users\kraqu\Desktop\NMS Public Release\Source\Release-NMS-Client\eqgame_dll\MQ2DataTypes.h(2685): warning C4091: 'static ': ignored on left of 'MQ2InvSlotType::InvSlotMembers' when no variable is declared (compiling source file MQ2Map.cpp)
C:\Users\kraqu\Desktop\NMS Public Release\Source\Release-NMS-Client\eqgame_dll\MQ2DataTypes.h(2688): warning C4091: 'static ': ignored on left of 'MQ2InvSlotType::InvSlotMethods' when no variable is declared (compiling source file MQ2Map.cpp)
C:\Users\kraqu\Desktop\NMS Public Release\Source\Release-NMS-Client\eqgame_dll\MQ2DataTypes.h(1673): warning C4091: 'static ': ignored on left of 'MQ2SwitchType::SwitchMethods' when no variable is declared (compiling source file MQ2Globals.cpp)
C:\Users\kraqu\Desktop\NMS Public Release\Source\Release-NMS-Client\eqgame_dll\MQ2DataTypes.h(2744): warning C4091: 'static ': ignored on left of 'MQ2PluginType::PluginMembers' when no variable is declared (compiling source file MQ2Map.cpp)
C:\Users\kraqu\Desktop\NMS Public Release\Source\Release-NMS-Client\eqgame_dll\MQ2DataTypes.h(1749): warning C4091: 'static ': ignored on left of 'MQ2GroundType::GroundMembers' when no variable is declared (compiling source file MQ2ItemDisplay.cpp)
C:\Users\kraqu\Desktop\NMS Public Release\Source\Release-NMS-Client\eqgame_dll\MQ2DataTypes.h(2789): warning C4091: 'static ': ignored on left of 'MQ2BenchmarkType::BenchmarkMembers' when no variable is declared (compiling source file MQ2Map.cpp)
C:\Users\kraqu\Desktop\NMS Public Release\Source\Release-NMS-Client\eqgame_dll\MQ2DataTypes.h(1753): warning C4091: 'static ': ignored on left of 'MQ2GroundType::GroundMethods' when no variable is declared (compiling source file MQ2ItemDisplay.cpp)
C:\Users\kraqu\Desktop\NMS Public Release\Source\Release-NMS-Client\eqgame_dll\MQ2DataTypes.h(2837): warning C4091: 'static ': ignored on left of 'MQ2SkillType::SkillMembers' when no variable is declared (compiling source file MQ2Map.cpp)
C:\Users\kraqu\Desktop\NMS Public Release\Source\Release-NMS-Client\eqgame_dll\MQ2DataTypes.h(1669): warning C4091: 'static ': ignored on left of 'MQ2SwitchType::SwitchMembers' when no variable is declared (compiling source file MQ2MacroCommands.cpp)
C:\Users\kraqu\Desktop\NMS Public Release\Source\Release-NMS-Client\eqgame_dll\MQ2DataTypes.h(1673): warning C4091: 'static ': ignored on left of 'MQ2SwitchType::SwitchMethods' when no variable is declared (compiling source file MQ2MacroCommands.cpp)
C:\Users\kraqu\Desktop\NMS Public Release\Source\Release-NMS-Client\eqgame_dll\MQ2DataTypes.h(2840): warning C4091: 'static ': ignored on left of 'MQ2SkillType::SkillMethods' when no variable is declared (compiling source file MQ2Map.cpp)
C:\Users\kraqu\Desktop\NMS Public Release\Source\Release-NMS-Client\eqgame_dll\MQ2DataTypes.h(1816): warning C4091: 'static ': ignored on left of 'MQ2CorpseType::CorpseMembers' when no variable is declared (compiling source file MQ2ItemDisplay.cpp)
C:\Users\kraqu\Desktop\NMS Public Release\Source\Release-NMS-Client\eqgame_dll\MQ2DataTypes.h(1819): warning C4091: 'static ': ignored on left of 'MQ2CorpseType::CorpseMethods' when no variable is declared (compiling source file MQ2ItemDisplay.cpp)
C:\Users\kraqu\Desktop\NMS Public Release\Source\Release-NMS-Client\eqgame_dll\MQ2DataTypes.h(2903): warning C4091: 'static ': ignored on left of 'MQ2AltAbilityType::AltAbilityMembers' when no variable is declared (compiling source file MQ2Map.cpp)
C:\Users\kraqu\Desktop\NMS Public Release\Source\Release-NMS-Client\eqgame_dll\MQ2DataTypes.h(1749): warning C4091: 'static ': ignored on left of 'MQ2GroundType::GroundMembers' when no variable is declared (compiling source file MQ2MacroCommands.cpp)
C:\Users\kraqu\Desktop\NMS Public Release\Source\Release-NMS-Client\eqgame_dll\MQ2DataTypes.h(2906): warning C4091: 'static ': ignored on left of 'MQ2AltAbilityType::AltAbilityMethods' when no variable is declared (compiling source file MQ2Map.cpp)
C:\Users\kraqu\Desktop\NMS Public Release\Source\Release-NMS-Client\eqgame_dll\MQ2DataTypes.h(1753): warning C4091: 'static ': ignored on left of 'MQ2GroundType::GroundMethods' when no variable is declared (compiling source file MQ2MacroCommands.cpp)
C:\Users\kraqu\Desktop\NMS Public Release\Source\Release-NMS-Client\eqgame_dll\MQ2DataTypes.h(1867): warning C4091: 'static ': ignored on left of 'MQ2MerchantType::MerchantMembers' when no variable is declared (compiling source file MQ2ItemDisplay.cpp)
C:\Users\kraqu\Desktop\NMS Public Release\Source\Release-NMS-Client\eqgame_dll\MQ2DataTypes.h(1870): warning C4091: 'static ': ignored on left of 'MQ2MerchantType::MerchantMethods' when no variable is declared (compiling source file MQ2ItemDisplay.cpp)
C:\Users\kraqu\Desktop\NMS Public Release\Source\Release-NMS-Client\eqgame_dll\MQ2DataTypes.h(1816): warning C4091: 'static ': ignored on left of 'MQ2CorpseType::CorpseMembers' when no variable is declared (compiling source file MQ2MacroCommands.cpp)
C:\Users\kraqu\Desktop\NMS Public Release\Source\Release-NMS-Client\eqgame_dll\MQ2DataTypes.h(1819): warning C4091: 'static ': ignored on left of 'MQ2CorpseType::CorpseMethods' when no variable is declared (compiling source file MQ2MacroCommands.cpp)
C:\Users\kraqu\Desktop\NMS Public Release\Source\Release-NMS-Client\eqgame_dll\MQ2DataTypes.h(1948): warning C4091: 'static ': ignored on left of 'MQ2WindowType::WindowMembers' when no variable is declared (compiling source file MQ2ItemDisplay.cpp)
C:\Users\kraqu\Desktop\NMS Public Release\Source\Release-NMS-Client\eqgame_dll\MQ2DataTypes.h(1960): warning C4091: 'static ': ignored on left of 'MQ2WindowType::WindowMethods' when no variable is declared (compiling source file MQ2ItemDisplay.cpp)
C:\Users\kraqu\Desktop\NMS Public Release\Source\Release-NMS-Client\eqgame_dll\MQ2DataTypes.h(2953): warning C4091: 'static ': ignored on left of 'MQ2TimerType::TimerMembers' when no variable is declared (compiling source file MQ2Map.cpp)
C:\Users\kraqu\Desktop\NMS Public Release\Source\Release-NMS-Client\eqgame_dll\MQ2DataTypes.h(2959): warning C4091: 'static ': ignored on left of 'MQ2TimerType::TimerMethods' when no variable is declared (compiling source file MQ2Map.cpp)
C:\Users\kraqu\Desktop\NMS Public Release\Source\Release-NMS-Client\eqgame_dll\MQ2DataTypes.h(1867): warning C4091: 'static ': ignored on left of 'MQ2MerchantType::MerchantMembers' when no variable is declared (compiling source file MQ2MacroCommands.cpp)
C:\Users\kraqu\Desktop\NMS Public Release\Source\Release-NMS-Client\eqgame_dll\MQ2DataTypes.h(2056): warning C4091: 'static ': ignored on left of 'MQ2MacroType::MacroMembers' when no variable is declared (compiling source file MQ2ItemDisplay.cpp)
C:\Users\kraqu\Desktop\NMS Public Release\Source\Release-NMS-Client\eqgame_dll\MQ2DataTypes.h(1870): warning C4091: 'static ': ignored on left of 'MQ2MerchantType::MerchantMethods' when no variable is declared (compiling source file MQ2MacroCommands.cpp)
C:\Users\kraqu\Desktop\NMS Public Release\Source\Release-NMS-Client\eqgame_dll\MQ2DataTypes.h(3055): warning C4091: 'static ': ignored on left of 'MQ2ArrayType::ArrayMembers' when no variable is declared (compiling source file MQ2Map.cpp)
C:\Users\kraqu\Desktop\NMS Public Release\Source\Release-NMS-Client\eqgame_dll\MQ2DataTypes.h(2101): warning C4091: 'static ': ignored on left of 'MQ2ZoneType::ZoneMembers' when no variable is declared (compiling source file MQ2ItemDisplay.cpp)
C:\Users\kraqu\Desktop\NMS Public Release\Source\Release-NMS-Client\eqgame_dll\MQ2DataTypes.h(2159): warning C4091: 'static ': ignored on left of 'MQ2CurrentZoneType::CurrentZoneMembers' when no variable is declared (compiling source file MQ2ItemDisplay.cpp)
C:\Users\kraqu\Desktop\NMS Public Release\Source\Release-NMS-Client\eqgame_dll\MQ2DataTypes.h(3105): warning C4091: 'static ': ignored on left of 'MQ2GroupType::GroupMembers' when no variable is declared (compiling source file MQ2Map.cpp)
C:\Users\kraqu\Desktop\NMS Public Release\Source\Release-NMS-Client\eqgame_dll\MQ2DataTypes.h(1948): warning C4091: 'static ': ignored on left of 'MQ2WindowType::WindowMembers' when no variable is declared (compiling source file MQ2MacroCommands.cpp)
C:\Users\kraqu\Desktop\NMS Public Release\Source\Release-NMS-Client\eqgame_dll\MQ2DataTypes.h(1960): warning C4091: 'static ': ignored on left of 'MQ2WindowType::WindowMethods' when no variable is declared (compiling source file MQ2MacroCommands.cpp)
C:\Users\kraqu\Desktop\NMS Public Release\Source\Release-NMS-Client\eqgame_dll\MQ2DataTypes.h(3108): warning C4091: 'static ': ignored on left of 'MQ2GroupType::GroupMethods' when no variable is declared (compiling source file MQ2Map.cpp)
C:\Users\kraqu\Desktop\NMS Public Release\Source\Release-NMS-Client\eqgame_dll\MQ2DataTypes.h(3152): warning C4091: 'static ': ignored on left of 'MQ2GroupMemberType::GroupMemberMembers' when no variable is declared (compiling source file MQ2Map.cpp)
C:\Users\kraqu\Desktop\NMS Public Release\Source\Release-NMS-Client\eqgame_dll\EQData.h(464,2): warning C4091: 'typedef ': ignored on left of 'EQData::MaterialType' when no variable is declared (compiling source file MQ2ParseAPI.cpp)
C:\Users\kraqu\Desktop\NMS Public Release\Source\Release-NMS-Client\eqgame_dll\MQ2DataTypes.h(3155): warning C4091: 'static ': ignored on left of 'MQ2GroupMemberType::GroupMemberMethods' when no variable is declared (compiling source file MQ2Map.cpp)
C:\Users\kraqu\Desktop\NMS Public Release\Source\Release-NMS-Client\eqgame_dll\MQ2DataTypes.h(2056): warning C4091: 'static ': ignored on left of 'MQ2MacroType::MacroMembers' when no variable is declared (compiling source file MQ2MacroCommands.cpp)
C:\Users\kraqu\Desktop\NMS Public Release\Source\Release-NMS-Client\eqgame_dll\MQ2DataTypes.h(2229): warning C4091: 'static ': ignored on left of 'MQ2MacroQuestType::MacroQuestMembers' when no variable is declared (compiling source file MQ2ItemDisplay.cpp)
C:\Users\kraqu\Desktop\NMS Public Release\Source\Release-NMS-Client\eqgame_dll\MQ2DataTypes.h(2232): warning C4091: 'static ': ignored on left of 'MQ2MacroQuestType::MacroQuestMethods' when no variable is declared (compiling source file MQ2ItemDisplay.cpp)
C:\Users\kraqu\Desktop\NMS Public Release\Source\Release-NMS-Client\eqgame_dll\MQ2DataTypes.h(3209): warning C4091: 'static ': ignored on left of 'MQ2RaidType::RaidMembers' when no variable is declared (compiling source file MQ2Map.cpp)
C:\Users\kraqu\Desktop\NMS Public Release\Source\Release-NMS-Client\eqgame_dll\MQ2DataTypes.h(2101): warning C4091: 'static ': ignored on left of 'MQ2ZoneType::ZoneMembers' when no variable is declared (compiling source file MQ2MacroCommands.cpp)
C:\Users\kraqu\Desktop\NMS Public Release\Source\Release-NMS-Client\eqgame_dll\MQ2DataTypes.h(3212): warning C4091: 'static ': ignored on left of 'MQ2RaidType::RaidMethods' when no variable is declared (compiling source file MQ2Map.cpp)
C:\Users\kraqu\Desktop\NMS Public Release\Source\Release-NMS-Client\eqgame_dll\MQ2DataTypes.h(2299): warning C4091: 'static ': ignored on left of 'MQ2MathType::MathMembers' when no variable is declared (compiling source file MQ2ItemDisplay.cpp)
C:\Users\kraqu\Desktop\NMS Public Release\Source\Release-NMS-Client\eqgame_dll\MQ2DataTypes.h(2159): warning C4091: 'static ': ignored on left of 'MQ2CurrentZoneType::CurrentZoneMembers' when no variable is declared (compiling source file MQ2MacroCommands.cpp)
C:\Users\kraqu\Desktop\NMS Public Release\Source\Release-NMS-Client\eqgame_dll\MQ2DataTypes.h(3264): warning C4091: 'static ': ignored on left of 'MQ2RaidMemberType::RaidMemberMembers' when no variable is declared (compiling source file MQ2Map.cpp)
C:\Users\kraqu\Desktop\NMS Public Release\Source\Release-NMS-Client\eqgame_dll\MQ2DataTypes.h(3267): warning C4091: 'static ': ignored on left of 'MQ2RaidMemberType::RaidMemberMethods' when no variable is declared (compiling source file MQ2Map.cpp)
C:\Users\kraqu\Desktop\NMS Public Release\Source\Release-NMS-Client\eqgame_dll\MQ2DataTypes.h(2345): warning C4091: 'static ': ignored on left of 'MQ2RaceType::RaceMembers' when no variable is declared (compiling source file MQ2ItemDisplay.cpp)
C:\Users\kraqu\Desktop\NMS Public Release\Source\Release-NMS-Client\eqgame_dll\MQ2DataTypes.h(1749): warning C4091: 'static ': ignored on left of 'MQ2GroundType::GroundMembers' when no variable is declared (compiling source file MQ2Globals.cpp)
C:\Users\kraqu\Desktop\NMS Public Release\Source\Release-NMS-Client\eqgame_dll\MQ2DataTypes.h(3320): warning C4091: 'static ': ignored on left of 'MQ2EvolvingItemType::EvolvingItemMembers' when no variable is declared (compiling source file MQ2Map.cpp)
C:\Users\kraqu\Desktop\NMS Public Release\Source\Release-NMS-Client\eqgame_dll\MQ2DataTypes.h(2229): warning C4091: 'static ': ignored on left of 'MQ2MacroQuestType::MacroQuestMembers' when no variable is declared (compiling source file MQ2MacroCommands.cpp)
C:\Users\kraqu\Desktop\NMS Public Release\Source\Release-NMS-Client\eqgame_dll\MQ2DataTypes.h(2392): warning C4091: 'static ': ignored on left of 'MQ2ClassType::ClassMembers' when no variable is declared (compiling source file MQ2ItemDisplay.cpp)
C:\Users\kraqu\Desktop\NMS Public Release\Source\Release-NMS-Client\eqgame_dll\MQ2DataTypes.h(2232): warning C4091: 'static ': ignored on left of 'MQ2MacroQuestType::MacroQuestMethods' when no variable is declared (compiling source file MQ2MacroCommands.cpp)
C:\Users\kraqu\Desktop\NMS Public Release\Source\Release-NMS-Client\eqgame_dll\MQ2DataTypes.h(3363): warning C4091: 'static ': ignored on left of 'MQ2DynamicZoneType::DynamicZoneMembers' when no variable is declared (compiling source file MQ2Map.cpp)
C:\Users\kraqu\Desktop\NMS Public Release\Source\Release-NMS-Client\eqgame_dll\MQ2DataTypes.h(3402): warning C4091: 'static ': ignored on left of 'MQ2DZMemberType::DZMemberTypeMembers' when no variable is declared (compiling source file MQ2Map.cpp)
C:\Users\kraqu\Desktop\NMS Public Release\Source\Release-NMS-Client\eqgame_dll\MQ2DataTypes.h(2299): warning C4091: 'static ': ignored on left of 'MQ2MathType::MathMembers' when no variable is declared (compiling source file MQ2MacroCommands.cpp)
C:\Users\kraqu\Desktop\NMS Public Release\Source\Release-NMS-Client\eqgame_dll\MQ2DataTypes.h(2438): warning C4091: 'static ': ignored on left of 'MQ2BodyType::BodyMembers' when no variable is declared (compiling source file MQ2ItemDisplay.cpp)
C:\Users\kraqu\Desktop\NMS Public Release\Source\Release-NMS-Client\eqgame_dll\MQ2DataTypes.h(2476): warning C4091: 'static ': ignored on left of 'MQ2DeityType::DeityMembers' when no variable is declared (compiling source file MQ2ItemDisplay.cpp)
C:\Users\kraqu\Desktop\NMS Public Release\Source\Release-NMS-Client\eqgame_dll\MQ2DataTypes.h(2345): warning C4091: 'static ': ignored on left of 'MQ2RaceType::RaceMembers' when no variable is declared (compiling source file MQ2MacroCommands.cpp)
C:\Users\kraqu\Desktop\NMS Public Release\Source\Release-NMS-Client\eqgame_dll\MQ2DataTypes.h(3443): warning C4091: 'static ': ignored on left of 'MQ2FellowshipType::FellowshipTypeMembers' when no variable is declared (compiling source file MQ2Map.cpp)
C:\Users\kraqu\Desktop\NMS Public Release\Source\Release-NMS-Client\eqgame_dll\MQ2DataTypes.h(2525): warning C4091: 'static ': ignored on left of 'MQ2TimeType::TimeMembers' when no variable is declared (compiling source file MQ2ItemDisplay.cpp)
C:\Users\kraqu\Desktop\NMS Public Release\Source\Release-NMS-Client\eqgame_dll\MQ2DataTypes.h(2392): warning C4091: 'static ': ignored on left of 'MQ2ClassType::ClassMembers' when no variable is declared (compiling source file MQ2MacroCommands.cpp)
C:\Users\kraqu\Desktop\NMS Public Release\Source\Release-NMS-Client\eqgame_dll\MQ2DataTypes.h(3490): warning C4091: 'static ': ignored on left of 'MQ2FellowshipMemberType::FMTypeMembers' when no variable is declared (compiling source file MQ2Map.cpp)
C:\Users\kraqu\Desktop\NMS Public Release\Source\Release-NMS-Client\eqgame_dll\MQ2DataTypes.h(2438): warning C4091: 'static ': ignored on left of 'MQ2BodyType::BodyMembers' when no variable is declared (compiling source file MQ2MacroCommands.cpp)
C:\Users\kraqu\Desktop\NMS Public Release\Source\Release-NMS-Client\eqgame_dll\MQ2DataTypes.h(2590): warning C4091: 'static ': ignored on left of 'MQ2TypeType::TypeMembers' when no variable is declared (compiling source file MQ2ItemDisplay.cpp)
C:\Users\kraqu\Desktop\NMS Public Release\Source\Release-NMS-Client\eqgame_dll\MQ2DataTypes.h(2476): warning C4091: 'static ': ignored on left of 'MQ2DeityType::DeityMembers' when no variable is declared (compiling source file MQ2MacroCommands.cpp)
C:\Users\kraqu\Desktop\NMS Public Release\Source\Release-NMS-Client\eqgame_dll\MQ2DataTypes.h(2631): warning C4091: 'static ': ignored on left of 'MQ2HeadingType::HeadingMembers' when no variable is declared (compiling source file MQ2ItemDisplay.cpp)
C:\Users\kraqu\Desktop\NMS Public Release\Source\Release-NMS-Client\eqgame_dll\MQ2DataTypes.h(3524): warning C4091: 'static ': ignored on left of 'MQ2FriendsType::FriendsMembers' when no variable is declared (compiling source file MQ2Map.cpp)
C:\Users\kraqu\Desktop\NMS Public Release\Source\Release-NMS-Client\eqgame_dll\MQ2DataTypes.h(2634): warning C4091: 'static ': ignored on left of 'MQ2HeadingType::HeadingMethods' when no variable is declared (compiling source file MQ2ItemDisplay.cpp)
C:\Users\kraqu\Desktop\NMS Public Release\Source\Release-NMS-Client\eqgame_dll\MQ2DataTypes.h(2525): warning C4091: 'static ': ignored on left of 'MQ2TimeType::TimeMembers' when no variable is declared (compiling source file MQ2MacroCommands.cpp)
C:\Users\kraqu\Desktop\NMS Public Release\Source\Release-NMS-Client\eqgame_dll\MQ2DataTypes.h(3527): warning C4091: 'static ': ignored on left of 'MQ2FriendsType::FriendsMethods' when no variable is declared (compiling source file MQ2Map.cpp)
C:\Users\kraqu\Desktop\NMS Public Release\Source\Release-NMS-Client\eqgame_dll\MQ2DataTypes.h(2685): warning C4091: 'static ': ignored on left of 'MQ2InvSlotType::InvSlotMembers' when no variable is declared (compiling source file MQ2ItemDisplay.cpp)
C:\Users\kraqu\Desktop\NMS Public Release\Source\Release-NMS-Client\eqgame_dll\MQ2DataTypes.h(2590): warning C4091: 'static ': ignored on left of 'MQ2TypeType::TypeMembers' when no variable is declared (compiling source file MQ2MacroCommands.cpp)
C:\Users\kraqu\Desktop\NMS Public Release\Source\Release-NMS-Client\eqgame_dll\MQ2DataTypes.h(2688): warning C4091: 'static ': ignored on left of 'MQ2InvSlotType::InvSlotMethods' when no variable is declared (compiling source file MQ2ItemDisplay.cpp)
C:\Users\kraqu\Desktop\NMS Public Release\Source\Release-NMS-Client\eqgame_dll\EQData.h(464,2): warning C4091: 'typedef ': ignored on left of 'EQData::MaterialType' when no variable is declared (compiling source file MQ2PluginHandler.cpp)
C:\Users\kraqu\Desktop\NMS Public Release\Source\Release-NMS-Client\eqgame_dll\MQ2DataTypes.h(2631): warning C4091: 'static ': ignored on left of 'MQ2HeadingType::HeadingMembers' when no variable is declared (compiling source file MQ2MacroCommands.cpp)
C:\Users\kraqu\Desktop\NMS Public Release\Source\Release-NMS-Client\eqgame_dll\MQ2DataTypes.h(2744): warning C4091: 'static ': ignored on left of 'MQ2PluginType::PluginMembers' when no variable is declared (compiling source file MQ2ItemDisplay.cpp)
C:\Users\kraqu\Desktop\NMS Public Release\Source\Release-NMS-Client\eqgame_dll\MQ2DataTypes.h(2634): warning C4091: 'static ': ignored on left of 'MQ2HeadingType::HeadingMethods' when no variable is declared (compiling source file MQ2MacroCommands.cpp)
C:\Users\kraqu\Desktop\NMS Public Release\Source\Release-NMS-Client\eqgame_dll\MQ2DataTypes.h(3572): warning C4091: 'static ': ignored on left of 'MQ2TargetType::TargetMembers' when no variable is declared (compiling source file MQ2Map.cpp)
C:\Users\kraqu\Desktop\NMS Public Release\Source\Release-NMS-Client\eqgame_dll\MQ2DataTypes.h(2685): warning C4091: 'static ': ignored on left of 'MQ2InvSlotType::InvSlotMembers' when no variable is declared (compiling source file MQ2MacroCommands.cpp)
C:\Users\kraqu\Desktop\NMS Public Release\Source\Release-NMS-Client\eqgame_dll\MQ2DataTypes.h(3650): warning C4091: 'static ': ignored on left of 'MQ2XTargetType::xTargetMembers' when no variable is declared (compiling source file MQ2Map.cpp)
C:\Users\kraqu\Desktop\NMS Public Release\Source\Release-NMS-Client\eqgame_dll\MQ2DataTypes.h(2688): warning C4091: 'static ': ignored on left of 'MQ2InvSlotType::InvSlotMethods' when no variable is declared (compiling source file MQ2MacroCommands.cpp)
C:\Users\kraqu\Desktop\NMS Public Release\Source\Release-NMS-Client\eqgame_dll\MQ2DataTypes.h(2744): warning C4091: 'static ': ignored on left of 'MQ2PluginType::PluginMembers' when no variable is declared (compiling source file MQ2MacroCommands.cpp)
C:\Users\kraqu\Desktop\NMS Public Release\Source\Release-NMS-Client\eqgame_dll\MQ2DataTypes.h(2789): warning C4091: 'static ': ignored on left of 'MQ2BenchmarkType::BenchmarkMembers' when no variable is declared (compiling source file MQ2MacroCommands.cpp)
C:\Users\kraqu\Desktop\NMS Public Release\Source\Release-NMS-Client\eqgame_dll\MQ2DataTypes.h(2837): warning C4091: 'static ': ignored on left of 'MQ2SkillType::SkillMembers' when no variable is declared (compiling source file MQ2MacroCommands.cpp)
C:\Users\kraqu\Desktop\NMS Public Release\Source\Release-NMS-Client\eqgame_dll\MQ2DataTypes.h(2840): warning C4091: 'static ': ignored on left of 'MQ2SkillType::SkillMethods' when no variable is declared (compiling source file MQ2MacroCommands.cpp)
C:\Users\kraqu\Desktop\NMS Public Release\Source\Release-NMS-Client\eqgame_dll\MQ2DataTypes.h(2903): warning C4091: 'static ': ignored on left of 'MQ2AltAbilityType::AltAbilityMembers' when no variable is declared (compiling source file MQ2MacroCommands.cpp)
C:\Users\kraqu\Desktop\NMS Public Release\Source\Release-NMS-Client\eqgame_dll\MQ2DataTypes.h(2906): warning C4091: 'static ': ignored on left of 'MQ2AltAbilityType::AltAbilityMethods' when no variable is declared (compiling source file MQ2MacroCommands.cpp)
C:\Users\kraqu\Desktop\NMS Public Release\Source\Release-NMS-Client\eqgame_dll\MQ2DataTypes.h(2953): warning C4091: 'static ': ignored on left of 'MQ2TimerType::TimerMembers' when no variable is declared (compiling source file MQ2MacroCommands.cpp)
C:\Users\kraqu\Desktop\NMS Public Release\Source\Release-NMS-Client\eqgame_dll\MQ2DataTypes.h(2959): warning C4091: 'static ': ignored on left of 'MQ2TimerType::TimerMethods' when no variable is declared (compiling source file MQ2MacroCommands.cpp)
C:\Users\kraqu\Desktop\NMS Public Release\Source\Release-NMS-Client\eqgame_dll\MQ2DataTypes.h(3055): warning C4091: 'static ': ignored on left of 'MQ2ArrayType::ArrayMembers' when no variable is declared (compiling source file MQ2MacroCommands.cpp)
C:\Users\kraqu\Desktop\NMS Public Release\Source\Release-NMS-Client\eqgame_dll\EQData.h(464,2): warning C4091: 'typedef ': ignored on left of 'EQData::MaterialType' when no variable is declared (compiling source file MQ2MapCommands.cpp)
C:\Users\kraqu\Desktop\NMS Public Release\Source\Release-NMS-Client\eqgame_dll\MQ2Internal.h(131,6): warning C4091: 'static ': ignored on left of 'MQ2Internal::SearchItemFlag' when no variable is declared (compiling source file MQ2Labels.cpp)
C:\Users\kraqu\Desktop\NMS Public Release\Source\Release-NMS-Client\eqgame_dll\MQ2DataTypes.h(3209): warning C4091: 'static ': ignored on left of 'MQ2RaidType::RaidMembers' when no variable is declared (compiling source file MQ2FloatingText.cpp)
C:\Users\kraqu\Desktop\NMS Public Release\Source\Release-NMS-Client\eqgame_dll\MQ2DataTypes.h(3212): warning C4091: 'static ': ignored on left of 'MQ2RaidType::RaidMethods' when no variable is declared (compiling source file MQ2FloatingText.cpp)
C:\Users\kraqu\Desktop\NMS Public Release\Source\Release-NMS-Client\eqgame_dll\MQ2DataTypes.h(3264): warning C4091: 'static ': ignored on left of 'MQ2RaidMemberType::RaidMemberMembers' when no variable is declared (compiling source file MQ2FloatingText.cpp)
C:\Users\kraqu\Desktop\NMS Public Release\Source\Release-NMS-Client\eqgame_dll\MQ2DataTypes.h(3267): warning C4091: 'static ': ignored on left of 'MQ2RaidMemberType::RaidMemberMethods' when no variable is declared (compiling source file MQ2FloatingText.cpp)
C:\Users\kraqu\Desktop\NMS Public Release\Source\Release-NMS-Client\eqgame_dll\MQ2DataTypes.h(1753): warning C4091: 'static ': ignored on left of 'MQ2GroundType::GroundMethods' when no variable is declared (compiling source file MQ2Globals.cpp)
C:\Users\kraqu\Desktop\NMS Public Release\Source\Release-NMS-Client\eqgame_dll\MQ2DataTypes.h(3320): warning C4091: 'static ': ignored on left of 'MQ2EvolvingItemType::EvolvingItemMembers' when no variable is declared (compiling source file MQ2FloatingText.cpp)
C:\Users\kraqu\Desktop\NMS Public Release\Source\Release-NMS-Client\eqgame_dll\MQ2DataTypes.h(3363): warning C4091: 'static ': ignored on left of 'MQ2DynamicZoneType::DynamicZoneMembers' when no variable is declared (compiling source file MQ2FloatingText.cpp)
C:\Users\kraqu\Desktop\NMS Public Release\Source\Release-NMS-Client\eqgame_dll\MQ2DataTypes.h(2789): warning C4091: 'static ': ignored on left of 'MQ2BenchmarkType::BenchmarkMembers' when no variable is declared (compiling source file MQ2ItemDisplay.cpp)
C:\Users\kraqu\Desktop\NMS Public Release\Source\Release-NMS-Client\eqgame_dll\MQ2DataTypes.h(3402): warning C4091: 'static ': ignored on left of 'MQ2DZMemberType::DZMemberTypeMembers' when no variable is declared (compiling source file MQ2FloatingText.cpp)
C:\Users\kraqu\Desktop\NMS Public Release\Source\Release-NMS-Client\eqgame_dll\MQ2DataTypes.h(1816): warning C4091: 'static ': ignored on left of 'MQ2CorpseType::CorpseMembers' when no variable is declared (compiling source file MQ2Globals.cpp)
C:\Users\kraqu\Desktop\NMS Public Release\Source\Release-NMS-Client\eqgame_dll\MQ2DataTypes.h(3443): warning C4091: 'static ': ignored on left of 'MQ2FellowshipType::FellowshipTypeMembers' when no variable is declared (compiling source file MQ2FloatingText.cpp)
C:\Users\kraqu\Desktop\NMS Public Release\Source\Release-NMS-Client\eqgame_dll\MQ2DataTypes.h(1819): warning C4091: 'static ': ignored on left of 'MQ2CorpseType::CorpseMethods' when no variable is declared (compiling source file MQ2Globals.cpp)
C:\Users\kraqu\Desktop\NMS Public Release\Source\Release-NMS-Client\eqgame_dll\MQ2DataTypes.h(1867): warning C4091: 'static ': ignored on left of 'MQ2MerchantType::MerchantMembers' when no variable is declared (compiling source file MQ2Globals.cpp)
C:\Users\kraqu\Desktop\NMS Public Release\Source\Release-NMS-Client\eqgame_dll\MQ2DataTypes.h(3490): warning C4091: 'static ': ignored on left of 'MQ2FellowshipMemberType::FMTypeMembers' when no variable is declared (compiling source file MQ2FloatingText.cpp)
C:\Users\kraqu\Desktop\NMS Public Release\Source\Release-NMS-Client\eqgame_dll\MQ2DataTypes.h(1870): warning C4091: 'static ': ignored on left of 'MQ2MerchantType::MerchantMethods' when no variable is declared (compiling source file MQ2Globals.cpp)
C:\Users\kraqu\Desktop\NMS Public Release\Source\Release-NMS-Client\eqgame_dll\MQ2DataTypes.h(3524): warning C4091: 'static ': ignored on left of 'MQ2FriendsType::FriendsMembers' when no variable is declared (compiling source file MQ2FloatingText.cpp)
C:\Users\kraqu\Desktop\NMS Public Release\Source\Release-NMS-Client\eqgame_dll\MQ2DataTypes.h(3527): warning C4091: 'static ': ignored on left of 'MQ2FriendsType::FriendsMethods' when no variable is declared (compiling source file MQ2FloatingText.cpp)
C:\Users\kraqu\Desktop\NMS Public Release\Source\Release-NMS-Client\eqgame_dll\MQ2DataTypes.h(1948): warning C4091: 'static ': ignored on left of 'MQ2WindowType::WindowMembers' when no variable is declared (compiling source file MQ2Globals.cpp)
C:\Users\kraqu\Desktop\NMS Public Release\Source\Release-NMS-Client\eqgame_dll\MQ2DataTypes.h(2837): warning C4091: 'static ': ignored on left of 'MQ2SkillType::SkillMembers' when no variable is declared (compiling source file MQ2ItemDisplay.cpp)
C:\Users\kraqu\Desktop\NMS Public Release\Source\Release-NMS-Client\eqgame_dll\MQ2DataTypes.h(1960): warning C4091: 'static ': ignored on left of 'MQ2WindowType::WindowMethods' when no variable is declared (compiling source file MQ2Globals.cpp)
C:\Users\kraqu\Desktop\NMS Public Release\Source\Release-NMS-Client\eqgame_dll\MQ2DataTypes.h(2840): warning C4091: 'static ': ignored on left of 'MQ2SkillType::SkillMethods' when no variable is declared (compiling source file MQ2ItemDisplay.cpp)
C:\Users\kraqu\Desktop\NMS Public Release\Source\Release-NMS-Client\eqgame_dll\MQ2DataTypes.h(3572): warning C4091: 'static ': ignored on left of 'MQ2TargetType::TargetMembers' when no variable is declared (compiling source file MQ2FloatingText.cpp)
C:\Users\kraqu\Desktop\NMS Public Release\Source\Release-NMS-Client\eqgame_dll\MQ2DataTypes.h(2903): warning C4091: 'static ': ignored on left of 'MQ2AltAbilityType::AltAbilityMembers' when no variable is declared (compiling source file MQ2ItemDisplay.cpp)
C:\Users\kraqu\Desktop\NMS Public Release\Source\Release-NMS-Client\eqgame_dll\MQ2DataTypes.h(2906): warning C4091: 'static ': ignored on left of 'MQ2AltAbilityType::AltAbilityMethods' when no variable is declared (compiling source file MQ2ItemDisplay.cpp)
C:\Users\kraqu\Desktop\NMS Public Release\Source\Release-NMS-Client\eqgame_dll\MQ2DataTypes.h(2056): warning C4091: 'static ': ignored on left of 'MQ2MacroType::MacroMembers' when no variable is declared (compiling source file MQ2Globals.cpp)
C:\Users\kraqu\Desktop\NMS Public Release\Source\Release-NMS-Client\eqgame_dll\MQ2DataTypes.h(3650): warning C4091: 'static ': ignored on left of 'MQ2XTargetType::xTargetMembers' when no variable is declared (compiling source file MQ2FloatingText.cpp)
C:\Users\kraqu\Desktop\NMS Public Release\Source\Release-NMS-Client\eqgame_dll\MQ2DataTypes.h(2953): warning C4091: 'static ': ignored on left of 'MQ2TimerType::TimerMembers' when no variable is declared (compiling source file MQ2ItemDisplay.cpp)
C:\Users\kraqu\Desktop\NMS Public Release\Source\Release-NMS-Client\eqgame_dll\MQ2DataTypes.h(2101): warning C4091: 'static ': ignored on left of 'MQ2ZoneType::ZoneMembers' when no variable is declared (compiling source file MQ2Globals.cpp)
C:\Users\kraqu\Desktop\NMS Public Release\Source\Release-NMS-Client\eqgame_dll\MQ2DataTypes.h(2959): warning C4091: 'static ': ignored on left of 'MQ2TimerType::TimerMethods' when no variable is declared (compiling source file MQ2ItemDisplay.cpp)
C:\Users\kraqu\Desktop\NMS Public Release\Source\Release-NMS-Client\eqgame_dll\MQ2DataTypes.h(2159): warning C4091: 'static ': ignored on left of 'MQ2CurrentZoneType::CurrentZoneMembers' when no variable is declared (compiling source file MQ2Globals.cpp)
C:\Users\kraqu\Desktop\NMS Public Release\Source\Release-NMS-Client\eqgame_dll\MQ2DataTypes.h(3105): warning C4091: 'static ': ignored on left of 'MQ2GroupType::GroupMembers' when no variable is declared (compiling source file MQ2MacroCommands.cpp)
C:\Users\kraqu\Desktop\NMS Public Release\Source\Release-NMS-Client\eqgame_dll\MQ2DataTypes.h(3055): warning C4091: 'static ': ignored on left of 'MQ2ArrayType::ArrayMembers' when no variable is declared (compiling source file MQ2ItemDisplay.cpp)
C:\Users\kraqu\Desktop\NMS Public Release\Source\Release-NMS-Client\eqgame_dll\MQ2DataTypes.h(3108): warning C4091: 'static ': ignored on left of 'MQ2GroupType::GroupMethods' when no variable is declared (compiling source file MQ2MacroCommands.cpp)
C:\Users\kraqu\Desktop\NMS Public Release\Source\Release-NMS-Client\eqgame_dll\MQ2DataTypes.h(2229): warning C4091: 'static ': ignored on left of 'MQ2MacroQuestType::MacroQuestMembers' when no variable is declared (compiling source file MQ2Globals.cpp)
C:\Users\kraqu\Desktop\NMS Public Release\Source\Release-NMS-Client\eqgame_dll\MQ2DataTypes.h(2232): warning C4091: 'static ': ignored on left of 'MQ2MacroQuestType::MacroQuestMethods' when no variable is declared (compiling source file MQ2Globals.cpp)
C:\Users\kraqu\Desktop\NMS Public Release\Source\Release-NMS-Client\eqgame_dll\MQ2DataTypes.h(3105): warning C4091: 'static ': ignored on left of 'MQ2GroupType::GroupMembers' when no variable is declared (compiling source file MQ2ItemDisplay.cpp)
C:\Users\kraqu\Desktop\NMS Public Release\Source\Release-NMS-Client\eqgame_dll\MQ2DataTypes.h(3108): warning C4091: 'static ': ignored on left of 'MQ2GroupType::GroupMethods' when no variable is declared (compiling source file MQ2ItemDisplay.cpp)
C:\Users\kraqu\Desktop\NMS Public Release\Source\Release-NMS-Client\eqgame_dll\MQ2DataTypes.h(3152): warning C4091: 'static ': ignored on left of 'MQ2GroupMemberType::GroupMemberMembers' when no variable is declared (compiling source file MQ2ItemDisplay.cpp)
C:\Users\kraqu\Desktop\NMS Public Release\Source\Release-NMS-Client\eqgame_dll\MQ2DataTypes.h(2299): warning C4091: 'static ': ignored on left of 'MQ2MathType::MathMembers' when no variable is declared (compiling source file MQ2Globals.cpp)
C:\Users\kraqu\Desktop\NMS Public Release\Source\Release-NMS-Client\eqgame_dll\MQ2DataTypes.h(3155): warning C4091: 'static ': ignored on left of 'MQ2GroupMemberType::GroupMemberMethods' when no variable is declared (compiling source file MQ2ItemDisplay.cpp)
C:\Users\kraqu\Desktop\NMS Public Release\Source\Release-NMS-Client\eqgame_dll\MQ2DataTypes.h(2345): warning C4091: 'static ': ignored on left of 'MQ2RaceType::RaceMembers' when no variable is declared (compiling source file MQ2Globals.cpp)
C:\Users\kraqu\Desktop\NMS Public Release\Source\Release-NMS-Client\eqgame_dll\MQ2DataTypes.h(3209): warning C4091: 'static ': ignored on left of 'MQ2RaidType::RaidMembers' when no variable is declared (compiling source file MQ2ItemDisplay.cpp)
C:\Users\kraqu\Desktop\NMS Public Release\Source\Release-NMS-Client\eqgame_dll\MQ2DataTypes.h(172): warning C4091: 'static ': ignored on left of 'MQ2IntType::IntMembers' when no variable is declared (compiling source file MQ2Labels.cpp)
C:\Users\kraqu\Desktop\NMS Public Release\Source\Release-NMS-Client\eqgame_dll\MQ2DataTypes.h(3212): warning C4091: 'static ': ignored on left of 'MQ2RaidType::RaidMethods' when no variable is declared (compiling source file MQ2ItemDisplay.cpp)
C:\Users\kraqu\Desktop\NMS Public Release\Source\Release-NMS-Client\eqgame_dll\MQ2DataTypes.h(2392): warning C4091: 'static ': ignored on left of 'MQ2ClassType::ClassMembers' when no variable is declared (compiling source file MQ2Globals.cpp)
C:\Users\kraqu\Desktop\NMS Public Release\Source\Release-NMS-Client\eqgame_dll\MQ2DataTypes.h(214): warning C4091: 'static ': ignored on left of 'MQ2ArgbType::ArgbMembers' when no variable is declared (compiling source file MQ2Labels.cpp)
C:\Users\kraqu\Desktop\NMS Public Release\Source\Release-NMS-Client\eqgame_dll\MQ2DataTypes.h(3264): warning C4091: 'static ': ignored on left of 'MQ2RaidMemberType::RaidMemberMembers' when no variable is declared (compiling source file MQ2ItemDisplay.cpp)
C:\Users\kraqu\Desktop\NMS Public Release\Source\Release-NMS-Client\eqgame_dll\MQ2DataTypes.h(3267): warning C4091: 'static ': ignored on left of 'MQ2RaidMemberType::RaidMemberMethods' when no variable is declared (compiling source file MQ2ItemDisplay.cpp)
C:\Users\kraqu\Desktop\NMS Public Release\Source\Release-NMS-Client\eqgame_dll\MQ2DataTypes.h(2438): warning C4091: 'static ': ignored on left of 'MQ2BodyType::BodyMembers' when no variable is declared (compiling source file MQ2Globals.cpp)
C:\Users\kraqu\Desktop\NMS Public Release\Source\Release-NMS-Client\eqgame_dll\MQ2DataTypes.h(303): warning C4091: 'static ': ignored on left of 'MQ2StringType::StringMembers' when no variable is declared (compiling source file MQ2Labels.cpp)
C:\Users\kraqu\Desktop\NMS Public Release\Source\Release-NMS-Client\eqgame_dll\MQ2DataTypes.h(2476): warning C4091: 'static ': ignored on left of 'MQ2DeityType::DeityMembers' when no variable is declared (compiling source file MQ2Globals.cpp)
C:\Users\kraqu\Desktop\NMS Public Release\Source\Release-NMS-Client\eqgame_dll\MQ2DataTypes.h(3320): warning C4091: 'static ': ignored on left of 'MQ2EvolvingItemType::EvolvingItemMembers' when no variable is declared (compiling source file MQ2ItemDisplay.cpp)
C:\Users\kraqu\Desktop\NMS Public Release\Source\Release-NMS-Client\eqgame_dll\MQ2DataTypes.h(367): warning C4091: 'static ': ignored on left of 'MQ2FloatType::FloatMembers' when no variable is declared (compiling source file MQ2Labels.cpp)
C:\Users\kraqu\Desktop\NMS Public Release\Source\Release-NMS-Client\eqgame_dll\MQ2DataTypes.h(2525): warning C4091: 'static ': ignored on left of 'MQ2TimeType::TimeMembers' when no variable is declared (compiling source file MQ2Globals.cpp)
C:\Users\kraqu\Desktop\NMS Public Release\Source\Release-NMS-Client\eqgame_dll\MQ2DataTypes.h(3363): warning C4091: 'static ': ignored on left of 'MQ2DynamicZoneType::DynamicZoneMembers' when no variable is declared (compiling source file MQ2ItemDisplay.cpp)
C:\Users\kraqu\Desktop\NMS Public Release\Source\Release-NMS-Client\eqgame_dll\MQ2DataTypes.h(418): warning C4091: 'static ': ignored on left of 'MQ2TicksType::TicksMembers' when no variable is declared (compiling source file MQ2Labels.cpp)
C:\Users\kraqu\Desktop\NMS Public Release\Source\Release-NMS-Client\eqgame_dll\MQ2DataTypes.h(3402): warning C4091: 'static ': ignored on left of 'MQ2DZMemberType::DZMemberTypeMembers' when no variable is declared (compiling source file MQ2ItemDisplay.cpp)
C:\Users\kraqu\Desktop\NMS Public Release\Source\Release-NMS-Client\eqgame_dll\MQ2DataTypes.h(558): warning C4091: 'static ': ignored on left of 'MQ2SpawnType::SpawnMembers' when no variable is declared (compiling source file MQ2Labels.cpp)
C:\Users\kraqu\Desktop\NMS Public Release\Source\Release-NMS-Client\eqgame_dll\MQ2DataTypes.h(2590): warning C4091: 'static ': ignored on left of 'MQ2TypeType::TypeMembers' when no variable is declared (compiling source file MQ2Globals.cpp)
C:\Users\kraqu\Desktop\NMS Public Release\Source\Release-NMS-Client\eqgame_dll\MQ2DataTypes.h(566): warning C4091: 'static ': ignored on left of 'MQ2SpawnType::SpawnMethods' when no variable is declared (compiling source file MQ2Labels.cpp)
C:\Users\kraqu\Desktop\NMS Public Release\Source\Release-NMS-Client\eqgame_dll\MQ2DataTypes.h(3443): warning C4091: 'static ': ignored on left of 'MQ2FellowshipType::FellowshipTypeMembers' when no variable is declared (compiling source file MQ2ItemDisplay.cpp)
C:\Users\kraqu\Desktop\NMS Public Release\Source\Release-NMS-Client\eqgame_dll\MQ2DataTypes.h(2631): warning C4091: 'static ': ignored on left of 'MQ2HeadingType::HeadingMembers' when no variable is declared (compiling source file MQ2Globals.cpp)
C:\Users\kraqu\Desktop\NMS Public Release\Source\Release-NMS-Client\eqgame_dll\MQ2DataTypes.h(2634): warning C4091: 'static ': ignored on left of 'MQ2HeadingType::HeadingMethods' when no variable is declared (compiling source file MQ2Globals.cpp)
C:\Users\kraqu\Desktop\NMS Public Release\Source\Release-NMS-Client\eqgame_dll\MQ2DataTypes.h(3490): warning C4091: 'static ': ignored on left of 'MQ2FellowshipMemberType::FMTypeMembers' when no variable is declared (compiling source file MQ2ItemDisplay.cpp)
C:\Users\kraqu\Desktop\NMS Public Release\Source\Release-NMS-Client\eqgame_dll\MQ2DataTypes.h(3524): warning C4091: 'static ': ignored on left of 'MQ2FriendsType::FriendsMembers' when no variable is declared (compiling source file MQ2ItemDisplay.cpp)
C:\Users\kraqu\Desktop\NMS Public Release\Source\Release-NMS-Client\eqgame_dll\MQ2DataTypes.h(3527): warning C4091: 'static ': ignored on left of 'MQ2FriendsType::FriendsMethods' when no variable is declared (compiling source file MQ2ItemDisplay.cpp)
C:\Users\kraqu\Desktop\NMS Public Release\Source\Release-NMS-Client\eqgame_dll\MQ2DataTypes.h(2685): warning C4091: 'static ': ignored on left of 'MQ2InvSlotType::InvSlotMembers' when no variable is declared (compiling source file MQ2Globals.cpp)
C:\Users\kraqu\Desktop\NMS Public Release\Source\Release-NMS-Client\eqgame_dll\MQ2Main.h(776,7): warning C4200: nonstandard extension used: zero-sized array in struct/union (compiling source file MQ2FloatingText.cpp)
C:\Users\kraqu\Desktop\NMS Public Release\Source\Release-NMS-Client\eqgame_dll\MQ2Main.h(776,7): message : This member will be ignored by a defaulted constructor or copy/move assignment operator (compiling source file MQ2FloatingText.cpp)
C:\Users\kraqu\Desktop\NMS Public Release\Source\Release-NMS-Client\eqgame_dll\MQ2DataTypes.h(2688): warning C4091: 'static ': ignored on left of 'MQ2InvSlotType::InvSlotMethods' when no variable is declared (compiling source file MQ2Globals.cpp)
C:\Users\kraqu\Desktop\NMS Public Release\Source\Release-NMS-Client\eqgame_dll\MQ2DataTypes.h(3572): warning C4091: 'static ': ignored on left of 'MQ2TargetType::TargetMembers' when no variable is declared (compiling source file MQ2ItemDisplay.cpp)
C:\Users\kraqu\Desktop\NMS Public Release\Source\Release-NMS-Client\eqgame_dll\MQ2DataTypes.h(916): warning C4091: 'static ': ignored on left of 'MQ2CharacterType::CharacterMembers' when no variable is declared (compiling source file MQ2Labels.cpp)
C:\Users\kraqu\Desktop\NMS Public Release\Source\Release-NMS-Client\eqgame_dll\MQ2DataTypes.h(2744): warning C4091: 'static ': ignored on left of 'MQ2PluginType::PluginMembers' when no variable is declared (compiling source file MQ2Globals.cpp)
  multi_pet.cpp
C:\Users\kraqu\Desktop\NMS Public Release\Source\Release-NMS-Client\eqgame_dll\MQ2DataTypes.h(922): warning C4091: 'static ': ignored on left of 'MQ2CharacterType::CharacterMethods' when no variable is declared (compiling source file MQ2Labels.cpp)
C:\Users\kraqu\Desktop\NMS Public Release\Source\Release-NMS-Client\eqgame_dll\MQ2DataTypes.h(3650): warning C4091: 'static ': ignored on left of 'MQ2XTargetType::xTargetMembers' when no variable is declared (compiling source file MQ2ItemDisplay.cpp)
C:\Users\kraqu\Desktop\NMS Public Release\Source\Release-NMS-Client\eqgame_dll\MQ2DataTypes.h(2789): warning C4091: 'static ': ignored on left of 'MQ2BenchmarkType::BenchmarkMembers' when no variable is declared (compiling source file MQ2Globals.cpp)
C:\Users\kraqu\Desktop\NMS Public Release\Source\Release-NMS-Client\eqgame_dll\MQ2DataTypes.h(2837): warning C4091: 'static ': ignored on left of 'MQ2SkillType::SkillMembers' when no variable is declared (compiling source file MQ2Globals.cpp)
C:\Users\kraqu\Desktop\NMS Public Release\Source\Release-NMS-Client\eqgame_dll\MQ2DataTypes.h(2840): warning C4091: 'static ': ignored on left of 'MQ2SkillType::SkillMethods' when no variable is declared (compiling source file MQ2Globals.cpp)
C:\Users\kraqu\Desktop\NMS Public Release\Source\Release-NMS-Client\eqgame_dll\MQ2DataTypes.h(2903): warning C4091: 'static ': ignored on left of 'MQ2AltAbilityType::AltAbilityMembers' when no variable is declared (compiling source file MQ2Globals.cpp)
C:\Users\kraqu\Desktop\NMS Public Release\Source\Release-NMS-Client\eqgame_dll\MQ2DataTypes.h(2906): warning C4091: 'static ': ignored on left of 'MQ2AltAbilityType::AltAbilityMethods' when no variable is declared (compiling source file MQ2Globals.cpp)
C:\Users\kraqu\Desktop\NMS Public Release\Source\Release-NMS-Client\eqgame_dll\MQ2DataTypes.h(2953): warning C4091: 'static ': ignored on left of 'MQ2TimerType::TimerMembers' when no variable is declared (compiling source file MQ2Globals.cpp)
C:\Users\kraqu\Desktop\NMS Public Release\Source\Release-NMS-Client\eqgame_dll\MQ2DataTypes.h(2959): warning C4091: 'static ': ignored on left of 'MQ2TimerType::TimerMethods' when no variable is declared (compiling source file MQ2Globals.cpp)
C:\Users\kraqu\Desktop\NMS Public Release\Source\Release-NMS-Client\eqgame_dll\MQ2DataTypes.h(1187): warning C4091: 'static ': ignored on left of 'MQ2SpellType::SpellMembers' when no variable is declared (compiling source file MQ2Labels.cpp)
C:\Users\kraqu\Desktop\NMS Public Release\Source\Release-NMS-Client\eqgame_dll\MQ2DataTypes.h(1190): warning C4091: 'static ': ignored on left of 'MQ2SpellType::SpellMethods' when no variable is declared (compiling source file MQ2Labels.cpp)
C:\Users\kraqu\Desktop\NMS Public Release\Source\Release-NMS-Client\eqgame_dll\MQ2DataTypes.h(3055): warning C4091: 'static ': ignored on left of 'MQ2ArrayType::ArrayMembers' when no variable is declared (compiling source file MQ2Globals.cpp)
C:\Users\kraqu\Desktop\NMS Public Release\Source\Release-NMS-Client\eqgame_dll\MQ2DataTypes.h(3105): warning C4091: 'static ': ignored on left of 'MQ2GroupType::GroupMembers' when no variable is declared (compiling source file MQ2Globals.cpp)
C:\Users\kraqu\Desktop\NMS Public Release\Source\Release-NMS-Client\eqgame_dll\MQ2DataTypes.h(1271): warning C4091: 'static ': ignored on left of 'MQ2BuffType::BuffMembers' when no variable is declared (compiling source file MQ2Labels.cpp)
C:\Users\kraqu\Desktop\NMS Public Release\Source\Release-NMS-Client\eqgame_dll\MQ2DataTypes.h(3108): warning C4091: 'static ': ignored on left of 'MQ2GroupType::GroupMethods' when no variable is declared (compiling source file MQ2Globals.cpp)
C:\Users\kraqu\Desktop\NMS Public Release\Source\Release-NMS-Client\eqgame_dll\MQ2DataTypes.h(1275): warning C4091: 'static ': ignored on left of 'MQ2BuffType::BuffMethods' when no variable is declared (compiling source file MQ2Labels.cpp)
C:\Users\kraqu\Desktop\NMS Public Release\Source\Release-NMS-Client\eqgame_dll\MQ2DataTypes.h(3152): warning C4091: 'static ': ignored on left of 'MQ2GroupMemberType::GroupMemberMembers' when no variable is declared (compiling source file MQ2Globals.cpp)
C:\Users\kraqu\Desktop\NMS Public Release\Source\Release-NMS-Client\eqgame_dll\MQ2DataTypes.h(3155): warning C4091: 'static ': ignored on left of 'MQ2GroupMemberType::GroupMemberMethods' when no variable is declared (compiling source file MQ2Globals.cpp)
C:\Users\kraqu\Desktop\NMS Public Release\Source\Release-NMS-Client\eqgame_dll\MQ2DataTypes.h(1468): warning C4091: 'static ': ignored on left of 'MQ2ItemType::ItemMembers' when no variable is declared (compiling source file MQ2Labels.cpp)
C:\Users\kraqu\Desktop\NMS Public Release\Source\Release-NMS-Client\eqgame_dll\MQ2DataTypes.h(1471): warning C4091: 'static ': ignored on left of 'MQ2ItemType::ItemMethods' when no variable is declared (compiling source file MQ2Labels.cpp)
C:\Users\kraqu\Desktop\NMS Public Release\Source\Release-NMS-Client\eqgame_dll\MQ2DataTypes.h(3209): warning C4091: 'static ': ignored on left of 'MQ2RaidType::RaidMembers' when no variable is declared (compiling source file MQ2Globals.cpp)
C:\Users\kraqu\Desktop\NMS Public Release\Source\Release-NMS-Client\eqgame_dll\MQ2DataTypes.h(3212): warning C4091: 'static ': ignored on left of 'MQ2RaidType::RaidMethods' when no variable is declared (compiling source file MQ2Globals.cpp)
C:\Users\kraqu\Desktop\NMS Public Release\Source\Release-NMS-Client\eqgame_dll\MQ2DataTypes.h(3264): warning C4091: 'static ': ignored on left of 'MQ2RaidMemberType::RaidMemberMembers' when no variable is declared (compiling source file MQ2Globals.cpp)
C:\Users\kraqu\Desktop\NMS Public Release\Source\Release-NMS-Client\eqgame_dll\MQ2DataTypes.h(3267): warning C4091: 'static ': ignored on left of 'MQ2RaidMemberType::RaidMemberMethods' when no variable is declared (compiling source file MQ2Globals.cpp)
C:\Users\kraqu\Desktop\NMS Public Release\Source\Release-NMS-Client\eqgame_dll\MQ2Main.h(776,7): warning C4200: nonstandard extension used: zero-sized array in struct/union (compiling source file MQ2Map.cpp)
C:\Users\kraqu\Desktop\NMS Public Release\Source\Release-NMS-Client\eqgame_dll\MQ2Main.h(776,7): message : This member will be ignored by a defaulted constructor or copy/move assignment operator (compiling source file MQ2Map.cpp)
C:\Users\kraqu\Desktop\NMS Public Release\Source\Release-NMS-Client\eqgame_dll\MQ2Main.h(776,7): warning C4200: nonstandard extension used: zero-sized array in struct/union (compiling source file MQ2ItemDisplay.cpp)
C:\Users\kraqu\Desktop\NMS Public Release\Source\Release-NMS-Client\eqgame_dll\MQ2Main.h(776,7): message : This member will be ignored by a defaulted constructor or copy/move assignment operator (compiling source file MQ2ItemDisplay.cpp)
C:\Users\kraqu\Desktop\NMS Public Release\Source\Release-NMS-Client\eqgame_dll\MQ2DataTypes.h(3320): warning C4091: 'static ': ignored on left of 'MQ2EvolvingItemType::EvolvingItemMembers' when no variable is declared (compiling source file MQ2Globals.cpp)
C:\Users\kraqu\Desktop\NMS Public Release\Source\Release-NMS-Client\eqgame_dll\MQ2DataTypes.h(3363): warning C4091: 'static ': ignored on left of 'MQ2DynamicZoneType::DynamicZoneMembers' when no variable is declared (compiling source file MQ2Globals.cpp)
C:\Users\kraqu\Desktop\NMS Public Release\Source\Release-NMS-Client\eqgame_dll\MQ2DataTypes.h(1669): warning C4091: 'static ': ignored on left of 'MQ2SwitchType::SwitchMembers' when no variable is declared (compiling source file MQ2Labels.cpp)
C:\Users\kraqu\Desktop\NMS Public Release\Source\Release-NMS-Client\eqgame_dll\MQ2DataTypes.h(1673): warning C4091: 'static ': ignored on left of 'MQ2SwitchType::SwitchMethods' when no variable is declared (compiling source file MQ2Labels.cpp)
C:\Users\kraqu\Desktop\NMS Public Release\Source\Release-NMS-Client\eqgame_dll\MQ2DataTypes.h(3402): warning C4091: 'static ': ignored on left of 'MQ2DZMemberType::DZMemberTypeMembers' when no variable is declared (compiling source file MQ2Globals.cpp)
C:\Users\kraqu\Desktop\NMS Public Release\Source\Release-NMS-Client\eqgame_dll\MQ2DataTypes.h(3443): warning C4091: 'static ': ignored on left of 'MQ2FellowshipType::FellowshipTypeMembers' when no variable is declared (compiling source file MQ2Globals.cpp)
C:\Users\kraqu\Desktop\NMS Public Release\Source\Release-NMS-Client\eqgame_dll\MQ2DataTypes.h(1749): warning C4091: 'static ': ignored on left of 'MQ2GroundType::GroundMembers' when no variable is declared (compiling source file MQ2Labels.cpp)
C:\Users\kraqu\Desktop\NMS Public Release\Source\Release-NMS-Client\eqgame_dll\MQ2DataTypes.h(1753): warning C4091: 'static ': ignored on left of 'MQ2GroundType::GroundMethods' when no variable is declared (compiling source file MQ2Labels.cpp)
C:\Users\kraqu\Desktop\NMS Public Release\Source\Release-NMS-Client\eqgame_dll\MQ2DataTypes.h(3490): warning C4091: 'static ': ignored on left of 'MQ2FellowshipMemberType::FMTypeMembers' when no variable is declared (compiling source file MQ2Globals.cpp)
C:\Users\kraqu\Desktop\NMS Public Release\Source\Release-NMS-Client\eqgame_dll\MQ2DataTypes.h(3524): warning C4091: 'static ': ignored on left of 'MQ2FriendsType::FriendsMembers' when no variable is declared (compiling source file MQ2Globals.cpp)
C:\Users\kraqu\Desktop\NMS Public Release\Source\Release-NMS-Client\eqgame_dll\MQ2DataTypes.h(3527): warning C4091: 'static ': ignored on left of 'MQ2FriendsType::FriendsMethods' when no variable is declared (compiling source file MQ2Globals.cpp)
C:\Users\kraqu\Desktop\NMS Public Release\Source\Release-NMS-Client\eqgame_dll\MQ2DataTypes.h(1816): warning C4091: 'static ': ignored on left of 'MQ2CorpseType::CorpseMembers' when no variable is declared (compiling source file MQ2Labels.cpp)
C:\Users\kraqu\Desktop\NMS Public Release\Source\Release-NMS-Client\eqgame_dll\MQ2DataTypes.h(1819): warning C4091: 'static ': ignored on left of 'MQ2CorpseType::CorpseMethods' when no variable is declared (compiling source file MQ2Labels.cpp)
C:\Users\kraqu\Desktop\NMS Public Release\Source\Release-NMS-Client\eqgame_dll\MQ2DataTypes.h(1867): warning C4091: 'static ': ignored on left of 'MQ2MerchantType::MerchantMembers' when no variable is declared (compiling source file MQ2Labels.cpp)
C:\Users\kraqu\Desktop\NMS Public Release\Source\Release-NMS-Client\eqgame_dll\MQ2DataTypes.h(3572): warning C4091: 'static ': ignored on left of 'MQ2TargetType::TargetMembers' when no variable is declared (compiling source file MQ2Globals.cpp)
C:\Users\kraqu\Desktop\NMS Public Release\Source\Release-NMS-Client\eqgame_dll\MQ2DataTypes.h(1870): warning C4091: 'static ': ignored on left of 'MQ2MerchantType::MerchantMethods' when no variable is declared (compiling source file MQ2Labels.cpp)
C:\Users\kraqu\Desktop\NMS Public Release\Source\Release-NMS-Client\eqgame_dll\MQ2DataTypes.h(1948): warning C4091: 'static ': ignored on left of 'MQ2WindowType::WindowMembers' when no variable is declared (compiling source file MQ2Labels.cpp)
C:\Users\kraqu\Desktop\NMS Public Release\Source\Release-NMS-Client\eqgame_dll\MQ2DataTypes.h(1960): warning C4091: 'static ': ignored on left of 'MQ2WindowType::WindowMethods' when no variable is declared (compiling source file MQ2Labels.cpp)
C:\Users\kraqu\Desktop\NMS Public Release\Source\Release-NMS-Client\eqgame_dll\MQ2ItemDisplay.cpp(657,43): warning C4244: '=': conversion from 'DWORD' to 'BYTE', possible loss of data
C:\Users\kraqu\Desktop\NMS Public Release\Source\Release-NMS-Client\eqgame_dll\MQ2DataTypes.h(3650): warning C4091: 'static ': ignored on left of 'MQ2XTargetType::xTargetMembers' when no variable is declared (compiling source file MQ2Globals.cpp)
C:\Users\kraqu\Desktop\NMS Public Release\Source\Release-NMS-Client\eqgame_dll\MQ2DataTypes.h(3152): warning C4091: 'static ': ignored on left of 'MQ2GroupMemberType::GroupMemberMembers' when no variable is declared (compiling source file MQ2MacroCommands.cpp)
C:\Users\kraqu\Desktop\NMS Public Release\Source\Release-NMS-Client\eqgame_dll\MQ2DataTypes.h(3155): warning C4091: 'static ': ignored on left of 'MQ2GroupMemberType::GroupMemberMethods' when no variable is declared (compiling source file MQ2MacroCommands.cpp)
C:\Users\kraqu\Desktop\NMS Public Release\Source\Release-NMS-Client\eqgame_dll\MQ2DataTypes.h(2056): warning C4091: 'static ': ignored on left of 'MQ2MacroType::MacroMembers' when no variable is declared (compiling source file MQ2Labels.cpp)
C:\Users\kraqu\Desktop\NMS Public Release\Source\Release-NMS-Client\eqgame_dll\MQ2DataTypes.h(2101): warning C4091: 'static ': ignored on left of 'MQ2ZoneType::ZoneMembers' when no variable is declared (compiling source file MQ2Labels.cpp)
C:\Users\kraqu\Desktop\NMS Public Release\Source\Release-NMS-Client\eqgame_dll\MQ2DataTypes.h(2159): warning C4091: 'static ': ignored on left of 'MQ2CurrentZoneType::CurrentZoneMembers' when no variable is declared (compiling source file MQ2Labels.cpp)
C:\Users\kraqu\Desktop\NMS Public Release\Source\Release-NMS-Client\eqgame_dll\MQ2Main.h(776,7): warning C4200: nonstandard extension used: zero-sized array in struct/union (compiling source file MQ2Globals.cpp)
C:\Users\kraqu\Desktop\NMS Public Release\Source\Release-NMS-Client\eqgame_dll\MQ2Main.h(776,7): message : This member will be ignored by a defaulted constructor or copy/move assignment operator (compiling source file MQ2Globals.cpp)
C:\Users\kraqu\Desktop\NMS Public Release\Source\Release-NMS-Client\eqgame_dll\MQ2DataTypes.h(3209): warning C4091: 'static ': ignored on left of 'MQ2RaidType::RaidMembers' when no variable is declared (compiling source file MQ2MacroCommands.cpp)
C:\Users\kraqu\Desktop\NMS Public Release\Source\Release-NMS-Client\eqgame_dll\MQ2DataTypes.h(2229): warning C4091: 'static ': ignored on left of 'MQ2MacroQuestType::MacroQuestMembers' when no variable is declared (compiling source file MQ2Labels.cpp)
C:\Users\kraqu\Desktop\NMS Public Release\Source\Release-NMS-Client\eqgame_dll\MQ2DataTypes.h(3212): warning C4091: 'static ': ignored on left of 'MQ2RaidType::RaidMethods' when no variable is declared (compiling source file MQ2MacroCommands.cpp)
C:\Users\kraqu\Desktop\NMS Public Release\Source\Release-NMS-Client\eqgame_dll\MQ2DataTypes.h(2232): warning C4091: 'static ': ignored on left of 'MQ2MacroQuestType::MacroQuestMethods' when no variable is declared (compiling source file MQ2Labels.cpp)
C:\Users\kraqu\Desktop\NMS Public Release\Source\Release-NMS-Client\eqgame_dll\MQ2DataTypes.h(3264): warning C4091: 'static ': ignored on left of 'MQ2RaidMemberType::RaidMemberMembers' when no variable is declared (compiling source file MQ2MacroCommands.cpp)
C:\Users\kraqu\Desktop\NMS Public Release\Source\Release-NMS-Client\eqgame_dll\MQ2DataTypes.h(3267): warning C4091: 'static ': ignored on left of 'MQ2RaidMemberType::RaidMemberMethods' when no variable is declared (compiling source file MQ2MacroCommands.cpp)
C:\Users\kraqu\Desktop\NMS Public Release\Source\Release-NMS-Client\eqgame_dll\MQ2DataTypes.h(2299): warning C4091: 'static ': ignored on left of 'MQ2MathType::MathMembers' when no variable is declared (compiling source file MQ2Labels.cpp)
C:\Users\kraqu\Desktop\NMS Public Release\Source\Release-NMS-Client\eqgame_dll\MQ2DataTypes.h(3320): warning C4091: 'static ': ignored on left of 'MQ2EvolvingItemType::EvolvingItemMembers' when no variable is declared (compiling source file MQ2MacroCommands.cpp)
C:\Users\kraqu\Desktop\NMS Public Release\Source\Release-NMS-Client\eqgame_dll\MQ2DataTypes.h(3363): warning C4091: 'static ': ignored on left of 'MQ2DynamicZoneType::DynamicZoneMembers' when no variable is declared (compiling source file MQ2MacroCommands.cpp)
C:\Users\kraqu\Desktop\NMS Public Release\Source\Release-NMS-Client\eqgame_dll\MQ2DataTypes.h(3402): warning C4091: 'static ': ignored on left of 'MQ2DZMemberType::DZMemberTypeMembers' when no variable is declared (compiling source file MQ2MacroCommands.cpp)
C:\Users\kraqu\Desktop\NMS Public Release\Source\Release-NMS-Client\eqgame_dll\MQ2Map.cpp(40,29): warning C4838: conversion from 'int' to 'DWORD' requires a narrowing conversion
C:\Users\kraqu\Desktop\NMS Public Release\Source\Release-NMS-Client\eqgame_dll\MQ2DataTypes.h(3443): warning C4091: 'static ': ignored on left of 'MQ2FellowshipType::FellowshipTypeMembers' when no variable is declared (compiling source file MQ2MacroCommands.cpp)
C:\Users\kraqu\Desktop\NMS Public Release\Source\Release-NMS-Client\eqgame_dll\MQ2Map.cpp(40,46): warning C4838: conversion from 'int' to 'DWORD' requires a narrowing conversion
C:\Users\kraqu\Desktop\NMS Public Release\Source\Release-NMS-Client\eqgame_dll\MQ2Map.cpp(42,29): warning C4838: conversion from 'int' to 'DWORD' requires a narrowing conversion
C:\Users\kraqu\Desktop\NMS Public Release\Source\Release-NMS-Client\eqgame_dll\MQ2Map.cpp(46,28): warning C4838: conversion from 'int' to 'DWORD' requires a narrowing conversion
C:\Users\kraqu\Desktop\NMS Public Release\Source\Release-NMS-Client\eqgame_dll\MQ2Map.cpp(62,22): warning C4838: conversion from 'int' to 'DWORD' requires a narrowing conversion
C:\Users\kraqu\Desktop\NMS Public Release\Source\Release-NMS-Client\eqgame_dll\MQ2Map.cpp(63,22): warning C4838: conversion from 'int' to 'DWORD' requires a narrowing conversion
C:\Users\kraqu\Desktop\NMS Public Release\Source\Release-NMS-Client\eqgame_dll\MQ2DataTypes.h(2345): warning C4091: 'static ': ignored on left of 'MQ2RaceType::RaceMembers' when no variable is declared (compiling source file MQ2Labels.cpp)
C:\Users\kraqu\Desktop\NMS Public Release\Source\Release-NMS-Client\eqgame_dll\MQ2Map.cpp(66,28): warning C4838: conversion from 'int' to 'DWORD' requires a narrowing conversion
C:\Users\kraqu\Desktop\NMS Public Release\Source\Release-NMS-Client\eqgame_dll\MQ2Map.cpp(66,48): warning C4838: conversion from 'int' to 'DWORD' requires a narrowing conversion
C:\Users\kraqu\Desktop\NMS Public Release\Source\Release-NMS-Client\eqgame_dll\MQ2DataTypes.h(3490): warning C4091: 'static ': ignored on left of 'MQ2FellowshipMemberType::FMTypeMembers' when no variable is declared (compiling source file MQ2MacroCommands.cpp)
C:\Users\kraqu\Desktop\NMS Public Release\Source\Release-NMS-Client\eqgame_dll\MQ2Map.cpp(67,20): warning C4838: conversion from 'int' to 'DWORD' requires a narrowing conversion
C:\Users\kraqu\Desktop\NMS Public Release\Source\Release-NMS-Client\eqgame_dll\MQ2Map.cpp(67,29): warning C4838: conversion from 'int' to 'DWORD' requires a narrowing conversion
C:\Users\kraqu\Desktop\NMS Public Release\Source\Release-NMS-Client\eqgame_dll\MQ2Map.cpp(81,26): warning C4838: conversion from 'int' to 'DWORD' requires a narrowing conversion
C:\Users\kraqu\Desktop\NMS Public Release\Source\Release-NMS-Client\eqgame_dll\MQ2Map.cpp(83,29): warning C4838: conversion from 'int' to 'DWORD' requires a narrowing conversion
C:\Users\kraqu\Desktop\NMS Public Release\Source\Release-NMS-Client\eqgame_dll\MQ2Map.cpp(83,46): warning C4838: conversion from 'int' to 'DWORD' requires a narrowing conversion
C:\Users\kraqu\Desktop\NMS Public Release\Source\Release-NMS-Client\eqgame_dll\MQ2DataTypes.h(3524): warning C4091: 'static ': ignored on left of 'MQ2FriendsType::FriendsMembers' when no variable is declared (compiling source file MQ2MacroCommands.cpp)
C:\Users\kraqu\Desktop\NMS Public Release\Source\Release-NMS-Client\eqgame_dll\MQ2DataTypes.h(3527): warning C4091: 'static ': ignored on left of 'MQ2FriendsType::FriendsMethods' when no variable is declared (compiling source file MQ2MacroCommands.cpp)
C:\Users\kraqu\Desktop\NMS Public Release\Source\Release-NMS-Client\eqgame_dll\MQ2DataTypes.h(2392): warning C4091: 'static ': ignored on left of 'MQ2ClassType::ClassMembers' when no variable is declared (compiling source file MQ2Labels.cpp)
C:\Users\kraqu\Desktop\NMS Public Release\Source\Release-NMS-Client\eqgame_dll\MQ2DataTypes.h(3572): warning C4091: 'static ': ignored on left of 'MQ2TargetType::TargetMembers' when no variable is declared (compiling source file MQ2MacroCommands.cpp)
C:\Users\kraqu\Desktop\NMS Public Release\Source\Release-NMS-Client\eqgame_dll\MQ2DataTypes.h(3650): warning C4091: 'static ': ignored on left of 'MQ2XTargetType::xTargetMembers' when no variable is declared (compiling source file MQ2MacroCommands.cpp)
C:\Users\kraqu\Desktop\NMS Public Release\Source\Release-NMS-Client\eqgame_dll\MQ2Map.cpp(266,19): warning C4101: 'i': unreferenced local variable
C:\Users\kraqu\Desktop\NMS Public Release\Source\Release-NMS-Client\eqgame_dll\MQ2DataTypes.h(2438): warning C4091: 'static ': ignored on left of 'MQ2BodyType::BodyMembers' when no variable is declared (compiling source file MQ2Labels.cpp)
C:\Users\kraqu\Desktop\NMS Public Release\Source\Release-NMS-Client\eqgame_dll\MQ2DataTypes.h(2476): warning C4091: 'static ': ignored on left of 'MQ2DeityType::DeityMembers' when no variable is declared (compiling source file MQ2Labels.cpp)
C:\Users\kraqu\Desktop\NMS Public Release\Source\Release-NMS-Client\eqgame_dll\MQ2DataTypes.h(2525): warning C4091: 'static ': ignored on left of 'MQ2TimeType::TimeMembers' when no variable is declared (compiling source file MQ2Labels.cpp)
C:\Users\kraqu\Desktop\NMS Public Release\Source\Release-NMS-Client\eqgame_dll\MQ2DataTypes.h(2590): warning C4091: 'static ': ignored on left of 'MQ2TypeType::TypeMembers' when no variable is declared (compiling source file MQ2Labels.cpp)
C:\Users\kraqu\Desktop\NMS Public Release\Source\Release-NMS-Client\eqgame_dll\MQ2DataTypes.h(2631): warning C4091: 'static ': ignored on left of 'MQ2HeadingType::HeadingMembers' when no variable is declared (compiling source file MQ2Labels.cpp)
C:\Users\kraqu\Desktop\NMS Public Release\Source\Release-NMS-Client\eqgame_dll\MQ2DataTypes.h(2634): warning C4091: 'static ': ignored on left of 'MQ2HeadingType::HeadingMethods' when no variable is declared (compiling source file MQ2Labels.cpp)
C:\Users\kraqu\Desktop\NMS Public Release\Source\Release-NMS-Client\eqgame_dll\MQ2DataTypes.h(2685): warning C4091: 'static ': ignored on left of 'MQ2InvSlotType::InvSlotMembers' when no variable is declared (compiling source file MQ2Labels.cpp)
C:\Users\kraqu\Desktop\NMS Public Release\Source\Release-NMS-Client\eqgame_dll\MQ2DataTypes.h(2688): warning C4091: 'static ': ignored on left of 'MQ2InvSlotType::InvSlotMethods' when no variable is declared (compiling source file MQ2Labels.cpp)
C:\Users\kraqu\Desktop\NMS Public Release\Source\Release-NMS-Client\eqgame_dll\MQ2DataTypes.h(2744): warning C4091: 'static ': ignored on left of 'MQ2PluginType::PluginMembers' when no variable is declared (compiling source file MQ2Labels.cpp)
C:\Users\kraqu\Desktop\NMS Public Release\Source\Release-NMS-Client\eqgame_dll\MQ2Main.h(776,7): warning C4200: nonstandard extension used: zero-sized array in struct/union (compiling source file MQ2MacroCommands.cpp)
C:\Users\kraqu\Desktop\NMS Public Release\Source\Release-NMS-Client\eqgame_dll\MQ2Main.h(776,7): message : This member will be ignored by a defaulted constructor or copy/move assignment operator (compiling source file MQ2MacroCommands.cpp)
C:\Users\kraqu\Desktop\NMS Public Release\Source\Release-NMS-Client\eqgame_dll\MQ2DataTypes.h(2789): warning C4091: 'static ': ignored on left of 'MQ2BenchmarkType::BenchmarkMembers' when no variable is declared (compiling source file MQ2Labels.cpp)
C:\Users\kraqu\Desktop\NMS Public Release\Source\Release-NMS-Client\eqgame_dll\MQ2DataTypes.h(2837): warning C4091: 'static ': ignored on left of 'MQ2SkillType::SkillMembers' when no variable is declared (compiling source file MQ2Labels.cpp)
C:\Users\kraqu\Desktop\NMS Public Release\Source\Release-NMS-Client\eqgame_dll\MQ2DataTypes.h(2840): warning C4091: 'static ': ignored on left of 'MQ2SkillType::SkillMethods' when no variable is declared (compiling source file MQ2Labels.cpp)
C:\Users\kraqu\Desktop\NMS Public Release\Source\Release-NMS-Client\eqgame_dll\MQ2DataTypes.h(2903): warning C4091: 'static ': ignored on left of 'MQ2AltAbilityType::AltAbilityMembers' when no variable is declared (compiling source file MQ2Labels.cpp)
C:\Users\kraqu\Desktop\NMS Public Release\Source\Release-NMS-Client\eqgame_dll\MQ2Internal.h(131,6): warning C4091: 'static ': ignored on left of 'MQ2Internal::SearchItemFlag' when no variable is declared (compiling source file MQ2ParseAPI.cpp)
C:\Users\kraqu\Desktop\NMS Public Release\Source\Release-NMS-Client\eqgame_dll\MQ2DataTypes.h(2906): warning C4091: 'static ': ignored on left of 'MQ2AltAbilityType::AltAbilityMethods' when no variable is declared (compiling source file MQ2Labels.cpp)
C:\Users\kraqu\Desktop\NMS Public Release\Source\Release-NMS-Client\eqgame_dll\MQ2DataTypes.h(2953): warning C4091: 'static ': ignored on left of 'MQ2TimerType::TimerMembers' when no variable is declared (compiling source file MQ2Labels.cpp)
C:\Users\kraqu\Desktop\NMS Public Release\Source\Release-NMS-Client\eqgame_dll\MQ2DataTypes.h(2959): warning C4091: 'static ': ignored on left of 'MQ2TimerType::TimerMethods' when no variable is declared (compiling source file MQ2Labels.cpp)
C:\Users\kraqu\Desktop\NMS Public Release\Source\Release-NMS-Client\eqgame_dll\MQ2DataTypes.h(3055): warning C4091: 'static ': ignored on left of 'MQ2ArrayType::ArrayMembers' when no variable is declared (compiling source file MQ2Labels.cpp)
C:\Users\kraqu\Desktop\NMS Public Release\Source\Release-NMS-Client\eqgame_dll\MQ2DataTypes.h(3105): warning C4091: 'static ': ignored on left of 'MQ2GroupType::GroupMembers' when no variable is declared (compiling source file MQ2Labels.cpp)
C:\Users\kraqu\Desktop\NMS Public Release\Source\Release-NMS-Client\eqgame_dll\MQ2DataTypes.h(3108): warning C4091: 'static ': ignored on left of 'MQ2GroupType::GroupMethods' when no variable is declared (compiling source file MQ2Labels.cpp)
C:\Users\kraqu\Desktop\NMS Public Release\Source\Release-NMS-Client\eqgame_dll\MQ2DataTypes.h(3152): warning C4091: 'static ': ignored on left of 'MQ2GroupMemberType::GroupMemberMembers' when no variable is declared (compiling source file MQ2Labels.cpp)
C:\Users\kraqu\Desktop\NMS Public Release\Source\Release-NMS-Client\eqgame_dll\MQ2DataTypes.h(3155): warning C4091: 'static ': ignored on left of 'MQ2GroupMemberType::GroupMemberMethods' when no variable is declared (compiling source file MQ2Labels.cpp)
C:\Users\kraqu\Desktop\NMS Public Release\Source\Release-NMS-Client\eqgame_dll\MQ2DataTypes.h(3209): warning C4091: 'static ': ignored on left of 'MQ2RaidType::RaidMembers' when no variable is declared (compiling source file MQ2Labels.cpp)
C:\Users\kraqu\Desktop\NMS Public Release\Source\Release-NMS-Client\eqgame_dll\MQ2DataTypes.h(3212): warning C4091: 'static ': ignored on left of 'MQ2RaidType::RaidMethods' when no variable is declared (compiling source file MQ2Labels.cpp)
C:\Users\kraqu\Desktop\NMS Public Release\Source\Release-NMS-Client\eqgame_dll\MQ2DataTypes.h(3264): warning C4091: 'static ': ignored on left of 'MQ2RaidMemberType::RaidMemberMembers' when no variable is declared (compiling source file MQ2Labels.cpp)
C:\Users\kraqu\Desktop\NMS Public Release\Source\Release-NMS-Client\eqgame_dll\MQ2DataTypes.h(3267): warning C4091: 'static ': ignored on left of 'MQ2RaidMemberType::RaidMemberMethods' when no variable is declared (compiling source file MQ2Labels.cpp)
C:\Users\kraqu\Desktop\NMS Public Release\Source\Release-NMS-Client\eqgame_dll\MQ2DataTypes.h(3320): warning C4091: 'static ': ignored on left of 'MQ2EvolvingItemType::EvolvingItemMembers' when no variable is declared (compiling source file MQ2Labels.cpp)
C:\Users\kraqu\Desktop\NMS Public Release\Source\Release-NMS-Client\eqgame_dll\MQ2DataTypes.h(3363): warning C4091: 'static ': ignored on left of 'MQ2DynamicZoneType::DynamicZoneMembers' when no variable is declared (compiling source file MQ2Labels.cpp)
C:\Users\kraqu\Desktop\NMS Public Release\Source\Release-NMS-Client\eqgame_dll\MQ2DataTypes.h(3402): warning C4091: 'static ': ignored on left of 'MQ2DZMemberType::DZMemberTypeMembers' when no variable is declared (compiling source file MQ2Labels.cpp)
C:\Users\kraqu\Desktop\NMS Public Release\Source\Release-NMS-Client\eqgame_dll\MQ2DataTypes.h(3443): warning C4091: 'static ': ignored on left of 'MQ2FellowshipType::FellowshipTypeMembers' when no variable is declared (compiling source file MQ2Labels.cpp)
C:\Users\kraqu\Desktop\NMS Public Release\Source\Release-NMS-Client\eqgame_dll\MQ2DataTypes.h(3490): warning C4091: 'static ': ignored on left of 'MQ2FellowshipMemberType::FMTypeMembers' when no variable is declared (compiling source file MQ2Labels.cpp)
C:\Users\kraqu\Desktop\NMS Public Release\Source\Release-NMS-Client\eqgame_dll\MQ2DataTypes.h(3524): warning C4091: 'static ': ignored on left of 'MQ2FriendsType::FriendsMembers' when no variable is declared (compiling source file MQ2Labels.cpp)
C:\Users\kraqu\Desktop\NMS Public Release\Source\Release-NMS-Client\eqgame_dll\MQ2DataTypes.h(3527): warning C4091: 'static ': ignored on left of 'MQ2FriendsType::FriendsMethods' when no variable is declared (compiling source file MQ2Labels.cpp)
C:\Users\kraqu\Desktop\NMS Public Release\Source\Release-NMS-Client\eqgame_dll\MQ2DataTypes.h(3572): warning C4091: 'static ': ignored on left of 'MQ2TargetType::TargetMembers' when no variable is declared (compiling source file MQ2Labels.cpp)
C:\Users\kraqu\Desktop\NMS Public Release\Source\Release-NMS-Client\eqgame_dll\MQ2DataTypes.h(3650): warning C4091: 'static ': ignored on left of 'MQ2XTargetType::xTargetMembers' when no variable is declared (compiling source file MQ2Labels.cpp)
C:\Users\kraqu\Desktop\NMS Public Release\Source\Release-NMS-Client\eqgame_dll\RECTF.h(9,2): warning C4091: 'typedef ': ignored on left of 'RECTF' when no variable is declared (compiling source file MQ2FloatingText.cpp)
C:\Users\kraqu\Desktop\NMS Public Release\Source\Release-NMS-Client\eqgame_dll\MQ2Main.h(776,7): warning C4200: nonstandard extension used: zero-sized array in struct/union (compiling source file MQ2Labels.cpp)
C:\Users\kraqu\Desktop\NMS Public Release\Source\Release-NMS-Client\eqgame_dll\MQ2Main.h(776,7): message : This member will be ignored by a defaulted constructor or copy/move assignment operator (compiling source file MQ2Labels.cpp)
C:\Users\kraqu\Desktop\NMS Public Release\Source\Release-NMS-Client\eqgame_dll\MQ2DataTypes.h(172): warning C4091: 'static ': ignored on left of 'MQ2IntType::IntMembers' when no variable is declared (compiling source file MQ2ParseAPI.cpp)
C:\Users\kraqu\Desktop\NMS Public Release\Source\Release-NMS-Client\eqgame_dll\MQ2Internal.h(131,6): warning C4091: 'static ': ignored on left of 'MQ2Internal::SearchItemFlag' when no variable is declared (compiling source file MQ2PluginHandler.cpp)
C:\Users\kraqu\Desktop\NMS Public Release\Source\Release-NMS-Client\eqgame_dll\MQ2DataTypes.h(214): warning C4091: 'static ': ignored on left of 'MQ2ArgbType::ArgbMembers' when no variable is declared (compiling source file MQ2ParseAPI.cpp)
C:\Users\kraqu\Desktop\NMS Public Release\Source\Release-NMS-Client\eqgame_dll\MQ2DataTypes.h(303): warning C4091: 'static ': ignored on left of 'MQ2StringType::StringMembers' when no variable is declared (compiling source file MQ2ParseAPI.cpp)
C:\Users\kraqu\Desktop\NMS Public Release\Source\Release-NMS-Client\eqgame_dll\MQ2DataTypes.h(367): warning C4091: 'static ': ignored on left of 'MQ2FloatType::FloatMembers' when no variable is declared (compiling source file MQ2ParseAPI.cpp)
C:\Users\kraqu\Desktop\NMS Public Release\Source\Release-NMS-Client\eqgame_dll\MQ2DataTypes.h(418): warning C4091: 'static ': ignored on left of 'MQ2TicksType::TicksMembers' when no variable is declared (compiling source file MQ2ParseAPI.cpp)
C:\Users\kraqu\Desktop\NMS Public Release\Source\Release-NMS-Client\eqgame_dll\MQ2DataTypes.h(558): warning C4091: 'static ': ignored on left of 'MQ2SpawnType::SpawnMembers' when no variable is declared (compiling source file MQ2ParseAPI.cpp)
C:\Users\kraqu\Desktop\NMS Public Release\Source\Release-NMS-Client\eqgame_dll\MQ2DataTypes.h(566): warning C4091: 'static ': ignored on left of 'MQ2SpawnType::SpawnMethods' when no variable is declared (compiling source file MQ2ParseAPI.cpp)
C:\Users\kraqu\Desktop\NMS Public Release\Source\Release-NMS-Client\eqgame_dll\MQ2DataTypes.h(916): warning C4091: 'static ': ignored on left of 'MQ2CharacterType::CharacterMembers' when no variable is declared (compiling source file MQ2ParseAPI.cpp)
C:\Users\kraqu\Desktop\NMS Public Release\Source\Release-NMS-Client\eqgame_dll\MQ2DataTypes.h(922): warning C4091: 'static ': ignored on left of 'MQ2CharacterType::CharacterMethods' when no variable is declared (compiling source file MQ2ParseAPI.cpp)
C:\Users\kraqu\Desktop\NMS Public Release\Source\Release-NMS-Client\eqgame_dll\MQ2DataTypes.h(1187): warning C4091: 'static ': ignored on left of 'MQ2SpellType::SpellMembers' when no variable is declared (compiling source file MQ2ParseAPI.cpp)
C:\Users\kraqu\Desktop\NMS Public Release\Source\Release-NMS-Client\eqgame_dll\MQ2DataTypes.h(1190): warning C4091: 'static ': ignored on left of 'MQ2SpellType::SpellMethods' when no variable is declared (compiling source file MQ2ParseAPI.cpp)
C:\Users\kraqu\Desktop\NMS Public Release\Source\Release-NMS-Client\eqgame_dll\MQ2DataTypes.h(1271): warning C4091: 'static ': ignored on left of 'MQ2BuffType::BuffMembers' when no variable is declared (compiling source file MQ2ParseAPI.cpp)
C:\Users\kraqu\Desktop\NMS Public Release\Source\Release-NMS-Client\eqgame_dll\MQ2DataTypes.h(1275): warning C4091: 'static ': ignored on left of 'MQ2BuffType::BuffMethods' when no variable is declared (compiling source file MQ2ParseAPI.cpp)
C:\Users\kraqu\Desktop\NMS Public Release\Source\Release-NMS-Client\eqgame_dll\MQ2DataTypes.h(1468): warning C4091: 'static ': ignored on left of 'MQ2ItemType::ItemMembers' when no variable is declared (compiling source file MQ2ParseAPI.cpp)
C:\Users\kraqu\Desktop\NMS Public Release\Source\Release-NMS-Client\eqgame_dll\MQ2DataTypes.h(1471): warning C4091: 'static ': ignored on left of 'MQ2ItemType::ItemMethods' when no variable is declared (compiling source file MQ2ParseAPI.cpp)
C:\Users\kraqu\Desktop\NMS Public Release\Source\Release-NMS-Client\eqgame_dll\MQ2DataTypes.h(1669): warning C4091: 'static ': ignored on left of 'MQ2SwitchType::SwitchMembers' when no variable is declared (compiling source file MQ2ParseAPI.cpp)
C:\Users\kraqu\Desktop\NMS Public Release\Source\Release-NMS-Client\eqgame_dll\MQ2DataTypes.h(1673): warning C4091: 'static ': ignored on left of 'MQ2SwitchType::SwitchMethods' when no variable is declared (compiling source file MQ2ParseAPI.cpp)
C:\Users\kraqu\Desktop\NMS Public Release\Source\Release-NMS-Client\eqgame_dll\MQ2DataTypes.h(1749): warning C4091: 'static ': ignored on left of 'MQ2GroundType::GroundMembers' when no variable is declared (compiling source file MQ2ParseAPI.cpp)
C:\Users\kraqu\Desktop\NMS Public Release\Source\Release-NMS-Client\eqgame_dll\MQ2DataTypes.h(1753): warning C4091: 'static ': ignored on left of 'MQ2GroundType::GroundMethods' when no variable is declared (compiling source file MQ2ParseAPI.cpp)
C:\Users\kraqu\Desktop\NMS Public Release\Source\Release-NMS-Client\eqgame_dll\MQ2DataTypes.h(1816): warning C4091: 'static ': ignored on left of 'MQ2CorpseType::CorpseMembers' when no variable is declared (compiling source file MQ2ParseAPI.cpp)
C:\Users\kraqu\Desktop\NMS Public Release\Source\Release-NMS-Client\eqgame_dll\MQ2DataTypes.h(1819): warning C4091: 'static ': ignored on left of 'MQ2CorpseType::CorpseMethods' when no variable is declared (compiling source file MQ2ParseAPI.cpp)
C:\Users\kraqu\Desktop\NMS Public Release\Source\Release-NMS-Client\eqgame_dll\MQ2DataTypes.h(1867): warning C4091: 'static ': ignored on left of 'MQ2MerchantType::MerchantMembers' when no variable is declared (compiling source file MQ2ParseAPI.cpp)
C:\Users\kraqu\Desktop\NMS Public Release\Source\Release-NMS-Client\eqgame_dll\MQ2DataTypes.h(1870): warning C4091: 'static ': ignored on left of 'MQ2MerchantType::MerchantMethods' when no variable is declared (compiling source file MQ2ParseAPI.cpp)
  pet_window.cpp
C:\Users\kraqu\Desktop\NMS Public Release\Source\Release-NMS-Client\eqgame_dll\MQ2DataTypes.h(1948): warning C4091: 'static ': ignored on left of 'MQ2WindowType::WindowMembers' when no variable is declared (compiling source file MQ2ParseAPI.cpp)
C:\Users\kraqu\Desktop\NMS Public Release\Source\Release-NMS-Client\eqgame_dll\MQ2DataTypes.h(1960): warning C4091: 'static ': ignored on left of 'MQ2WindowType::WindowMethods' when no variable is declared (compiling source file MQ2ParseAPI.cpp)
C:\Users\kraqu\Desktop\NMS Public Release\Source\Release-NMS-Client\eqgame_dll\MQ2DataTypes.h(2056): warning C4091: 'static ': ignored on left of 'MQ2MacroType::MacroMembers' when no variable is declared (compiling source file MQ2ParseAPI.cpp)
C:\Users\kraqu\Desktop\NMS Public Release\Source\Release-NMS-Client\eqgame_dll\MQ2DataTypes.h(2101): warning C4091: 'static ': ignored on left of 'MQ2ZoneType::ZoneMembers' when no variable is declared (compiling source file MQ2ParseAPI.cpp)
C:\Users\kraqu\Desktop\NMS Public Release\Source\Release-NMS-Client\eqgame_dll\MQ2DataTypes.h(2159): warning C4091: 'static ': ignored on left of 'MQ2CurrentZoneType::CurrentZoneMembers' when no variable is declared (compiling source file MQ2ParseAPI.cpp)
C:\Users\kraqu\Desktop\NMS Public Release\Source\Release-NMS-Client\eqgame_dll\MQ2DataTypes.h(2229): warning C4091: 'static ': ignored on left of 'MQ2MacroQuestType::MacroQuestMembers' when no variable is declared (compiling source file MQ2ParseAPI.cpp)
C:\Users\kraqu\Desktop\NMS Public Release\Source\Release-NMS-Client\eqgame_dll\MQ2DataTypes.h(2232): warning C4091: 'static ': ignored on left of 'MQ2MacroQuestType::MacroQuestMethods' when no variable is declared (compiling source file MQ2ParseAPI.cpp)
C:\Users\kraqu\Desktop\NMS Public Release\Source\Release-NMS-Client\eqgame_dll\MQ2DataTypes.h(2299): warning C4091: 'static ': ignored on left of 'MQ2MathType::MathMembers' when no variable is declared (compiling source file MQ2ParseAPI.cpp)
C:\Users\kraqu\Desktop\NMS Public Release\Source\Release-NMS-Client\eqgame_dll\MQ2DataTypes.h(172): warning C4091: 'static ': ignored on left of 'MQ2IntType::IntMembers' when no variable is declared (compiling source file MQ2PluginHandler.cpp)
C:\Users\kraqu\Desktop\NMS Public Release\Source\Release-NMS-Client\eqgame_dll\MQ2DataTypes.h(2345): warning C4091: 'static ': ignored on left of 'MQ2RaceType::RaceMembers' when no variable is declared (compiling source file MQ2ParseAPI.cpp)
C:\Users\kraqu\Desktop\NMS Public Release\Source\Release-NMS-Client\eqgame_dll\MQ2DataTypes.h(214): warning C4091: 'static ': ignored on left of 'MQ2ArgbType::ArgbMembers' when no variable is declared (compiling source file MQ2PluginHandler.cpp)
C:\Users\kraqu\Desktop\NMS Public Release\Source\Release-NMS-Client\eqgame_dll\MQ2DataTypes.h(2392): warning C4091: 'static ': ignored on left of 'MQ2ClassType::ClassMembers' when no variable is declared (compiling source file MQ2ParseAPI.cpp)
C:\Users\kraqu\Desktop\NMS Public Release\Source\Release-NMS-Client\eqgame_dll\MQ2DataTypes.h(2438): warning C4091: 'static ': ignored on left of 'MQ2BodyType::BodyMembers' when no variable is declared (compiling source file MQ2ParseAPI.cpp)
C:\Users\kraqu\Desktop\NMS Public Release\Source\Release-NMS-Client\eqgame_dll\MQ2DataTypes.h(2476): warning C4091: 'static ': ignored on left of 'MQ2DeityType::DeityMembers' when no variable is declared (compiling source file MQ2ParseAPI.cpp)
C:\Users\kraqu\Desktop\NMS Public Release\Source\Release-NMS-Client\eqgame_dll\MQ2DataTypes.h(303): warning C4091: 'static ': ignored on left of 'MQ2StringType::StringMembers' when no variable is declared (compiling source file MQ2PluginHandler.cpp)
C:\Users\kraqu\Desktop\NMS Public Release\Source\Release-NMS-Client\eqgame_dll\MQ2DataTypes.h(2525): warning C4091: 'static ': ignored on left of 'MQ2TimeType::TimeMembers' when no variable is declared (compiling source file MQ2ParseAPI.cpp)
C:\Users\kraqu\Desktop\NMS Public Release\Source\Release-NMS-Client\eqgame_dll\MQ2DataTypes.h(367): warning C4091: 'static ': ignored on left of 'MQ2FloatType::FloatMembers' when no variable is declared (compiling source file MQ2PluginHandler.cpp)
C:\Users\kraqu\Desktop\NMS Public Release\Source\Release-NMS-Client\eqgame_dll\MQ2DataTypes.h(2590): warning C4091: 'static ': ignored on left of 'MQ2TypeType::TypeMembers' when no variable is declared (compiling source file MQ2ParseAPI.cpp)
C:\Users\kraqu\Desktop\NMS Public Release\Source\Release-NMS-Client\eqgame_dll\MQ2DataTypes.h(418): warning C4091: 'static ': ignored on left of 'MQ2TicksType::TicksMembers' when no variable is declared (compiling source file MQ2PluginHandler.cpp)
C:\Users\kraqu\Desktop\NMS Public Release\Source\Release-NMS-Client\eqgame_dll\MQ2DataTypes.h(2631): warning C4091: 'static ': ignored on left of 'MQ2HeadingType::HeadingMembers' when no variable is declared (compiling source file MQ2ParseAPI.cpp)
C:\Users\kraqu\Desktop\NMS Public Release\Source\Release-NMS-Client\eqgame_dll\MQ2DataTypes.h(2634): warning C4091: 'static ': ignored on left of 'MQ2HeadingType::HeadingMethods' when no variable is declared (compiling source file MQ2ParseAPI.cpp)
C:\Users\kraqu\Desktop\NMS Public Release\Source\Release-NMS-Client\eqgame_dll\MQ2DataTypes.h(2685): warning C4091: 'static ': ignored on left of 'MQ2InvSlotType::InvSlotMembers' when no variable is declared (compiling source file MQ2ParseAPI.cpp)
C:\Users\kraqu\Desktop\NMS Public Release\Source\Release-NMS-Client\eqgame_dll\MQ2DataTypes.h(2688): warning C4091: 'static ': ignored on left of 'MQ2InvSlotType::InvSlotMethods' when no variable is declared (compiling source file MQ2ParseAPI.cpp)
C:\Users\kraqu\Desktop\NMS Public Release\Source\Release-NMS-Client\eqgame_dll\MQ2DataTypes.h(558): warning C4091: 'static ': ignored on left of 'MQ2SpawnType::SpawnMembers' when no variable is declared (compiling source file MQ2PluginHandler.cpp)
C:\Users\kraqu\Desktop\NMS Public Release\Source\Release-NMS-Client\eqgame_dll\MQ2DataTypes.h(566): warning C4091: 'static ': ignored on left of 'MQ2SpawnType::SpawnMethods' when no variable is declared (compiling source file MQ2PluginHandler.cpp)
C:\Users\kraqu\Desktop\NMS Public Release\Source\Release-NMS-Client\eqgame_dll\MQ2DataTypes.h(2744): warning C4091: 'static ': ignored on left of 'MQ2PluginType::PluginMembers' when no variable is declared (compiling source file MQ2ParseAPI.cpp)
C:\Users\kraqu\Desktop\NMS Public Release\Source\Release-NMS-Client\eqgame_dll\EQData.h(464,2): warning C4091: 'typedef ': ignored on left of 'EQData::MaterialType' when no variable is declared (compiling source file MQ2Mouse.cpp)
C:\Users\kraqu\Desktop\NMS Public Release\Source\Release-NMS-Client\eqgame_dll\MQ2DataTypes.h(2789): warning C4091: 'static ': ignored on left of 'MQ2BenchmarkType::BenchmarkMembers' when no variable is declared (compiling source file MQ2ParseAPI.cpp)
C:\Users\kraqu\Desktop\NMS Public Release\Source\Release-NMS-Client\eqgame_dll\MQ2DataTypes.h(2837): warning C4091: 'static ': ignored on left of 'MQ2SkillType::SkillMembers' when no variable is declared (compiling source file MQ2ParseAPI.cpp)
C:\Users\kraqu\Desktop\NMS Public Release\Source\Release-NMS-Client\eqgame_dll\MQ2DataTypes.h(2840): warning C4091: 'static ': ignored on left of 'MQ2SkillType::SkillMethods' when no variable is declared (compiling source file MQ2ParseAPI.cpp)
C:\Users\kraqu\Desktop\NMS Public Release\Source\Release-NMS-Client\eqgame_dll\MQ2DataTypes.h(2903): warning C4091: 'static ': ignored on left of 'MQ2AltAbilityType::AltAbilityMembers' when no variable is declared (compiling source file MQ2ParseAPI.cpp)
C:\Users\kraqu\Desktop\NMS Public Release\Source\Release-NMS-Client\eqgame_dll\MQ2DataTypes.h(2906): warning C4091: 'static ': ignored on left of 'MQ2AltAbilityType::AltAbilityMethods' when no variable is declared (compiling source file MQ2ParseAPI.cpp)
C:\Users\kraqu\Desktop\NMS Public Release\Source\Release-NMS-Client\eqgame_dll\MQ2DataTypes.h(916): warning C4091: 'static ': ignored on left of 'MQ2CharacterType::CharacterMembers' when no variable is declared (compiling source file MQ2PluginHandler.cpp)
C:\Users\kraqu\Desktop\NMS Public Release\Source\Release-NMS-Client\eqgame_dll\MQ2DataTypes.h(922): warning C4091: 'static ': ignored on left of 'MQ2CharacterType::CharacterMethods' when no variable is declared (compiling source file MQ2PluginHandler.cpp)
C:\Users\kraqu\Desktop\NMS Public Release\Source\Release-NMS-Client\eqgame_dll\MQ2DataTypes.h(2953): warning C4091: 'static ': ignored on left of 'MQ2TimerType::TimerMembers' when no variable is declared (compiling source file MQ2ParseAPI.cpp)
C:\Users\kraqu\Desktop\NMS Public Release\Source\Release-NMS-Client\eqgame_dll\MQ2DataTypes.h(2959): warning C4091: 'static ': ignored on left of 'MQ2TimerType::TimerMethods' when no variable is declared (compiling source file MQ2ParseAPI.cpp)
C:\Users\kraqu\Desktop\NMS Public Release\Source\Release-NMS-Client\eqgame_dll\MQ2DataTypes.h(3055): warning C4091: 'static ': ignored on left of 'MQ2ArrayType::ArrayMembers' when no variable is declared (compiling source file MQ2ParseAPI.cpp)
C:\Users\kraqu\Desktop\NMS Public Release\Source\Release-NMS-Client\eqgame_dll\MQ2DataTypes.h(3105): warning C4091: 'static ': ignored on left of 'MQ2GroupType::GroupMembers' when no variable is declared (compiling source file MQ2ParseAPI.cpp)
C:\Users\kraqu\Desktop\NMS Public Release\Source\Release-NMS-Client\eqgame_dll\MQ2DataTypes.h(3108): warning C4091: 'static ': ignored on left of 'MQ2GroupType::GroupMethods' when no variable is declared (compiling source file MQ2ParseAPI.cpp)
C:\Users\kraqu\Desktop\NMS Public Release\Source\Release-NMS-Client\eqgame_dll\MQ2DataTypes.h(3152): warning C4091: 'static ': ignored on left of 'MQ2GroupMemberType::GroupMemberMembers' when no variable is declared (compiling source file MQ2ParseAPI.cpp)
C:\Users\kraqu\Desktop\NMS Public Release\Source\Release-NMS-Client\eqgame_dll\MQ2DataTypes.h(3155): warning C4091: 'static ': ignored on left of 'MQ2GroupMemberType::GroupMemberMethods' when no variable is declared (compiling source file MQ2ParseAPI.cpp)
C:\Users\kraqu\Desktop\NMS Public Release\Source\Release-NMS-Client\eqgame_dll\MQ2DataTypes.h(1187): warning C4091: 'static ': ignored on left of 'MQ2SpellType::SpellMembers' when no variable is declared (compiling source file MQ2PluginHandler.cpp)
C:\Users\kraqu\Desktop\NMS Public Release\Source\Release-NMS-Client\eqgame_dll\MQ2DataTypes.h(1190): warning C4091: 'static ': ignored on left of 'MQ2SpellType::SpellMethods' when no variable is declared (compiling source file MQ2PluginHandler.cpp)
C:\Users\kraqu\Desktop\NMS Public Release\Source\Release-NMS-Client\eqgame_dll\MQ2DataTypes.h(3209): warning C4091: 'static ': ignored on left of 'MQ2RaidType::RaidMembers' when no variable is declared (compiling source file MQ2ParseAPI.cpp)
C:\Users\kraqu\Desktop\NMS Public Release\Source\Release-NMS-Client\eqgame_dll\MQ2DataTypes.h(3212): warning C4091: 'static ': ignored on left of 'MQ2RaidType::RaidMethods' when no variable is declared (compiling source file MQ2ParseAPI.cpp)
C:\Users\kraqu\Desktop\NMS Public Release\Source\Release-NMS-Client\eqgame_dll\MQ2DataTypes.h(3264): warning C4091: 'static ': ignored on left of 'MQ2RaidMemberType::RaidMemberMembers' when no variable is declared (compiling source file MQ2ParseAPI.cpp)
C:\Users\kraqu\Desktop\NMS Public Release\Source\Release-NMS-Client\eqgame_dll\MQ2DataTypes.h(1271): warning C4091: 'static ': ignored on left of 'MQ2BuffType::BuffMembers' when no variable is declared (compiling source file MQ2PluginHandler.cpp)
C:\Users\kraqu\Desktop\NMS Public Release\Source\Release-NMS-Client\eqgame_dll\MQ2DataTypes.h(3267): warning C4091: 'static ': ignored on left of 'MQ2RaidMemberType::RaidMemberMethods' when no variable is declared (compiling source file MQ2ParseAPI.cpp)
C:\Users\kraqu\Desktop\NMS Public Release\Source\Release-NMS-Client\eqgame_dll\MQ2DataTypes.h(1275): warning C4091: 'static ': ignored on left of 'MQ2BuffType::BuffMethods' when no variable is declared (compiling source file MQ2PluginHandler.cpp)
C:\Users\kraqu\Desktop\NMS Public Release\Source\Release-NMS-Client\eqgame_dll\MQ2DataTypes.h(3320): warning C4091: 'static ': ignored on left of 'MQ2EvolvingItemType::EvolvingItemMembers' when no variable is declared (compiling source file MQ2ParseAPI.cpp)
C:\Users\kraqu\Desktop\NMS Public Release\Source\Release-NMS-Client\eqgame_dll\MQ2DataTypes.h(1468): warning C4091: 'static ': ignored on left of 'MQ2ItemType::ItemMembers' when no variable is declared (compiling source file MQ2PluginHandler.cpp)
C:\Users\kraqu\Desktop\NMS Public Release\Source\Release-NMS-Client\eqgame_dll\MQ2DataTypes.h(1471): warning C4091: 'static ': ignored on left of 'MQ2ItemType::ItemMethods' when no variable is declared (compiling source file MQ2PluginHandler.cpp)
C:\Users\kraqu\Desktop\NMS Public Release\Source\Release-NMS-Client\eqgame_dll\MQ2DataTypes.h(3363): warning C4091: 'static ': ignored on left of 'MQ2DynamicZoneType::DynamicZoneMembers' when no variable is declared (compiling source file MQ2ParseAPI.cpp)
C:\Users\kraqu\Desktop\NMS Public Release\Source\Release-NMS-Client\eqgame_dll\MQ2DataTypes.h(3402): warning C4091: 'static ': ignored on left of 'MQ2DZMemberType::DZMemberTypeMembers' when no variable is declared (compiling source file MQ2ParseAPI.cpp)
C:\Users\kraqu\Desktop\NMS Public Release\Source\Release-NMS-Client\eqgame_dll\MQ2DataTypes.h(3443): warning C4091: 'static ': ignored on left of 'MQ2FellowshipType::FellowshipTypeMembers' when no variable is declared (compiling source file MQ2ParseAPI.cpp)
C:\Users\kraqu\Desktop\NMS Public Release\Source\Release-NMS-Client\eqgame_dll\MQ2DataTypes.h(3490): warning C4091: 'static ': ignored on left of 'MQ2FellowshipMemberType::FMTypeMembers' when no variable is declared (compiling source file MQ2ParseAPI.cpp)
C:\Users\kraqu\Desktop\NMS Public Release\Source\Release-NMS-Client\eqgame_dll\MQ2DataTypes.h(1669): warning C4091: 'static ': ignored on left of 'MQ2SwitchType::SwitchMembers' when no variable is declared (compiling source file MQ2PluginHandler.cpp)
C:\Users\kraqu\Desktop\NMS Public Release\Source\Release-NMS-Client\eqgame_dll\MQ2DataTypes.h(1673): warning C4091: 'static ': ignored on left of 'MQ2SwitchType::SwitchMethods' when no variable is declared (compiling source file MQ2PluginHandler.cpp)
C:\Users\kraqu\Desktop\NMS Public Release\Source\Release-NMS-Client\eqgame_dll\MQ2DataTypes.h(3524): warning C4091: 'static ': ignored on left of 'MQ2FriendsType::FriendsMembers' when no variable is declared (compiling source file MQ2ParseAPI.cpp)
C:\Users\kraqu\Desktop\NMS Public Release\Source\Release-NMS-Client\eqgame_dll\MQ2DataTypes.h(3527): warning C4091: 'static ': ignored on left of 'MQ2FriendsType::FriendsMethods' when no variable is declared (compiling source file MQ2ParseAPI.cpp)
C:\Users\kraqu\Desktop\NMS Public Release\Source\Release-NMS-Client\eqgame_dll\MQ2DataTypes.h(3572): warning C4091: 'static ': ignored on left of 'MQ2TargetType::TargetMembers' when no variable is declared (compiling source file MQ2ParseAPI.cpp)
C:\Users\kraqu\Desktop\NMS Public Release\Source\Release-NMS-Client\eqgame_dll\MQ2DataTypes.h(1749): warning C4091: 'static ': ignored on left of 'MQ2GroundType::GroundMembers' when no variable is declared (compiling source file MQ2PluginHandler.cpp)
C:\Users\kraqu\Desktop\NMS Public Release\Source\Release-NMS-Client\eqgame_dll\MQ2DataTypes.h(1753): warning C4091: 'static ': ignored on left of 'MQ2GroundType::GroundMethods' when no variable is declared (compiling source file MQ2PluginHandler.cpp)
C:\Users\kraqu\Desktop\NMS Public Release\Source\Release-NMS-Client\eqgame_dll\MQ2DataTypes.h(3650): warning C4091: 'static ': ignored on left of 'MQ2XTargetType::xTargetMembers' when no variable is declared (compiling source file MQ2ParseAPI.cpp)
C:\Users\kraqu\Desktop\NMS Public Release\Source\Release-NMS-Client\eqgame_dll\MQ2DataTypes.h(1816): warning C4091: 'static ': ignored on left of 'MQ2CorpseType::CorpseMembers' when no variable is declared (compiling source file MQ2PluginHandler.cpp)
C:\Users\kraqu\Desktop\NMS Public Release\Source\Release-NMS-Client\eqgame_dll\MQ2DataTypes.h(1819): warning C4091: 'static ': ignored on left of 'MQ2CorpseType::CorpseMethods' when no variable is declared (compiling source file MQ2PluginHandler.cpp)
C:\Users\kraqu\Desktop\NMS Public Release\Source\Release-NMS-Client\eqgame_dll\MQ2DataTypes.h(1867): warning C4091: 'static ': ignored on left of 'MQ2MerchantType::MerchantMembers' when no variable is declared (compiling source file MQ2PluginHandler.cpp)
C:\Users\kraqu\Desktop\NMS Public Release\Source\Release-NMS-Client\eqgame_dll\MQ2DataTypes.h(1870): warning C4091: 'static ': ignored on left of 'MQ2MerchantType::MerchantMethods' when no variable is declared (compiling source file MQ2PluginHandler.cpp)
C:\Users\kraqu\Desktop\NMS Public Release\Source\Release-NMS-Client\eqgame_dll\MQ2DataTypes.h(1948): warning C4091: 'static ': ignored on left of 'MQ2WindowType::WindowMembers' when no variable is declared (compiling source file MQ2PluginHandler.cpp)
C:\Users\kraqu\Desktop\NMS Public Release\Source\Release-NMS-Client\eqgame_dll\MQ2DataTypes.h(1960): warning C4091: 'static ': ignored on left of 'MQ2WindowType::WindowMethods' when no variable is declared (compiling source file MQ2PluginHandler.cpp)
C:\Users\kraqu\Desktop\NMS Public Release\Source\Release-NMS-Client\eqgame_dll\MQ2DataTypes.h(2056): warning C4091: 'static ': ignored on left of 'MQ2MacroType::MacroMembers' when no variable is declared (compiling source file MQ2PluginHandler.cpp)
C:\Users\kraqu\Desktop\NMS Public Release\Source\Release-NMS-Client\eqgame_dll\MQ2DataTypes.h(2101): warning C4091: 'static ': ignored on left of 'MQ2ZoneType::ZoneMembers' when no variable is declared (compiling source file MQ2PluginHandler.cpp)
C:\Users\kraqu\Desktop\NMS Public Release\Source\Release-NMS-Client\eqgame_dll\MQ2DataTypes.h(2159): warning C4091: 'static ': ignored on left of 'MQ2CurrentZoneType::CurrentZoneMembers' when no variable is declared (compiling source file MQ2PluginHandler.cpp)
C:\Users\kraqu\Desktop\NMS Public Release\Source\Release-NMS-Client\eqgame_dll\MQ2DataTypes.h(2229): warning C4091: 'static ': ignored on left of 'MQ2MacroQuestType::MacroQuestMembers' when no variable is declared (compiling source file MQ2PluginHandler.cpp)
C:\Users\kraqu\Desktop\NMS Public Release\Source\Release-NMS-Client\eqgame_dll\MQ2DataTypes.h(2232): warning C4091: 'static ': ignored on left of 'MQ2MacroQuestType::MacroQuestMethods' when no variable is declared (compiling source file MQ2PluginHandler.cpp)
C:\Users\kraqu\Desktop\NMS Public Release\Source\Release-NMS-Client\eqgame_dll\MQ2DataTypes.h(2299): warning C4091: 'static ': ignored on left of 'MQ2MathType::MathMembers' when no variable is declared (compiling source file MQ2PluginHandler.cpp)
C:\Users\kraqu\Desktop\NMS Public Release\Source\Release-NMS-Client\eqgame_dll\MQ2DataTypes.h(2345): warning C4091: 'static ': ignored on left of 'MQ2RaceType::RaceMembers' when no variable is declared (compiling source file MQ2PluginHandler.cpp)
C:\Users\kraqu\Desktop\NMS Public Release\Source\Release-NMS-Client\eqgame_dll\MQ2DataTypes.h(2392): warning C4091: 'static ': ignored on left of 'MQ2ClassType::ClassMembers' when no variable is declared (compiling source file MQ2PluginHandler.cpp)
C:\Users\kraqu\Desktop\NMS Public Release\Source\Release-NMS-Client\eqgame_dll\MQ2Main.h(776,7): warning C4200: nonstandard extension used: zero-sized array in struct/union (compiling source file MQ2ParseAPI.cpp)
C:\Users\kraqu\Desktop\NMS Public Release\Source\Release-NMS-Client\eqgame_dll\MQ2Main.h(776,7): message : This member will be ignored by a defaulted constructor or copy/move assignment operator (compiling source file MQ2ParseAPI.cpp)
C:\Users\kraqu\Desktop\NMS Public Release\Source\Release-NMS-Client\eqgame_dll\MQ2DataTypes.h(2438): warning C4091: 'static ': ignored on left of 'MQ2BodyType::BodyMembers' when no variable is declared (compiling source file MQ2PluginHandler.cpp)
C:\Users\kraqu\Desktop\NMS Public Release\Source\Release-NMS-Client\eqgame_dll\MQ2DataTypes.h(2476): warning C4091: 'static ': ignored on left of 'MQ2DeityType::DeityMembers' when no variable is declared (compiling source file MQ2PluginHandler.cpp)
C:\Users\kraqu\Desktop\NMS Public Release\Source\Release-NMS-Client\eqgame_dll\MQ2DataTypes.h(2525): warning C4091: 'static ': ignored on left of 'MQ2TimeType::TimeMembers' when no variable is declared (compiling source file MQ2PluginHandler.cpp)
C:\Users\kraqu\Desktop\NMS Public Release\Source\Release-NMS-Client\eqgame_dll\MQ2DataTypes.h(2590): warning C4091: 'static ': ignored on left of 'MQ2TypeType::TypeMembers' when no variable is declared (compiling source file MQ2PluginHandler.cpp)
C:\Users\kraqu\Desktop\NMS Public Release\Source\Release-NMS-Client\eqgame_dll\MQ2DataTypes.h(2631): warning C4091: 'static ': ignored on left of 'MQ2HeadingType::HeadingMembers' when no variable is declared (compiling source file MQ2PluginHandler.cpp)
C:\Users\kraqu\Desktop\NMS Public Release\Source\Release-NMS-Client\eqgame_dll\MQ2DataTypes.h(2634): warning C4091: 'static ': ignored on left of 'MQ2HeadingType::HeadingMethods' when no variable is declared (compiling source file MQ2PluginHandler.cpp)
C:\Users\kraqu\Desktop\NMS Public Release\Source\Release-NMS-Client\eqgame_dll\MQ2DataTypes.h(2685): warning C4091: 'static ': ignored on left of 'MQ2InvSlotType::InvSlotMembers' when no variable is declared (compiling source file MQ2PluginHandler.cpp)
C:\Users\kraqu\Desktop\NMS Public Release\Source\Release-NMS-Client\eqgame_dll\MQ2DataTypes.h(2688): warning C4091: 'static ': ignored on left of 'MQ2InvSlotType::InvSlotMethods' when no variable is declared (compiling source file MQ2PluginHandler.cpp)
C:\Users\kraqu\Desktop\NMS Public Release\Source\Release-NMS-Client\eqgame_dll\MQ2DataTypes.h(2744): warning C4091: 'static ': ignored on left of 'MQ2PluginType::PluginMembers' when no variable is declared (compiling source file MQ2PluginHandler.cpp)
C:\Users\kraqu\Desktop\NMS Public Release\Source\Release-NMS-Client\eqgame_dll\MQ2DataTypes.h(2789): warning C4091: 'static ': ignored on left of 'MQ2BenchmarkType::BenchmarkMembers' when no variable is declared (compiling source file MQ2PluginHandler.cpp)
C:\Users\kraqu\Desktop\NMS Public Release\Source\Release-NMS-Client\eqgame_dll\MQ2DataTypes.h(2837): warning C4091: 'static ': ignored on left of 'MQ2SkillType::SkillMembers' when no variable is declared (compiling source file MQ2PluginHandler.cpp)
C:\Users\kraqu\Desktop\NMS Public Release\Source\Release-NMS-Client\eqgame_dll\MQ2DataTypes.h(2840): warning C4091: 'static ': ignored on left of 'MQ2SkillType::SkillMethods' when no variable is declared (compiling source file MQ2PluginHandler.cpp)
C:\Users\kraqu\Desktop\NMS Public Release\Source\Release-NMS-Client\eqgame_dll\MQ2DataTypes.h(2903): warning C4091: 'static ': ignored on left of 'MQ2AltAbilityType::AltAbilityMembers' when no variable is declared (compiling source file MQ2PluginHandler.cpp)
  waypoint_window.cpp
C:\Users\kraqu\Desktop\NMS Public Release\Source\Release-NMS-Client\eqgame_dll\MQ2DataTypes.h(2906): warning C4091: 'static ': ignored on left of 'MQ2AltAbilityType::AltAbilityMethods' when no variable is declared (compiling source file MQ2PluginHandler.cpp)
C:\Users\kraqu\Desktop\NMS Public Release\Source\Release-NMS-Client\eqgame_dll\MQ2DataTypes.h(2953): warning C4091: 'static ': ignored on left of 'MQ2TimerType::TimerMembers' when no variable is declared (compiling source file MQ2PluginHandler.cpp)
C:\Users\kraqu\Desktop\NMS Public Release\Source\Release-NMS-Client\eqgame_dll\MQ2DataTypes.h(2959): warning C4091: 'static ': ignored on left of 'MQ2TimerType::TimerMethods' when no variable is declared (compiling source file MQ2PluginHandler.cpp)
C:\Users\kraqu\Desktop\NMS Public Release\Source\Release-NMS-Client\eqgame_dll\MQ2DataTypes.h(3055): warning C4091: 'static ': ignored on left of 'MQ2ArrayType::ArrayMembers' when no variable is declared (compiling source file MQ2PluginHandler.cpp)
C:\Users\kraqu\Desktop\NMS Public Release\Source\Release-NMS-Client\eqgame_dll\MQ2DataTypes.h(3105): warning C4091: 'static ': ignored on left of 'MQ2GroupType::GroupMembers' when no variable is declared (compiling source file MQ2PluginHandler.cpp)
C:\Users\kraqu\Desktop\NMS Public Release\Source\Release-NMS-Client\eqgame_dll\MQ2DataTypes.h(3108): warning C4091: 'static ': ignored on left of 'MQ2GroupType::GroupMethods' when no variable is declared (compiling source file MQ2PluginHandler.cpp)
C:\Users\kraqu\Desktop\NMS Public Release\Source\Release-NMS-Client\eqgame_dll\MQ2DataTypes.h(3152): warning C4091: 'static ': ignored on left of 'MQ2GroupMemberType::GroupMemberMembers' when no variable is declared (compiling source file MQ2PluginHandler.cpp)
C:\Users\kraqu\Desktop\NMS Public Release\Source\Release-NMS-Client\eqgame_dll\MQ2DataTypes.h(3155): warning C4091: 'static ': ignored on left of 'MQ2GroupMemberType::GroupMemberMethods' when no variable is declared (compiling source file MQ2PluginHandler.cpp)
C:\Users\kraqu\Desktop\NMS Public Release\Source\Release-NMS-Client\eqgame_dll\MQ2DataTypes.h(3209): warning C4091: 'static ': ignored on left of 'MQ2RaidType::RaidMembers' when no variable is declared (compiling source file MQ2PluginHandler.cpp)
C:\Users\kraqu\Desktop\NMS Public Release\Source\Release-NMS-Client\eqgame_dll\MQ2DataTypes.h(3212): warning C4091: 'static ': ignored on left of 'MQ2RaidType::RaidMethods' when no variable is declared (compiling source file MQ2PluginHandler.cpp)
C:\Users\kraqu\Desktop\NMS Public Release\Source\Release-NMS-Client\eqgame_dll\MQ2DataTypes.h(3264): warning C4091: 'static ': ignored on left of 'MQ2RaidMemberType::RaidMemberMembers' when no variable is declared (compiling source file MQ2PluginHandler.cpp)
C:\Users\kraqu\Desktop\NMS Public Release\Source\Release-NMS-Client\eqgame_dll\MQ2DataTypes.h(3267): warning C4091: 'static ': ignored on left of 'MQ2RaidMemberType::RaidMemberMethods' when no variable is declared (compiling source file MQ2PluginHandler.cpp)
C:\Users\kraqu\Desktop\NMS Public Release\Source\Release-NMS-Client\eqgame_dll\MQ2DataTypes.h(3320): warning C4091: 'static ': ignored on left of 'MQ2EvolvingItemType::EvolvingItemMembers' when no variable is declared (compiling source file MQ2PluginHandler.cpp)
C:\Users\kraqu\Desktop\NMS Public Release\Source\Release-NMS-Client\eqgame_dll\MQ2DataTypes.h(3363): warning C4091: 'static ': ignored on left of 'MQ2DynamicZoneType::DynamicZoneMembers' when no variable is declared (compiling source file MQ2PluginHandler.cpp)
C:\Users\kraqu\Desktop\NMS Public Release\Source\Release-NMS-Client\eqgame_dll\MQ2DataTypes.h(3402): warning C4091: 'static ': ignored on left of 'MQ2DZMemberType::DZMemberTypeMembers' when no variable is declared (compiling source file MQ2PluginHandler.cpp)
C:\Users\kraqu\Desktop\NMS Public Release\Source\Release-NMS-Client\eqgame_dll\MQ2DataTypes.h(3443): warning C4091: 'static ': ignored on left of 'MQ2FellowshipType::FellowshipTypeMembers' when no variable is declared (compiling source file MQ2PluginHandler.cpp)
C:\Users\kraqu\Desktop\NMS Public Release\Source\Release-NMS-Client\eqgame_dll\MQ2DataTypes.h(3490): warning C4091: 'static ': ignored on left of 'MQ2FellowshipMemberType::FMTypeMembers' when no variable is declared (compiling source file MQ2PluginHandler.cpp)
C:\Users\kraqu\Desktop\NMS Public Release\Source\Release-NMS-Client\eqgame_dll\MQ2DataTypes.h(3524): warning C4091: 'static ': ignored on left of 'MQ2FriendsType::FriendsMembers' when no variable is declared (compiling source file MQ2PluginHandler.cpp)
C:\Users\kraqu\Desktop\NMS Public Release\Source\Release-NMS-Client\eqgame_dll\MQ2DataTypes.h(3527): warning C4091: 'static ': ignored on left of 'MQ2FriendsType::FriendsMethods' when no variable is declared (compiling source file MQ2PluginHandler.cpp)
C:\Users\kraqu\Desktop\NMS Public Release\Source\Release-NMS-Client\eqgame_dll\MQ2DataTypes.h(3572): warning C4091: 'static ': ignored on left of 'MQ2TargetType::TargetMembers' when no variable is declared (compiling source file MQ2PluginHandler.cpp)
C:\Users\kraqu\Desktop\NMS Public Release\Source\Release-NMS-Client\eqgame_dll\MQ2DataTypes.h(3650): warning C4091: 'static ': ignored on left of 'MQ2XTargetType::xTargetMembers' when no variable is declared (compiling source file MQ2PluginHandler.cpp)
C:\Users\kraqu\Desktop\NMS Public Release\Source\Release-NMS-Client\eqgame_dll\MQ2Main.h(776,7): warning C4200: nonstandard extension used: zero-sized array in struct/union (compiling source file MQ2PluginHandler.cpp)
C:\Users\kraqu\Desktop\NMS Public Release\Source\Release-NMS-Client\eqgame_dll\MQ2Main.h(776,7): message : This member will be ignored by a defaulted constructor or copy/move assignment operator (compiling source file MQ2PluginHandler.cpp)
  who_multiclass.cpp
C:\Users\kraqu\Desktop\NMS Public Release\Source\Release-NMS-Client\eqgame_dll\MQ2Labels.cpp(323,2): warning C4091: 'typedef ': ignored on left of 'eStatEntry' when no variable is declared
C:\Users\kraqu\Desktop\NMS Public Release\Source\Release-NMS-Client\eqgame_dll\MQ2Labels.cpp(845,3): warning C4091: 'typedef ': ignored on left of 'EQLabelTypes' when no variable is declared
C:\Users\kraqu\Desktop\NMS Public Release\Source\Release-NMS-Client\eqgame_dll\MQ2Internal.h(131,6): warning C4091: 'static ': ignored on left of 'MQ2Internal::SearchItemFlag' when no variable is declared (compiling source file MQ2MapCommands.cpp)
C:\Users\kraqu\Desktop\NMS Public Release\Source\Release-NMS-Client\eqgame_dll\EQData.h(464,2): warning C4091: 'typedef ': ignored on left of 'EQData::MaterialType' when no variable is declared (compiling source file MQ2Spawns.cpp)
C:\Users\kraqu\Desktop\NMS Public Release\Source\Release-NMS-Client\eqgame_dll\MQ2Labels.cpp(1104,29): warning C4200: nonstandard extension used: zero-sized array in struct/union
C:\Users\kraqu\Desktop\NMS Public Release\Source\Release-NMS-Client\eqgame_dll\MQ2Labels.cpp(1104,29): message : This member will be ignored by a defaulted constructor or copy/move assignment operator
C:\Users\kraqu\Desktop\NMS Public Release\Source\Release-NMS-Client\eqgame_dll\MQ2Labels.cpp(1105,2): warning C4091: 'typedef ': ignored on left of 'ServerAuthStat_Struct' when no variable is declared
C:\Users\kraqu\Desktop\NMS Public Release\Source\Release-NMS-Client\eqgame_dll\MQ2DataTypes.h(172): warning C4091: 'static ': ignored on left of 'MQ2IntType::IntMembers' when no variable is declared (compiling source file MQ2MapCommands.cpp)
C:\Users\kraqu\Desktop\NMS Public Release\Source\Release-NMS-Client\eqgame_dll\MQ2DataTypes.h(214): warning C4091: 'static ': ignored on left of 'MQ2ArgbType::ArgbMembers' when no variable is declared (compiling source file MQ2MapCommands.cpp)
C:\Users\kraqu\Desktop\NMS Public Release\Source\Release-NMS-Client\eqgame_dll\MQ2DataTypes.h(303): warning C4091: 'static ': ignored on left of 'MQ2StringType::StringMembers' when no variable is declared (compiling source file MQ2MapCommands.cpp)
C:\Users\kraqu\Desktop\NMS Public Release\Source\Release-NMS-Client\eqgame_dll\MQ2DataTypes.h(367): warning C4091: 'static ': ignored on left of 'MQ2FloatType::FloatMembers' when no variable is declared (compiling source file MQ2MapCommands.cpp)
C:\Users\kraqu\Desktop\NMS Public Release\Source\Release-NMS-Client\eqgame_dll\MQ2DataTypes.h(418): warning C4091: 'static ': ignored on left of 'MQ2TicksType::TicksMembers' when no variable is declared (compiling source file MQ2MapCommands.cpp)
C:\Users\kraqu\Desktop\NMS Public Release\Source\Release-NMS-Client\eqgame_dll\MQ2DataTypes.h(558): warning C4091: 'static ': ignored on left of 'MQ2SpawnType::SpawnMembers' when no variable is declared (compiling source file MQ2MapCommands.cpp)
C:\Users\kraqu\Desktop\NMS Public Release\Source\Release-NMS-Client\eqgame_dll\MQ2DataTypes.h(566): warning C4091: 'static ': ignored on left of 'MQ2SpawnType::SpawnMethods' when no variable is declared (compiling source file MQ2MapCommands.cpp)
C:\Users\kraqu\Desktop\NMS Public Release\Source\Release-NMS-Client\eqgame_dll\MQ2Internal.h(131,6): warning C4091: 'static ': ignored on left of 'MQ2Internal::SearchItemFlag' when no variable is declared (compiling source file MQ2Mouse.cpp)
C:\Users\kraqu\Desktop\NMS Public Release\Source\Release-NMS-Client\eqgame_dll\MQ2DataTypes.h(916): warning C4091: 'static ': ignored on left of 'MQ2CharacterType::CharacterMembers' when no variable is declared (compiling source file MQ2MapCommands.cpp)
C:\Users\kraqu\Desktop\NMS Public Release\Source\Release-NMS-Client\eqgame_dll\MQ2DataTypes.h(922): warning C4091: 'static ': ignored on left of 'MQ2CharacterType::CharacterMethods' when no variable is declared (compiling source file MQ2MapCommands.cpp)
C:\Users\kraqu\Desktop\NMS Public Release\Source\Release-NMS-Client\eqgame_dll\MQ2DataTypes.h(1187): warning C4091: 'static ': ignored on left of 'MQ2SpellType::SpellMembers' when no variable is declared (compiling source file MQ2MapCommands.cpp)
C:\Users\kraqu\Desktop\NMS Public Release\Source\Release-NMS-Client\eqgame_dll\MQ2DataTypes.h(1190): warning C4091: 'static ': ignored on left of 'MQ2SpellType::SpellMethods' when no variable is declared (compiling source file MQ2MapCommands.cpp)
C:\Users\kraqu\Desktop\NMS Public Release\Source\Release-NMS-Client\eqgame_dll\MQ2DataTypes.h(1271): warning C4091: 'static ': ignored on left of 'MQ2BuffType::BuffMembers' when no variable is declared (compiling source file MQ2MapCommands.cpp)
C:\Users\kraqu\Desktop\NMS Public Release\Source\Release-NMS-Client\eqgame_dll\MQ2DataTypes.h(1275): warning C4091: 'static ': ignored on left of 'MQ2BuffType::BuffMethods' when no variable is declared (compiling source file MQ2MapCommands.cpp)
C:\Users\kraqu\Desktop\NMS Public Release\Source\Release-NMS-Client\eqgame_dll\MQ2DataTypes.h(1468): warning C4091: 'static ': ignored on left of 'MQ2ItemType::ItemMembers' when no variable is declared (compiling source file MQ2MapCommands.cpp)
C:\Users\kraqu\Desktop\NMS Public Release\Source\Release-NMS-Client\eqgame_dll\MQ2DataTypes.h(1471): warning C4091: 'static ': ignored on left of 'MQ2ItemType::ItemMethods' when no variable is declared (compiling source file MQ2MapCommands.cpp)
C:\Users\kraqu\Desktop\NMS Public Release\Source\Release-NMS-Client\eqgame_dll\EQData.h(464,2): warning C4091: 'typedef ': ignored on left of 'EQData::MaterialType' when no variable is declared (compiling source file MQ2Pulse.cpp)
C:\Users\kraqu\Desktop\NMS Public Release\Source\Release-NMS-Client\eqgame_dll\MQ2DataTypes.h(1669): warning C4091: 'static ': ignored on left of 'MQ2SwitchType::SwitchMembers' when no variable is declared (compiling source file MQ2MapCommands.cpp)
C:\Users\kraqu\Desktop\NMS Public Release\Source\Release-NMS-Client\eqgame_dll\MQ2DataTypes.h(1673): warning C4091: 'static ': ignored on left of 'MQ2SwitchType::SwitchMethods' when no variable is declared (compiling source file MQ2MapCommands.cpp)
C:\Users\kraqu\Desktop\NMS Public Release\Source\Release-NMS-Client\eqgame_dll\MQ2DataTypes.h(1749): warning C4091: 'static ': ignored on left of 'MQ2GroundType::GroundMembers' when no variable is declared (compiling source file MQ2MapCommands.cpp)
C:\Users\kraqu\Desktop\NMS Public Release\Source\Release-NMS-Client\eqgame_dll\MQ2DataTypes.h(1753): warning C4091: 'static ': ignored on left of 'MQ2GroundType::GroundMethods' when no variable is declared (compiling source file MQ2MapCommands.cpp)
C:\Users\kraqu\Desktop\NMS Public Release\Source\Release-NMS-Client\eqgame_dll\MQ2DataTypes.h(1816): warning C4091: 'static ': ignored on left of 'MQ2CorpseType::CorpseMembers' when no variable is declared (compiling source file MQ2MapCommands.cpp)
C:\Users\kraqu\Desktop\NMS Public Release\Source\Release-NMS-Client\eqgame_dll\MQ2DataTypes.h(1819): warning C4091: 'static ': ignored on left of 'MQ2CorpseType::CorpseMethods' when no variable is declared (compiling source file MQ2MapCommands.cpp)
C:\Users\kraqu\Desktop\NMS Public Release\Source\Release-NMS-Client\eqgame_dll\MQ2DataTypes.h(1867): warning C4091: 'static ': ignored on left of 'MQ2MerchantType::MerchantMembers' when no variable is declared (compiling source file MQ2MapCommands.cpp)
C:\Users\kraqu\Desktop\NMS Public Release\Source\Release-NMS-Client\eqgame_dll\MQ2DataTypes.h(1870): warning C4091: 'static ': ignored on left of 'MQ2MerchantType::MerchantMethods' when no variable is declared (compiling source file MQ2MapCommands.cpp)
C:\Users\kraqu\Desktop\NMS Public Release\Source\Release-NMS-Client\eqgame_dll\MQ2DataTypes.h(1948): warning C4091: 'static ': ignored on left of 'MQ2WindowType::WindowMembers' when no variable is declared (compiling source file MQ2MapCommands.cpp)
C:\Users\kraqu\Desktop\NMS Public Release\Source\Release-NMS-Client\eqgame_dll\MQ2DataTypes.h(1960): warning C4091: 'static ': ignored on left of 'MQ2WindowType::WindowMethods' when no variable is declared (compiling source file MQ2MapCommands.cpp)
C:\Users\kraqu\Desktop\NMS Public Release\Source\Release-NMS-Client\eqgame_dll\MQ2DataTypes.h(2056): warning C4091: 'static ': ignored on left of 'MQ2MacroType::MacroMembers' when no variable is declared (compiling source file MQ2MapCommands.cpp)
C:\Users\kraqu\Desktop\NMS Public Release\Source\Release-NMS-Client\eqgame_dll\MQ2DataTypes.h(2101): warning C4091: 'static ': ignored on left of 'MQ2ZoneType::ZoneMembers' when no variable is declared (compiling source file MQ2MapCommands.cpp)
C:\Users\kraqu\Desktop\NMS Public Release\Source\Release-NMS-Client\eqgame_dll\MQ2DataTypes.h(2159): warning C4091: 'static ': ignored on left of 'MQ2CurrentZoneType::CurrentZoneMembers' when no variable is declared (compiling source file MQ2MapCommands.cpp)
C:\Users\kraqu\Desktop\NMS Public Release\Source\Release-NMS-Client\eqgame_dll\MQ2DataTypes.h(2229): warning C4091: 'static ': ignored on left of 'MQ2MacroQuestType::MacroQuestMembers' when no variable is declared (compiling source file MQ2MapCommands.cpp)
C:\Users\kraqu\Desktop\NMS Public Release\Source\Release-NMS-Client\eqgame_dll\MQ2DataTypes.h(2232): warning C4091: 'static ': ignored on left of 'MQ2MacroQuestType::MacroQuestMethods' when no variable is declared (compiling source file MQ2MapCommands.cpp)
C:\Users\kraqu\Desktop\NMS Public Release\Source\Release-NMS-Client\eqgame_dll\MQ2DataTypes.h(2299): warning C4091: 'static ': ignored on left of 'MQ2MathType::MathMembers' when no variable is declared (compiling source file MQ2MapCommands.cpp)
C:\Users\kraqu\Desktop\NMS Public Release\Source\Release-NMS-Client\eqgame_dll\MQ2DataTypes.h(2345): warning C4091: 'static ': ignored on left of 'MQ2RaceType::RaceMembers' when no variable is declared (compiling source file MQ2MapCommands.cpp)
C:\Users\kraqu\Desktop\NMS Public Release\Source\Release-NMS-Client\eqgame_dll\MQ2DataTypes.h(172): warning C4091: 'static ': ignored on left of 'MQ2IntType::IntMembers' when no variable is declared (compiling source file MQ2Mouse.cpp)
C:\Users\kraqu\Desktop\NMS Public Release\Source\Release-NMS-Client\eqgame_dll\MQ2DataTypes.h(2392): warning C4091: 'static ': ignored on left of 'MQ2ClassType::ClassMembers' when no variable is declared (compiling source file MQ2MapCommands.cpp)
C:\Users\kraqu\Desktop\NMS Public Release\Source\Release-NMS-Client\eqgame_dll\MQ2DataTypes.h(214): warning C4091: 'static ': ignored on left of 'MQ2ArgbType::ArgbMembers' when no variable is declared (compiling source file MQ2Mouse.cpp)
C:\Users\kraqu\Desktop\NMS Public Release\Source\Release-NMS-Client\eqgame_dll\MQ2DataTypes.h(2438): warning C4091: 'static ': ignored on left of 'MQ2BodyType::BodyMembers' when no variable is declared (compiling source file MQ2MapCommands.cpp)
C:\Users\kraqu\Desktop\NMS Public Release\Source\Release-NMS-Client\eqgame_dll\MQ2DataTypes.h(303): warning C4091: 'static ': ignored on left of 'MQ2StringType::StringMembers' when no variable is declared (compiling source file MQ2Mouse.cpp)
C:\Users\kraqu\Desktop\NMS Public Release\Source\Release-NMS-Client\eqgame_dll\MQ2DataTypes.h(2476): warning C4091: 'static ': ignored on left of 'MQ2DeityType::DeityMembers' when no variable is declared (compiling source file MQ2MapCommands.cpp)
C:\Users\kraqu\Desktop\NMS Public Release\Source\Release-NMS-Client\eqgame_dll\MQ2DataTypes.h(367): warning C4091: 'static ': ignored on left of 'MQ2FloatType::FloatMembers' when no variable is declared (compiling source file MQ2Mouse.cpp)
C:\Users\kraqu\Desktop\NMS Public Release\Source\Release-NMS-Client\eqgame_dll\MQ2DataTypes.h(418): warning C4091: 'static ': ignored on left of 'MQ2TicksType::TicksMembers' when no variable is declared (compiling source file MQ2Mouse.cpp)
C:\Users\kraqu\Desktop\NMS Public Release\Source\Release-NMS-Client\eqgame_dll\MQ2DataTypes.h(558): warning C4091: 'static ': ignored on left of 'MQ2SpawnType::SpawnMembers' when no variable is declared (compiling source file MQ2Mouse.cpp)
C:\Users\kraqu\Desktop\NMS Public Release\Source\Release-NMS-Client\eqgame_dll\MQ2DataTypes.h(566): warning C4091: 'static ': ignored on left of 'MQ2SpawnType::SpawnMethods' when no variable is declared (compiling source file MQ2Mouse.cpp)
C:\Users\kraqu\Desktop\NMS Public Release\Source\Release-NMS-Client\eqgame_dll\MQ2DataTypes.h(916): warning C4091: 'static ': ignored on left of 'MQ2CharacterType::CharacterMembers' when no variable is declared (compiling source file MQ2Mouse.cpp)
C:\Users\kraqu\Desktop\NMS Public Release\Source\Release-NMS-Client\eqgame_dll\MQ2DataTypes.h(922): warning C4091: 'static ': ignored on left of 'MQ2CharacterType::CharacterMethods' when no variable is declared (compiling source file MQ2Mouse.cpp)
C:\Users\kraqu\Desktop\NMS Public Release\Source\Release-NMS-Client\eqgame_dll\MQ2DataTypes.h(2525): warning C4091: 'static ': ignored on left of 'MQ2TimeType::TimeMembers' when no variable is declared (compiling source file MQ2MapCommands.cpp)
C:\Users\kraqu\Desktop\NMS Public Release\Source\Release-NMS-Client\eqgame_dll\MQ2DataTypes.h(2590): warning C4091: 'static ': ignored on left of 'MQ2TypeType::TypeMembers' when no variable is declared (compiling source file MQ2MapCommands.cpp)
C:\Users\kraqu\Desktop\NMS Public Release\Source\Release-NMS-Client\eqgame_dll\MQ2DataTypes.h(2631): warning C4091: 'static ': ignored on left of 'MQ2HeadingType::HeadingMembers' when no variable is declared (compiling source file MQ2MapCommands.cpp)
C:\Users\kraqu\Desktop\NMS Public Release\Source\Release-NMS-Client\eqgame_dll\MQ2DataTypes.h(2634): warning C4091: 'static ': ignored on left of 'MQ2HeadingType::HeadingMethods' when no variable is declared (compiling source file MQ2MapCommands.cpp)
C:\Users\kraqu\Desktop\NMS Public Release\Source\Release-NMS-Client\eqgame_dll\MQ2DataTypes.h(2685): warning C4091: 'static ': ignored on left of 'MQ2InvSlotType::InvSlotMembers' when no variable is declared (compiling source file MQ2MapCommands.cpp)
C:\Users\kraqu\Desktop\NMS Public Release\Source\Release-NMS-Client\eqgame_dll\MQ2DataTypes.h(2688): warning C4091: 'static ': ignored on left of 'MQ2InvSlotType::InvSlotMethods' when no variable is declared (compiling source file MQ2MapCommands.cpp)
C:\Users\kraqu\Desktop\NMS Public Release\Source\Release-NMS-Client\eqgame_dll\MQ2DataTypes.h(2744): warning C4091: 'static ': ignored on left of 'MQ2PluginType::PluginMembers' when no variable is declared (compiling source file MQ2MapCommands.cpp)
C:\Users\kraqu\Desktop\NMS Public Release\Source\Release-NMS-Client\eqgame_dll\MQ2DataTypes.h(2789): warning C4091: 'static ': ignored on left of 'MQ2BenchmarkType::BenchmarkMembers' when no variable is declared (compiling source file MQ2MapCommands.cpp)
C:\Users\kraqu\Desktop\NMS Public Release\Source\Release-NMS-Client\eqgame_dll\MQ2DataTypes.h(2837): warning C4091: 'static ': ignored on left of 'MQ2SkillType::SkillMembers' when no variable is declared (compiling source file MQ2MapCommands.cpp)
C:\Users\kraqu\Desktop\NMS Public Release\Source\Release-NMS-Client\eqgame_dll\MQ2DataTypes.h(2840): warning C4091: 'static ': ignored on left of 'MQ2SkillType::SkillMethods' when no variable is declared (compiling source file MQ2MapCommands.cpp)
C:\Users\kraqu\Desktop\NMS Public Release\Source\Release-NMS-Client\eqgame_dll\MQ2DataTypes.h(1187): warning C4091: 'static ': ignored on left of 'MQ2SpellType::SpellMembers' when no variable is declared (compiling source file MQ2Mouse.cpp)
C:\Users\kraqu\Desktop\NMS Public Release\Source\Release-NMS-Client\eqgame_dll\MQ2DataTypes.h(1190): warning C4091: 'static ': ignored on left of 'MQ2SpellType::SpellMethods' when no variable is declared (compiling source file MQ2Mouse.cpp)
C:\Users\kraqu\Desktop\NMS Public Release\Source\Release-NMS-Client\eqgame_dll\MQ2DataTypes.h(2903): warning C4091: 'static ': ignored on left of 'MQ2AltAbilityType::AltAbilityMembers' when no variable is declared (compiling source file MQ2MapCommands.cpp)
C:\Users\kraqu\Desktop\NMS Public Release\Source\Release-NMS-Client\eqgame_dll\MQ2DataTypes.h(2906): warning C4091: 'static ': ignored on left of 'MQ2AltAbilityType::AltAbilityMethods' when no variable is declared (compiling source file MQ2MapCommands.cpp)
C:\Users\kraqu\Desktop\NMS Public Release\Source\Release-NMS-Client\eqgame_dll\MQ2DataTypes.h(1271): warning C4091: 'static ': ignored on left of 'MQ2BuffType::BuffMembers' when no variable is declared (compiling source file MQ2Mouse.cpp)
C:\Users\kraqu\Desktop\NMS Public Release\Source\Release-NMS-Client\eqgame_dll\MQ2DataTypes.h(1275): warning C4091: 'static ': ignored on left of 'MQ2BuffType::BuffMethods' when no variable is declared (compiling source file MQ2Mouse.cpp)
C:\Users\kraqu\Desktop\NMS Public Release\Source\Release-NMS-Client\eqgame_dll\MQ2DataTypes.h(2953): warning C4091: 'static ': ignored on left of 'MQ2TimerType::TimerMembers' when no variable is declared (compiling source file MQ2MapCommands.cpp)
C:\Users\kraqu\Desktop\NMS Public Release\Source\Release-NMS-Client\eqgame_dll\MQ2DataTypes.h(2959): warning C4091: 'static ': ignored on left of 'MQ2TimerType::TimerMethods' when no variable is declared (compiling source file MQ2MapCommands.cpp)
C:\Users\kraqu\Desktop\NMS Public Release\Source\Release-NMS-Client\eqgame_dll\MQ2DataTypes.h(1468): warning C4091: 'static ': ignored on left of 'MQ2ItemType::ItemMembers' when no variable is declared (compiling source file MQ2Mouse.cpp)
C:\Users\kraqu\Desktop\NMS Public Release\Source\Release-NMS-Client\eqgame_dll\MQ2DataTypes.h(3055): warning C4091: 'static ': ignored on left of 'MQ2ArrayType::ArrayMembers' when no variable is declared (compiling source file MQ2MapCommands.cpp)
C:\Users\kraqu\Desktop\NMS Public Release\Source\Release-NMS-Client\eqgame_dll\MQ2DataTypes.h(1471): warning C4091: 'static ': ignored on left of 'MQ2ItemType::ItemMethods' when no variable is declared (compiling source file MQ2Mouse.cpp)
C:\Users\kraqu\Desktop\NMS Public Release\Source\Release-NMS-Client\eqgame_dll\MQ2DataTypes.h(3105): warning C4091: 'static ': ignored on left of 'MQ2GroupType::GroupMembers' when no variable is declared (compiling source file MQ2MapCommands.cpp)
C:\Users\kraqu\Desktop\NMS Public Release\Source\Release-NMS-Client\eqgame_dll\MQ2DataTypes.h(3108): warning C4091: 'static ': ignored on left of 'MQ2GroupType::GroupMethods' when no variable is declared (compiling source file MQ2MapCommands.cpp)
C:\Users\kraqu\Desktop\NMS Public Release\Source\Release-NMS-Client\eqgame_dll\MQ2DataTypes.h(3152): warning C4091: 'static ': ignored on left of 'MQ2GroupMemberType::GroupMemberMembers' when no variable is declared (compiling source file MQ2MapCommands.cpp)
C:\Users\kraqu\Desktop\NMS Public Release\Source\Release-NMS-Client\eqgame_dll\MQ2DataTypes.h(3155): warning C4091: 'static ': ignored on left of 'MQ2GroupMemberType::GroupMemberMethods' when no variable is declared (compiling source file MQ2MapCommands.cpp)
C:\Users\kraqu\Desktop\NMS Public Release\Source\Release-NMS-Client\eqgame_dll\MQ2DataTypes.h(3209): warning C4091: 'static ': ignored on left of 'MQ2RaidType::RaidMembers' when no variable is declared (compiling source file MQ2MapCommands.cpp)
C:\Users\kraqu\Desktop\NMS Public Release\Source\Release-NMS-Client\eqgame_dll\MQ2DataTypes.h(3212): warning C4091: 'static ': ignored on left of 'MQ2RaidType::RaidMethods' when no variable is declared (compiling source file MQ2MapCommands.cpp)
C:\Users\kraqu\Desktop\NMS Public Release\Source\Release-NMS-Client\eqgame_dll\MQ2DataTypes.h(1669): warning C4091: 'static ': ignored on left of 'MQ2SwitchType::SwitchMembers' when no variable is declared (compiling source file MQ2Mouse.cpp)
C:\Users\kraqu\Desktop\NMS Public Release\Source\Release-NMS-Client\eqgame_dll\MQ2DataTypes.h(1673): warning C4091: 'static ': ignored on left of 'MQ2SwitchType::SwitchMethods' when no variable is declared (compiling source file MQ2Mouse.cpp)
C:\Users\kraqu\Desktop\NMS Public Release\Source\Release-NMS-Client\eqgame_dll\MQ2DataTypes.h(3264): warning C4091: 'static ': ignored on left of 'MQ2RaidMemberType::RaidMemberMembers' when no variable is declared (compiling source file MQ2MapCommands.cpp)
C:\Users\kraqu\Desktop\NMS Public Release\Source\Release-NMS-Client\eqgame_dll\MQ2DataTypes.h(3267): warning C4091: 'static ': ignored on left of 'MQ2RaidMemberType::RaidMemberMethods' when no variable is declared (compiling source file MQ2MapCommands.cpp)
C:\Users\kraqu\Desktop\NMS Public Release\Source\Release-NMS-Client\eqgame_dll\MQ2DataTypes.h(1749): warning C4091: 'static ': ignored on left of 'MQ2GroundType::GroundMembers' when no variable is declared (compiling source file MQ2Mouse.cpp)
C:\Users\kraqu\Desktop\NMS Public Release\Source\Release-NMS-Client\eqgame_dll\MQ2DataTypes.h(1753): warning C4091: 'static ': ignored on left of 'MQ2GroundType::GroundMethods' when no variable is declared (compiling source file MQ2Mouse.cpp)
C:\Users\kraqu\Desktop\NMS Public Release\Source\Release-NMS-Client\eqgame_dll\MQ2DataTypes.h(3320): warning C4091: 'static ': ignored on left of 'MQ2EvolvingItemType::EvolvingItemMembers' when no variable is declared (compiling source file MQ2MapCommands.cpp)
C:\Users\kraqu\Desktop\NMS Public Release\Source\Release-NMS-Client\eqgame_dll\MQ2DataTypes.h(3363): warning C4091: 'static ': ignored on left of 'MQ2DynamicZoneType::DynamicZoneMembers' when no variable is declared (compiling source file MQ2MapCommands.cpp)
C:\Users\kraqu\Desktop\NMS Public Release\Source\Release-NMS-Client\eqgame_dll\MQ2DataTypes.h(1816): warning C4091: 'static ': ignored on left of 'MQ2CorpseType::CorpseMembers' when no variable is declared (compiling source file MQ2Mouse.cpp)
C:\Users\kraqu\Desktop\NMS Public Release\Source\Release-NMS-Client\eqgame_dll\MQ2DataTypes.h(1819): warning C4091: 'static ': ignored on left of 'MQ2CorpseType::CorpseMethods' when no variable is declared (compiling source file MQ2Mouse.cpp)
C:\Users\kraqu\Desktop\NMS Public Release\Source\Release-NMS-Client\eqgame_dll\MQ2DataTypes.h(3402): warning C4091: 'static ': ignored on left of 'MQ2DZMemberType::DZMemberTypeMembers' when no variable is declared (compiling source file MQ2MapCommands.cpp)
C:\Users\kraqu\Desktop\NMS Public Release\Source\Release-NMS-Client\eqgame_dll\MQ2DataTypes.h(1867): warning C4091: 'static ': ignored on left of 'MQ2MerchantType::MerchantMembers' when no variable is declared (compiling source file MQ2Mouse.cpp)
C:\Users\kraqu\Desktop\NMS Public Release\Source\Release-NMS-Client\eqgame_dll\MQ2DataTypes.h(3443): warning C4091: 'static ': ignored on left of 'MQ2FellowshipType::FellowshipTypeMembers' when no variable is declared (compiling source file MQ2MapCommands.cpp)
C:\Users\kraqu\Desktop\NMS Public Release\Source\Release-NMS-Client\eqgame_dll\MQ2DataTypes.h(1870): warning C4091: 'static ': ignored on left of 'MQ2MerchantType::MerchantMethods' when no variable is declared (compiling source file MQ2Mouse.cpp)
C:\Users\kraqu\Desktop\NMS Public Release\Source\Release-NMS-Client\eqgame_dll\MQ2DataTypes.h(3490): warning C4091: 'static ': ignored on left of 'MQ2FellowshipMemberType::FMTypeMembers' when no variable is declared (compiling source file MQ2MapCommands.cpp)
C:\Users\kraqu\Desktop\NMS Public Release\Source\Release-NMS-Client\eqgame_dll\MQ2DataTypes.h(1948): warning C4091: 'static ': ignored on left of 'MQ2WindowType::WindowMembers' when no variable is declared (compiling source file MQ2Mouse.cpp)
C:\Users\kraqu\Desktop\NMS Public Release\Source\Release-NMS-Client\eqgame_dll\MQ2DataTypes.h(1960): warning C4091: 'static ': ignored on left of 'MQ2WindowType::WindowMethods' when no variable is declared (compiling source file MQ2Mouse.cpp)
C:\Users\kraqu\Desktop\NMS Public Release\Source\Release-NMS-Client\eqgame_dll\MQ2DataTypes.h(3524): warning C4091: 'static ': ignored on left of 'MQ2FriendsType::FriendsMembers' when no variable is declared (compiling source file MQ2MapCommands.cpp)
C:\Users\kraqu\Desktop\NMS Public Release\Source\Release-NMS-Client\eqgame_dll\MQ2DataTypes.h(3527): warning C4091: 'static ': ignored on left of 'MQ2FriendsType::FriendsMethods' when no variable is declared (compiling source file MQ2MapCommands.cpp)
C:\Users\kraqu\Desktop\NMS Public Release\Source\Release-NMS-Client\eqgame_dll\MQ2DataTypes.h(3572): warning C4091: 'static ': ignored on left of 'MQ2TargetType::TargetMembers' when no variable is declared (compiling source file MQ2MapCommands.cpp)
C:\Users\kraqu\Desktop\NMS Public Release\Source\Release-NMS-Client\eqgame_dll\MQ2DataTypes.h(2056): warning C4091: 'static ': ignored on left of 'MQ2MacroType::MacroMembers' when no variable is declared (compiling source file MQ2Mouse.cpp)
C:\Users\kraqu\Desktop\NMS Public Release\Source\Release-NMS-Client\eqgame_dll\MQ2DataTypes.h(3650): warning C4091: 'static ': ignored on left of 'MQ2XTargetType::xTargetMembers' when no variable is declared (compiling source file MQ2MapCommands.cpp)
C:\Users\kraqu\Desktop\NMS Public Release\Source\Release-NMS-Client\eqgame_dll\MQ2DataTypes.h(2101): warning C4091: 'static ': ignored on left of 'MQ2ZoneType::ZoneMembers' when no variable is declared (compiling source file MQ2Mouse.cpp)
C:\Users\kraqu\Desktop\NMS Public Release\Source\Release-NMS-Client\eqgame_dll\MQ2DataTypes.h(2159): warning C4091: 'static ': ignored on left of 'MQ2CurrentZoneType::CurrentZoneMembers' when no variable is declared (compiling source file MQ2Mouse.cpp)
C:\Users\kraqu\Desktop\NMS Public Release\Source\Release-NMS-Client\eqgame_dll\MQ2DataTypes.h(2229): warning C4091: 'static ': ignored on left of 'MQ2MacroQuestType::MacroQuestMembers' when no variable is declared (compiling source file MQ2Mouse.cpp)
C:\Users\kraqu\Desktop\NMS Public Release\Source\Release-NMS-Client\eqgame_dll\MQ2DataTypes.h(2232): warning C4091: 'static ': ignored on left of 'MQ2MacroQuestType::MacroQuestMethods' when no variable is declared (compiling source file MQ2Mouse.cpp)
C:\Users\kraqu\Desktop\NMS Public Release\Source\Release-NMS-Client\eqgame_dll\MQ2DataTypes.h(2299): warning C4091: 'static ': ignored on left of 'MQ2MathType::MathMembers' when no variable is declared (compiling source file MQ2Mouse.cpp)
C:\Users\kraqu\Desktop\NMS Public Release\Source\Release-NMS-Client\eqgame_dll\MQ2DataTypes.h(2345): warning C4091: 'static ': ignored on left of 'MQ2RaceType::RaceMembers' when no variable is declared (compiling source file MQ2Mouse.cpp)
C:\Users\kraqu\Desktop\NMS Public Release\Source\Release-NMS-Client\eqgame_dll\MQ2DataTypes.h(2392): warning C4091: 'static ': ignored on left of 'MQ2ClassType::ClassMembers' when no variable is declared (compiling source file MQ2Mouse.cpp)
C:\Users\kraqu\Desktop\NMS Public Release\Source\Release-NMS-Client\eqgame_dll\MQ2DataTypes.h(2438): warning C4091: 'static ': ignored on left of 'MQ2BodyType::BodyMembers' when no variable is declared (compiling source file MQ2Mouse.cpp)
C:\Users\kraqu\Desktop\NMS Public Release\Source\Release-NMS-Client\eqgame_dll\EQData.h(464,2): warning C4091: 'typedef ': ignored on left of 'EQData::MaterialType' when no variable is declared (compiling source file MQ2Utilities.cpp)
C:\Users\kraqu\Desktop\NMS Public Release\Source\Release-NMS-Client\eqgame_dll\MQ2DataTypes.h(2476): warning C4091: 'static ': ignored on left of 'MQ2DeityType::DeityMembers' when no variable is declared (compiling source file MQ2Mouse.cpp)
C:\Users\kraqu\Desktop\NMS Public Release\Source\Release-NMS-Client\eqgame_dll\MQ2DataTypes.h(2525): warning C4091: 'static ': ignored on left of 'MQ2TimeType::TimeMembers' when no variable is declared (compiling source file MQ2Mouse.cpp)
C:\Users\kraqu\Desktop\NMS Public Release\Source\Release-NMS-Client\eqgame_dll\MQ2Main.h(776,7): warning C4200: nonstandard extension used: zero-sized array in struct/union (compiling source file MQ2MapCommands.cpp)
C:\Users\kraqu\Desktop\NMS Public Release\Source\Release-NMS-Client\eqgame_dll\MQ2Main.h(776,7): message : This member will be ignored by a defaulted constructor or copy/move assignment operator (compiling source file MQ2MapCommands.cpp)
C:\Users\kraqu\Desktop\NMS Public Release\Source\Release-NMS-Client\eqgame_dll\MQ2DataTypes.h(2590): warning C4091: 'static ': ignored on left of 'MQ2TypeType::TypeMembers' when no variable is declared (compiling source file MQ2Mouse.cpp)
C:\Users\kraqu\Desktop\NMS Public Release\Source\Release-NMS-Client\eqgame_dll\MQ2DataTypes.h(2631): warning C4091: 'static ': ignored on left of 'MQ2HeadingType::HeadingMembers' when no variable is declared (compiling source file MQ2Mouse.cpp)
C:\Users\kraqu\Desktop\NMS Public Release\Source\Release-NMS-Client\eqgame_dll\MQ2DataTypes.h(2634): warning C4091: 'static ': ignored on left of 'MQ2HeadingType::HeadingMethods' when no variable is declared (compiling source file MQ2Mouse.cpp)
C:\Users\kraqu\Desktop\NMS Public Release\Source\Release-NMS-Client\eqgame_dll\MQ2DataTypes.h(2685): warning C4091: 'static ': ignored on left of 'MQ2InvSlotType::InvSlotMembers' when no variable is declared (compiling source file MQ2Mouse.cpp)
C:\Users\kraqu\Desktop\NMS Public Release\Source\Release-NMS-Client\eqgame_dll\MQ2DataTypes.h(2688): warning C4091: 'static ': ignored on left of 'MQ2InvSlotType::InvSlotMethods' when no variable is declared (compiling source file MQ2Mouse.cpp)
C:\Users\kraqu\Desktop\NMS Public Release\Source\Release-NMS-Client\eqgame_dll\MQ2DataTypes.h(2744): warning C4091: 'static ': ignored on left of 'MQ2PluginType::PluginMembers' when no variable is declared (compiling source file MQ2Mouse.cpp)
C:\Users\kraqu\Desktop\NMS Public Release\Source\Release-NMS-Client\eqgame_dll\MQ2DataTypes.h(2789): warning C4091: 'static ': ignored on left of 'MQ2BenchmarkType::BenchmarkMembers' when no variable is declared (compiling source file MQ2Mouse.cpp)
C:\Users\kraqu\Desktop\NMS Public Release\Source\Release-NMS-Client\eqgame_dll\MQ2DataTypes.h(2837): warning C4091: 'static ': ignored on left of 'MQ2SkillType::SkillMembers' when no variable is declared (compiling source file MQ2Mouse.cpp)
C:\Users\kraqu\Desktop\NMS Public Release\Source\Release-NMS-Client\eqgame_dll\MQ2DataTypes.h(2840): warning C4091: 'static ': ignored on left of 'MQ2SkillType::SkillMethods' when no variable is declared (compiling source file MQ2Mouse.cpp)
C:\Users\kraqu\Desktop\NMS Public Release\Source\Release-NMS-Client\eqgame_dll\MQ2DataTypes.h(2903): warning C4091: 'static ': ignored on left of 'MQ2AltAbilityType::AltAbilityMembers' when no variable is declared (compiling source file MQ2Mouse.cpp)
C:\Users\kraqu\Desktop\NMS Public Release\Source\Release-NMS-Client\eqgame_dll\MQ2DataTypes.h(2906): warning C4091: 'static ': ignored on left of 'MQ2AltAbilityType::AltAbilityMethods' when no variable is declared (compiling source file MQ2Mouse.cpp)
C:\Users\kraqu\Desktop\NMS Public Release\Source\Release-NMS-Client\eqgame_dll\MQ2DataTypes.h(2953): warning C4091: 'static ': ignored on left of 'MQ2TimerType::TimerMembers' when no variable is declared (compiling source file MQ2Mouse.cpp)
C:\Users\kraqu\Desktop\NMS Public Release\Source\Release-NMS-Client\eqgame_dll\MQ2DataTypes.h(2959): warning C4091: 'static ': ignored on left of 'MQ2TimerType::TimerMethods' when no variable is declared (compiling source file MQ2Mouse.cpp)
C:\Users\kraqu\Desktop\NMS Public Release\Source\Release-NMS-Client\eqgame_dll\MQ2DataTypes.h(3055): warning C4091: 'static ': ignored on left of 'MQ2ArrayType::ArrayMembers' when no variable is declared (compiling source file MQ2Mouse.cpp)
C:\Users\kraqu\Desktop\NMS Public Release\Source\Release-NMS-Client\eqgame_dll\MQ2DataTypes.h(3105): warning C4091: 'static ': ignored on left of 'MQ2GroupType::GroupMembers' when no variable is declared (compiling source file MQ2Mouse.cpp)
C:\Users\kraqu\Desktop\NMS Public Release\Source\Release-NMS-Client\eqgame_dll\MQ2DataTypes.h(3108): warning C4091: 'static ': ignored on left of 'MQ2GroupType::GroupMethods' when no variable is declared (compiling source file MQ2Mouse.cpp)
C:\Users\kraqu\Desktop\NMS Public Release\Source\Release-NMS-Client\eqgame_dll\MQ2DataTypes.h(3152): warning C4091: 'static ': ignored on left of 'MQ2GroupMemberType::GroupMemberMembers' when no variable is declared (compiling source file MQ2Mouse.cpp)
C:\Users\kraqu\Desktop\NMS Public Release\Source\Release-NMS-Client\eqgame_dll\MQ2DataTypes.h(3155): warning C4091: 'static ': ignored on left of 'MQ2GroupMemberType::GroupMemberMethods' when no variable is declared (compiling source file MQ2Mouse.cpp)
C:\Users\kraqu\Desktop\NMS Public Release\Source\Release-NMS-Client\eqgame_dll\MQ2DataTypes.h(3209): warning C4091: 'static ': ignored on left of 'MQ2RaidType::RaidMembers' when no variable is declared (compiling source file MQ2Mouse.cpp)
C:\Users\kraqu\Desktop\NMS Public Release\Source\Release-NMS-Client\eqgame_dll\MQ2DataTypes.h(3212): warning C4091: 'static ': ignored on left of 'MQ2RaidType::RaidMethods' when no variable is declared (compiling source file MQ2Mouse.cpp)
C:\Users\kraqu\Desktop\NMS Public Release\Source\Release-NMS-Client\eqgame_dll\MQ2DataTypes.h(3264): warning C4091: 'static ': ignored on left of 'MQ2RaidMemberType::RaidMemberMembers' when no variable is declared (compiling source file MQ2Mouse.cpp)
C:\Users\kraqu\Desktop\NMS Public Release\Source\Release-NMS-Client\eqgame_dll\MQ2DataTypes.h(3267): warning C4091: 'static ': ignored on left of 'MQ2RaidMemberType::RaidMemberMethods' when no variable is declared (compiling source file MQ2Mouse.cpp)
C:\Users\kraqu\Desktop\NMS Public Release\Source\Release-NMS-Client\eqgame_dll\MQ2DataTypes.h(3320): warning C4091: 'static ': ignored on left of 'MQ2EvolvingItemType::EvolvingItemMembers' when no variable is declared (compiling source file MQ2Mouse.cpp)
C:\Users\kraqu\Desktop\NMS Public Release\Source\Release-NMS-Client\eqgame_dll\EQData.h(464,2): warning C4091: 'typedef ': ignored on left of 'EQData::MaterialType' when no variable is declared (compiling source file MQ2Windows.cpp)
C:\Users\kraqu\Desktop\NMS Public Release\Source\Release-NMS-Client\eqgame_dll\MQ2DataTypes.h(3363): warning C4091: 'static ': ignored on left of 'MQ2DynamicZoneType::DynamicZoneMembers' when no variable is declared (compiling source file MQ2Mouse.cpp)
C:\Users\kraqu\Desktop\NMS Public Release\Source\Release-NMS-Client\eqgame_dll\MQ2DataTypes.h(3402): warning C4091: 'static ': ignored on left of 'MQ2DZMemberType::DZMemberTypeMembers' when no variable is declared (compiling source file MQ2Mouse.cpp)
C:\Users\kraqu\Desktop\NMS Public Release\Source\Release-NMS-Client\eqgame_dll\MQ2DataTypes.h(3443): warning C4091: 'static ': ignored on left of 'MQ2FellowshipType::FellowshipTypeMembers' when no variable is declared (compiling source file MQ2Mouse.cpp)
C:\Users\kraqu\Desktop\NMS Public Release\Source\Release-NMS-Client\eqgame_dll\MQ2DataTypes.h(3490): warning C4091: 'static ': ignored on left of 'MQ2FellowshipMemberType::FMTypeMembers' when no variable is declared (compiling source file MQ2Mouse.cpp)
C:\Users\kraqu\Desktop\NMS Public Release\Source\Release-NMS-Client\eqgame_dll\MQ2DataTypes.h(3524): warning C4091: 'static ': ignored on left of 'MQ2FriendsType::FriendsMembers' when no variable is declared (compiling source file MQ2Mouse.cpp)
C:\Users\kraqu\Desktop\NMS Public Release\Source\Release-NMS-Client\eqgame_dll\MQ2DataTypes.h(3527): warning C4091: 'static ': ignored on left of 'MQ2FriendsType::FriendsMethods' when no variable is declared (compiling source file MQ2Mouse.cpp)
C:\Users\kraqu\Desktop\NMS Public Release\Source\Release-NMS-Client\eqgame_dll\MQ2DataTypes.h(3572): warning C4091: 'static ': ignored on left of 'MQ2TargetType::TargetMembers' when no variable is declared (compiling source file MQ2Mouse.cpp)
C:\Users\kraqu\Desktop\NMS Public Release\Source\Release-NMS-Client\eqgame_dll\MQ2DataTypes.h(3650): warning C4091: 'static ': ignored on left of 'MQ2XTargetType::xTargetMembers' when no variable is declared (compiling source file MQ2Mouse.cpp)
C:\Users\kraqu\Desktop\NMS Public Release\Source\Release-NMS-Client\eqgame_dll\MQ2Main.h(776,7): warning C4200: nonstandard extension used: zero-sized array in struct/union (compiling source file MQ2Mouse.cpp)
C:\Users\kraqu\Desktop\NMS Public Release\Source\Release-NMS-Client\eqgame_dll\MQ2Main.h(776,7): message : This member will be ignored by a defaulted constructor or copy/move assignment operator (compiling source file MQ2Mouse.cpp)
C:\Users\kraqu\Desktop\NMS Public Release\Source\Release-NMS-Client\eqgame_dll\MQ2Internal.h(131,6): warning C4091: 'static ': ignored on left of 'MQ2Internal::SearchItemFlag' when no variable is declared (compiling source file MQ2Pulse.cpp)
C:\Users\kraqu\Desktop\NMS Public Release\Source\Release-NMS-Client\eqgame_dll\MQ2Internal.h(131,6): warning C4091: 'static ': ignored on left of 'MQ2Internal::SearchItemFlag' when no variable is declared (compiling source file MQ2Spawns.cpp)
C:\Users\kraqu\Desktop\NMS Public Release\Source\Release-NMS-Client\eqgame_dll\MQ2DataTypes.h(172): warning C4091: 'static ': ignored on left of 'MQ2IntType::IntMembers' when no variable is declared (compiling source file MQ2Pulse.cpp)
C:\Users\kraqu\Desktop\NMS Public Release\Source\Release-NMS-Client\eqgame_dll\MQ2DataTypes.h(214): warning C4091: 'static ': ignored on left of 'MQ2ArgbType::ArgbMembers' when no variable is declared (compiling source file MQ2Pulse.cpp)
C:\Users\kraqu\Desktop\NMS Public Release\Source\Release-NMS-Client\eqgame_dll\MQ2DataTypes.h(303): warning C4091: 'static ': ignored on left of 'MQ2StringType::StringMembers' when no variable is declared (compiling source file MQ2Pulse.cpp)
C:\Users\kraqu\Desktop\NMS Public Release\Source\Release-NMS-Client\eqgame_dll\MQ2DataTypes.h(172): warning C4091: 'static ': ignored on left of 'MQ2IntType::IntMembers' when no variable is declared (compiling source file MQ2Spawns.cpp)
C:\Users\kraqu\Desktop\NMS Public Release\Source\Release-NMS-Client\eqgame_dll\MQ2DataTypes.h(214): warning C4091: 'static ': ignored on left of 'MQ2ArgbType::ArgbMembers' when no variable is declared (compiling source file MQ2Spawns.cpp)
C:\Users\kraqu\Desktop\NMS Public Release\Source\Release-NMS-Client\eqgame_dll\MQ2DataTypes.h(367): warning C4091: 'static ': ignored on left of 'MQ2FloatType::FloatMembers' when no variable is declared (compiling source file MQ2Pulse.cpp)
C:\Users\kraqu\Desktop\NMS Public Release\Source\Release-NMS-Client\eqgame_dll\MQ2DataTypes.h(418): warning C4091: 'static ': ignored on left of 'MQ2TicksType::TicksMembers' when no variable is declared (compiling source file MQ2Pulse.cpp)
C:\Users\kraqu\Desktop\NMS Public Release\Source\Release-NMS-Client\eqgame_dll\MQ2DataTypes.h(303): warning C4091: 'static ': ignored on left of 'MQ2StringType::StringMembers' when no variable is declared (compiling source file MQ2Spawns.cpp)
C:\Users\kraqu\Desktop\NMS Public Release\Source\Release-NMS-Client\eqgame_dll\MQ2DataTypes.h(558): warning C4091: 'static ': ignored on left of 'MQ2SpawnType::SpawnMembers' when no variable is declared (compiling source file MQ2Pulse.cpp)
C:\Users\kraqu\Desktop\NMS Public Release\Source\Release-NMS-Client\eqgame_dll\MQ2DataTypes.h(566): warning C4091: 'static ': ignored on left of 'MQ2SpawnType::SpawnMethods' when no variable is declared (compiling source file MQ2Pulse.cpp)
C:\Users\kraqu\Desktop\NMS Public Release\Source\Release-NMS-Client\eqgame_dll\MQ2DataTypes.h(367): warning C4091: 'static ': ignored on left of 'MQ2FloatType::FloatMembers' when no variable is declared (compiling source file MQ2Spawns.cpp)
C:\Users\kraqu\Desktop\NMS Public Release\Source\Release-NMS-Client\eqgame_dll\MQ2DataTypes.h(418): warning C4091: 'static ': ignored on left of 'MQ2TicksType::TicksMembers' when no variable is declared (compiling source file MQ2Spawns.cpp)
C:\Users\kraqu\Desktop\NMS Public Release\Source\Release-NMS-Client\eqgame_dll\MQ2DataTypes.h(916): warning C4091: 'static ': ignored on left of 'MQ2CharacterType::CharacterMembers' when no variable is declared (compiling source file MQ2Pulse.cpp)
C:\Users\kraqu\Desktop\NMS Public Release\Source\Release-NMS-Client\eqgame_dll\MQ2DataTypes.h(922): warning C4091: 'static ': ignored on left of 'MQ2CharacterType::CharacterMethods' when no variable is declared (compiling source file MQ2Pulse.cpp)
C:\Users\kraqu\Desktop\NMS Public Release\Source\Release-NMS-Client\eqgame_dll\MQ2DataTypes.h(558): warning C4091: 'static ': ignored on left of 'MQ2SpawnType::SpawnMembers' when no variable is declared (compiling source file MQ2Spawns.cpp)
C:\Users\kraqu\Desktop\NMS Public Release\Source\Release-NMS-Client\eqgame_dll\MQ2DataTypes.h(566): warning C4091: 'static ': ignored on left of 'MQ2SpawnType::SpawnMethods' when no variable is declared (compiling source file MQ2Spawns.cpp)
C:\Users\kraqu\Desktop\NMS Public Release\Source\Release-NMS-Client\eqgame_dll\MQ2DataTypes.h(1187): warning C4091: 'static ': ignored on left of 'MQ2SpellType::SpellMembers' when no variable is declared (compiling source file MQ2Pulse.cpp)
C:\Users\kraqu\Desktop\NMS Public Release\Source\Release-NMS-Client\eqgame_dll\MQ2DataTypes.h(916): warning C4091: 'static ': ignored on left of 'MQ2CharacterType::CharacterMembers' when no variable is declared (compiling source file MQ2Spawns.cpp)
C:\Users\kraqu\Desktop\NMS Public Release\Source\Release-NMS-Client\eqgame_dll\MQ2DataTypes.h(1190): warning C4091: 'static ': ignored on left of 'MQ2SpellType::SpellMethods' when no variable is declared (compiling source file MQ2Pulse.cpp)
C:\Users\kraqu\Desktop\NMS Public Release\Source\Release-NMS-Client\eqgame_dll\MQ2DataTypes.h(922): warning C4091: 'static ': ignored on left of 'MQ2CharacterType::CharacterMethods' when no variable is declared (compiling source file MQ2Spawns.cpp)
C:\Users\kraqu\Desktop\NMS Public Release\Source\Release-NMS-Client\eqgame_dll\MQ2DataTypes.h(1271): warning C4091: 'static ': ignored on left of 'MQ2BuffType::BuffMembers' when no variable is declared (compiling source file MQ2Pulse.cpp)
C:\Users\kraqu\Desktop\NMS Public Release\Source\Release-NMS-Client\eqgame_dll\MQ2DataTypes.h(1275): warning C4091: 'static ': ignored on left of 'MQ2BuffType::BuffMethods' when no variable is declared (compiling source file MQ2Pulse.cpp)
C:\Users\kraqu\Desktop\NMS Public Release\Source\Release-NMS-Client\eqgame_dll\MQ2DataTypes.h(1468): warning C4091: 'static ': ignored on left of 'MQ2ItemType::ItemMembers' when no variable is declared (compiling source file MQ2Pulse.cpp)
C:\Users\kraqu\Desktop\NMS Public Release\Source\Release-NMS-Client\eqgame_dll\MQ2DataTypes.h(1471): warning C4091: 'static ': ignored on left of 'MQ2ItemType::ItemMethods' when no variable is declared (compiling source file MQ2Pulse.cpp)
C:\Users\kraqu\Desktop\NMS Public Release\Source\Release-NMS-Client\eqgame_dll\MQ2DataTypes.h(1187): warning C4091: 'static ': ignored on left of 'MQ2SpellType::SpellMembers' when no variable is declared (compiling source file MQ2Spawns.cpp)
C:\Users\kraqu\Desktop\NMS Public Release\Source\Release-NMS-Client\eqgame_dll\MQ2DataTypes.h(1190): warning C4091: 'static ': ignored on left of 'MQ2SpellType::SpellMethods' when no variable is declared (compiling source file MQ2Spawns.cpp)
C:\Users\kraqu\Desktop\NMS Public Release\Source\Release-NMS-Client\eqgame_dll\MQ2DataTypes.h(1271): warning C4091: 'static ': ignored on left of 'MQ2BuffType::BuffMembers' when no variable is declared (compiling source file MQ2Spawns.cpp)
C:\Users\kraqu\Desktop\NMS Public Release\Source\Release-NMS-Client\eqgame_dll\MQ2DataTypes.h(1275): warning C4091: 'static ': ignored on left of 'MQ2BuffType::BuffMethods' when no variable is declared (compiling source file MQ2Spawns.cpp)
C:\Users\kraqu\Desktop\NMS Public Release\Source\Release-NMS-Client\eqgame_dll\MQ2DataTypes.h(1669): warning C4091: 'static ': ignored on left of 'MQ2SwitchType::SwitchMembers' when no variable is declared (compiling source file MQ2Pulse.cpp)
C:\Users\kraqu\Desktop\NMS Public Release\Source\Release-NMS-Client\eqgame_dll\MQ2DataTypes.h(1673): warning C4091: 'static ': ignored on left of 'MQ2SwitchType::SwitchMethods' when no variable is declared (compiling source file MQ2Pulse.cpp)
C:\Users\kraqu\Desktop\NMS Public Release\Source\Release-NMS-Client\eqgame_dll\MQ2DataTypes.h(1468): warning C4091: 'static ': ignored on left of 'MQ2ItemType::ItemMembers' when no variable is declared (compiling source file MQ2Spawns.cpp)
C:\Users\kraqu\Desktop\NMS Public Release\Source\Release-NMS-Client\eqgame_dll\MQ2DataTypes.h(1471): warning C4091: 'static ': ignored on left of 'MQ2ItemType::ItemMethods' when no variable is declared (compiling source file MQ2Spawns.cpp)
C:\Users\kraqu\Desktop\NMS Public Release\Source\Release-NMS-Client\eqgame_dll\MQ2DataTypes.h(1749): warning C4091: 'static ': ignored on left of 'MQ2GroundType::GroundMembers' when no variable is declared (compiling source file MQ2Pulse.cpp)
C:\Users\kraqu\Desktop\NMS Public Release\Source\Release-NMS-Client\eqgame_dll\MQ2DataTypes.h(1753): warning C4091: 'static ': ignored on left of 'MQ2GroundType::GroundMethods' when no variable is declared (compiling source file MQ2Pulse.cpp)
C:\Users\kraqu\Desktop\NMS Public Release\Source\Release-NMS-Client\eqgame_dll\MQ2DataTypes.h(1816): warning C4091: 'static ': ignored on left of 'MQ2CorpseType::CorpseMembers' when no variable is declared (compiling source file MQ2Pulse.cpp)
C:\Users\kraqu\Desktop\NMS Public Release\Source\Release-NMS-Client\eqgame_dll\MQ2DataTypes.h(1819): warning C4091: 'static ': ignored on left of 'MQ2CorpseType::CorpseMethods' when no variable is declared (compiling source file MQ2Pulse.cpp)
C:\Users\kraqu\Desktop\NMS Public Release\Source\Release-NMS-Client\eqgame_dll\MQ2DataTypes.h(1867): warning C4091: 'static ': ignored on left of 'MQ2MerchantType::MerchantMembers' when no variable is declared (compiling source file MQ2Pulse.cpp)
C:\Users\kraqu\Desktop\NMS Public Release\Source\Release-NMS-Client\eqgame_dll\MQ2DataTypes.h(1870): warning C4091: 'static ': ignored on left of 'MQ2MerchantType::MerchantMethods' when no variable is declared (compiling source file MQ2Pulse.cpp)
C:\Users\kraqu\Desktop\NMS Public Release\Source\Release-NMS-Client\eqgame_dll\MQ2DataTypes.h(1669): warning C4091: 'static ': ignored on left of 'MQ2SwitchType::SwitchMembers' when no variable is declared (compiling source file MQ2Spawns.cpp)
C:\Users\kraqu\Desktop\NMS Public Release\Source\Release-NMS-Client\eqgame_dll\MQ2DataTypes.h(1673): warning C4091: 'static ': ignored on left of 'MQ2SwitchType::SwitchMethods' when no variable is declared (compiling source file MQ2Spawns.cpp)
C:\Users\kraqu\Desktop\NMS Public Release\Source\Release-NMS-Client\eqgame_dll\MQ2DataTypes.h(1948): warning C4091: 'static ': ignored on left of 'MQ2WindowType::WindowMembers' when no variable is declared (compiling source file MQ2Pulse.cpp)
C:\Users\kraqu\Desktop\NMS Public Release\Source\Release-NMS-Client\eqgame_dll\MQ2DataTypes.h(1960): warning C4091: 'static ': ignored on left of 'MQ2WindowType::WindowMethods' when no variable is declared (compiling source file MQ2Pulse.cpp)
C:\Users\kraqu\Desktop\NMS Public Release\Source\Release-NMS-Client\eqgame_dll\MQ2DataTypes.h(1749): warning C4091: 'static ': ignored on left of 'MQ2GroundType::GroundMembers' when no variable is declared (compiling source file MQ2Spawns.cpp)
C:\Users\kraqu\Desktop\NMS Public Release\Source\Release-NMS-Client\eqgame_dll\MQ2DataTypes.h(1753): warning C4091: 'static ': ignored on left of 'MQ2GroundType::GroundMethods' when no variable is declared (compiling source file MQ2Spawns.cpp)
C:\Users\kraqu\Desktop\NMS Public Release\Source\Release-NMS-Client\eqgame_dll\MQ2DataTypes.h(2056): warning C4091: 'static ': ignored on left of 'MQ2MacroType::MacroMembers' when no variable is declared (compiling source file MQ2Pulse.cpp)
C:\Users\kraqu\Desktop\NMS Public Release\Source\Release-NMS-Client\eqgame_dll\MQ2DataTypes.h(1816): warning C4091: 'static ': ignored on left of 'MQ2CorpseType::CorpseMembers' when no variable is declared (compiling source file MQ2Spawns.cpp)
C:\Users\kraqu\Desktop\NMS Public Release\Source\Release-NMS-Client\eqgame_dll\MQ2DataTypes.h(1819): warning C4091: 'static ': ignored on left of 'MQ2CorpseType::CorpseMethods' when no variable is declared (compiling source file MQ2Spawns.cpp)
C:\Users\kraqu\Desktop\NMS Public Release\Source\Release-NMS-Client\eqgame_dll\MQ2DataTypes.h(1867): warning C4091: 'static ': ignored on left of 'MQ2MerchantType::MerchantMembers' when no variable is declared (compiling source file MQ2Spawns.cpp)
C:\Users\kraqu\Desktop\NMS Public Release\Source\Release-NMS-Client\eqgame_dll\MQ2DataTypes.h(2101): warning C4091: 'static ': ignored on left of 'MQ2ZoneType::ZoneMembers' when no variable is declared (compiling source file MQ2Pulse.cpp)
C:\Users\kraqu\Desktop\NMS Public Release\Source\Release-NMS-Client\eqgame_dll\MQ2DataTypes.h(1870): warning C4091: 'static ': ignored on left of 'MQ2MerchantType::MerchantMethods' when no variable is declared (compiling source file MQ2Spawns.cpp)
C:\Users\kraqu\Desktop\NMS Public Release\Source\Release-NMS-Client\eqgame_dll\MQ2DataTypes.h(1948): warning C4091: 'static ': ignored on left of 'MQ2WindowType::WindowMembers' when no variable is declared (compiling source file MQ2Spawns.cpp)
C:\Users\kraqu\Desktop\NMS Public Release\Source\Release-NMS-Client\eqgame_dll\MQ2DataTypes.h(2159): warning C4091: 'static ': ignored on left of 'MQ2CurrentZoneType::CurrentZoneMembers' when no variable is declared (compiling source file MQ2Pulse.cpp)
C:\Users\kraqu\Desktop\NMS Public Release\Source\Release-NMS-Client\eqgame_dll\MQ2DataTypes.h(1960): warning C4091: 'static ': ignored on left of 'MQ2WindowType::WindowMethods' when no variable is declared (compiling source file MQ2Spawns.cpp)
C:\Users\kraqu\Desktop\NMS Public Release\Source\Release-NMS-Client\eqgame_dll\MQ2DataTypes.h(2229): warning C4091: 'static ': ignored on left of 'MQ2MacroQuestType::MacroQuestMembers' when no variable is declared (compiling source file MQ2Pulse.cpp)
C:\Users\kraqu\Desktop\NMS Public Release\Source\Release-NMS-Client\eqgame_dll\MQ2DataTypes.h(2232): warning C4091: 'static ': ignored on left of 'MQ2MacroQuestType::MacroQuestMethods' when no variable is declared (compiling source file MQ2Pulse.cpp)
C:\Users\kraqu\Desktop\NMS Public Release\Source\Release-NMS-Client\eqgame_dll\MQ2DataTypes.h(2056): warning C4091: 'static ': ignored on left of 'MQ2MacroType::MacroMembers' when no variable is declared (compiling source file MQ2Spawns.cpp)
C:\Users\kraqu\Desktop\NMS Public Release\Source\Release-NMS-Client\eqgame_dll\MQ2DataTypes.h(2101): warning C4091: 'static ': ignored on left of 'MQ2ZoneType::ZoneMembers' when no variable is declared (compiling source file MQ2Spawns.cpp)
C:\Users\kraqu\Desktop\NMS Public Release\Source\Release-NMS-Client\eqgame_dll\MQ2DataTypes.h(2299): warning C4091: 'static ': ignored on left of 'MQ2MathType::MathMembers' when no variable is declared (compiling source file MQ2Pulse.cpp)
C:\Users\kraqu\Desktop\NMS Public Release\Source\Release-NMS-Client\eqgame_dll\MQ2DataTypes.h(2159): warning C4091: 'static ': ignored on left of 'MQ2CurrentZoneType::CurrentZoneMembers' when no variable is declared (compiling source file MQ2Spawns.cpp)
C:\Users\kraqu\Desktop\NMS Public Release\Source\Release-NMS-Client\eqgame_dll\MQ2DataTypes.h(2345): warning C4091: 'static ': ignored on left of 'MQ2RaceType::RaceMembers' when no variable is declared (compiling source file MQ2Pulse.cpp)
C:\Users\kraqu\Desktop\NMS Public Release\Source\Release-NMS-Client\eqgame_dll\MQ2DataTypes.h(2229): warning C4091: 'static ': ignored on left of 'MQ2MacroQuestType::MacroQuestMembers' when no variable is declared (compiling source file MQ2Spawns.cpp)
C:\Users\kraqu\Desktop\NMS Public Release\Source\Release-NMS-Client\eqgame_dll\MQ2DataTypes.h(2392): warning C4091: 'static ': ignored on left of 'MQ2ClassType::ClassMembers' when no variable is declared (compiling source file MQ2Pulse.cpp)
C:\Users\kraqu\Desktop\NMS Public Release\Source\Release-NMS-Client\eqgame_dll\MQ2DataTypes.h(2232): warning C4091: 'static ': ignored on left of 'MQ2MacroQuestType::MacroQuestMethods' when no variable is declared (compiling source file MQ2Spawns.cpp)
C:\Users\kraqu\Desktop\NMS Public Release\Source\Release-NMS-Client\eqgame_dll\MQ2DataTypes.h(2438): warning C4091: 'static ': ignored on left of 'MQ2BodyType::BodyMembers' when no variable is declared (compiling source file MQ2Pulse.cpp)
C:\Users\kraqu\Desktop\NMS Public Release\Source\Release-NMS-Client\eqgame_dll\MQ2DataTypes.h(2299): warning C4091: 'static ': ignored on left of 'MQ2MathType::MathMembers' when no variable is declared (compiling source file MQ2Spawns.cpp)
C:\Users\kraqu\Desktop\NMS Public Release\Source\Release-NMS-Client\eqgame_dll\MQ2DataTypes.h(2476): warning C4091: 'static ': ignored on left of 'MQ2DeityType::DeityMembers' when no variable is declared (compiling source file MQ2Pulse.cpp)
C:\Users\kraqu\Desktop\NMS Public Release\Source\Release-NMS-Client\eqgame_dll\MQ2DataTypes.h(2345): warning C4091: 'static ': ignored on left of 'MQ2RaceType::RaceMembers' when no variable is declared (compiling source file MQ2Spawns.cpp)
C:\Users\kraqu\Desktop\NMS Public Release\Source\Release-NMS-Client\eqgame_dll\MQ2DataTypes.h(2525): warning C4091: 'static ': ignored on left of 'MQ2TimeType::TimeMembers' when no variable is declared (compiling source file MQ2Pulse.cpp)
C:\Users\kraqu\Desktop\NMS Public Release\Source\Release-NMS-Client\eqgame_dll\MQ2DataTypes.h(2392): warning C4091: 'static ': ignored on left of 'MQ2ClassType::ClassMembers' when no variable is declared (compiling source file MQ2Spawns.cpp)
C:\Users\kraqu\Desktop\NMS Public Release\Source\Release-NMS-Client\eqgame_dll\MQ2DataTypes.h(2590): warning C4091: 'static ': ignored on left of 'MQ2TypeType::TypeMembers' when no variable is declared (compiling source file MQ2Pulse.cpp)
C:\Users\kraqu\Desktop\NMS Public Release\Source\Release-NMS-Client\eqgame_dll\MQ2DataTypes.h(2438): warning C4091: 'static ': ignored on left of 'MQ2BodyType::BodyMembers' when no variable is declared (compiling source file MQ2Spawns.cpp)
C:\Users\kraqu\Desktop\NMS Public Release\Source\Release-NMS-Client\eqgame_dll\MQ2DataTypes.h(2631): warning C4091: 'static ': ignored on left of 'MQ2HeadingType::HeadingMembers' when no variable is declared (compiling source file MQ2Pulse.cpp)
C:\Users\kraqu\Desktop\NMS Public Release\Source\Release-NMS-Client\eqgame_dll\MQ2DataTypes.h(2634): warning C4091: 'static ': ignored on left of 'MQ2HeadingType::HeadingMethods' when no variable is declared (compiling source file MQ2Pulse.cpp)
C:\Users\kraqu\Desktop\NMS Public Release\Source\Release-NMS-Client\eqgame_dll\MQ2DataTypes.h(2476): warning C4091: 'static ': ignored on left of 'MQ2DeityType::DeityMembers' when no variable is declared (compiling source file MQ2Spawns.cpp)
C:\Users\kraqu\Desktop\NMS Public Release\Source\Release-NMS-Client\eqgame_dll\MQ2DataTypes.h(2685): warning C4091: 'static ': ignored on left of 'MQ2InvSlotType::InvSlotMembers' when no variable is declared (compiling source file MQ2Pulse.cpp)
C:\Users\kraqu\Desktop\NMS Public Release\Source\Release-NMS-Client\eqgame_dll\MQ2DataTypes.h(2688): warning C4091: 'static ': ignored on left of 'MQ2InvSlotType::InvSlotMethods' when no variable is declared (compiling source file MQ2Pulse.cpp)
C:\Users\kraqu\Desktop\NMS Public Release\Source\Release-NMS-Client\eqgame_dll\MQ2DataTypes.h(2525): warning C4091: 'static ': ignored on left of 'MQ2TimeType::TimeMembers' when no variable is declared (compiling source file MQ2Spawns.cpp)
C:\Users\kraqu\Desktop\NMS Public Release\Source\Release-NMS-Client\eqgame_dll\MQ2Internal.h(131,6): warning C4091: 'static ': ignored on left of 'MQ2Internal::SearchItemFlag' when no variable is declared (compiling source file MQ2Utilities.cpp)
C:\Users\kraqu\Desktop\NMS Public Release\Source\Release-NMS-Client\eqgame_dll\MQ2DataTypes.h(2744): warning C4091: 'static ': ignored on left of 'MQ2PluginType::PluginMembers' when no variable is declared (compiling source file MQ2Pulse.cpp)
C:\Users\kraqu\Desktop\NMS Public Release\Source\Release-NMS-Client\eqgame_dll\MQ2DataTypes.h(2590): warning C4091: 'static ': ignored on left of 'MQ2TypeType::TypeMembers' when no variable is declared (compiling source file MQ2Spawns.cpp)
C:\Users\kraqu\Desktop\NMS Public Release\Source\Release-NMS-Client\eqgame_dll\MQ2DataTypes.h(2789): warning C4091: 'static ': ignored on left of 'MQ2BenchmarkType::BenchmarkMembers' when no variable is declared (compiling source file MQ2Pulse.cpp)
C:\Users\kraqu\Desktop\NMS Public Release\Source\Release-NMS-Client\eqgame_dll\MQ2DataTypes.h(2631): warning C4091: 'static ': ignored on left of 'MQ2HeadingType::HeadingMembers' when no variable is declared (compiling source file MQ2Spawns.cpp)
C:\Users\kraqu\Desktop\NMS Public Release\Source\Release-NMS-Client\eqgame_dll\MQ2DataTypes.h(2634): warning C4091: 'static ': ignored on left of 'MQ2HeadingType::HeadingMethods' when no variable is declared (compiling source file MQ2Spawns.cpp)
C:\Users\kraqu\Desktop\NMS Public Release\Source\Release-NMS-Client\eqgame_dll\MQ2DataTypes.h(2837): warning C4091: 'static ': ignored on left of 'MQ2SkillType::SkillMembers' when no variable is declared (compiling source file MQ2Pulse.cpp)
C:\Users\kraqu\Desktop\NMS Public Release\Source\Release-NMS-Client\eqgame_dll\MQ2DataTypes.h(2840): warning C4091: 'static ': ignored on left of 'MQ2SkillType::SkillMethods' when no variable is declared (compiling source file MQ2Pulse.cpp)
C:\Users\kraqu\Desktop\NMS Public Release\Source\Release-NMS-Client\eqgame_dll\MQ2DataTypes.h(2685): warning C4091: 'static ': ignored on left of 'MQ2InvSlotType::InvSlotMembers' when no variable is declared (compiling source file MQ2Spawns.cpp)
C:\Users\kraqu\Desktop\NMS Public Release\Source\Release-NMS-Client\eqgame_dll\MQ2DataTypes.h(2688): warning C4091: 'static ': ignored on left of 'MQ2InvSlotType::InvSlotMethods' when no variable is declared (compiling source file MQ2Spawns.cpp)
C:\Users\kraqu\Desktop\NMS Public Release\Source\Release-NMS-Client\eqgame_dll\MQ2DataTypes.h(2903): warning C4091: 'static ': ignored on left of 'MQ2AltAbilityType::AltAbilityMembers' when no variable is declared (compiling source file MQ2Pulse.cpp)
C:\Users\kraqu\Desktop\NMS Public Release\Source\Release-NMS-Client\eqgame_dll\MQ2DataTypes.h(2906): warning C4091: 'static ': ignored on left of 'MQ2AltAbilityType::AltAbilityMethods' when no variable is declared (compiling source file MQ2Pulse.cpp)
C:\Users\kraqu\Desktop\NMS Public Release\Source\Release-NMS-Client\eqgame_dll\MQ2DataTypes.h(2744): warning C4091: 'static ': ignored on left of 'MQ2PluginType::PluginMembers' when no variable is declared (compiling source file MQ2Spawns.cpp)
C:\Users\kraqu\Desktop\NMS Public Release\Source\Release-NMS-Client\eqgame_dll\MQ2DataTypes.h(2953): warning C4091: 'static ': ignored on left of 'MQ2TimerType::TimerMembers' when no variable is declared (compiling source file MQ2Pulse.cpp)
C:\Users\kraqu\Desktop\NMS Public Release\Source\Release-NMS-Client\eqgame_dll\MQ2DataTypes.h(2789): warning C4091: 'static ': ignored on left of 'MQ2BenchmarkType::BenchmarkMembers' when no variable is declared (compiling source file MQ2Spawns.cpp)
C:\Users\kraqu\Desktop\NMS Public Release\Source\Release-NMS-Client\eqgame_dll\MQ2DataTypes.h(2959): warning C4091: 'static ': ignored on left of 'MQ2TimerType::TimerMethods' when no variable is declared (compiling source file MQ2Pulse.cpp)
C:\Users\kraqu\Desktop\NMS Public Release\Source\Release-NMS-Client\eqgame_dll\MQ2DataTypes.h(2837): warning C4091: 'static ': ignored on left of 'MQ2SkillType::SkillMembers' when no variable is declared (compiling source file MQ2Spawns.cpp)
C:\Users\kraqu\Desktop\NMS Public Release\Source\Release-NMS-Client\eqgame_dll\MQ2DataTypes.h(2840): warning C4091: 'static ': ignored on left of 'MQ2SkillType::SkillMethods' when no variable is declared (compiling source file MQ2Spawns.cpp)
C:\Users\kraqu\Desktop\NMS Public Release\Source\Release-NMS-Client\eqgame_dll\MQ2DataTypes.h(3055): warning C4091: 'static ': ignored on left of 'MQ2ArrayType::ArrayMembers' when no variable is declared (compiling source file MQ2Pulse.cpp)
C:\Users\kraqu\Desktop\NMS Public Release\Source\Release-NMS-Client\eqgame_dll\MQ2DataTypes.h(2903): warning C4091: 'static ': ignored on left of 'MQ2AltAbilityType::AltAbilityMembers' when no variable is declared (compiling source file MQ2Spawns.cpp)
C:\Users\kraqu\Desktop\NMS Public Release\Source\Release-NMS-Client\eqgame_dll\MQ2DataTypes.h(2906): warning C4091: 'static ': ignored on left of 'MQ2AltAbilityType::AltAbilityMethods' when no variable is declared (compiling source file MQ2Spawns.cpp)
C:\Users\kraqu\Desktop\NMS Public Release\Source\Release-NMS-Client\eqgame_dll\MQ2DataTypes.h(3105): warning C4091: 'static ': ignored on left of 'MQ2GroupType::GroupMembers' when no variable is declared (compiling source file MQ2Pulse.cpp)
C:\Users\kraqu\Desktop\NMS Public Release\Source\Release-NMS-Client\eqgame_dll\MQ2DataTypes.h(3108): warning C4091: 'static ': ignored on left of 'MQ2GroupType::GroupMethods' when no variable is declared (compiling source file MQ2Pulse.cpp)
C:\Users\kraqu\Desktop\NMS Public Release\Source\Release-NMS-Client\eqgame_dll\MQ2DataTypes.h(2953): warning C4091: 'static ': ignored on left of 'MQ2TimerType::TimerMembers' when no variable is declared (compiling source file MQ2Spawns.cpp)
C:\Users\kraqu\Desktop\NMS Public Release\Source\Release-NMS-Client\eqgame_dll\MQ2DataTypes.h(2959): warning C4091: 'static ': ignored on left of 'MQ2TimerType::TimerMethods' when no variable is declared (compiling source file MQ2Spawns.cpp)
C:\Users\kraqu\Desktop\NMS Public Release\Source\Release-NMS-Client\eqgame_dll\MQ2DataTypes.h(3152): warning C4091: 'static ': ignored on left of 'MQ2GroupMemberType::GroupMemberMembers' when no variable is declared (compiling source file MQ2Pulse.cpp)
C:\Users\kraqu\Desktop\NMS Public Release\Source\Release-NMS-Client\eqgame_dll\MQ2DataTypes.h(3155): warning C4091: 'static ': ignored on left of 'MQ2GroupMemberType::GroupMemberMethods' when no variable is declared (compiling source file MQ2Pulse.cpp)
C:\Users\kraqu\Desktop\NMS Public Release\Source\Release-NMS-Client\eqgame_dll\MQ2DataTypes.h(3055): warning C4091: 'static ': ignored on left of 'MQ2ArrayType::ArrayMembers' when no variable is declared (compiling source file MQ2Spawns.cpp)
C:\Users\kraqu\Desktop\NMS Public Release\Source\Release-NMS-Client\eqgame_dll\MQ2DataTypes.h(3209): warning C4091: 'static ': ignored on left of 'MQ2RaidType::RaidMembers' when no variable is declared (compiling source file MQ2Pulse.cpp)
C:\Users\kraqu\Desktop\NMS Public Release\Source\Release-NMS-Client\eqgame_dll\MQ2DataTypes.h(3212): warning C4091: 'static ': ignored on left of 'MQ2RaidType::RaidMethods' when no variable is declared (compiling source file MQ2Pulse.cpp)
C:\Users\kraqu\Desktop\NMS Public Release\Source\Release-NMS-Client\eqgame_dll\MQ2DataTypes.h(3105): warning C4091: 'static ': ignored on left of 'MQ2GroupType::GroupMembers' when no variable is declared (compiling source file MQ2Spawns.cpp)
C:\Users\kraqu\Desktop\NMS Public Release\Source\Release-NMS-Client\eqgame_dll\MQ2DataTypes.h(3108): warning C4091: 'static ': ignored on left of 'MQ2GroupType::GroupMethods' when no variable is declared (compiling source file MQ2Spawns.cpp)
C:\Users\kraqu\Desktop\NMS Public Release\Source\Release-NMS-Client\eqgame_dll\MQ2DataTypes.h(3264): warning C4091: 'static ': ignored on left of 'MQ2RaidMemberType::RaidMemberMembers' when no variable is declared (compiling source file MQ2Pulse.cpp)
C:\Users\kraqu\Desktop\NMS Public Release\Source\Release-NMS-Client\eqgame_dll\MQ2DataTypes.h(3267): warning C4091: 'static ': ignored on left of 'MQ2RaidMemberType::RaidMemberMethods' when no variable is declared (compiling source file MQ2Pulse.cpp)
C:\Users\kraqu\Desktop\NMS Public Release\Source\Release-NMS-Client\eqgame_dll\MQ2DataTypes.h(3152): warning C4091: 'static ': ignored on left of 'MQ2GroupMemberType::GroupMemberMembers' when no variable is declared (compiling source file MQ2Spawns.cpp)
C:\Users\kraqu\Desktop\NMS Public Release\Source\Release-NMS-Client\eqgame_dll\MQ2DataTypes.h(3155): warning C4091: 'static ': ignored on left of 'MQ2GroupMemberType::GroupMemberMethods' when no variable is declared (compiling source file MQ2Spawns.cpp)
C:\Users\kraqu\Desktop\NMS Public Release\Source\Release-NMS-Client\eqgame_dll\MQ2DataTypes.h(3320): warning C4091: 'static ': ignored on left of 'MQ2EvolvingItemType::EvolvingItemMembers' when no variable is declared (compiling source file MQ2Pulse.cpp)
C:\Users\kraqu\Desktop\NMS Public Release\Source\Release-NMS-Client\eqgame_dll\MQ2DataTypes.h(3209): warning C4091: 'static ': ignored on left of 'MQ2RaidType::RaidMembers' when no variable is declared (compiling source file MQ2Spawns.cpp)
C:\Users\kraqu\Desktop\NMS Public Release\Source\Release-NMS-Client\eqgame_dll\MQ2DataTypes.h(3212): warning C4091: 'static ': ignored on left of 'MQ2RaidType::RaidMethods' when no variable is declared (compiling source file MQ2Spawns.cpp)
C:\Users\kraqu\Desktop\NMS Public Release\Source\Release-NMS-Client\eqgame_dll\MQ2DataTypes.h(3363): warning C4091: 'static ': ignored on left of 'MQ2DynamicZoneType::DynamicZoneMembers' when no variable is declared (compiling source file MQ2Pulse.cpp)
C:\Users\kraqu\Desktop\NMS Public Release\Source\Release-NMS-Client\eqgame_dll\MQ2DataTypes.h(3264): warning C4091: 'static ': ignored on left of 'MQ2RaidMemberType::RaidMemberMembers' when no variable is declared (compiling source file MQ2Spawns.cpp)
C:\Users\kraqu\Desktop\NMS Public Release\Source\Release-NMS-Client\eqgame_dll\MQ2DataTypes.h(3267): warning C4091: 'static ': ignored on left of 'MQ2RaidMemberType::RaidMemberMethods' when no variable is declared (compiling source file MQ2Spawns.cpp)
C:\Users\kraqu\Desktop\NMS Public Release\Source\Release-NMS-Client\eqgame_dll\MQ2DataTypes.h(3402): warning C4091: 'static ': ignored on left of 'MQ2DZMemberType::DZMemberTypeMembers' when no variable is declared (compiling source file MQ2Pulse.cpp)
C:\Users\kraqu\Desktop\NMS Public Release\Source\Release-NMS-Client\eqgame_dll\MQ2DataTypes.h(3320): warning C4091: 'static ': ignored on left of 'MQ2EvolvingItemType::EvolvingItemMembers' when no variable is declared (compiling source file MQ2Spawns.cpp)
C:\Users\kraqu\Desktop\NMS Public Release\Source\Release-NMS-Client\eqgame_dll\MQ2DataTypes.h(3363): warning C4091: 'static ': ignored on left of 'MQ2DynamicZoneType::DynamicZoneMembers' when no variable is declared (compiling source file MQ2Spawns.cpp)
C:\Users\kraqu\Desktop\NMS Public Release\Source\Release-NMS-Client\eqgame_dll\MQ2DataTypes.h(3443): warning C4091: 'static ': ignored on left of 'MQ2FellowshipType::FellowshipTypeMembers' when no variable is declared (compiling source file MQ2Pulse.cpp)
C:\Users\kraqu\Desktop\NMS Public Release\Source\Release-NMS-Client\eqgame_dll\MQ2DataTypes.h(3490): warning C4091: 'static ': ignored on left of 'MQ2FellowshipMemberType::FMTypeMembers' when no variable is declared (compiling source file MQ2Pulse.cpp)
C:\Users\kraqu\Desktop\NMS Public Release\Source\Release-NMS-Client\eqgame_dll\MQ2DataTypes.h(3402): warning C4091: 'static ': ignored on left of 'MQ2DZMemberType::DZMemberTypeMembers' when no variable is declared (compiling source file MQ2Spawns.cpp)
C:\Users\kraqu\Desktop\NMS Public Release\Source\Release-NMS-Client\eqgame_dll\MQ2DataTypes.h(3524): warning C4091: 'static ': ignored on left of 'MQ2FriendsType::FriendsMembers' when no variable is declared (compiling source file MQ2Pulse.cpp)
C:\Users\kraqu\Desktop\NMS Public Release\Source\Release-NMS-Client\eqgame_dll\MQ2DataTypes.h(3527): warning C4091: 'static ': ignored on left of 'MQ2FriendsType::FriendsMethods' when no variable is declared (compiling source file MQ2Pulse.cpp)
C:\Users\kraqu\Desktop\NMS Public Release\Source\Release-NMS-Client\eqgame_dll\MQ2DataTypes.h(3443): warning C4091: 'static ': ignored on left of 'MQ2FellowshipType::FellowshipTypeMembers' when no variable is declared (compiling source file MQ2Spawns.cpp)
C:\Users\kraqu\Desktop\NMS Public Release\Source\Release-NMS-Client\eqgame_dll\MQ2DataTypes.h(3572): warning C4091: 'static ': ignored on left of 'MQ2TargetType::TargetMembers' when no variable is declared (compiling source file MQ2Pulse.cpp)
C:\Users\kraqu\Desktop\NMS Public Release\Source\Release-NMS-Client\eqgame_dll\MQ2DataTypes.h(3490): warning C4091: 'static ': ignored on left of 'MQ2FellowshipMemberType::FMTypeMembers' when no variable is declared (compiling source file MQ2Spawns.cpp)
C:\Users\kraqu\Desktop\NMS Public Release\Source\Release-NMS-Client\eqgame_dll\MQ2DataTypes.h(3650): warning C4091: 'static ': ignored on left of 'MQ2XTargetType::xTargetMembers' when no variable is declared (compiling source file MQ2Pulse.cpp)
C:\Users\kraqu\Desktop\NMS Public Release\Source\Release-NMS-Client\eqgame_dll\MQ2DataTypes.h(3524): warning C4091: 'static ': ignored on left of 'MQ2FriendsType::FriendsMembers' when no variable is declared (compiling source file MQ2Spawns.cpp)
C:\Users\kraqu\Desktop\NMS Public Release\Source\Release-NMS-Client\eqgame_dll\MQ2DataTypes.h(3527): warning C4091: 'static ': ignored on left of 'MQ2FriendsType::FriendsMethods' when no variable is declared (compiling source file MQ2Spawns.cpp)
C:\Users\kraqu\Desktop\NMS Public Release\Source\Release-NMS-Client\eqgame_dll\MQ2DataTypes.h(3572): warning C4091: 'static ': ignored on left of 'MQ2TargetType::TargetMembers' when no variable is declared (compiling source file MQ2Spawns.cpp)
C:\Users\kraqu\Desktop\NMS Public Release\Source\Release-NMS-Client\eqgame_dll\MQ2DataTypes.h(3650): warning C4091: 'static ': ignored on left of 'MQ2XTargetType::xTargetMembers' when no variable is declared (compiling source file MQ2Spawns.cpp)
C:\Users\kraqu\Desktop\NMS Public Release\Source\Release-NMS-Client\eqgame_dll\MQ2Main.h(776,7): warning C4200: nonstandard extension used: zero-sized array in struct/union (compiling source file MQ2Pulse.cpp)
C:\Users\kraqu\Desktop\NMS Public Release\Source\Release-NMS-Client\eqgame_dll\MQ2Main.h(776,7): message : This member will be ignored by a defaulted constructor or copy/move assignment operator (compiling source file MQ2Pulse.cpp)
C:\Users\kraqu\Desktop\NMS Public Release\Source\Release-NMS-Client\eqgame_dll\MQ2Main.h(776,7): warning C4200: nonstandard extension used: zero-sized array in struct/union (compiling source file MQ2Spawns.cpp)
C:\Users\kraqu\Desktop\NMS Public Release\Source\Release-NMS-Client\eqgame_dll\MQ2Main.h(776,7): message : This member will be ignored by a defaulted constructor or copy/move assignment operator (compiling source file MQ2Spawns.cpp)
C:\Users\kraqu\Desktop\NMS Public Release\Source\Release-NMS-Client\eqgame_dll\MQ2DataTypes.h(172): warning C4091: 'static ': ignored on left of 'MQ2IntType::IntMembers' when no variable is declared (compiling source file MQ2Utilities.cpp)
C:\Users\kraqu\Desktop\NMS Public Release\Source\Release-NMS-Client\eqgame_dll\MQ2DataTypes.h(214): warning C4091: 'static ': ignored on left of 'MQ2ArgbType::ArgbMembers' when no variable is declared (compiling source file MQ2Utilities.cpp)
C:\Users\kraqu\Desktop\NMS Public Release\Source\Release-NMS-Client\eqgame_dll\MQ2Internal.h(131,6): warning C4091: 'static ': ignored on left of 'MQ2Internal::SearchItemFlag' when no variable is declared (compiling source file MQ2Windows.cpp)
C:\Users\kraqu\Desktop\NMS Public Release\Source\Release-NMS-Client\eqgame_dll\MQ2DataTypes.h(303): warning C4091: 'static ': ignored on left of 'MQ2StringType::StringMembers' when no variable is declared (compiling source file MQ2Utilities.cpp)
C:\Users\kraqu\Desktop\NMS Public Release\Source\Release-NMS-Client\eqgame_dll\MQ2DataTypes.h(367): warning C4091: 'static ': ignored on left of 'MQ2FloatType::FloatMembers' when no variable is declared (compiling source file MQ2Utilities.cpp)
C:\Users\kraqu\Desktop\NMS Public Release\Source\Release-NMS-Client\eqgame_dll\MQ2DataTypes.h(418): warning C4091: 'static ': ignored on left of 'MQ2TicksType::TicksMembers' when no variable is declared (compiling source file MQ2Utilities.cpp)
C:\Users\kraqu\Desktop\NMS Public Release\Source\Release-NMS-Client\eqgame_dll\MQ2Main.h(23,1): warning C4005: '_WIN32_WINNT': macro redefinition (compiling source file eqgame.cpp)
C:\Program Files (x86)\Windows Kits\10\Include\10.0.18362.0\shared\sdkddkver.h(217): message : see previous definition of '_WIN32_WINNT' (compiling source file eqgame.cpp)
C:\Users\kraqu\Desktop\NMS Public Release\Source\Release-NMS-Client\eqgame_dll\MQ2DataTypes.h(558): warning C4091: 'static ': ignored on left of 'MQ2SpawnType::SpawnMembers' when no variable is declared (compiling source file MQ2Utilities.cpp)
C:\Users\kraqu\Desktop\NMS Public Release\Source\Release-NMS-Client\eqgame_dll\MQ2DataTypes.h(566): warning C4091: 'static ': ignored on left of 'MQ2SpawnType::SpawnMethods' when no variable is declared (compiling source file MQ2Utilities.cpp)
C:\Users\kraqu\Desktop\NMS Public Release\Source\Release-NMS-Client\eqgame_dll\MQ2DataTypes.h(916): warning C4091: 'static ': ignored on left of 'MQ2CharacterType::CharacterMembers' when no variable is declared (compiling source file MQ2Utilities.cpp)
C:\Users\kraqu\Desktop\NMS Public Release\Source\Release-NMS-Client\eqgame_dll\RECTF.h(9,2): warning C4091: 'typedef ': ignored on left of 'RECTF' when no variable is declared (compiling source file Sprite.cpp)
C:\Users\kraqu\Desktop\NMS Public Release\Source\Release-NMS-Client\eqgame_dll\MQ2DataTypes.h(922): warning C4091: 'static ': ignored on left of 'MQ2CharacterType::CharacterMethods' when no variable is declared (compiling source file MQ2Utilities.cpp)
C:\Users\kraqu\Desktop\NMS Public Release\Source\Release-NMS-Client\eqgame_dll\MQ2Main.h(23,1): warning C4005: '_WIN32_WINNT': macro redefinition (compiling source file Sprite.cpp)
C:\Program Files (x86)\Windows Kits\10\Include\10.0.18362.0\shared\sdkddkver.h(217): message : see previous definition of '_WIN32_WINNT' (compiling source file Sprite.cpp)
C:\Users\kraqu\Desktop\NMS Public Release\Source\Release-NMS-Client\eqgame_dll\MQ2DataTypes.h(1187): warning C4091: 'static ': ignored on left of 'MQ2SpellType::SpellMembers' when no variable is declared (compiling source file MQ2Utilities.cpp)
C:\Users\kraqu\Desktop\NMS Public Release\Source\Release-NMS-Client\eqgame_dll\MQ2DataTypes.h(1190): warning C4091: 'static ': ignored on left of 'MQ2SpellType::SpellMethods' when no variable is declared (compiling source file MQ2Utilities.cpp)
C:\Users\kraqu\Desktop\NMS Public Release\Source\Release-NMS-Client\eqgame_dll\MQ2DataTypes.h(1271): warning C4091: 'static ': ignored on left of 'MQ2BuffType::BuffMembers' when no variable is declared (compiling source file MQ2Utilities.cpp)
C:\Users\kraqu\Desktop\NMS Public Release\Source\Release-NMS-Client\eqgame_dll\MQ2DataTypes.h(1275): warning C4091: 'static ': ignored on left of 'MQ2BuffType::BuffMethods' when no variable is declared (compiling source file MQ2Utilities.cpp)
C:\Users\kraqu\Desktop\NMS Public Release\Source\Release-NMS-Client\eqgame_dll\MQ2DataTypes.h(1468): warning C4091: 'static ': ignored on left of 'MQ2ItemType::ItemMembers' when no variable is declared (compiling source file MQ2Utilities.cpp)
C:\Users\kraqu\Desktop\NMS Public Release\Source\Release-NMS-Client\eqgame_dll\MQ2DataTypes.h(1471): warning C4091: 'static ': ignored on left of 'MQ2ItemType::ItemMethods' when no variable is declared (compiling source file MQ2Utilities.cpp)
C:\Users\kraqu\Desktop\NMS Public Release\Source\Release-NMS-Client\eqgame_dll\MQ2DataTypes.h(1669): warning C4091: 'static ': ignored on left of 'MQ2SwitchType::SwitchMembers' when no variable is declared (compiling source file MQ2Utilities.cpp)
C:\Users\kraqu\Desktop\NMS Public Release\Source\Release-NMS-Client\eqgame_dll\MQ2DataTypes.h(1673): warning C4091: 'static ': ignored on left of 'MQ2SwitchType::SwitchMethods' when no variable is declared (compiling source file MQ2Utilities.cpp)
C:\Users\kraqu\Desktop\NMS Public Release\Source\Release-NMS-Client\eqgame_dll\MQ2DataTypes.h(1749): warning C4091: 'static ': ignored on left of 'MQ2GroundType::GroundMembers' when no variable is declared (compiling source file MQ2Utilities.cpp)
C:\Users\kraqu\Desktop\NMS Public Release\Source\Release-NMS-Client\eqgame_dll\MQ2DataTypes.h(1753): warning C4091: 'static ': ignored on left of 'MQ2GroundType::GroundMethods' when no variable is declared (compiling source file MQ2Utilities.cpp)
C:\Users\kraqu\Desktop\NMS Public Release\Source\Release-NMS-Client\eqgame_dll\MQ2DataTypes.h(1816): warning C4091: 'static ': ignored on left of 'MQ2CorpseType::CorpseMembers' when no variable is declared (compiling source file MQ2Utilities.cpp)
C:\Users\kraqu\Desktop\NMS Public Release\Source\Release-NMS-Client\eqgame_dll\MQ2DataTypes.h(1819): warning C4091: 'static ': ignored on left of 'MQ2CorpseType::CorpseMethods' when no variable is declared (compiling source file MQ2Utilities.cpp)
C:\Users\kraqu\Desktop\NMS Public Release\Source\Release-NMS-Client\eqgame_dll\MQ2DataTypes.h(1867): warning C4091: 'static ': ignored on left of 'MQ2MerchantType::MerchantMembers' when no variable is declared (compiling source file MQ2Utilities.cpp)
C:\Users\kraqu\Desktop\NMS Public Release\Source\Release-NMS-Client\eqgame_dll\MQ2DataTypes.h(1870): warning C4091: 'static ': ignored on left of 'MQ2MerchantType::MerchantMethods' when no variable is declared (compiling source file MQ2Utilities.cpp)
C:\Users\kraqu\Desktop\NMS Public Release\Source\Release-NMS-Client\eqgame_dll\MQ2DataTypes.h(1948): warning C4091: 'static ': ignored on left of 'MQ2WindowType::WindowMembers' when no variable is declared (compiling source file MQ2Utilities.cpp)
C:\Users\kraqu\Desktop\NMS Public Release\Source\Release-NMS-Client\eqgame_dll\MQ2DataTypes.h(1960): warning C4091: 'static ': ignored on left of 'MQ2WindowType::WindowMethods' when no variable is declared (compiling source file MQ2Utilities.cpp)
C:\Users\kraqu\Desktop\NMS Public Release\Source\Release-NMS-Client\eqgame_dll\MQ2DataTypes.h(2056): warning C4091: 'static ': ignored on left of 'MQ2MacroType::MacroMembers' when no variable is declared (compiling source file MQ2Utilities.cpp)
C:\Users\kraqu\Desktop\NMS Public Release\Source\Release-NMS-Client\eqgame_dll\MQ2DataTypes.h(2101): warning C4091: 'static ': ignored on left of 'MQ2ZoneType::ZoneMembers' when no variable is declared (compiling source file MQ2Utilities.cpp)
C:\Users\kraqu\Desktop\NMS Public Release\Source\Release-NMS-Client\eqgame_dll\MQ2DataTypes.h(2159): warning C4091: 'static ': ignored on left of 'MQ2CurrentZoneType::CurrentZoneMembers' when no variable is declared (compiling source file MQ2Utilities.cpp)
C:\Users\kraqu\Desktop\NMS Public Release\Source\Release-NMS-Client\eqgame_dll\MQ2DataTypes.h(172): warning C4091: 'static ': ignored on left of 'MQ2IntType::IntMembers' when no variable is declared (compiling source file MQ2Windows.cpp)
C:\Users\kraqu\Desktop\NMS Public Release\Source\Release-NMS-Client\eqgame_dll\MQ2DataTypes.h(2229): warning C4091: 'static ': ignored on left of 'MQ2MacroQuestType::MacroQuestMembers' when no variable is declared (compiling source file MQ2Utilities.cpp)
C:\Users\kraqu\Desktop\NMS Public Release\Source\Release-NMS-Client\eqgame_dll\MQ2DataTypes.h(2232): warning C4091: 'static ': ignored on left of 'MQ2MacroQuestType::MacroQuestMethods' when no variable is declared (compiling source file MQ2Utilities.cpp)
C:\Users\kraqu\Desktop\NMS Public Release\Source\Release-NMS-Client\eqgame_dll\MQ2DataTypes.h(214): warning C4091: 'static ': ignored on left of 'MQ2ArgbType::ArgbMembers' when no variable is declared (compiling source file MQ2Windows.cpp)
C:\Users\kraqu\Desktop\NMS Public Release\Source\Release-NMS-Client\eqgame_dll\MQ2DataTypes.h(2299): warning C4091: 'static ': ignored on left of 'MQ2MathType::MathMembers' when no variable is declared (compiling source file MQ2Utilities.cpp)
C:\Users\kraqu\Desktop\NMS Public Release\Source\Release-NMS-Client\eqgame_dll\MQ2DataTypes.h(303): warning C4091: 'static ': ignored on left of 'MQ2StringType::StringMembers' when no variable is declared (compiling source file MQ2Windows.cpp)
C:\Users\kraqu\Desktop\NMS Public Release\Source\Release-NMS-Client\eqgame_dll\MQ2DataTypes.h(2345): warning C4091: 'static ': ignored on left of 'MQ2RaceType::RaceMembers' when no variable is declared (compiling source file MQ2Utilities.cpp)
C:\Users\kraqu\Desktop\NMS Public Release\Source\Release-NMS-Client\eqgame_dll\MQ2DataTypes.h(367): warning C4091: 'static ': ignored on left of 'MQ2FloatType::FloatMembers' when no variable is declared (compiling source file MQ2Windows.cpp)
C:\Users\kraqu\Desktop\NMS Public Release\Source\Release-NMS-Client\eqgame_dll\MQ2DataTypes.h(2392): warning C4091: 'static ': ignored on left of 'MQ2ClassType::ClassMembers' when no variable is declared (compiling source file MQ2Utilities.cpp)
C:\Users\kraqu\Desktop\NMS Public Release\Source\Release-NMS-Client\eqgame_dll\MQ2DataTypes.h(418): warning C4091: 'static ': ignored on left of 'MQ2TicksType::TicksMembers' when no variable is declared (compiling source file MQ2Windows.cpp)
C:\Users\kraqu\Desktop\NMS Public Release\Source\Release-NMS-Client\eqgame_dll\MQ2DataTypes.h(2438): warning C4091: 'static ': ignored on left of 'MQ2BodyType::BodyMembers' when no variable is declared (compiling source file MQ2Utilities.cpp)
C:\Users\kraqu\Desktop\NMS Public Release\Source\Release-NMS-Client\eqgame_dll\MQ2DataTypes.h(558): warning C4091: 'static ': ignored on left of 'MQ2SpawnType::SpawnMembers' when no variable is declared (compiling source file MQ2Windows.cpp)
C:\Users\kraqu\Desktop\NMS Public Release\Source\Release-NMS-Client\eqgame_dll\MQ2DataTypes.h(566): warning C4091: 'static ': ignored on left of 'MQ2SpawnType::SpawnMethods' when no variable is declared (compiling source file MQ2Windows.cpp)
C:\Users\kraqu\Desktop\NMS Public Release\Source\Release-NMS-Client\eqgame_dll\MQ2DataTypes.h(2476): warning C4091: 'static ': ignored on left of 'MQ2DeityType::DeityMembers' when no variable is declared (compiling source file MQ2Utilities.cpp)
C:\Users\kraqu\Desktop\NMS Public Release\Source\Release-NMS-Client\eqgame_dll\MQ2DataTypes.h(2525): warning C4091: 'static ': ignored on left of 'MQ2TimeType::TimeMembers' when no variable is declared (compiling source file MQ2Utilities.cpp)
C:\Users\kraqu\Desktop\NMS Public Release\Source\Release-NMS-Client\eqgame_dll\MQ2DataTypes.h(2590): warning C4091: 'static ': ignored on left of 'MQ2TypeType::TypeMembers' when no variable is declared (compiling source file MQ2Utilities.cpp)
C:\Users\kraqu\Desktop\NMS Public Release\Source\Release-NMS-Client\eqgame_dll\MQ2DataTypes.h(916): warning C4091: 'static ': ignored on left of 'MQ2CharacterType::CharacterMembers' when no variable is declared (compiling source file MQ2Windows.cpp)
C:\Users\kraqu\Desktop\NMS Public Release\Source\Release-NMS-Client\eqgame_dll\MQ2DataTypes.h(922): warning C4091: 'static ': ignored on left of 'MQ2CharacterType::CharacterMethods' when no variable is declared (compiling source file MQ2Windows.cpp)
C:\Users\kraqu\Desktop\NMS Public Release\Source\Release-NMS-Client\eqgame_dll\MQ2DataTypes.h(2631): warning C4091: 'static ': ignored on left of 'MQ2HeadingType::HeadingMembers' when no variable is declared (compiling source file MQ2Utilities.cpp)
C:\Users\kraqu\Desktop\NMS Public Release\Source\Release-NMS-Client\eqgame_dll\MQ2DataTypes.h(2634): warning C4091: 'static ': ignored on left of 'MQ2HeadingType::HeadingMethods' when no variable is declared (compiling source file MQ2Utilities.cpp)
C:\Users\kraqu\Desktop\NMS Public Release\Source\Release-NMS-Client\eqgame_dll\MQ2Main.h(23,1): warning C4005: '_WIN32_WINNT': macro redefinition (compiling source file multi_pet.cpp)
C:\Program Files (x86)\Windows Kits\10\Include\10.0.18362.0\shared\sdkddkver.h(217): message : see previous definition of '_WIN32_WINNT' (compiling source file multi_pet.cpp)
C:\Users\kraqu\Desktop\NMS Public Release\Source\Release-NMS-Client\eqgame_dll\MQ2DataTypes.h(2685): warning C4091: 'static ': ignored on left of 'MQ2InvSlotType::InvSlotMembers' when no variable is declared (compiling source file MQ2Utilities.cpp)
C:\Users\kraqu\Desktop\NMS Public Release\Source\Release-NMS-Client\eqgame_dll\MQ2DataTypes.h(2688): warning C4091: 'static ': ignored on left of 'MQ2InvSlotType::InvSlotMethods' when no variable is declared (compiling source file MQ2Utilities.cpp)
C:\Users\kraqu\Desktop\NMS Public Release\Source\Release-NMS-Client\eqgame_dll\MQ2DataTypes.h(2744): warning C4091: 'static ': ignored on left of 'MQ2PluginType::PluginMembers' when no variable is declared (compiling source file MQ2Utilities.cpp)
C:\Users\kraqu\Desktop\NMS Public Release\Source\Release-NMS-Client\eqgame_dll\MQ2DataTypes.h(2789): warning C4091: 'static ': ignored on left of 'MQ2BenchmarkType::BenchmarkMembers' when no variable is declared (compiling source file MQ2Utilities.cpp)
C:\Users\kraqu\Desktop\NMS Public Release\Source\Release-NMS-Client\eqgame_dll\MQ2DataTypes.h(1187): warning C4091: 'static ': ignored on left of 'MQ2SpellType::SpellMembers' when no variable is declared (compiling source file MQ2Windows.cpp)
C:\Users\kraqu\Desktop\NMS Public Release\Source\Release-NMS-Client\eqgame_dll\MQ2DataTypes.h(1190): warning C4091: 'static ': ignored on left of 'MQ2SpellType::SpellMethods' when no variable is declared (compiling source file MQ2Windows.cpp)
C:\Users\kraqu\Desktop\NMS Public Release\Source\Release-NMS-Client\eqgame_dll\MQ2DataTypes.h(2837): warning C4091: 'static ': ignored on left of 'MQ2SkillType::SkillMembers' when no variable is declared (compiling source file MQ2Utilities.cpp)
C:\Users\kraqu\Desktop\NMS Public Release\Source\Release-NMS-Client\eqgame_dll\MQ2DataTypes.h(2840): warning C4091: 'static ': ignored on left of 'MQ2SkillType::SkillMethods' when no variable is declared (compiling source file MQ2Utilities.cpp)
C:\Users\kraqu\Desktop\NMS Public Release\Source\Release-NMS-Client\eqgame_dll\MQ2DataTypes.h(2903): warning C4091: 'static ': ignored on left of 'MQ2AltAbilityType::AltAbilityMembers' when no variable is declared (compiling source file MQ2Utilities.cpp)
C:\Users\kraqu\Desktop\NMS Public Release\Source\Release-NMS-Client\eqgame_dll\MQ2DataTypes.h(2906): warning C4091: 'static ': ignored on left of 'MQ2AltAbilityType::AltAbilityMethods' when no variable is declared (compiling source file MQ2Utilities.cpp)
C:\Users\kraqu\Desktop\NMS Public Release\Source\Release-NMS-Client\eqgame_dll\MQ2DataTypes.h(1271): warning C4091: 'static ': ignored on left of 'MQ2BuffType::BuffMembers' when no variable is declared (compiling source file MQ2Windows.cpp)
C:\Users\kraqu\Desktop\NMS Public Release\Source\Release-NMS-Client\eqgame_dll\MQ2DataTypes.h(1275): warning C4091: 'static ': ignored on left of 'MQ2BuffType::BuffMethods' when no variable is declared (compiling source file MQ2Windows.cpp)
C:\Users\kraqu\Desktop\NMS Public Release\Source\Release-NMS-Client\eqgame_dll\MQ2DataTypes.h(2953): warning C4091: 'static ': ignored on left of 'MQ2TimerType::TimerMembers' when no variable is declared (compiling source file MQ2Utilities.cpp)
C:\Users\kraqu\Desktop\NMS Public Release\Source\Release-NMS-Client\eqgame_dll\MQ2DataTypes.h(2959): warning C4091: 'static ': ignored on left of 'MQ2TimerType::TimerMethods' when no variable is declared (compiling source file MQ2Utilities.cpp)
C:\Users\kraqu\Desktop\NMS Public Release\Source\Release-NMS-Client\eqgame_dll\RECTF.h(9,2): warning C4091: 'typedef ': ignored on left of 'RECTF' when no variable is declared (compiling source file MQ2Pulse.cpp)
C:\Users\kraqu\Desktop\NMS Public Release\Source\Release-NMS-Client\eqgame_dll\MQ2DataTypes.h(1468): warning C4091: 'static ': ignored on left of 'MQ2ItemType::ItemMembers' when no variable is declared (compiling source file MQ2Windows.cpp)
C:\Users\kraqu\Desktop\NMS Public Release\Source\Release-NMS-Client\eqgame_dll\MQ2DataTypes.h(1471): warning C4091: 'static ': ignored on left of 'MQ2ItemType::ItemMethods' when no variable is declared (compiling source file MQ2Windows.cpp)
C:\Users\kraqu\Desktop\NMS Public Release\Source\Release-NMS-Client\eqgame_dll\MQ2DataTypes.h(3055): warning C4091: 'static ': ignored on left of 'MQ2ArrayType::ArrayMembers' when no variable is declared (compiling source file MQ2Utilities.cpp)
C:\Users\kraqu\Desktop\NMS Public Release\Source\Release-NMS-Client\eqgame_dll\MQ2DataTypes.h(3105): warning C4091: 'static ': ignored on left of 'MQ2GroupType::GroupMembers' when no variable is declared (compiling source file MQ2Utilities.cpp)
C:\Users\kraqu\Desktop\NMS Public Release\Source\Release-NMS-Client\eqgame_dll\MQ2DataTypes.h(3108): warning C4091: 'static ': ignored on left of 'MQ2GroupType::GroupMethods' when no variable is declared (compiling source file MQ2Utilities.cpp)
C:\Users\kraqu\Desktop\NMS Public Release\Source\Release-NMS-Client\eqgame_dll\MQ2DataTypes.h(3152): warning C4091: 'static ': ignored on left of 'MQ2GroupMemberType::GroupMemberMembers' when no variable is declared (compiling source file MQ2Utilities.cpp)
C:\Users\kraqu\Desktop\NMS Public Release\Source\Release-NMS-Client\eqgame_dll\MQ2DataTypes.h(3155): warning C4091: 'static ': ignored on left of 'MQ2GroupMemberType::GroupMemberMethods' when no variable is declared (compiling source file MQ2Utilities.cpp)
C:\Users\kraqu\Desktop\NMS Public Release\Source\Release-NMS-Client\eqgame_dll\MQ2DataTypes.h(3209): warning C4091: 'static ': ignored on left of 'MQ2RaidType::RaidMembers' when no variable is declared (compiling source file MQ2Utilities.cpp)
C:\Users\kraqu\Desktop\NMS Public Release\Source\Release-NMS-Client\eqgame_dll\MQ2DataTypes.h(3212): warning C4091: 'static ': ignored on left of 'MQ2RaidType::RaidMethods' when no variable is declared (compiling source file MQ2Utilities.cpp)
C:\Users\kraqu\Desktop\NMS Public Release\Source\Release-NMS-Client\eqgame_dll\MQ2DataTypes.h(1669): warning C4091: 'static ': ignored on left of 'MQ2SwitchType::SwitchMembers' when no variable is declared (compiling source file MQ2Windows.cpp)
C:\Users\kraqu\Desktop\NMS Public Release\Source\Release-NMS-Client\eqgame_dll\MQ2DataTypes.h(1673): warning C4091: 'static ': ignored on left of 'MQ2SwitchType::SwitchMethods' when no variable is declared (compiling source file MQ2Windows.cpp)
C:\Users\kraqu\Desktop\NMS Public Release\Source\Release-NMS-Client\eqgame_dll\MQ2DataTypes.h(3264): warning C4091: 'static ': ignored on left of 'MQ2RaidMemberType::RaidMemberMembers' when no variable is declared (compiling source file MQ2Utilities.cpp)
C:\Users\kraqu\Desktop\NMS Public Release\Source\Release-NMS-Client\eqgame_dll\MQ2DataTypes.h(3267): warning C4091: 'static ': ignored on left of 'MQ2RaidMemberType::RaidMemberMethods' when no variable is declared (compiling source file MQ2Utilities.cpp)
C:\Users\kraqu\Desktop\NMS Public Release\Source\Release-NMS-Client\eqgame_dll\MQ2DataTypes.h(1749): warning C4091: 'static ': ignored on left of 'MQ2GroundType::GroundMembers' when no variable is declared (compiling source file MQ2Windows.cpp)
C:\Users\kraqu\Desktop\NMS Public Release\Source\Release-NMS-Client\eqgame_dll\MQ2DataTypes.h(1753): warning C4091: 'static ': ignored on left of 'MQ2GroundType::GroundMethods' when no variable is declared (compiling source file MQ2Windows.cpp)
C:\Users\kraqu\Desktop\NMS Public Release\Source\Release-NMS-Client\eqgame_dll\MQ2DataTypes.h(3320): warning C4091: 'static ': ignored on left of 'MQ2EvolvingItemType::EvolvingItemMembers' when no variable is declared (compiling source file MQ2Utilities.cpp)
C:\Users\kraqu\Desktop\NMS Public Release\Source\Release-NMS-Client\eqgame_dll\MQ2DataTypes.h(3363): warning C4091: 'static ': ignored on left of 'MQ2DynamicZoneType::DynamicZoneMembers' when no variable is declared (compiling source file MQ2Utilities.cpp)
C:\Users\kraqu\Desktop\NMS Public Release\Source\Release-NMS-Client\eqgame_dll\MQ2DataTypes.h(1816): warning C4091: 'static ': ignored on left of 'MQ2CorpseType::CorpseMembers' when no variable is declared (compiling source file MQ2Windows.cpp)
C:\Users\kraqu\Desktop\NMS Public Release\Source\Release-NMS-Client\eqgame_dll\MQ2DataTypes.h(1819): warning C4091: 'static ': ignored on left of 'MQ2CorpseType::CorpseMethods' when no variable is declared (compiling source file MQ2Windows.cpp)
C:\Users\kraqu\Desktop\NMS Public Release\Source\Release-NMS-Client\eqgame_dll\MQ2DataTypes.h(3402): warning C4091: 'static ': ignored on left of 'MQ2DZMemberType::DZMemberTypeMembers' when no variable is declared (compiling source file MQ2Utilities.cpp)
C:\Users\kraqu\Desktop\NMS Public Release\Source\Release-NMS-Client\eqgame_dll\MQ2DataTypes.h(1867): warning C4091: 'static ': ignored on left of 'MQ2MerchantType::MerchantMembers' when no variable is declared (compiling source file MQ2Windows.cpp)
C:\Users\kraqu\Desktop\NMS Public Release\Source\Release-NMS-Client\eqgame_dll\MQ2DataTypes.h(1870): warning C4091: 'static ': ignored on left of 'MQ2MerchantType::MerchantMethods' when no variable is declared (compiling source file MQ2Windows.cpp)
C:\Users\kraqu\Desktop\NMS Public Release\Source\Release-NMS-Client\eqgame_dll\MQ2DataTypes.h(3443): warning C4091: 'static ': ignored on left of 'MQ2FellowshipType::FellowshipTypeMembers' when no variable is declared (compiling source file MQ2Utilities.cpp)
C:\Users\kraqu\Desktop\NMS Public Release\Source\Release-NMS-Client\eqgame_dll\MQ2DataTypes.h(1948): warning C4091: 'static ': ignored on left of 'MQ2WindowType::WindowMembers' when no variable is declared (compiling source file MQ2Windows.cpp)
C:\Users\kraqu\Desktop\NMS Public Release\Source\Release-NMS-Client\eqgame_dll\MQ2DataTypes.h(1960): warning C4091: 'static ': ignored on left of 'MQ2WindowType::WindowMethods' when no variable is declared (compiling source file MQ2Windows.cpp)
C:\Users\kraqu\Desktop\NMS Public Release\Source\Release-NMS-Client\eqgame_dll\MQ2DataTypes.h(3490): warning C4091: 'static ': ignored on left of 'MQ2FellowshipMemberType::FMTypeMembers' when no variable is declared (compiling source file MQ2Utilities.cpp)
C:\Users\kraqu\Desktop\NMS Public Release\Source\Release-NMS-Client\eqgame_dll\MQ2DataTypes.h(2056): warning C4091: 'static ': ignored on left of 'MQ2MacroType::MacroMembers' when no variable is declared (compiling source file MQ2Windows.cpp)
C:\Users\kraqu\Desktop\NMS Public Release\Source\Release-NMS-Client\eqgame_dll\MQ2DataTypes.h(3524): warning C4091: 'static ': ignored on left of 'MQ2FriendsType::FriendsMembers' when no variable is declared (compiling source file MQ2Utilities.cpp)
C:\Users\kraqu\Desktop\NMS Public Release\Source\Release-NMS-Client\eqgame_dll\MQ2DataTypes.h(3527): warning C4091: 'static ': ignored on left of 'MQ2FriendsType::FriendsMethods' when no variable is declared (compiling source file MQ2Utilities.cpp)
C:\Users\kraqu\Desktop\NMS Public Release\Source\Release-NMS-Client\eqgame_dll\MQ2DataTypes.h(2101): warning C4091: 'static ': ignored on left of 'MQ2ZoneType::ZoneMembers' when no variable is declared (compiling source file MQ2Windows.cpp)
C:\Users\kraqu\Desktop\NMS Public Release\Source\Release-NMS-Client\eqgame_dll\MQ2DataTypes.h(2159): warning C4091: 'static ': ignored on left of 'MQ2CurrentZoneType::CurrentZoneMembers' when no variable is declared (compiling source file MQ2Windows.cpp)
C:\Users\kraqu\Desktop\NMS Public Release\Source\Release-NMS-Client\eqgame_dll\MQ2DataTypes.h(3572): warning C4091: 'static ': ignored on left of 'MQ2TargetType::TargetMembers' when no variable is declared (compiling source file MQ2Utilities.cpp)
C:\Users\kraqu\Desktop\NMS Public Release\Source\Release-NMS-Client\eqgame_dll\MQ2DataTypes.h(2229): warning C4091: 'static ': ignored on left of 'MQ2MacroQuestType::MacroQuestMembers' when no variable is declared (compiling source file MQ2Windows.cpp)
C:\Users\kraqu\Desktop\NMS Public Release\Source\Release-NMS-Client\eqgame_dll\MQ2DataTypes.h(2232): warning C4091: 'static ': ignored on left of 'MQ2MacroQuestType::MacroQuestMethods' when no variable is declared (compiling source file MQ2Windows.cpp)
C:\Users\kraqu\Desktop\NMS Public Release\Source\Release-NMS-Client\eqgame_dll\MQ2DataTypes.h(3650): warning C4091: 'static ': ignored on left of 'MQ2XTargetType::xTargetMembers' when no variable is declared (compiling source file MQ2Utilities.cpp)
C:\Users\kraqu\Desktop\NMS Public Release\Source\Release-NMS-Client\eqgame_dll\MQ2DataTypes.h(2299): warning C4091: 'static ': ignored on left of 'MQ2MathType::MathMembers' when no variable is declared (compiling source file MQ2Windows.cpp)
C:\Users\kraqu\Desktop\NMS Public Release\Source\Release-NMS-Client\eqgame_dll\MQ2DataTypes.h(2345): warning C4091: 'static ': ignored on left of 'MQ2RaceType::RaceMembers' when no variable is declared (compiling source file MQ2Windows.cpp)
C:\Users\kraqu\Desktop\NMS Public Release\Source\Release-NMS-Client\eqgame_dll\MQ2DataTypes.h(2392): warning C4091: 'static ': ignored on left of 'MQ2ClassType::ClassMembers' when no variable is declared (compiling source file MQ2Windows.cpp)
C:\Users\kraqu\Desktop\NMS Public Release\Source\Release-NMS-Client\eqgame_dll\MQ2DataTypes.h(2438): warning C4091: 'static ': ignored on left of 'MQ2BodyType::BodyMembers' when no variable is declared (compiling source file MQ2Windows.cpp)
C:\Users\kraqu\Desktop\NMS Public Release\Source\Release-NMS-Client\eqgame_dll\MQ2DataTypes.h(2476): warning C4091: 'static ': ignored on left of 'MQ2DeityType::DeityMembers' when no variable is declared (compiling source file MQ2Windows.cpp)
C:\Users\kraqu\Desktop\NMS Public Release\Source\Release-NMS-Client\eqgame_dll\MQ2DataTypes.h(2525): warning C4091: 'static ': ignored on left of 'MQ2TimeType::TimeMembers' when no variable is declared (compiling source file MQ2Windows.cpp)
C:\Users\kraqu\Desktop\NMS Public Release\Source\Release-NMS-Client\eqgame_dll\MQ2DataTypes.h(2590): warning C4091: 'static ': ignored on left of 'MQ2TypeType::TypeMembers' when no variable is declared (compiling source file MQ2Windows.cpp)
C:\Users\kraqu\Desktop\NMS Public Release\Source\Release-NMS-Client\eqgame_dll\MQ2DataTypes.h(2631): warning C4091: 'static ': ignored on left of 'MQ2HeadingType::HeadingMembers' when no variable is declared (compiling source file MQ2Windows.cpp)
C:\Users\kraqu\Desktop\NMS Public Release\Source\Release-NMS-Client\eqgame_dll\MQ2DataTypes.h(2634): warning C4091: 'static ': ignored on left of 'MQ2HeadingType::HeadingMethods' when no variable is declared (compiling source file MQ2Windows.cpp)
C:\Users\kraqu\Desktop\NMS Public Release\Source\Release-NMS-Client\eqgame_dll\MQ2DataTypes.h(2685): warning C4091: 'static ': ignored on left of 'MQ2InvSlotType::InvSlotMembers' when no variable is declared (compiling source file MQ2Windows.cpp)
C:\Users\kraqu\Desktop\NMS Public Release\Source\Release-NMS-Client\eqgame_dll\MQ2DataTypes.h(2688): warning C4091: 'static ': ignored on left of 'MQ2InvSlotType::InvSlotMethods' when no variable is declared (compiling source file MQ2Windows.cpp)
C:\Users\kraqu\Desktop\NMS Public Release\Source\Release-NMS-Client\eqgame_dll\MQ2DataTypes.h(2744): warning C4091: 'static ': ignored on left of 'MQ2PluginType::PluginMembers' when no variable is declared (compiling source file MQ2Windows.cpp)
C:\Users\kraqu\Desktop\NMS Public Release\Source\Release-NMS-Client\eqgame_dll\MQ2DataTypes.h(2789): warning C4091: 'static ': ignored on left of 'MQ2BenchmarkType::BenchmarkMembers' when no variable is declared (compiling source file MQ2Windows.cpp)
C:\Users\kraqu\Desktop\NMS Public Release\Source\Release-NMS-Client\eqgame_dll\MQ2DataTypes.h(2837): warning C4091: 'static ': ignored on left of 'MQ2SkillType::SkillMembers' when no variable is declared (compiling source file MQ2Windows.cpp)
C:\Users\kraqu\Desktop\NMS Public Release\Source\Release-NMS-Client\eqgame_dll\MQ2DataTypes.h(2840): warning C4091: 'static ': ignored on left of 'MQ2SkillType::SkillMethods' when no variable is declared (compiling source file MQ2Windows.cpp)
C:\Users\kraqu\Desktop\NMS Public Release\Source\Release-NMS-Client\eqgame_dll\MQ2DataTypes.h(2903): warning C4091: 'static ': ignored on left of 'MQ2AltAbilityType::AltAbilityMembers' when no variable is declared (compiling source file MQ2Windows.cpp)
C:\Users\kraqu\Desktop\NMS Public Release\Source\Release-NMS-Client\eqgame_dll\MQ2DataTypes.h(2906): warning C4091: 'static ': ignored on left of 'MQ2AltAbilityType::AltAbilityMethods' when no variable is declared (compiling source file MQ2Windows.cpp)
C:\Users\kraqu\Desktop\NMS Public Release\Source\Release-NMS-Client\eqgame_dll\MQ2DataTypes.h(2953): warning C4091: 'static ': ignored on left of 'MQ2TimerType::TimerMembers' when no variable is declared (compiling source file MQ2Windows.cpp)
C:\Users\kraqu\Desktop\NMS Public Release\Source\Release-NMS-Client\eqgame_dll\MQ2Main.h(776,7): warning C4200: nonstandard extension used: zero-sized array in struct/union (compiling source file MQ2Utilities.cpp)
C:\Users\kraqu\Desktop\NMS Public Release\Source\Release-NMS-Client\eqgame_dll\MQ2Main.h(776,7): message : This member will be ignored by a defaulted constructor or copy/move assignment operator (compiling source file MQ2Utilities.cpp)
C:\Users\kraqu\Desktop\NMS Public Release\Source\Release-NMS-Client\eqgame_dll\MQ2DataTypes.h(2959): warning C4091: 'static ': ignored on left of 'MQ2TimerType::TimerMethods' when no variable is declared (compiling source file MQ2Windows.cpp)
C:\Users\kraqu\Desktop\NMS Public Release\Source\Release-NMS-Client\eqgame_dll\MQ2DataTypes.h(3055): warning C4091: 'static ': ignored on left of 'MQ2ArrayType::ArrayMembers' when no variable is declared (compiling source file MQ2Windows.cpp)
C:\Users\kraqu\Desktop\NMS Public Release\Source\Release-NMS-Client\eqgame_dll\MQ2DataTypes.h(3105): warning C4091: 'static ': ignored on left of 'MQ2GroupType::GroupMembers' when no variable is declared (compiling source file MQ2Windows.cpp)
C:\Users\kraqu\Desktop\NMS Public Release\Source\Release-NMS-Client\eqgame_dll\MQ2DataTypes.h(3108): warning C4091: 'static ': ignored on left of 'MQ2GroupType::GroupMethods' when no variable is declared (compiling source file MQ2Windows.cpp)
C:\Users\kraqu\Desktop\NMS Public Release\Source\Release-NMS-Client\eqgame_dll\MQ2DataTypes.h(3152): warning C4091: 'static ': ignored on left of 'MQ2GroupMemberType::GroupMemberMembers' when no variable is declared (compiling source file MQ2Windows.cpp)
C:\Users\kraqu\Desktop\NMS Public Release\Source\Release-NMS-Client\eqgame_dll\MQ2DataTypes.h(3155): warning C4091: 'static ': ignored on left of 'MQ2GroupMemberType::GroupMemberMethods' when no variable is declared (compiling source file MQ2Windows.cpp)
C:\Users\kraqu\Desktop\NMS Public Release\Source\Release-NMS-Client\eqgame_dll\MQ2DataTypes.h(3209): warning C4091: 'static ': ignored on left of 'MQ2RaidType::RaidMembers' when no variable is declared (compiling source file MQ2Windows.cpp)
C:\Users\kraqu\Desktop\NMS Public Release\Source\Release-NMS-Client\eqgame_dll\MQ2DataTypes.h(3212): warning C4091: 'static ': ignored on left of 'MQ2RaidType::RaidMethods' when no variable is declared (compiling source file MQ2Windows.cpp)
C:\Users\kraqu\Desktop\NMS Public Release\Source\Release-NMS-Client\eqgame_dll\MQ2DataTypes.h(3264): warning C4091: 'static ': ignored on left of 'MQ2RaidMemberType::RaidMemberMembers' when no variable is declared (compiling source file MQ2Windows.cpp)
C:\Users\kraqu\Desktop\NMS Public Release\Source\Release-NMS-Client\eqgame_dll\MQ2DataTypes.h(3267): warning C4091: 'static ': ignored on left of 'MQ2RaidMemberType::RaidMemberMethods' when no variable is declared (compiling source file MQ2Windows.cpp)
C:\Users\kraqu\Desktop\NMS Public Release\Source\Release-NMS-Client\eqgame_dll\MQ2DataTypes.h(3320): warning C4091: 'static ': ignored on left of 'MQ2EvolvingItemType::EvolvingItemMembers' when no variable is declared (compiling source file MQ2Windows.cpp)
C:\Users\kraqu\Desktop\NMS Public Release\Source\Release-NMS-Client\eqgame_dll\MQ2DataTypes.h(3363): warning C4091: 'static ': ignored on left of 'MQ2DynamicZoneType::DynamicZoneMembers' when no variable is declared (compiling source file MQ2Windows.cpp)
C:\Users\kraqu\Desktop\NMS Public Release\Source\Release-NMS-Client\eqgame_dll\MQ2DataTypes.h(3402): warning C4091: 'static ': ignored on left of 'MQ2DZMemberType::DZMemberTypeMembers' when no variable is declared (compiling source file MQ2Windows.cpp)
C:\Users\kraqu\Desktop\NMS Public Release\Source\Release-NMS-Client\eqgame_dll\MQ2DataTypes.h(3443): warning C4091: 'static ': ignored on left of 'MQ2FellowshipType::FellowshipTypeMembers' when no variable is declared (compiling source file MQ2Windows.cpp)
C:\Users\kraqu\Desktop\NMS Public Release\Source\Release-NMS-Client\eqgame_dll\MQ2DataTypes.h(3490): warning C4091: 'static ': ignored on left of 'MQ2FellowshipMemberType::FMTypeMembers' when no variable is declared (compiling source file MQ2Windows.cpp)
C:\Users\kraqu\Desktop\NMS Public Release\Source\Release-NMS-Client\eqgame_dll\MQ2DataTypes.h(3524): warning C4091: 'static ': ignored on left of 'MQ2FriendsType::FriendsMembers' when no variable is declared (compiling source file MQ2Windows.cpp)
C:\Users\kraqu\Desktop\NMS Public Release\Source\Release-NMS-Client\eqgame_dll\MQ2DataTypes.h(3527): warning C4091: 'static ': ignored on left of 'MQ2FriendsType::FriendsMethods' when no variable is declared (compiling source file MQ2Windows.cpp)
C:\Users\kraqu\Desktop\NMS Public Release\Source\Release-NMS-Client\eqgame_dll\MQ2DataTypes.h(3572): warning C4091: 'static ': ignored on left of 'MQ2TargetType::TargetMembers' when no variable is declared (compiling source file MQ2Windows.cpp)
C:\Users\kraqu\Desktop\NMS Public Release\Source\Release-NMS-Client\eqgame_dll\MQ2DataTypes.h(3650): warning C4091: 'static ': ignored on left of 'MQ2XTargetType::xTargetMembers' when no variable is declared (compiling source file MQ2Windows.cpp)
C:\Users\kraqu\Desktop\NMS Public Release\Source\Release-NMS-Client\eqgame_dll\MQ2Main.h(776,7): warning C4200: nonstandard extension used: zero-sized array in struct/union (compiling source file MQ2Windows.cpp)
C:\Users\kraqu\Desktop\NMS Public Release\Source\Release-NMS-Client\eqgame_dll\MQ2Main.h(776,7): message : This member will be ignored by a defaulted constructor or copy/move assignment operator (compiling source file MQ2Windows.cpp)
C:\Users\kraqu\Desktop\NMS Public Release\Source\Release-NMS-Client\eqgame_dll\EQData.h(464,2): warning C4091: 'typedef ': ignored on left of 'EQData::MaterialType' when no variable is declared (compiling source file Sprite.cpp)
C:\Users\kraqu\Desktop\NMS Public Release\Source\Release-NMS-Client\eqgame_dll\MQ2Main.h(23,1): warning C4005: '_WIN32_WINNT': macro redefinition (compiling source file pet_window.cpp)
C:\Program Files (x86)\Windows Kits\10\Include\10.0.18362.0\shared\sdkddkver.h(217): message : see previous definition of '_WIN32_WINNT' (compiling source file pet_window.cpp)
C:\Users\kraqu\Desktop\NMS Public Release\Source\Release-NMS-Client\eqgame_dll\MQ2Main.h(23,1): warning C4005: '_WIN32_WINNT': macro redefinition (compiling source file who_multiclass.cpp)
C:\Program Files (x86)\Windows Kits\10\Include\10.0.18362.0\shared\sdkddkver.h(217): message : see previous definition of '_WIN32_WINNT' (compiling source file who_multiclass.cpp)
C:\Users\kraqu\Desktop\NMS Public Release\Source\Release-NMS-Client\eqgame_dll\MQ2Internal.h(131,6): warning C4091: 'static ': ignored on left of 'MQ2Internal::SearchItemFlag' when no variable is declared (compiling source file Sprite.cpp)
C:\Users\kraqu\Desktop\NMS Public Release\Source\Release-NMS-Client\eqgame_dll\MQ2DataTypes.h(172): warning C4091: 'static ': ignored on left of 'MQ2IntType::IntMembers' when no variable is declared (compiling source file Sprite.cpp)
C:\Users\kraqu\Desktop\NMS Public Release\Source\Release-NMS-Client\eqgame_dll\MQ2DataTypes.h(214): warning C4091: 'static ': ignored on left of 'MQ2ArgbType::ArgbMembers' when no variable is declared (compiling source file Sprite.cpp)
C:\Users\kraqu\Desktop\NMS Public Release\Source\Release-NMS-Client\eqgame_dll\MQ2DataTypes.h(303): warning C4091: 'static ': ignored on left of 'MQ2StringType::StringMembers' when no variable is declared (compiling source file Sprite.cpp)
C:\Users\kraqu\Desktop\NMS Public Release\Source\Release-NMS-Client\eqgame_dll\MQ2DataTypes.h(367): warning C4091: 'static ': ignored on left of 'MQ2FloatType::FloatMembers' when no variable is declared (compiling source file Sprite.cpp)
C:\Users\kraqu\Desktop\NMS Public Release\Source\Release-NMS-Client\eqgame_dll\MQ2DataTypes.h(418): warning C4091: 'static ': ignored on left of 'MQ2TicksType::TicksMembers' when no variable is declared (compiling source file Sprite.cpp)
C:\Users\kraqu\Desktop\NMS Public Release\Source\Release-NMS-Client\eqgame_dll\MQ2DataTypes.h(558): warning C4091: 'static ': ignored on left of 'MQ2SpawnType::SpawnMembers' when no variable is declared (compiling source file Sprite.cpp)
C:\Users\kraqu\Desktop\NMS Public Release\Source\Release-NMS-Client\eqgame_dll\MQ2DataTypes.h(566): warning C4091: 'static ': ignored on left of 'MQ2SpawnType::SpawnMethods' when no variable is declared (compiling source file Sprite.cpp)
C:\Users\kraqu\Desktop\NMS Public Release\Source\Release-NMS-Client\eqgame_dll\MQ2DataTypes.h(916): warning C4091: 'static ': ignored on left of 'MQ2CharacterType::CharacterMembers' when no variable is declared (compiling source file Sprite.cpp)
C:\Users\kraqu\Desktop\NMS Public Release\Source\Release-NMS-Client\eqgame_dll\MQ2DataTypes.h(922): warning C4091: 'static ': ignored on left of 'MQ2CharacterType::CharacterMethods' when no variable is declared (compiling source file Sprite.cpp)
C:\Users\kraqu\Desktop\NMS Public Release\Source\Release-NMS-Client\eqgame_dll\MQ2DataTypes.h(1187): warning C4091: 'static ': ignored on left of 'MQ2SpellType::SpellMembers' when no variable is declared (compiling source file Sprite.cpp)
C:\Users\kraqu\Desktop\NMS Public Release\Source\Release-NMS-Client\eqgame_dll\MQ2DataTypes.h(1190): warning C4091: 'static ': ignored on left of 'MQ2SpellType::SpellMethods' when no variable is declared (compiling source file Sprite.cpp)
C:\Users\kraqu\Desktop\NMS Public Release\Source\Release-NMS-Client\eqgame_dll\MQ2DataTypes.h(1271): warning C4091: 'static ': ignored on left of 'MQ2BuffType::BuffMembers' when no variable is declared (compiling source file Sprite.cpp)
C:\Users\kraqu\Desktop\NMS Public Release\Source\Release-NMS-Client\eqgame_dll\MQ2DataTypes.h(1275): warning C4091: 'static ': ignored on left of 'MQ2BuffType::BuffMethods' when no variable is declared (compiling source file Sprite.cpp)
C:\Users\kraqu\Desktop\NMS Public Release\Source\Release-NMS-Client\eqgame_dll\MQ2DataTypes.h(1468): warning C4091: 'static ': ignored on left of 'MQ2ItemType::ItemMembers' when no variable is declared (compiling source file Sprite.cpp)
C:\Users\kraqu\Desktop\NMS Public Release\Source\Release-NMS-Client\eqgame_dll\MQ2DataTypes.h(1471): warning C4091: 'static ': ignored on left of 'MQ2ItemType::ItemMethods' when no variable is declared (compiling source file Sprite.cpp)
C:\Users\kraqu\Desktop\NMS Public Release\Source\Release-NMS-Client\eqgame_dll\MQ2DataTypes.h(1669): warning C4091: 'static ': ignored on left of 'MQ2SwitchType::SwitchMembers' when no variable is declared (compiling source file Sprite.cpp)
C:\Users\kraqu\Desktop\NMS Public Release\Source\Release-NMS-Client\eqgame_dll\MQ2DataTypes.h(1673): warning C4091: 'static ': ignored on left of 'MQ2SwitchType::SwitchMethods' when no variable is declared (compiling source file Sprite.cpp)
C:\Users\kraqu\Desktop\NMS Public Release\Source\Release-NMS-Client\eqgame_dll\MQ2DataTypes.h(1749): warning C4091: 'static ': ignored on left of 'MQ2GroundType::GroundMembers' when no variable is declared (compiling source file Sprite.cpp)
C:\Users\kraqu\Desktop\NMS Public Release\Source\Release-NMS-Client\eqgame_dll\MQ2DataTypes.h(1753): warning C4091: 'static ': ignored on left of 'MQ2GroundType::GroundMethods' when no variable is declared (compiling source file Sprite.cpp)
C:\Users\kraqu\Desktop\NMS Public Release\Source\Release-NMS-Client\eqgame_dll\MQ2DataTypes.h(1816): warning C4091: 'static ': ignored on left of 'MQ2CorpseType::CorpseMembers' when no variable is declared (compiling source file Sprite.cpp)
C:\Users\kraqu\Desktop\NMS Public Release\Source\Release-NMS-Client\eqgame_dll\MQ2DataTypes.h(1819): warning C4091: 'static ': ignored on left of 'MQ2CorpseType::CorpseMethods' when no variable is declared (compiling source file Sprite.cpp)
C:\Users\kraqu\Desktop\NMS Public Release\Source\Release-NMS-Client\eqgame_dll\MQ2DataTypes.h(1867): warning C4091: 'static ': ignored on left of 'MQ2MerchantType::MerchantMembers' when no variable is declared (compiling source file Sprite.cpp)
C:\Users\kraqu\Desktop\NMS Public Release\Source\Release-NMS-Client\eqgame_dll\MQ2DataTypes.h(1870): warning C4091: 'static ': ignored on left of 'MQ2MerchantType::MerchantMethods' when no variable is declared (compiling source file Sprite.cpp)
C:\Users\kraqu\Desktop\NMS Public Release\Source\Release-NMS-Client\eqgame_dll\MQ2DataTypes.h(1948): warning C4091: 'static ': ignored on left of 'MQ2WindowType::WindowMembers' when no variable is declared (compiling source file Sprite.cpp)
C:\Users\kraqu\Desktop\NMS Public Release\Source\Release-NMS-Client\eqgame_dll\MQ2DataTypes.h(1960): warning C4091: 'static ': ignored on left of 'MQ2WindowType::WindowMethods' when no variable is declared (compiling source file Sprite.cpp)
C:\Users\kraqu\Desktop\NMS Public Release\Source\Release-NMS-Client\eqgame_dll\MQ2DataTypes.h(2056): warning C4091: 'static ': ignored on left of 'MQ2MacroType::MacroMembers' when no variable is declared (compiling source file Sprite.cpp)
C:\Users\kraqu\Desktop\NMS Public Release\Source\Release-NMS-Client\eqgame_dll\MQ2DataTypes.h(2101): warning C4091: 'static ': ignored on left of 'MQ2ZoneType::ZoneMembers' when no variable is declared (compiling source file Sprite.cpp)
C:\Users\kraqu\Desktop\NMS Public Release\Source\Release-NMS-Client\eqgame_dll\MQ2DataTypes.h(2159): warning C4091: 'static ': ignored on left of 'MQ2CurrentZoneType::CurrentZoneMembers' when no variable is declared (compiling source file Sprite.cpp)
C:\Users\kraqu\Desktop\NMS Public Release\Source\Release-NMS-Client\eqgame_dll\MQ2DataTypes.h(2229): warning C4091: 'static ': ignored on left of 'MQ2MacroQuestType::MacroQuestMembers' when no variable is declared (compiling source file Sprite.cpp)
C:\Users\kraqu\Desktop\NMS Public Release\Source\Release-NMS-Client\eqgame_dll\MQ2DataTypes.h(2232): warning C4091: 'static ': ignored on left of 'MQ2MacroQuestType::MacroQuestMethods' when no variable is declared (compiling source file Sprite.cpp)
C:\Users\kraqu\Desktop\NMS Public Release\Source\Release-NMS-Client\eqgame_dll\MQ2DataTypes.h(2299): warning C4091: 'static ': ignored on left of 'MQ2MathType::MathMembers' when no variable is declared (compiling source file Sprite.cpp)
C:\Users\kraqu\Desktop\NMS Public Release\Source\Release-NMS-Client\eqgame_dll\MQ2DataTypes.h(2345): warning C4091: 'static ': ignored on left of 'MQ2RaceType::RaceMembers' when no variable is declared (compiling source file Sprite.cpp)
C:\Users\kraqu\Desktop\NMS Public Release\Source\Release-NMS-Client\eqgame_dll\MQ2DataTypes.h(2392): warning C4091: 'static ': ignored on left of 'MQ2ClassType::ClassMembers' when no variable is declared (compiling source file Sprite.cpp)
C:\Users\kraqu\Desktop\NMS Public Release\Source\Release-NMS-Client\eqgame_dll\MQ2DataTypes.h(2438): warning C4091: 'static ': ignored on left of 'MQ2BodyType::BodyMembers' when no variable is declared (compiling source file Sprite.cpp)
C:\Users\kraqu\Desktop\NMS Public Release\Source\Release-NMS-Client\eqgame_dll\MQ2DataTypes.h(2476): warning C4091: 'static ': ignored on left of 'MQ2DeityType::DeityMembers' when no variable is declared (compiling source file Sprite.cpp)
C:\Users\kraqu\Desktop\NMS Public Release\Source\Release-NMS-Client\eqgame_dll\MQ2DataTypes.h(2525): warning C4091: 'static ': ignored on left of 'MQ2TimeType::TimeMembers' when no variable is declared (compiling source file Sprite.cpp)
C:\Users\kraqu\Desktop\NMS Public Release\Source\Release-NMS-Client\eqgame_dll\MQ2DataTypes.h(2590): warning C4091: 'static ': ignored on left of 'MQ2TypeType::TypeMembers' when no variable is declared (compiling source file Sprite.cpp)
C:\Users\kraqu\Desktop\NMS Public Release\Source\Release-NMS-Client\eqgame_dll\MQ2DataTypes.h(2631): warning C4091: 'static ': ignored on left of 'MQ2HeadingType::HeadingMembers' when no variable is declared (compiling source file Sprite.cpp)
C:\Users\kraqu\Desktop\NMS Public Release\Source\Release-NMS-Client\eqgame_dll\MQ2DataTypes.h(2634): warning C4091: 'static ': ignored on left of 'MQ2HeadingType::HeadingMethods' when no variable is declared (compiling source file Sprite.cpp)
C:\Users\kraqu\Desktop\NMS Public Release\Source\Release-NMS-Client\eqgame_dll\MQ2DataTypes.h(2685): warning C4091: 'static ': ignored on left of 'MQ2InvSlotType::InvSlotMembers' when no variable is declared (compiling source file Sprite.cpp)
C:\Users\kraqu\Desktop\NMS Public Release\Source\Release-NMS-Client\eqgame_dll\MQ2DataTypes.h(2688): warning C4091: 'static ': ignored on left of 'MQ2InvSlotType::InvSlotMethods' when no variable is declared (compiling source file Sprite.cpp)
C:\Users\kraqu\Desktop\NMS Public Release\Source\Release-NMS-Client\eqgame_dll\MQ2DataTypes.h(2744): warning C4091: 'static ': ignored on left of 'MQ2PluginType::PluginMembers' when no variable is declared (compiling source file Sprite.cpp)
C:\Users\kraqu\Desktop\NMS Public Release\Source\Release-NMS-Client\eqgame_dll\MQ2DataTypes.h(2789): warning C4091: 'static ': ignored on left of 'MQ2BenchmarkType::BenchmarkMembers' when no variable is declared (compiling source file Sprite.cpp)
C:\Users\kraqu\Desktop\NMS Public Release\Source\Release-NMS-Client\eqgame_dll\MQ2DataTypes.h(2837): warning C4091: 'static ': ignored on left of 'MQ2SkillType::SkillMembers' when no variable is declared (compiling source file Sprite.cpp)
C:\Users\kraqu\Desktop\NMS Public Release\Source\Release-NMS-Client\eqgame_dll\MQ2DataTypes.h(2840): warning C4091: 'static ': ignored on left of 'MQ2SkillType::SkillMethods' when no variable is declared (compiling source file Sprite.cpp)
C:\Users\kraqu\Desktop\NMS Public Release\Source\Release-NMS-Client\eqgame_dll\MQ2DataTypes.h(2903): warning C4091: 'static ': ignored on left of 'MQ2AltAbilityType::AltAbilityMembers' when no variable is declared (compiling source file Sprite.cpp)
C:\Users\kraqu\Desktop\NMS Public Release\Source\Release-NMS-Client\eqgame_dll\MQ2DataTypes.h(2906): warning C4091: 'static ': ignored on left of 'MQ2AltAbilityType::AltAbilityMethods' when no variable is declared (compiling source file Sprite.cpp)
C:\Users\kraqu\Desktop\NMS Public Release\Source\Release-NMS-Client\eqgame_dll\MQ2DataTypes.h(2953): warning C4091: 'static ': ignored on left of 'MQ2TimerType::TimerMembers' when no variable is declared (compiling source file Sprite.cpp)
C:\Users\kraqu\Desktop\NMS Public Release\Source\Release-NMS-Client\eqgame_dll\MQ2DataTypes.h(2959): warning C4091: 'static ': ignored on left of 'MQ2TimerType::TimerMethods' when no variable is declared (compiling source file Sprite.cpp)
C:\Users\kraqu\Desktop\NMS Public Release\Source\Release-NMS-Client\eqgame_dll\MQ2DataTypes.h(3055): warning C4091: 'static ': ignored on left of 'MQ2ArrayType::ArrayMembers' when no variable is declared (compiling source file Sprite.cpp)
C:\Users\kraqu\Desktop\NMS Public Release\Source\Release-NMS-Client\eqgame_dll\MQ2DataTypes.h(3105): warning C4091: 'static ': ignored on left of 'MQ2GroupType::GroupMembers' when no variable is declared (compiling source file Sprite.cpp)
C:\Users\kraqu\Desktop\NMS Public Release\Source\Release-NMS-Client\eqgame_dll\MQ2DataTypes.h(3108): warning C4091: 'static ': ignored on left of 'MQ2GroupType::GroupMethods' when no variable is declared (compiling source file Sprite.cpp)
C:\Users\kraqu\Desktop\NMS Public Release\Source\Release-NMS-Client\eqgame_dll\MQ2DataTypes.h(3152): warning C4091: 'static ': ignored on left of 'MQ2GroupMemberType::GroupMemberMembers' when no variable is declared (compiling source file Sprite.cpp)
C:\Users\kraqu\Desktop\NMS Public Release\Source\Release-NMS-Client\eqgame_dll\MQ2DataTypes.h(3155): warning C4091: 'static ': ignored on left of 'MQ2GroupMemberType::GroupMemberMethods' when no variable is declared (compiling source file Sprite.cpp)
C:\Users\kraqu\Desktop\NMS Public Release\Source\Release-NMS-Client\eqgame_dll\MQ2DataTypes.h(3209): warning C4091: 'static ': ignored on left of 'MQ2RaidType::RaidMembers' when no variable is declared (compiling source file Sprite.cpp)
C:\Users\kraqu\Desktop\NMS Public Release\Source\Release-NMS-Client\eqgame_dll\MQ2DataTypes.h(3212): warning C4091: 'static ': ignored on left of 'MQ2RaidType::RaidMethods' when no variable is declared (compiling source file Sprite.cpp)
C:\Users\kraqu\Desktop\NMS Public Release\Source\Release-NMS-Client\eqgame_dll\RECTF.h(9,2): warning C4091: 'typedef ': ignored on left of 'RECTF' when no variable is declared (compiling source file Text.cpp)
C:\Users\kraqu\Desktop\NMS Public Release\Source\Release-NMS-Client\eqgame_dll\MQ2DataTypes.h(3264): warning C4091: 'static ': ignored on left of 'MQ2RaidMemberType::RaidMemberMembers' when no variable is declared (compiling source file Sprite.cpp)
C:\Users\kraqu\Desktop\NMS Public Release\Source\Release-NMS-Client\eqgame_dll\MQ2DataTypes.h(3267): warning C4091: 'static ': ignored on left of 'MQ2RaidMemberType::RaidMemberMethods' when no variable is declared (compiling source file Sprite.cpp)
C:\Users\kraqu\Desktop\NMS Public Release\Source\Release-NMS-Client\eqgame_dll\MQ2Main.h(23,1): warning C4005: '_WIN32_WINNT': macro redefinition (compiling source file Text.cpp)
C:\Program Files (x86)\Windows Kits\10\Include\10.0.18362.0\shared\sdkddkver.h(217): message : see previous definition of '_WIN32_WINNT' (compiling source file Text.cpp)
C:\Users\kraqu\Desktop\NMS Public Release\Source\Release-NMS-Client\eqgame_dll\MQ2DataTypes.h(3320): warning C4091: 'static ': ignored on left of 'MQ2EvolvingItemType::EvolvingItemMembers' when no variable is declared (compiling source file Sprite.cpp)
C:\Users\kraqu\Desktop\NMS Public Release\Source\Release-NMS-Client\eqgame_dll\MQ2DataTypes.h(3363): warning C4091: 'static ': ignored on left of 'MQ2DynamicZoneType::DynamicZoneMembers' when no variable is declared (compiling source file Sprite.cpp)
C:\Users\kraqu\Desktop\NMS Public Release\Source\Release-NMS-Client\eqgame_dll\MQ2DataTypes.h(3402): warning C4091: 'static ': ignored on left of 'MQ2DZMemberType::DZMemberTypeMembers' when no variable is declared (compiling source file Sprite.cpp)
C:\Users\kraqu\Desktop\NMS Public Release\Source\Release-NMS-Client\eqgame_dll\MQ2DataTypes.h(3443): warning C4091: 'static ': ignored on left of 'MQ2FellowshipType::FellowshipTypeMembers' when no variable is declared (compiling source file Sprite.cpp)
C:\Users\kraqu\Desktop\NMS Public Release\Source\Release-NMS-Client\eqgame_dll\MQ2DataTypes.h(3490): warning C4091: 'static ': ignored on left of 'MQ2FellowshipMemberType::FMTypeMembers' when no variable is declared (compiling source file Sprite.cpp)
C:\Users\kraqu\Desktop\NMS Public Release\Source\Release-NMS-Client\eqgame_dll\MQ2DataTypes.h(3524): warning C4091: 'static ': ignored on left of 'MQ2FriendsType::FriendsMembers' when no variable is declared (compiling source file Sprite.cpp)
C:\Users\kraqu\Desktop\NMS Public Release\Source\Release-NMS-Client\eqgame_dll\MQ2DataTypes.h(3527): warning C4091: 'static ': ignored on left of 'MQ2FriendsType::FriendsMethods' when no variable is declared (compiling source file Sprite.cpp)
C:\Users\kraqu\Desktop\NMS Public Release\Source\Release-NMS-Client\eqgame_dll\MQ2DataTypes.h(3572): warning C4091: 'static ': ignored on left of 'MQ2TargetType::TargetMembers' when no variable is declared (compiling source file Sprite.cpp)
C:\Users\kraqu\Desktop\NMS Public Release\Source\Release-NMS-Client\eqgame_dll\MQ2DataTypes.h(3650): warning C4091: 'static ': ignored on left of 'MQ2XTargetType::xTargetMembers' when no variable is declared (compiling source file Sprite.cpp)
C:\Users\kraqu\Desktop\NMS Public Release\Source\Release-NMS-Client\eqgame_dll\MQ2Main.h(776,7): warning C4200: nonstandard extension used: zero-sized array in struct/union (compiling source file Sprite.cpp)
C:\Users\kraqu\Desktop\NMS Public Release\Source\Release-NMS-Client\eqgame_dll\MQ2Main.h(776,7): message : This member will be ignored by a defaulted constructor or copy/move assignment operator (compiling source file Sprite.cpp)
C:\Users\kraqu\Desktop\NMS Public Release\Source\Release-NMS-Client\eqgame_dll\EQData.h(464,2): warning C4091: 'typedef ': ignored on left of 'EQData::MaterialType' when no variable is declared (compiling source file eqgame.cpp)
C:\Users\kraqu\Desktop\NMS Public Release\Source\Release-NMS-Client\eqgame_dll\EQData.h(464,2): warning C4091: 'typedef ': ignored on left of 'EQData::MaterialType' when no variable is declared (compiling source file waypoint_window.cpp)
C:\Users\kraqu\Desktop\NMS Public Release\Source\Release-NMS-Client\eqgame_dll\EQData.h(464,2): warning C4091: 'typedef ': ignored on left of 'EQData::MaterialType' when no variable is declared (compiling source file multi_pet.cpp)
C:\Users\kraqu\Desktop\NMS Public Release\Source\Release-NMS-Client\eqgame_dll\EQData.h(464,2): warning C4091: 'typedef ': ignored on left of 'EQData::MaterialType' when no variable is declared (compiling source file Text.cpp)
C:\Users\kraqu\Desktop\NMS Public Release\Source\Release-NMS-Client\eqgame_dll\MQ2Internal.h(131,6): warning C4091: 'static ': ignored on left of 'MQ2Internal::SearchItemFlag' when no variable is declared (compiling source file waypoint_window.cpp)
C:\Users\kraqu\Desktop\NMS Public Release\Source\Release-NMS-Client\eqgame_dll\MQ2DataTypes.h(172): warning C4091: 'static ': ignored on left of 'MQ2IntType::IntMembers' when no variable is declared (compiling source file waypoint_window.cpp)
C:\Users\kraqu\Desktop\NMS Public Release\Source\Release-NMS-Client\eqgame_dll\MQ2DataTypes.h(214): warning C4091: 'static ': ignored on left of 'MQ2ArgbType::ArgbMembers' when no variable is declared (compiling source file waypoint_window.cpp)
C:\Users\kraqu\Desktop\NMS Public Release\Source\Release-NMS-Client\eqgame_dll\MQ2DataTypes.h(303): warning C4091: 'static ': ignored on left of 'MQ2StringType::StringMembers' when no variable is declared (compiling source file waypoint_window.cpp)
C:\Users\kraqu\Desktop\NMS Public Release\Source\Release-NMS-Client\eqgame_dll\MQ2DataTypes.h(367): warning C4091: 'static ': ignored on left of 'MQ2FloatType::FloatMembers' when no variable is declared (compiling source file waypoint_window.cpp)
C:\Users\kraqu\Desktop\NMS Public Release\Source\Release-NMS-Client\eqgame_dll\MQ2DataTypes.h(418): warning C4091: 'static ': ignored on left of 'MQ2TicksType::TicksMembers' when no variable is declared (compiling source file waypoint_window.cpp)
C:\Users\kraqu\Desktop\NMS Public Release\Source\Release-NMS-Client\eqgame_dll\MQ2DataTypes.h(558): warning C4091: 'static ': ignored on left of 'MQ2SpawnType::SpawnMembers' when no variable is declared (compiling source file waypoint_window.cpp)
C:\Users\kraqu\Desktop\NMS Public Release\Source\Release-NMS-Client\eqgame_dll\MQ2DataTypes.h(566): warning C4091: 'static ': ignored on left of 'MQ2SpawnType::SpawnMethods' when no variable is declared (compiling source file waypoint_window.cpp)
C:\Users\kraqu\Desktop\NMS Public Release\Source\Release-NMS-Client\eqgame_dll\MQ2DataTypes.h(916): warning C4091: 'static ': ignored on left of 'MQ2CharacterType::CharacterMembers' when no variable is declared (compiling source file waypoint_window.cpp)
C:\Users\kraqu\Desktop\NMS Public Release\Source\Release-NMS-Client\eqgame_dll\MQ2DataTypes.h(922): warning C4091: 'static ': ignored on left of 'MQ2CharacterType::CharacterMethods' when no variable is declared (compiling source file waypoint_window.cpp)
C:\Users\kraqu\Desktop\NMS Public Release\Source\Release-NMS-Client\eqgame_dll\MQ2DataTypes.h(1187): warning C4091: 'static ': ignored on left of 'MQ2SpellType::SpellMembers' when no variable is declared (compiling source file waypoint_window.cpp)
C:\Users\kraqu\Desktop\NMS Public Release\Source\Release-NMS-Client\eqgame_dll\MQ2DataTypes.h(1190): warning C4091: 'static ': ignored on left of 'MQ2SpellType::SpellMethods' when no variable is declared (compiling source file waypoint_window.cpp)
C:\Users\kraqu\Desktop\NMS Public Release\Source\Release-NMS-Client\eqgame_dll\MQ2DataTypes.h(1271): warning C4091: 'static ': ignored on left of 'MQ2BuffType::BuffMembers' when no variable is declared (compiling source file waypoint_window.cpp)
C:\Users\kraqu\Desktop\NMS Public Release\Source\Release-NMS-Client\eqgame_dll\MQ2DataTypes.h(1275): warning C4091: 'static ': ignored on left of 'MQ2BuffType::BuffMethods' when no variable is declared (compiling source file waypoint_window.cpp)
C:\Users\kraqu\Desktop\NMS Public Release\Source\Release-NMS-Client\eqgame_dll\MQ2DataTypes.h(1468): warning C4091: 'static ': ignored on left of 'MQ2ItemType::ItemMembers' when no variable is declared (compiling source file waypoint_window.cpp)
C:\Users\kraqu\Desktop\NMS Public Release\Source\Release-NMS-Client\eqgame_dll\MQ2DataTypes.h(1471): warning C4091: 'static ': ignored on left of 'MQ2ItemType::ItemMethods' when no variable is declared (compiling source file waypoint_window.cpp)
C:\Users\kraqu\Desktop\NMS Public Release\Source\Release-NMS-Client\eqgame_dll\MQ2DataTypes.h(1669): warning C4091: 'static ': ignored on left of 'MQ2SwitchType::SwitchMembers' when no variable is declared (compiling source file waypoint_window.cpp)
C:\Users\kraqu\Desktop\NMS Public Release\Source\Release-NMS-Client\eqgame_dll\MQ2DataTypes.h(1673): warning C4091: 'static ': ignored on left of 'MQ2SwitchType::SwitchMethods' when no variable is declared (compiling source file waypoint_window.cpp)
C:\Users\kraqu\Desktop\NMS Public Release\Source\Release-NMS-Client\eqgame_dll\MQ2Internal.h(131,6): warning C4091: 'static ': ignored on left of 'MQ2Internal::SearchItemFlag' when no variable is declared (compiling source file eqgame.cpp)
C:\Users\kraqu\Desktop\NMS Public Release\Source\Release-NMS-Client\eqgame_dll\MQ2DataTypes.h(1749): warning C4091: 'static ': ignored on left of 'MQ2GroundType::GroundMembers' when no variable is declared (compiling source file waypoint_window.cpp)
C:\Users\kraqu\Desktop\NMS Public Release\Source\Release-NMS-Client\eqgame_dll\MQ2DataTypes.h(1753): warning C4091: 'static ': ignored on left of 'MQ2GroundType::GroundMethods' when no variable is declared (compiling source file waypoint_window.cpp)
C:\Users\kraqu\Desktop\NMS Public Release\Source\Release-NMS-Client\eqgame_dll\MQ2DataTypes.h(1816): warning C4091: 'static ': ignored on left of 'MQ2CorpseType::CorpseMembers' when no variable is declared (compiling source file waypoint_window.cpp)
C:\Users\kraqu\Desktop\NMS Public Release\Source\Release-NMS-Client\eqgame_dll\MQ2DataTypes.h(1819): warning C4091: 'static ': ignored on left of 'MQ2CorpseType::CorpseMethods' when no variable is declared (compiling source file waypoint_window.cpp)
C:\Users\kraqu\Desktop\NMS Public Release\Source\Release-NMS-Client\eqgame_dll\MQ2DataTypes.h(1867): warning C4091: 'static ': ignored on left of 'MQ2MerchantType::MerchantMembers' when no variable is declared (compiling source file waypoint_window.cpp)
C:\Users\kraqu\Desktop\NMS Public Release\Source\Release-NMS-Client\eqgame_dll\MQ2DataTypes.h(1870): warning C4091: 'static ': ignored on left of 'MQ2MerchantType::MerchantMethods' when no variable is declared (compiling source file waypoint_window.cpp)
C:\Users\kraqu\Desktop\NMS Public Release\Source\Release-NMS-Client\eqgame_dll\MQ2DataTypes.h(1948): warning C4091: 'static ': ignored on left of 'MQ2WindowType::WindowMembers' when no variable is declared (compiling source file waypoint_window.cpp)
C:\Users\kraqu\Desktop\NMS Public Release\Source\Release-NMS-Client\eqgame_dll\MQ2DataTypes.h(1960): warning C4091: 'static ': ignored on left of 'MQ2WindowType::WindowMethods' when no variable is declared (compiling source file waypoint_window.cpp)
C:\Users\kraqu\Desktop\NMS Public Release\Source\Release-NMS-Client\eqgame_dll\MQ2DataTypes.h(2056): warning C4091: 'static ': ignored on left of 'MQ2MacroType::MacroMembers' when no variable is declared (compiling source file waypoint_window.cpp)
C:\Users\kraqu\Desktop\NMS Public Release\Source\Release-NMS-Client\eqgame_dll\MQ2DataTypes.h(2101): warning C4091: 'static ': ignored on left of 'MQ2ZoneType::ZoneMembers' when no variable is declared (compiling source file waypoint_window.cpp)
C:\Users\kraqu\Desktop\NMS Public Release\Source\Release-NMS-Client\eqgame_dll\MQ2DataTypes.h(2159): warning C4091: 'static ': ignored on left of 'MQ2CurrentZoneType::CurrentZoneMembers' when no variable is declared (compiling source file waypoint_window.cpp)
C:\Users\kraqu\Desktop\NMS Public Release\Source\Release-NMS-Client\eqgame_dll\MQ2DataTypes.h(2229): warning C4091: 'static ': ignored on left of 'MQ2MacroQuestType::MacroQuestMembers' when no variable is declared (compiling source file waypoint_window.cpp)
C:\Users\kraqu\Desktop\NMS Public Release\Source\Release-NMS-Client\eqgame_dll\MQ2DataTypes.h(2232): warning C4091: 'static ': ignored on left of 'MQ2MacroQuestType::MacroQuestMethods' when no variable is declared (compiling source file waypoint_window.cpp)
C:\Users\kraqu\Desktop\NMS Public Release\Source\Release-NMS-Client\eqgame_dll\MQ2DataTypes.h(2299): warning C4091: 'static ': ignored on left of 'MQ2MathType::MathMembers' when no variable is declared (compiling source file waypoint_window.cpp)
C:\Users\kraqu\Desktop\NMS Public Release\Source\Release-NMS-Client\eqgame_dll\MQ2DataTypes.h(2345): warning C4091: 'static ': ignored on left of 'MQ2RaceType::RaceMembers' when no variable is declared (compiling source file waypoint_window.cpp)
C:\Users\kraqu\Desktop\NMS Public Release\Source\Release-NMS-Client\eqgame_dll\MQ2DataTypes.h(2392): warning C4091: 'static ': ignored on left of 'MQ2ClassType::ClassMembers' when no variable is declared (compiling source file waypoint_window.cpp)
C:\Users\kraqu\Desktop\NMS Public Release\Source\Release-NMS-Client\eqgame_dll\MQ2DataTypes.h(2438): warning C4091: 'static ': ignored on left of 'MQ2BodyType::BodyMembers' when no variable is declared (compiling source file waypoint_window.cpp)
C:\Users\kraqu\Desktop\NMS Public Release\Source\Release-NMS-Client\eqgame_dll\MQ2DataTypes.h(2476): warning C4091: 'static ': ignored on left of 'MQ2DeityType::DeityMembers' when no variable is declared (compiling source file waypoint_window.cpp)
C:\Users\kraqu\Desktop\NMS Public Release\Source\Release-NMS-Client\eqgame_dll\MQ2DataTypes.h(2525): warning C4091: 'static ': ignored on left of 'MQ2TimeType::TimeMembers' when no variable is declared (compiling source file waypoint_window.cpp)
C:\Users\kraqu\Desktop\NMS Public Release\Source\Release-NMS-Client\eqgame_dll\MQ2DataTypes.h(2590): warning C4091: 'static ': ignored on left of 'MQ2TypeType::TypeMembers' when no variable is declared (compiling source file waypoint_window.cpp)
C:\Users\kraqu\Desktop\NMS Public Release\Source\Release-NMS-Client\eqgame_dll\MQ2DataTypes.h(2631): warning C4091: 'static ': ignored on left of 'MQ2HeadingType::HeadingMembers' when no variable is declared (compiling source file waypoint_window.cpp)
C:\Users\kraqu\Desktop\NMS Public Release\Source\Release-NMS-Client\eqgame_dll\MQ2DataTypes.h(2634): warning C4091: 'static ': ignored on left of 'MQ2HeadingType::HeadingMethods' when no variable is declared (compiling source file waypoint_window.cpp)
C:\Users\kraqu\Desktop\NMS Public Release\Source\Release-NMS-Client\eqgame_dll\MQ2DataTypes.h(2685): warning C4091: 'static ': ignored on left of 'MQ2InvSlotType::InvSlotMembers' when no variable is declared (compiling source file waypoint_window.cpp)
C:\Users\kraqu\Desktop\NMS Public Release\Source\Release-NMS-Client\eqgame_dll\MQ2DataTypes.h(2688): warning C4091: 'static ': ignored on left of 'MQ2InvSlotType::InvSlotMethods' when no variable is declared (compiling source file waypoint_window.cpp)
C:\Users\kraqu\Desktop\NMS Public Release\Source\Release-NMS-Client\eqgame_dll\MQ2DataTypes.h(2744): warning C4091: 'static ': ignored on left of 'MQ2PluginType::PluginMembers' when no variable is declared (compiling source file waypoint_window.cpp)
C:\Users\kraqu\Desktop\NMS Public Release\Source\Release-NMS-Client\eqgame_dll\MQ2DataTypes.h(2789): warning C4091: 'static ': ignored on left of 'MQ2BenchmarkType::BenchmarkMembers' when no variable is declared (compiling source file waypoint_window.cpp)
C:\Users\kraqu\Desktop\NMS Public Release\Source\Release-NMS-Client\eqgame_dll\MQ2DataTypes.h(2837): warning C4091: 'static ': ignored on left of 'MQ2SkillType::SkillMembers' when no variable is declared (compiling source file waypoint_window.cpp)
C:\Users\kraqu\Desktop\NMS Public Release\Source\Release-NMS-Client\eqgame_dll\MQ2DataTypes.h(2840): warning C4091: 'static ': ignored on left of 'MQ2SkillType::SkillMethods' when no variable is declared (compiling source file waypoint_window.cpp)
C:\Users\kraqu\Desktop\NMS Public Release\Source\Release-NMS-Client\eqgame_dll\MQ2DataTypes.h(2903): warning C4091: 'static ': ignored on left of 'MQ2AltAbilityType::AltAbilityMembers' when no variable is declared (compiling source file waypoint_window.cpp)
C:\Users\kraqu\Desktop\NMS Public Release\Source\Release-NMS-Client\eqgame_dll\MQ2DataTypes.h(2906): warning C4091: 'static ': ignored on left of 'MQ2AltAbilityType::AltAbilityMethods' when no variable is declared (compiling source file waypoint_window.cpp)
C:\Users\kraqu\Desktop\NMS Public Release\Source\Release-NMS-Client\eqgame_dll\MQ2DataTypes.h(2953): warning C4091: 'static ': ignored on left of 'MQ2TimerType::TimerMembers' when no variable is declared (compiling source file waypoint_window.cpp)
C:\Users\kraqu\Desktop\NMS Public Release\Source\Release-NMS-Client\eqgame_dll\MQ2DataTypes.h(2959): warning C4091: 'static ': ignored on left of 'MQ2TimerType::TimerMethods' when no variable is declared (compiling source file waypoint_window.cpp)
C:\Users\kraqu\Desktop\NMS Public Release\Source\Release-NMS-Client\eqgame_dll\MQ2DataTypes.h(3055): warning C4091: 'static ': ignored on left of 'MQ2ArrayType::ArrayMembers' when no variable is declared (compiling source file waypoint_window.cpp)
C:\Users\kraqu\Desktop\NMS Public Release\Source\Release-NMS-Client\eqgame_dll\MQ2DataTypes.h(3105): warning C4091: 'static ': ignored on left of 'MQ2GroupType::GroupMembers' when no variable is declared (compiling source file waypoint_window.cpp)
C:\Users\kraqu\Desktop\NMS Public Release\Source\Release-NMS-Client\eqgame_dll\MQ2DataTypes.h(3108): warning C4091: 'static ': ignored on left of 'MQ2GroupType::GroupMethods' when no variable is declared (compiling source file waypoint_window.cpp)
C:\Users\kraqu\Desktop\NMS Public Release\Source\Release-NMS-Client\eqgame_dll\MQ2DataTypes.h(3152): warning C4091: 'static ': ignored on left of 'MQ2GroupMemberType::GroupMemberMembers' when no variable is declared (compiling source file waypoint_window.cpp)
C:\Users\kraqu\Desktop\NMS Public Release\Source\Release-NMS-Client\eqgame_dll\MQ2DataTypes.h(3155): warning C4091: 'static ': ignored on left of 'MQ2GroupMemberType::GroupMemberMethods' when no variable is declared (compiling source file waypoint_window.cpp)
C:\Users\kraqu\Desktop\NMS Public Release\Source\Release-NMS-Client\eqgame_dll\MQ2DataTypes.h(3209): warning C4091: 'static ': ignored on left of 'MQ2RaidType::RaidMembers' when no variable is declared (compiling source file waypoint_window.cpp)
C:\Users\kraqu\Desktop\NMS Public Release\Source\Release-NMS-Client\eqgame_dll\MQ2DataTypes.h(3212): warning C4091: 'static ': ignored on left of 'MQ2RaidType::RaidMethods' when no variable is declared (compiling source file waypoint_window.cpp)
C:\Users\kraqu\Desktop\NMS Public Release\Source\Release-NMS-Client\eqgame_dll\MQ2DataTypes.h(3264): warning C4091: 'static ': ignored on left of 'MQ2RaidMemberType::RaidMemberMembers' when no variable is declared (compiling source file waypoint_window.cpp)
C:\Users\kraqu\Desktop\NMS Public Release\Source\Release-NMS-Client\eqgame_dll\MQ2DataTypes.h(3267): warning C4091: 'static ': ignored on left of 'MQ2RaidMemberType::RaidMemberMethods' when no variable is declared (compiling source file waypoint_window.cpp)
C:\Users\kraqu\Desktop\NMS Public Release\Source\Release-NMS-Client\eqgame_dll\MQ2DataTypes.h(3320): warning C4091: 'static ': ignored on left of 'MQ2EvolvingItemType::EvolvingItemMembers' when no variable is declared (compiling source file waypoint_window.cpp)
C:\Users\kraqu\Desktop\NMS Public Release\Source\Release-NMS-Client\eqgame_dll\MQ2DataTypes.h(3363): warning C4091: 'static ': ignored on left of 'MQ2DynamicZoneType::DynamicZoneMembers' when no variable is declared (compiling source file waypoint_window.cpp)
C:\Users\kraqu\Desktop\NMS Public Release\Source\Release-NMS-Client\eqgame_dll\MQ2DataTypes.h(3402): warning C4091: 'static ': ignored on left of 'MQ2DZMemberType::DZMemberTypeMembers' when no variable is declared (compiling source file waypoint_window.cpp)
C:\Users\kraqu\Desktop\NMS Public Release\Source\Release-NMS-Client\eqgame_dll\MQ2DataTypes.h(3443): warning C4091: 'static ': ignored on left of 'MQ2FellowshipType::FellowshipTypeMembers' when no variable is declared (compiling source file waypoint_window.cpp)
C:\Users\kraqu\Desktop\NMS Public Release\Source\Release-NMS-Client\eqgame_dll\MQ2DataTypes.h(3490): warning C4091: 'static ': ignored on left of 'MQ2FellowshipMemberType::FMTypeMembers' when no variable is declared (compiling source file waypoint_window.cpp)
C:\Users\kraqu\Desktop\NMS Public Release\Source\Release-NMS-Client\eqgame_dll\MQ2DataTypes.h(172): warning C4091: 'static ': ignored on left of 'MQ2IntType::IntMembers' when no variable is declared (compiling source file eqgame.cpp)
C:\Users\kraqu\Desktop\NMS Public Release\Source\Release-NMS-Client\eqgame_dll\MQ2DataTypes.h(3524): warning C4091: 'static ': ignored on left of 'MQ2FriendsType::FriendsMembers' when no variable is declared (compiling source file waypoint_window.cpp)
C:\Users\kraqu\Desktop\NMS Public Release\Source\Release-NMS-Client\eqgame_dll\MQ2DataTypes.h(3527): warning C4091: 'static ': ignored on left of 'MQ2FriendsType::FriendsMethods' when no variable is declared (compiling source file waypoint_window.cpp)
C:\Users\kraqu\Desktop\NMS Public Release\Source\Release-NMS-Client\eqgame_dll\MQ2DataTypes.h(214): warning C4091: 'static ': ignored on left of 'MQ2ArgbType::ArgbMembers' when no variable is declared (compiling source file eqgame.cpp)
C:\Users\kraqu\Desktop\NMS Public Release\Source\Release-NMS-Client\eqgame_dll\MQ2DataTypes.h(3572): warning C4091: 'static ': ignored on left of 'MQ2TargetType::TargetMembers' when no variable is declared (compiling source file waypoint_window.cpp)
C:\Users\kraqu\Desktop\NMS Public Release\Source\Release-NMS-Client\eqgame_dll\MQ2DataTypes.h(303): warning C4091: 'static ': ignored on left of 'MQ2StringType::StringMembers' when no variable is declared (compiling source file eqgame.cpp)
C:\Users\kraqu\Desktop\NMS Public Release\Source\Release-NMS-Client\eqgame_dll\MQ2DataTypes.h(367): warning C4091: 'static ': ignored on left of 'MQ2FloatType::FloatMembers' when no variable is declared (compiling source file eqgame.cpp)
C:\Users\kraqu\Desktop\NMS Public Release\Source\Release-NMS-Client\eqgame_dll\MQ2DataTypes.h(3650): warning C4091: 'static ': ignored on left of 'MQ2XTargetType::xTargetMembers' when no variable is declared (compiling source file waypoint_window.cpp)
C:\Users\kraqu\Desktop\NMS Public Release\Source\Release-NMS-Client\eqgame_dll\MQ2DataTypes.h(418): warning C4091: 'static ': ignored on left of 'MQ2TicksType::TicksMembers' when no variable is declared (compiling source file eqgame.cpp)
C:\Users\kraqu\Desktop\NMS Public Release\Source\Release-NMS-Client\eqgame_dll\MQ2DataTypes.h(558): warning C4091: 'static ': ignored on left of 'MQ2SpawnType::SpawnMembers' when no variable is declared (compiling source file eqgame.cpp)
C:\Users\kraqu\Desktop\NMS Public Release\Source\Release-NMS-Client\eqgame_dll\MQ2DataTypes.h(566): warning C4091: 'static ': ignored on left of 'MQ2SpawnType::SpawnMethods' when no variable is declared (compiling source file eqgame.cpp)
C:\Users\kraqu\Desktop\NMS Public Release\Source\Release-NMS-Client\eqgame_dll\MQ2Internal.h(131,6): warning C4091: 'static ': ignored on left of 'MQ2Internal::SearchItemFlag' when no variable is declared (compiling source file multi_pet.cpp)
C:\Users\kraqu\Desktop\NMS Public Release\Source\Release-NMS-Client\eqgame_dll\MQ2DataTypes.h(916): warning C4091: 'static ': ignored on left of 'MQ2CharacterType::CharacterMembers' when no variable is declared (compiling source file eqgame.cpp)
C:\Users\kraqu\Desktop\NMS Public Release\Source\Release-NMS-Client\eqgame_dll\MQ2DataTypes.h(922): warning C4091: 'static ': ignored on left of 'MQ2CharacterType::CharacterMethods' when no variable is declared (compiling source file eqgame.cpp)
C:\Users\kraqu\Desktop\NMS Public Release\Source\Release-NMS-Client\eqgame_dll\MQ2DataTypes.h(1187): warning C4091: 'static ': ignored on left of 'MQ2SpellType::SpellMembers' when no variable is declared (compiling source file eqgame.cpp)
C:\Users\kraqu\Desktop\NMS Public Release\Source\Release-NMS-Client\eqgame_dll\MQ2DataTypes.h(1190): warning C4091: 'static ': ignored on left of 'MQ2SpellType::SpellMethods' when no variable is declared (compiling source file eqgame.cpp)
C:\Users\kraqu\Desktop\NMS Public Release\Source\Release-NMS-Client\eqgame_dll\EQData.h(464,2): warning C4091: 'typedef ': ignored on left of 'EQData::MaterialType' when no variable is declared (compiling source file pet_window.cpp)
C:\Users\kraqu\Desktop\NMS Public Release\Source\Release-NMS-Client\eqgame_dll\MQ2DataTypes.h(1271): warning C4091: 'static ': ignored on left of 'MQ2BuffType::BuffMembers' when no variable is declared (compiling source file eqgame.cpp)
C:\Users\kraqu\Desktop\NMS Public Release\Source\Release-NMS-Client\eqgame_dll\MQ2DataTypes.h(1275): warning C4091: 'static ': ignored on left of 'MQ2BuffType::BuffMethods' when no variable is declared (compiling source file eqgame.cpp)
C:\Users\kraqu\Desktop\NMS Public Release\Source\Release-NMS-Client\eqgame_dll\MQ2DataTypes.h(1468): warning C4091: 'static ': ignored on left of 'MQ2ItemType::ItemMembers' when no variable is declared (compiling source file eqgame.cpp)
C:\Users\kraqu\Desktop\NMS Public Release\Source\Release-NMS-Client\eqgame_dll\MQ2DataTypes.h(1471): warning C4091: 'static ': ignored on left of 'MQ2ItemType::ItemMethods' when no variable is declared (compiling source file eqgame.cpp)
C:\Users\kraqu\Desktop\NMS Public Release\Source\Release-NMS-Client\eqgame_dll\MQ2Internal.h(131,6): warning C4091: 'static ': ignored on left of 'MQ2Internal::SearchItemFlag' when no variable is declared (compiling source file Text.cpp)
C:\Users\kraqu\Desktop\NMS Public Release\Source\Release-NMS-Client\eqgame_dll\MQ2Main.h(776,7): warning C4200: nonstandard extension used: zero-sized array in struct/union (compiling source file waypoint_window.cpp)
C:\Users\kraqu\Desktop\NMS Public Release\Source\Release-NMS-Client\eqgame_dll\MQ2Main.h(776,7): message : This member will be ignored by a defaulted constructor or copy/move assignment operator (compiling source file waypoint_window.cpp)
C:\Users\kraqu\Desktop\NMS Public Release\Source\Release-NMS-Client\eqgame_dll\MQ2DataTypes.h(1669): warning C4091: 'static ': ignored on left of 'MQ2SwitchType::SwitchMembers' when no variable is declared (compiling source file eqgame.cpp)
C:\Users\kraqu\Desktop\NMS Public Release\Source\Release-NMS-Client\eqgame_dll\MQ2DataTypes.h(1673): warning C4091: 'static ': ignored on left of 'MQ2SwitchType::SwitchMethods' when no variable is declared (compiling source file eqgame.cpp)
C:\Users\kraqu\Desktop\NMS Public Release\Source\Release-NMS-Client\eqgame_dll\MQ2DataTypes.h(1749): warning C4091: 'static ': ignored on left of 'MQ2GroundType::GroundMembers' when no variable is declared (compiling source file eqgame.cpp)
C:\Users\kraqu\Desktop\NMS Public Release\Source\Release-NMS-Client\eqgame_dll\MQ2DataTypes.h(1753): warning C4091: 'static ': ignored on left of 'MQ2GroundType::GroundMethods' when no variable is declared (compiling source file eqgame.cpp)
C:\Users\kraqu\Desktop\NMS Public Release\Source\Release-NMS-Client\eqgame_dll\MQ2DataTypes.h(1816): warning C4091: 'static ': ignored on left of 'MQ2CorpseType::CorpseMembers' when no variable is declared (compiling source file eqgame.cpp)
C:\Users\kraqu\Desktop\NMS Public Release\Source\Release-NMS-Client\eqgame_dll\MQ2DataTypes.h(1819): warning C4091: 'static ': ignored on left of 'MQ2CorpseType::CorpseMethods' when no variable is declared (compiling source file eqgame.cpp)
C:\Users\kraqu\Desktop\NMS Public Release\Source\Release-NMS-Client\eqgame_dll\MQ2DataTypes.h(1867): warning C4091: 'static ': ignored on left of 'MQ2MerchantType::MerchantMembers' when no variable is declared (compiling source file eqgame.cpp)
C:\Users\kraqu\Desktop\NMS Public Release\Source\Release-NMS-Client\eqgame_dll\MQ2DataTypes.h(1870): warning C4091: 'static ': ignored on left of 'MQ2MerchantType::MerchantMethods' when no variable is declared (compiling source file eqgame.cpp)
C:\Users\kraqu\Desktop\NMS Public Release\Source\Release-NMS-Client\eqgame_dll\MQ2DataTypes.h(1948): warning C4091: 'static ': ignored on left of 'MQ2WindowType::WindowMembers' when no variable is declared (compiling source file eqgame.cpp)
C:\Users\kraqu\Desktop\NMS Public Release\Source\Release-NMS-Client\eqgame_dll\MQ2DataTypes.h(1960): warning C4091: 'static ': ignored on left of 'MQ2WindowType::WindowMethods' when no variable is declared (compiling source file eqgame.cpp)
C:\Users\kraqu\Desktop\NMS Public Release\Source\Release-NMS-Client\eqgame_dll\MQ2DataTypes.h(2056): warning C4091: 'static ': ignored on left of 'MQ2MacroType::MacroMembers' when no variable is declared (compiling source file eqgame.cpp)
C:\Users\kraqu\Desktop\NMS Public Release\Source\Release-NMS-Client\eqgame_dll\MQ2DataTypes.h(2101): warning C4091: 'static ': ignored on left of 'MQ2ZoneType::ZoneMembers' when no variable is declared (compiling source file eqgame.cpp)
C:\Users\kraqu\Desktop\NMS Public Release\Source\Release-NMS-Client\eqgame_dll\MQ2DataTypes.h(2159): warning C4091: 'static ': ignored on left of 'MQ2CurrentZoneType::CurrentZoneMembers' when no variable is declared (compiling source file eqgame.cpp)
C:\Users\kraqu\Desktop\NMS Public Release\Source\Release-NMS-Client\eqgame_dll\MQ2DataTypes.h(2229): warning C4091: 'static ': ignored on left of 'MQ2MacroQuestType::MacroQuestMembers' when no variable is declared (compiling source file eqgame.cpp)
C:\Users\kraqu\Desktop\NMS Public Release\Source\Release-NMS-Client\eqgame_dll\MQ2DataTypes.h(2232): warning C4091: 'static ': ignored on left of 'MQ2MacroQuestType::MacroQuestMethods' when no variable is declared (compiling source file eqgame.cpp)
C:\Users\kraqu\Desktop\NMS Public Release\Source\Release-NMS-Client\eqgame_dll\MQ2DataTypes.h(2299): warning C4091: 'static ': ignored on left of 'MQ2MathType::MathMembers' when no variable is declared (compiling source file eqgame.cpp)
C:\Users\kraqu\Desktop\NMS Public Release\Source\Release-NMS-Client\eqgame_dll\MQ2DataTypes.h(2345): warning C4091: 'static ': ignored on left of 'MQ2RaceType::RaceMembers' when no variable is declared (compiling source file eqgame.cpp)
C:\Users\kraqu\Desktop\NMS Public Release\Source\Release-NMS-Client\eqgame_dll\MQ2DataTypes.h(2392): warning C4091: 'static ': ignored on left of 'MQ2ClassType::ClassMembers' when no variable is declared (compiling source file eqgame.cpp)
C:\Users\kraqu\Desktop\NMS Public Release\Source\Release-NMS-Client\eqgame_dll\MQ2DataTypes.h(2438): warning C4091: 'static ': ignored on left of 'MQ2BodyType::BodyMembers' when no variable is declared (compiling source file eqgame.cpp)
C:\Users\kraqu\Desktop\NMS Public Release\Source\Release-NMS-Client\eqgame_dll\MQ2DataTypes.h(2476): warning C4091: 'static ': ignored on left of 'MQ2DeityType::DeityMembers' when no variable is declared (compiling source file eqgame.cpp)
C:\Users\kraqu\Desktop\NMS Public Release\Source\Release-NMS-Client\eqgame_dll\MQ2DataTypes.h(2525): warning C4091: 'static ': ignored on left of 'MQ2TimeType::TimeMembers' when no variable is declared (compiling source file eqgame.cpp)
C:\Users\kraqu\Desktop\NMS Public Release\Source\Release-NMS-Client\eqgame_dll\MQ2DataTypes.h(2590): warning C4091: 'static ': ignored on left of 'MQ2TypeType::TypeMembers' when no variable is declared (compiling source file eqgame.cpp)
C:\Users\kraqu\Desktop\NMS Public Release\Source\Release-NMS-Client\eqgame_dll\MQ2DataTypes.h(172): warning C4091: 'static ': ignored on left of 'MQ2IntType::IntMembers' when no variable is declared (compiling source file multi_pet.cpp)
C:\Users\kraqu\Desktop\NMS Public Release\Source\Release-NMS-Client\eqgame_dll\MQ2DataTypes.h(2631): warning C4091: 'static ': ignored on left of 'MQ2HeadingType::HeadingMembers' when no variable is declared (compiling source file eqgame.cpp)
C:\Users\kraqu\Desktop\NMS Public Release\Source\Release-NMS-Client\eqgame_dll\MQ2DataTypes.h(2634): warning C4091: 'static ': ignored on left of 'MQ2HeadingType::HeadingMethods' when no variable is declared (compiling source file eqgame.cpp)
C:\Users\kraqu\Desktop\NMS Public Release\Source\Release-NMS-Client\eqgame_dll\MQ2DataTypes.h(172): warning C4091: 'static ': ignored on left of 'MQ2IntType::IntMembers' when no variable is declared (compiling source file Text.cpp)
C:\Users\kraqu\Desktop\NMS Public Release\Source\Release-NMS-Client\eqgame_dll\MQ2DataTypes.h(214): warning C4091: 'static ': ignored on left of 'MQ2ArgbType::ArgbMembers' when no variable is declared (compiling source file multi_pet.cpp)
C:\Users\kraqu\Desktop\NMS Public Release\Source\Release-NMS-Client\eqgame_dll\MQ2DataTypes.h(214): warning C4091: 'static ': ignored on left of 'MQ2ArgbType::ArgbMembers' when no variable is declared (compiling source file Text.cpp)
C:\Users\kraqu\Desktop\NMS Public Release\Source\Release-NMS-Client\eqgame_dll\MQ2DataTypes.h(2685): warning C4091: 'static ': ignored on left of 'MQ2InvSlotType::InvSlotMembers' when no variable is declared (compiling source file eqgame.cpp)
C:\Users\kraqu\Desktop\NMS Public Release\Source\Release-NMS-Client\eqgame_dll\MQ2DataTypes.h(2688): warning C4091: 'static ': ignored on left of 'MQ2InvSlotType::InvSlotMethods' when no variable is declared (compiling source file eqgame.cpp)
C:\Users\kraqu\Desktop\NMS Public Release\Source\Release-NMS-Client\eqgame_dll\MQ2DataTypes.h(303): warning C4091: 'static ': ignored on left of 'MQ2StringType::StringMembers' when no variable is declared (compiling source file Text.cpp)
C:\Users\kraqu\Desktop\NMS Public Release\Source\Release-NMS-Client\eqgame_dll\MQ2DataTypes.h(303): warning C4091: 'static ': ignored on left of 'MQ2StringType::StringMembers' when no variable is declared (compiling source file multi_pet.cpp)
C:\Users\kraqu\Desktop\NMS Public Release\Source\Release-NMS-Client\eqgame_dll\MQ2DataTypes.h(2744): warning C4091: 'static ': ignored on left of 'MQ2PluginType::PluginMembers' when no variable is declared (compiling source file eqgame.cpp)
C:\Users\kraqu\Desktop\NMS Public Release\Source\Release-NMS-Client\eqgame_dll\MQ2DataTypes.h(367): warning C4091: 'static ': ignored on left of 'MQ2FloatType::FloatMembers' when no variable is declared (compiling source file Text.cpp)
C:\Users\kraqu\Desktop\NMS Public Release\Source\Release-NMS-Client\eqgame_dll\MQ2DataTypes.h(2789): warning C4091: 'static ': ignored on left of 'MQ2BenchmarkType::BenchmarkMembers' when no variable is declared (compiling source file eqgame.cpp)
C:\Users\kraqu\Desktop\NMS Public Release\Source\Release-NMS-Client\eqgame_dll\MQ2DataTypes.h(418): warning C4091: 'static ': ignored on left of 'MQ2TicksType::TicksMembers' when no variable is declared (compiling source file Text.cpp)
C:\Users\kraqu\Desktop\NMS Public Release\Source\Release-NMS-Client\eqgame_dll\MQ2DataTypes.h(367): warning C4091: 'static ': ignored on left of 'MQ2FloatType::FloatMembers' when no variable is declared (compiling source file multi_pet.cpp)
C:\Users\kraqu\Desktop\NMS Public Release\Source\Release-NMS-Client\eqgame_dll\MQ2DataTypes.h(2837): warning C4091: 'static ': ignored on left of 'MQ2SkillType::SkillMembers' when no variable is declared (compiling source file eqgame.cpp)
C:\Users\kraqu\Desktop\NMS Public Release\Source\Release-NMS-Client\eqgame_dll\MQ2DataTypes.h(2840): warning C4091: 'static ': ignored on left of 'MQ2SkillType::SkillMethods' when no variable is declared (compiling source file eqgame.cpp)
C:\Users\kraqu\Desktop\NMS Public Release\Source\Release-NMS-Client\eqgame_dll\MQ2DataTypes.h(558): warning C4091: 'static ': ignored on left of 'MQ2SpawnType::SpawnMembers' when no variable is declared (compiling source file Text.cpp)
C:\Users\kraqu\Desktop\NMS Public Release\Source\Release-NMS-Client\eqgame_dll\MQ2DataTypes.h(566): warning C4091: 'static ': ignored on left of 'MQ2SpawnType::SpawnMethods' when no variable is declared (compiling source file Text.cpp)
C:\Users\kraqu\Desktop\NMS Public Release\Source\Release-NMS-Client\eqgame_dll\MQ2DataTypes.h(418): warning C4091: 'static ': ignored on left of 'MQ2TicksType::TicksMembers' when no variable is declared (compiling source file multi_pet.cpp)
C:\Users\kraqu\Desktop\NMS Public Release\Source\Release-NMS-Client\eqgame_dll\MQ2DataTypes.h(2903): warning C4091: 'static ': ignored on left of 'MQ2AltAbilityType::AltAbilityMembers' when no variable is declared (compiling source file eqgame.cpp)
C:\Users\kraqu\Desktop\NMS Public Release\Source\Release-NMS-Client\eqgame_dll\MQ2DataTypes.h(2906): warning C4091: 'static ': ignored on left of 'MQ2AltAbilityType::AltAbilityMethods' when no variable is declared (compiling source file eqgame.cpp)
C:\Users\kraqu\Desktop\NMS Public Release\Source\Release-NMS-Client\eqgame_dll\MQ2DataTypes.h(558): warning C4091: 'static ': ignored on left of 'MQ2SpawnType::SpawnMembers' when no variable is declared (compiling source file multi_pet.cpp)
C:\Users\kraqu\Desktop\NMS Public Release\Source\Release-NMS-Client\eqgame_dll\MQ2DataTypes.h(566): warning C4091: 'static ': ignored on left of 'MQ2SpawnType::SpawnMethods' when no variable is declared (compiling source file multi_pet.cpp)
C:\Users\kraqu\Desktop\NMS Public Release\Source\Release-NMS-Client\eqgame_dll\MQ2DataTypes.h(2953): warning C4091: 'static ': ignored on left of 'MQ2TimerType::TimerMembers' when no variable is declared (compiling source file eqgame.cpp)
C:\Users\kraqu\Desktop\NMS Public Release\Source\Release-NMS-Client\eqgame_dll\MQ2DataTypes.h(2959): warning C4091: 'static ': ignored on left of 'MQ2TimerType::TimerMethods' when no variable is declared (compiling source file eqgame.cpp)
C:\Users\kraqu\Desktop\NMS Public Release\Source\Release-NMS-Client\eqgame_dll\MQ2DataTypes.h(916): warning C4091: 'static ': ignored on left of 'MQ2CharacterType::CharacterMembers' when no variable is declared (compiling source file Text.cpp)
C:\Users\kraqu\Desktop\NMS Public Release\Source\Release-NMS-Client\eqgame_dll\MQ2DataTypes.h(922): warning C4091: 'static ': ignored on left of 'MQ2CharacterType::CharacterMethods' when no variable is declared (compiling source file Text.cpp)
C:\Users\kraqu\Desktop\NMS Public Release\Source\Release-NMS-Client\eqgame_dll\MQ2DataTypes.h(3055): warning C4091: 'static ': ignored on left of 'MQ2ArrayType::ArrayMembers' when no variable is declared (compiling source file eqgame.cpp)
C:\Users\kraqu\Desktop\NMS Public Release\Source\Release-NMS-Client\eqgame_dll\MQ2DataTypes.h(3105): warning C4091: 'static ': ignored on left of 'MQ2GroupType::GroupMembers' when no variable is declared (compiling source file eqgame.cpp)
C:\Users\kraqu\Desktop\NMS Public Release\Source\Release-NMS-Client\eqgame_dll\MQ2DataTypes.h(3108): warning C4091: 'static ': ignored on left of 'MQ2GroupType::GroupMethods' when no variable is declared (compiling source file eqgame.cpp)
C:\Users\kraqu\Desktop\NMS Public Release\Source\Release-NMS-Client\eqgame_dll\MQ2DataTypes.h(3152): warning C4091: 'static ': ignored on left of 'MQ2GroupMemberType::GroupMemberMembers' when no variable is declared (compiling source file eqgame.cpp)
C:\Users\kraqu\Desktop\NMS Public Release\Source\Release-NMS-Client\eqgame_dll\MQ2DataTypes.h(3155): warning C4091: 'static ': ignored on left of 'MQ2GroupMemberType::GroupMemberMethods' when no variable is declared (compiling source file eqgame.cpp)
C:\Users\kraqu\Desktop\NMS Public Release\Source\Release-NMS-Client\eqgame_dll\MQ2DataTypes.h(916): warning C4091: 'static ': ignored on left of 'MQ2CharacterType::CharacterMembers' when no variable is declared (compiling source file multi_pet.cpp)
C:\Users\kraqu\Desktop\NMS Public Release\Source\Release-NMS-Client\eqgame_dll\MQ2DataTypes.h(1187): warning C4091: 'static ': ignored on left of 'MQ2SpellType::SpellMembers' when no variable is declared (compiling source file Text.cpp)
C:\Users\kraqu\Desktop\NMS Public Release\Source\Release-NMS-Client\eqgame_dll\MQ2DataTypes.h(1190): warning C4091: 'static ': ignored on left of 'MQ2SpellType::SpellMethods' when no variable is declared (compiling source file Text.cpp)
C:\Users\kraqu\Desktop\NMS Public Release\Source\Release-NMS-Client\eqgame_dll\MQ2DataTypes.h(922): warning C4091: 'static ': ignored on left of 'MQ2CharacterType::CharacterMethods' when no variable is declared (compiling source file multi_pet.cpp)
C:\Users\kraqu\Desktop\NMS Public Release\Source\Release-NMS-Client\eqgame_dll\MQ2DataTypes.h(3209): warning C4091: 'static ': ignored on left of 'MQ2RaidType::RaidMembers' when no variable is declared (compiling source file eqgame.cpp)
C:\Users\kraqu\Desktop\NMS Public Release\Source\Release-NMS-Client\eqgame_dll\MQ2DataTypes.h(3212): warning C4091: 'static ': ignored on left of 'MQ2RaidType::RaidMethods' when no variable is declared (compiling source file eqgame.cpp)
C:\Users\kraqu\Desktop\NMS Public Release\Source\Release-NMS-Client\eqgame_dll\MQ2DataTypes.h(1271): warning C4091: 'static ': ignored on left of 'MQ2BuffType::BuffMembers' when no variable is declared (compiling source file Text.cpp)
C:\Users\kraqu\Desktop\NMS Public Release\Source\Release-NMS-Client\eqgame_dll\MQ2DataTypes.h(1275): warning C4091: 'static ': ignored on left of 'MQ2BuffType::BuffMethods' when no variable is declared (compiling source file Text.cpp)
C:\Users\kraqu\Desktop\NMS Public Release\Source\Release-NMS-Client\eqgame_dll\MQ2DataTypes.h(3264): warning C4091: 'static ': ignored on left of 'MQ2RaidMemberType::RaidMemberMembers' when no variable is declared (compiling source file eqgame.cpp)
C:\Users\kraqu\Desktop\NMS Public Release\Source\Release-NMS-Client\eqgame_dll\MQ2DataTypes.h(3267): warning C4091: 'static ': ignored on left of 'MQ2RaidMemberType::RaidMemberMethods' when no variable is declared (compiling source file eqgame.cpp)
C:\Users\kraqu\Desktop\NMS Public Release\Source\Release-NMS-Client\eqgame_dll\EQData.h(464,2): warning C4091: 'typedef ': ignored on left of 'EQData::MaterialType' when no variable is declared (compiling source file who_multiclass.cpp)
C:\Users\kraqu\Desktop\NMS Public Release\Source\Release-NMS-Client\eqgame_dll\MQ2DataTypes.h(1468): warning C4091: 'static ': ignored on left of 'MQ2ItemType::ItemMembers' when no variable is declared (compiling source file Text.cpp)
C:\Users\kraqu\Desktop\NMS Public Release\Source\Release-NMS-Client\eqgame_dll\MQ2DataTypes.h(1471): warning C4091: 'static ': ignored on left of 'MQ2ItemType::ItemMethods' when no variable is declared (compiling source file Text.cpp)
C:\Users\kraqu\Desktop\NMS Public Release\Source\Release-NMS-Client\eqgame_dll\MQ2DataTypes.h(3320): warning C4091: 'static ': ignored on left of 'MQ2EvolvingItemType::EvolvingItemMembers' when no variable is declared (compiling source file eqgame.cpp)
C:\Users\kraqu\Desktop\NMS Public Release\Source\Release-NMS-Client\eqgame_dll\MQ2DataTypes.h(1187): warning C4091: 'static ': ignored on left of 'MQ2SpellType::SpellMembers' when no variable is declared (compiling source file multi_pet.cpp)
C:\Users\kraqu\Desktop\NMS Public Release\Source\Release-NMS-Client\eqgame_dll\MQ2DataTypes.h(1190): warning C4091: 'static ': ignored on left of 'MQ2SpellType::SpellMethods' when no variable is declared (compiling source file multi_pet.cpp)
C:\Users\kraqu\Desktop\NMS Public Release\Source\Release-NMS-Client\eqgame_dll\MQ2DataTypes.h(3363): warning C4091: 'static ': ignored on left of 'MQ2DynamicZoneType::DynamicZoneMembers' when no variable is declared (compiling source file eqgame.cpp)
C:\Users\kraqu\Desktop\NMS Public Release\Source\Release-NMS-Client\eqgame_dll\MQ2DataTypes.h(1271): warning C4091: 'static ': ignored on left of 'MQ2BuffType::BuffMembers' when no variable is declared (compiling source file multi_pet.cpp)
C:\Users\kraqu\Desktop\NMS Public Release\Source\Release-NMS-Client\eqgame_dll\MQ2DataTypes.h(1275): warning C4091: 'static ': ignored on left of 'MQ2BuffType::BuffMethods' when no variable is declared (compiling source file multi_pet.cpp)
C:\Users\kraqu\Desktop\NMS Public Release\Source\Release-NMS-Client\eqgame_dll\MQ2DataTypes.h(1669): warning C4091: 'static ': ignored on left of 'MQ2SwitchType::SwitchMembers' when no variable is declared (compiling source file Text.cpp)
C:\Users\kraqu\Desktop\NMS Public Release\Source\Release-NMS-Client\eqgame_dll\MQ2DataTypes.h(1673): warning C4091: 'static ': ignored on left of 'MQ2SwitchType::SwitchMethods' when no variable is declared (compiling source file Text.cpp)
C:\Users\kraqu\Desktop\NMS Public Release\Source\Release-NMS-Client\eqgame_dll\MQ2DataTypes.h(3402): warning C4091: 'static ': ignored on left of 'MQ2DZMemberType::DZMemberTypeMembers' when no variable is declared (compiling source file eqgame.cpp)
C:\Users\kraqu\Desktop\NMS Public Release\Source\Release-NMS-Client\eqgame_dll\MQ2DataTypes.h(1468): warning C4091: 'static ': ignored on left of 'MQ2ItemType::ItemMembers' when no variable is declared (compiling source file multi_pet.cpp)
C:\Users\kraqu\Desktop\NMS Public Release\Source\Release-NMS-Client\eqgame_dll\MQ2DataTypes.h(1749): warning C4091: 'static ': ignored on left of 'MQ2GroundType::GroundMembers' when no variable is declared (compiling source file Text.cpp)
C:\Users\kraqu\Desktop\NMS Public Release\Source\Release-NMS-Client\eqgame_dll\MQ2DataTypes.h(1471): warning C4091: 'static ': ignored on left of 'MQ2ItemType::ItemMethods' when no variable is declared (compiling source file multi_pet.cpp)
C:\Users\kraqu\Desktop\NMS Public Release\Source\Release-NMS-Client\eqgame_dll\MQ2DataTypes.h(1753): warning C4091: 'static ': ignored on left of 'MQ2GroundType::GroundMethods' when no variable is declared (compiling source file Text.cpp)
C:\Users\kraqu\Desktop\NMS Public Release\Source\Release-NMS-Client\eqgame_dll\MQ2DataTypes.h(3443): warning C4091: 'static ': ignored on left of 'MQ2FellowshipType::FellowshipTypeMembers' when no variable is declared (compiling source file eqgame.cpp)
C:\Users\kraqu\Desktop\NMS Public Release\Source\Release-NMS-Client\eqgame_dll\MQ2DataTypes.h(1816): warning C4091: 'static ': ignored on left of 'MQ2CorpseType::CorpseMembers' when no variable is declared (compiling source file Text.cpp)
C:\Users\kraqu\Desktop\NMS Public Release\Source\Release-NMS-Client\eqgame_dll\MQ2DataTypes.h(1819): warning C4091: 'static ': ignored on left of 'MQ2CorpseType::CorpseMethods' when no variable is declared (compiling source file Text.cpp)
C:\Users\kraqu\Desktop\NMS Public Release\Source\Release-NMS-Client\eqgame_dll\MQ2DataTypes.h(3490): warning C4091: 'static ': ignored on left of 'MQ2FellowshipMemberType::FMTypeMembers' when no variable is declared (compiling source file eqgame.cpp)
C:\Users\kraqu\Desktop\NMS Public Release\Source\Release-NMS-Client\eqgame_dll\MQ2DataTypes.h(1867): warning C4091: 'static ': ignored on left of 'MQ2MerchantType::MerchantMembers' when no variable is declared (compiling source file Text.cpp)
C:\Users\kraqu\Desktop\NMS Public Release\Source\Release-NMS-Client\eqgame_dll\MQ2DataTypes.h(1870): warning C4091: 'static ': ignored on left of 'MQ2MerchantType::MerchantMethods' when no variable is declared (compiling source file Text.cpp)
C:\Users\kraqu\Desktop\NMS Public Release\Source\Release-NMS-Client\eqgame_dll\MQ2DataTypes.h(3524): warning C4091: 'static ': ignored on left of 'MQ2FriendsType::FriendsMembers' when no variable is declared (compiling source file eqgame.cpp)
C:\Users\kraqu\Desktop\NMS Public Release\Source\Release-NMS-Client\eqgame_dll\MQ2DataTypes.h(3527): warning C4091: 'static ': ignored on left of 'MQ2FriendsType::FriendsMethods' when no variable is declared (compiling source file eqgame.cpp)
C:\Users\kraqu\Desktop\NMS Public Release\Source\Release-NMS-Client\eqgame_dll\MQ2DataTypes.h(1948): warning C4091: 'static ': ignored on left of 'MQ2WindowType::WindowMembers' when no variable is declared (compiling source file Text.cpp)
C:\Users\kraqu\Desktop\NMS Public Release\Source\Release-NMS-Client\eqgame_dll\MQ2DataTypes.h(1669): warning C4091: 'static ': ignored on left of 'MQ2SwitchType::SwitchMembers' when no variable is declared (compiling source file multi_pet.cpp)
C:\Users\kraqu\Desktop\NMS Public Release\Source\Release-NMS-Client\eqgame_dll\MQ2DataTypes.h(1673): warning C4091: 'static ': ignored on left of 'MQ2SwitchType::SwitchMethods' when no variable is declared (compiling source file multi_pet.cpp)
C:\Users\kraqu\Desktop\NMS Public Release\Source\Release-NMS-Client\eqgame_dll\MQ2DataTypes.h(1960): warning C4091: 'static ': ignored on left of 'MQ2WindowType::WindowMethods' when no variable is declared (compiling source file Text.cpp)
C:\Users\kraqu\Desktop\NMS Public Release\Source\Release-NMS-Client\eqgame_dll\MQ2DataTypes.h(3572): warning C4091: 'static ': ignored on left of 'MQ2TargetType::TargetMembers' when no variable is declared (compiling source file eqgame.cpp)
C:\Users\kraqu\Desktop\NMS Public Release\Source\Release-NMS-Client\eqgame_dll\MQ2DataTypes.h(1749): warning C4091: 'static ': ignored on left of 'MQ2GroundType::GroundMembers' when no variable is declared (compiling source file multi_pet.cpp)
C:\Users\kraqu\Desktop\NMS Public Release\Source\Release-NMS-Client\eqgame_dll\MQ2DataTypes.h(1753): warning C4091: 'static ': ignored on left of 'MQ2GroundType::GroundMethods' when no variable is declared (compiling source file multi_pet.cpp)
C:\Users\kraqu\Desktop\NMS Public Release\Source\Release-NMS-Client\eqgame_dll\MQ2DataTypes.h(3650): warning C4091: 'static ': ignored on left of 'MQ2XTargetType::xTargetMembers' when no variable is declared (compiling source file eqgame.cpp)
C:\Users\kraqu\Desktop\NMS Public Release\Source\Release-NMS-Client\eqgame_dll\MQ2DataTypes.h(1816): warning C4091: 'static ': ignored on left of 'MQ2CorpseType::CorpseMembers' when no variable is declared (compiling source file multi_pet.cpp)
C:\Users\kraqu\Desktop\NMS Public Release\Source\Release-NMS-Client\eqgame_dll\MQ2DataTypes.h(1819): warning C4091: 'static ': ignored on left of 'MQ2CorpseType::CorpseMethods' when no variable is declared (compiling source file multi_pet.cpp)
C:\Users\kraqu\Desktop\NMS Public Release\Source\Release-NMS-Client\eqgame_dll\MQ2DataTypes.h(2056): warning C4091: 'static ': ignored on left of 'MQ2MacroType::MacroMembers' when no variable is declared (compiling source file Text.cpp)
C:\Users\kraqu\Desktop\NMS Public Release\Source\Release-NMS-Client\eqgame_dll\MQ2DataTypes.h(1867): warning C4091: 'static ': ignored on left of 'MQ2MerchantType::MerchantMembers' when no variable is declared (compiling source file multi_pet.cpp)
C:\Users\kraqu\Desktop\NMS Public Release\Source\Release-NMS-Client\eqgame_dll\MQ2DataTypes.h(1870): warning C4091: 'static ': ignored on left of 'MQ2MerchantType::MerchantMethods' when no variable is declared (compiling source file multi_pet.cpp)
C:\Users\kraqu\Desktop\NMS Public Release\Source\Release-NMS-Client\eqgame_dll\MQ2DataTypes.h(2101): warning C4091: 'static ': ignored on left of 'MQ2ZoneType::ZoneMembers' when no variable is declared (compiling source file Text.cpp)
C:\Users\kraqu\Desktop\NMS Public Release\Source\Release-NMS-Client\eqgame_dll\MQ2DataTypes.h(1948): warning C4091: 'static ': ignored on left of 'MQ2WindowType::WindowMembers' when no variable is declared (compiling source file multi_pet.cpp)
C:\Users\kraqu\Desktop\NMS Public Release\Source\Release-NMS-Client\eqgame_dll\MQ2DataTypes.h(1960): warning C4091: 'static ': ignored on left of 'MQ2WindowType::WindowMethods' when no variable is declared (compiling source file multi_pet.cpp)
C:\Users\kraqu\Desktop\NMS Public Release\Source\Release-NMS-Client\eqgame_dll\MQ2DataTypes.h(2159): warning C4091: 'static ': ignored on left of 'MQ2CurrentZoneType::CurrentZoneMembers' when no variable is declared (compiling source file Text.cpp)
C:\Users\kraqu\Desktop\NMS Public Release\Source\Release-NMS-Client\eqgame_dll\MQ2DataTypes.h(2056): warning C4091: 'static ': ignored on left of 'MQ2MacroType::MacroMembers' when no variable is declared (compiling source file multi_pet.cpp)
C:\Users\kraqu\Desktop\NMS Public Release\Source\Release-NMS-Client\eqgame_dll\MQ2DataTypes.h(2229): warning C4091: 'static ': ignored on left of 'MQ2MacroQuestType::MacroQuestMembers' when no variable is declared (compiling source file Text.cpp)
C:\Users\kraqu\Desktop\NMS Public Release\Source\Release-NMS-Client\eqgame_dll\MQ2DataTypes.h(2232): warning C4091: 'static ': ignored on left of 'MQ2MacroQuestType::MacroQuestMethods' when no variable is declared (compiling source file Text.cpp)
C:\Users\kraqu\Desktop\NMS Public Release\Source\Release-NMS-Client\eqgame_dll\MQ2DataTypes.h(2101): warning C4091: 'static ': ignored on left of 'MQ2ZoneType::ZoneMembers' when no variable is declared (compiling source file multi_pet.cpp)
C:\Users\kraqu\Desktop\NMS Public Release\Source\Release-NMS-Client\eqgame_dll\MQ2DataTypes.h(2299): warning C4091: 'static ': ignored on left of 'MQ2MathType::MathMembers' when no variable is declared (compiling source file Text.cpp)
C:\Users\kraqu\Desktop\NMS Public Release\Source\Release-NMS-Client\eqgame_dll\MQ2DataTypes.h(2159): warning C4091: 'static ': ignored on left of 'MQ2CurrentZoneType::CurrentZoneMembers' when no variable is declared (compiling source file multi_pet.cpp)
C:\Users\kraqu\Desktop\NMS Public Release\Source\Release-NMS-Client\eqgame_dll\MQ2DataTypes.h(2345): warning C4091: 'static ': ignored on left of 'MQ2RaceType::RaceMembers' when no variable is declared (compiling source file Text.cpp)
C:\Users\kraqu\Desktop\NMS Public Release\Source\Release-NMS-Client\eqgame_dll\MQ2DataTypes.h(2229): warning C4091: 'static ': ignored on left of 'MQ2MacroQuestType::MacroQuestMembers' when no variable is declared (compiling source file multi_pet.cpp)
C:\Users\kraqu\Desktop\NMS Public Release\Source\Release-NMS-Client\eqgame_dll\MQ2DataTypes.h(2232): warning C4091: 'static ': ignored on left of 'MQ2MacroQuestType::MacroQuestMethods' when no variable is declared (compiling source file multi_pet.cpp)
C:\Users\kraqu\Desktop\NMS Public Release\Source\Release-NMS-Client\eqgame_dll\MQ2DataTypes.h(2392): warning C4091: 'static ': ignored on left of 'MQ2ClassType::ClassMembers' when no variable is declared (compiling source file Text.cpp)
C:\Users\kraqu\Desktop\NMS Public Release\Source\Release-NMS-Client\eqgame_dll\MQ2DataTypes.h(2299): warning C4091: 'static ': ignored on left of 'MQ2MathType::MathMembers' when no variable is declared (compiling source file multi_pet.cpp)
C:\Users\kraqu\Desktop\NMS Public Release\Source\Release-NMS-Client\eqgame_dll\MQ2DataTypes.h(2438): warning C4091: 'static ': ignored on left of 'MQ2BodyType::BodyMembers' when no variable is declared (compiling source file Text.cpp)
C:\Users\kraqu\Desktop\NMS Public Release\Source\Release-NMS-Client\eqgame_dll\MQ2DataTypes.h(2345): warning C4091: 'static ': ignored on left of 'MQ2RaceType::RaceMembers' when no variable is declared (compiling source file multi_pet.cpp)
C:\Users\kraqu\Desktop\NMS Public Release\Source\Release-NMS-Client\eqgame_dll\MQ2DataTypes.h(2476): warning C4091: 'static ': ignored on left of 'MQ2DeityType::DeityMembers' when no variable is declared (compiling source file Text.cpp)
C:\Users\kraqu\Desktop\NMS Public Release\Source\Release-NMS-Client\eqgame_dll\MQ2DataTypes.h(2392): warning C4091: 'static ': ignored on left of 'MQ2ClassType::ClassMembers' when no variable is declared (compiling source file multi_pet.cpp)
C:\Users\kraqu\Desktop\NMS Public Release\Source\Release-NMS-Client\eqgame_dll\MQ2Main.h(776,7): warning C4200: nonstandard extension used: zero-sized array in struct/union (compiling source file eqgame.cpp)
C:\Users\kraqu\Desktop\NMS Public Release\Source\Release-NMS-Client\eqgame_dll\MQ2Main.h(776,7): message : This member will be ignored by a defaulted constructor or copy/move assignment operator (compiling source file eqgame.cpp)
C:\Users\kraqu\Desktop\NMS Public Release\Source\Release-NMS-Client\eqgame_dll\MQ2DataTypes.h(2525): warning C4091: 'static ': ignored on left of 'MQ2TimeType::TimeMembers' when no variable is declared (compiling source file Text.cpp)
C:\Users\kraqu\Desktop\NMS Public Release\Source\Release-NMS-Client\eqgame_dll\MQ2DataTypes.h(2438): warning C4091: 'static ': ignored on left of 'MQ2BodyType::BodyMembers' when no variable is declared (compiling source file multi_pet.cpp)
C:\Users\kraqu\Desktop\NMS Public Release\Source\Release-NMS-Client\eqgame_dll\MQ2DataTypes.h(2476): warning C4091: 'static ': ignored on left of 'MQ2DeityType::DeityMembers' when no variable is declared (compiling source file multi_pet.cpp)
C:\Users\kraqu\Desktop\NMS Public Release\Source\Release-NMS-Client\eqgame_dll\MQ2DataTypes.h(2525): warning C4091: 'static ': ignored on left of 'MQ2TimeType::TimeMembers' when no variable is declared (compiling source file multi_pet.cpp)
C:\Users\kraqu\Desktop\NMS Public Release\Source\Release-NMS-Client\eqgame_dll\MQ2DataTypes.h(2590): warning C4091: 'static ': ignored on left of 'MQ2TypeType::TypeMembers' when no variable is declared (compiling source file Text.cpp)
C:\Users\kraqu\Desktop\NMS Public Release\Source\Release-NMS-Client\eqgame_dll\MQ2DataTypes.h(2631): warning C4091: 'static ': ignored on left of 'MQ2HeadingType::HeadingMembers' when no variable is declared (compiling source file Text.cpp)
C:\Users\kraqu\Desktop\NMS Public Release\Source\Release-NMS-Client\eqgame_dll\MQ2DataTypes.h(2634): warning C4091: 'static ': ignored on left of 'MQ2HeadingType::HeadingMethods' when no variable is declared (compiling source file Text.cpp)
C:\Users\kraqu\Desktop\NMS Public Release\Source\Release-NMS-Client\eqgame_dll\MQ2DataTypes.h(2590): warning C4091: 'static ': ignored on left of 'MQ2TypeType::TypeMembers' when no variable is declared (compiling source file multi_pet.cpp)
C:\Users\kraqu\Desktop\NMS Public Release\Source\Release-NMS-Client\eqgame_dll\MQ2DataTypes.h(2631): warning C4091: 'static ': ignored on left of 'MQ2HeadingType::HeadingMembers' when no variable is declared (compiling source file multi_pet.cpp)
C:\Users\kraqu\Desktop\NMS Public Release\Source\Release-NMS-Client\eqgame_dll\MQ2DataTypes.h(2634): warning C4091: 'static ': ignored on left of 'MQ2HeadingType::HeadingMethods' when no variable is declared (compiling source file multi_pet.cpp)
C:\Users\kraqu\Desktop\NMS Public Release\Source\Release-NMS-Client\eqgame_dll\MQ2DataTypes.h(2685): warning C4091: 'static ': ignored on left of 'MQ2InvSlotType::InvSlotMembers' when no variable is declared (compiling source file Text.cpp)
C:\Users\kraqu\Desktop\NMS Public Release\Source\Release-NMS-Client\eqgame_dll\MQ2DataTypes.h(2688): warning C4091: 'static ': ignored on left of 'MQ2InvSlotType::InvSlotMethods' when no variable is declared (compiling source file Text.cpp)
C:\Users\kraqu\Desktop\NMS Public Release\Source\Release-NMS-Client\eqgame_dll\MQ2DataTypes.h(2685): warning C4091: 'static ': ignored on left of 'MQ2InvSlotType::InvSlotMembers' when no variable is declared (compiling source file multi_pet.cpp)
C:\Users\kraqu\Desktop\NMS Public Release\Source\Release-NMS-Client\eqgame_dll\MQ2DataTypes.h(2688): warning C4091: 'static ': ignored on left of 'MQ2InvSlotType::InvSlotMethods' when no variable is declared (compiling source file multi_pet.cpp)
C:\Users\kraqu\Desktop\NMS Public Release\Source\Release-NMS-Client\eqgame_dll\MQ2DataTypes.h(2744): warning C4091: 'static ': ignored on left of 'MQ2PluginType::PluginMembers' when no variable is declared (compiling source file Text.cpp)
C:\Users\kraqu\Desktop\NMS Public Release\Source\Release-NMS-Client\eqgame_dll\MQ2DataTypes.h(2744): warning C4091: 'static ': ignored on left of 'MQ2PluginType::PluginMembers' when no variable is declared (compiling source file multi_pet.cpp)
C:\Users\kraqu\Desktop\NMS Public Release\Source\Release-NMS-Client\eqgame_dll\MQ2DataTypes.h(2789): warning C4091: 'static ': ignored on left of 'MQ2BenchmarkType::BenchmarkMembers' when no variable is declared (compiling source file Text.cpp)
C:\Users\kraqu\Desktop\NMS Public Release\Source\Release-NMS-Client\eqgame_dll\MQ2DataTypes.h(2789): warning C4091: 'static ': ignored on left of 'MQ2BenchmarkType::BenchmarkMembers' when no variable is declared (compiling source file multi_pet.cpp)
C:\Users\kraqu\Desktop\NMS Public Release\Source\Release-NMS-Client\eqgame_dll\MQ2DataTypes.h(2837): warning C4091: 'static ': ignored on left of 'MQ2SkillType::SkillMembers' when no variable is declared (compiling source file Text.cpp)
C:\Users\kraqu\Desktop\NMS Public Release\Source\Release-NMS-Client\eqgame_dll\MQ2DataTypes.h(2840): warning C4091: 'static ': ignored on left of 'MQ2SkillType::SkillMethods' when no variable is declared (compiling source file Text.cpp)
C:\Users\kraqu\Desktop\NMS Public Release\Source\Release-NMS-Client\eqgame_dll\MQ2DataTypes.h(2837): warning C4091: 'static ': ignored on left of 'MQ2SkillType::SkillMembers' when no variable is declared (compiling source file multi_pet.cpp)
C:\Users\kraqu\Desktop\NMS Public Release\Source\Release-NMS-Client\eqgame_dll\MQ2DataTypes.h(2840): warning C4091: 'static ': ignored on left of 'MQ2SkillType::SkillMethods' when no variable is declared (compiling source file multi_pet.cpp)
C:\Users\kraqu\Desktop\NMS Public Release\Source\Release-NMS-Client\eqgame_dll\MQ2DataTypes.h(2903): warning C4091: 'static ': ignored on left of 'MQ2AltAbilityType::AltAbilityMembers' when no variable is declared (compiling source file Text.cpp)
C:\Users\kraqu\Desktop\NMS Public Release\Source\Release-NMS-Client\eqgame_dll\MQ2DataTypes.h(2906): warning C4091: 'static ': ignored on left of 'MQ2AltAbilityType::AltAbilityMethods' when no variable is declared (compiling source file Text.cpp)
C:\Users\kraqu\Desktop\NMS Public Release\Source\Release-NMS-Client\eqgame_dll\MQ2DataTypes.h(2903): warning C4091: 'static ': ignored on left of 'MQ2AltAbilityType::AltAbilityMembers' when no variable is declared (compiling source file multi_pet.cpp)
C:\Users\kraqu\Desktop\NMS Public Release\Source\Release-NMS-Client\eqgame_dll\MQ2DataTypes.h(2906): warning C4091: 'static ': ignored on left of 'MQ2AltAbilityType::AltAbilityMethods' when no variable is declared (compiling source file multi_pet.cpp)
C:\Users\kraqu\Desktop\NMS Public Release\Source\Release-NMS-Client\eqgame_dll\MQ2DataTypes.h(2953): warning C4091: 'static ': ignored on left of 'MQ2TimerType::TimerMembers' when no variable is declared (compiling source file Text.cpp)
C:\Users\kraqu\Desktop\NMS Public Release\Source\Release-NMS-Client\eqgame_dll\MQ2DataTypes.h(2953): warning C4091: 'static ': ignored on left of 'MQ2TimerType::TimerMembers' when no variable is declared (compiling source file multi_pet.cpp)
C:\Users\kraqu\Desktop\NMS Public Release\Source\Release-NMS-Client\eqgame_dll\MQ2DataTypes.h(2959): warning C4091: 'static ': ignored on left of 'MQ2TimerType::TimerMethods' when no variable is declared (compiling source file Text.cpp)
C:\Users\kraqu\Desktop\NMS Public Release\Source\Release-NMS-Client\eqgame_dll\MQ2DataTypes.h(2959): warning C4091: 'static ': ignored on left of 'MQ2TimerType::TimerMethods' when no variable is declared (compiling source file multi_pet.cpp)
C:\Users\kraqu\Desktop\NMS Public Release\Source\Release-NMS-Client\eqgame_dll\MQ2DataTypes.h(3055): warning C4091: 'static ': ignored on left of 'MQ2ArrayType::ArrayMembers' when no variable is declared (compiling source file multi_pet.cpp)
C:\Users\kraqu\Desktop\NMS Public Release\Source\Release-NMS-Client\eqgame_dll\MQ2DataTypes.h(3055): warning C4091: 'static ': ignored on left of 'MQ2ArrayType::ArrayMembers' when no variable is declared (compiling source file Text.cpp)
C:\Users\kraqu\Desktop\NMS Public Release\Source\Release-NMS-Client\eqgame_dll\MQ2DataTypes.h(3105): warning C4091: 'static ': ignored on left of 'MQ2GroupType::GroupMembers' when no variable is declared (compiling source file multi_pet.cpp)
C:\Users\kraqu\Desktop\NMS Public Release\Source\Release-NMS-Client\eqgame_dll\MQ2DataTypes.h(3108): warning C4091: 'static ': ignored on left of 'MQ2GroupType::GroupMethods' when no variable is declared (compiling source file multi_pet.cpp)
C:\Users\kraqu\Desktop\NMS Public Release\Source\Release-NMS-Client\eqgame_dll\MQ2DataTypes.h(3105): warning C4091: 'static ': ignored on left of 'MQ2GroupType::GroupMembers' when no variable is declared (compiling source file Text.cpp)
C:\Users\kraqu\Desktop\NMS Public Release\Source\Release-NMS-Client\eqgame_dll\MQ2DataTypes.h(3108): warning C4091: 'static ': ignored on left of 'MQ2GroupType::GroupMethods' when no variable is declared (compiling source file Text.cpp)
C:\Users\kraqu\Desktop\NMS Public Release\Source\Release-NMS-Client\eqgame_dll\MQ2DataTypes.h(3152): warning C4091: 'static ': ignored on left of 'MQ2GroupMemberType::GroupMemberMembers' when no variable is declared (compiling source file multi_pet.cpp)
C:\Users\kraqu\Desktop\NMS Public Release\Source\Release-NMS-Client\eqgame_dll\MQ2DataTypes.h(3155): warning C4091: 'static ': ignored on left of 'MQ2GroupMemberType::GroupMemberMethods' when no variable is declared (compiling source file multi_pet.cpp)
C:\Users\kraqu\Desktop\NMS Public Release\Source\Release-NMS-Client\eqgame_dll\MQ2DataTypes.h(3152): warning C4091: 'static ': ignored on left of 'MQ2GroupMemberType::GroupMemberMembers' when no variable is declared (compiling source file Text.cpp)
C:\Users\kraqu\Desktop\NMS Public Release\Source\Release-NMS-Client\eqgame_dll\MQ2DataTypes.h(3155): warning C4091: 'static ': ignored on left of 'MQ2GroupMemberType::GroupMemberMethods' when no variable is declared (compiling source file Text.cpp)
C:\Users\kraqu\Desktop\NMS Public Release\Source\Release-NMS-Client\eqgame_dll\MQ2DataTypes.h(3209): warning C4091: 'static ': ignored on left of 'MQ2RaidType::RaidMembers' when no variable is declared (compiling source file multi_pet.cpp)
C:\Users\kraqu\Desktop\NMS Public Release\Source\Release-NMS-Client\eqgame_dll\MQ2DataTypes.h(3212): warning C4091: 'static ': ignored on left of 'MQ2RaidType::RaidMethods' when no variable is declared (compiling source file multi_pet.cpp)
C:\Users\kraqu\Desktop\NMS Public Release\Source\Release-NMS-Client\eqgame_dll\MQ2DataTypes.h(3209): warning C4091: 'static ': ignored on left of 'MQ2RaidType::RaidMembers' when no variable is declared (compiling source file Text.cpp)
C:\Users\kraqu\Desktop\NMS Public Release\Source\Release-NMS-Client\eqgame_dll\MQ2DataTypes.h(3212): warning C4091: 'static ': ignored on left of 'MQ2RaidType::RaidMethods' when no variable is declared (compiling source file Text.cpp)
C:\Users\kraqu\Desktop\NMS Public Release\Source\Release-NMS-Client\eqgame_dll\MQ2DataTypes.h(3264): warning C4091: 'static ': ignored on left of 'MQ2RaidMemberType::RaidMemberMembers' when no variable is declared (compiling source file multi_pet.cpp)
C:\Users\kraqu\Desktop\NMS Public Release\Source\Release-NMS-Client\eqgame_dll\MQ2DataTypes.h(3264): warning C4091: 'static ': ignored on left of 'MQ2RaidMemberType::RaidMemberMembers' when no variable is declared (compiling source file Text.cpp)
C:\Users\kraqu\Desktop\NMS Public Release\Source\Release-NMS-Client\eqgame_dll\MQ2DataTypes.h(3267): warning C4091: 'static ': ignored on left of 'MQ2RaidMemberType::RaidMemberMethods' when no variable is declared (compiling source file multi_pet.cpp)
C:\Users\kraqu\Desktop\NMS Public Release\Source\Release-NMS-Client\eqgame_dll\MQ2DataTypes.h(3267): warning C4091: 'static ': ignored on left of 'MQ2RaidMemberType::RaidMemberMethods' when no variable is declared (compiling source file Text.cpp)
C:\Users\kraqu\Desktop\NMS Public Release\Source\Release-NMS-Client\eqgame_dll\MQ2DataTypes.h(3320): warning C4091: 'static ': ignored on left of 'MQ2EvolvingItemType::EvolvingItemMembers' when no variable is declared (compiling source file multi_pet.cpp)
C:\Users\kraqu\Desktop\NMS Public Release\Source\Release-NMS-Client\eqgame_dll\MQ2DataTypes.h(3320): warning C4091: 'static ': ignored on left of 'MQ2EvolvingItemType::EvolvingItemMembers' when no variable is declared (compiling source file Text.cpp)
C:\Users\kraqu\Desktop\NMS Public Release\Source\Release-NMS-Client\eqgame_dll\MQ2DataTypes.h(3363): warning C4091: 'static ': ignored on left of 'MQ2DynamicZoneType::DynamicZoneMembers' when no variable is declared (compiling source file multi_pet.cpp)
C:\Users\kraqu\Desktop\NMS Public Release\Source\Release-NMS-Client\eqgame_dll\MQ2DataTypes.h(3363): warning C4091: 'static ': ignored on left of 'MQ2DynamicZoneType::DynamicZoneMembers' when no variable is declared (compiling source file Text.cpp)
C:\Users\kraqu\Desktop\NMS Public Release\Source\Release-NMS-Client\eqgame_dll\MQ2DataTypes.h(3402): warning C4091: 'static ': ignored on left of 'MQ2DZMemberType::DZMemberTypeMembers' when no variable is declared (compiling source file multi_pet.cpp)
C:\Users\kraqu\Desktop\NMS Public Release\Source\Release-NMS-Client\eqgame_dll\MQ2DataTypes.h(3402): warning C4091: 'static ': ignored on left of 'MQ2DZMemberType::DZMemberTypeMembers' when no variable is declared (compiling source file Text.cpp)
C:\Users\kraqu\Desktop\NMS Public Release\Source\Release-NMS-Client\eqgame_dll\MQ2DataTypes.h(3443): warning C4091: 'static ': ignored on left of 'MQ2FellowshipType::FellowshipTypeMembers' when no variable is declared (compiling source file multi_pet.cpp)
C:\Users\kraqu\Desktop\NMS Public Release\Source\Release-NMS-Client\eqgame_dll\MQ2DataTypes.h(3443): warning C4091: 'static ': ignored on left of 'MQ2FellowshipType::FellowshipTypeMembers' when no variable is declared (compiling source file Text.cpp)
C:\Users\kraqu\Desktop\NMS Public Release\Source\Release-NMS-Client\eqgame_dll\MQ2DataTypes.h(3490): warning C4091: 'static ': ignored on left of 'MQ2FellowshipMemberType::FMTypeMembers' when no variable is declared (compiling source file multi_pet.cpp)
C:\Users\kraqu\Desktop\NMS Public Release\Source\Release-NMS-Client\eqgame_dll\MQ2DataTypes.h(3490): warning C4091: 'static ': ignored on left of 'MQ2FellowshipMemberType::FMTypeMembers' when no variable is declared (compiling source file Text.cpp)
C:\Users\kraqu\Desktop\NMS Public Release\Source\Release-NMS-Client\eqgame_dll\MQ2DataTypes.h(3524): warning C4091: 'static ': ignored on left of 'MQ2FriendsType::FriendsMembers' when no variable is declared (compiling source file multi_pet.cpp)
C:\Users\kraqu\Desktop\NMS Public Release\Source\Release-NMS-Client\eqgame_dll\MQ2DataTypes.h(3527): warning C4091: 'static ': ignored on left of 'MQ2FriendsType::FriendsMethods' when no variable is declared (compiling source file multi_pet.cpp)
C:\Users\kraqu\Desktop\NMS Public Release\Source\Release-NMS-Client\eqgame_dll\MQ2DataTypes.h(3524): warning C4091: 'static ': ignored on left of 'MQ2FriendsType::FriendsMembers' when no variable is declared (compiling source file Text.cpp)
C:\Users\kraqu\Desktop\NMS Public Release\Source\Release-NMS-Client\eqgame_dll\MQ2DataTypes.h(3527): warning C4091: 'static ': ignored on left of 'MQ2FriendsType::FriendsMethods' when no variable is declared (compiling source file Text.cpp)
C:\Users\kraqu\Desktop\NMS Public Release\Source\Release-NMS-Client\eqgame_dll\MQ2DataTypes.h(3572): warning C4091: 'static ': ignored on left of 'MQ2TargetType::TargetMembers' when no variable is declared (compiling source file multi_pet.cpp)
C:\Users\kraqu\Desktop\NMS Public Release\Source\Release-NMS-Client\eqgame_dll\MQ2DataTypes.h(3572): warning C4091: 'static ': ignored on left of 'MQ2TargetType::TargetMembers' when no variable is declared (compiling source file Text.cpp)
C:\Users\kraqu\Desktop\NMS Public Release\Source\Release-NMS-Client\eqgame_dll\MQ2DataTypes.h(3650): warning C4091: 'static ': ignored on left of 'MQ2XTargetType::xTargetMembers' when no variable is declared (compiling source file multi_pet.cpp)
C:\Users\kraqu\Desktop\NMS Public Release\Source\Release-NMS-Client\eqgame_dll\MQ2DataTypes.h(3650): warning C4091: 'static ': ignored on left of 'MQ2XTargetType::xTargetMembers' when no variable is declared (compiling source file Text.cpp)
C:\Users\kraqu\Desktop\NMS Public Release\Source\Release-NMS-Client\eqgame_dll\MQ2Main.h(776,7): warning C4200: nonstandard extension used: zero-sized array in struct/union (compiling source file multi_pet.cpp)
C:\Users\kraqu\Desktop\NMS Public Release\Source\Release-NMS-Client\eqgame_dll\MQ2Main.h(776,7): message : This member will be ignored by a defaulted constructor or copy/move assignment operator (compiling source file multi_pet.cpp)
C:\Users\kraqu\Desktop\NMS Public Release\Source\Release-NMS-Client\eqgame_dll\MQ2Main.h(776,7): warning C4200: nonstandard extension used: zero-sized array in struct/union (compiling source file Text.cpp)
C:\Users\kraqu\Desktop\NMS Public Release\Source\Release-NMS-Client\eqgame_dll\MQ2Main.h(776,7): message : This member will be ignored by a defaulted constructor or copy/move assignment operator (compiling source file Text.cpp)
C:\Users\kraqu\Desktop\NMS Public Release\Source\Release-NMS-Client\eqgame_dll\Text.cpp(69,42): warning C4244: '=': conversion from 'float' to 'LONG', possible loss of data
C:\Users\kraqu\Desktop\NMS Public Release\Source\Release-NMS-Client\eqgame_dll\Text.cpp(70,40): warning C4244: '=': conversion from 'float' to 'LONG', possible loss of data
C:\Users\kraqu\Desktop\NMS Public Release\Source\Release-NMS-Client\eqgame_dll\Text.cpp(75,42): warning C4244: '=': conversion from 'float' to 'LONG', possible loss of data
C:\Users\kraqu\Desktop\NMS Public Release\Source\Release-NMS-Client\eqgame_dll\Text.cpp(76,40): warning C4244: '=': conversion from 'float' to 'LONG', possible loss of data
C:\Users\kraqu\Desktop\NMS Public Release\Source\Release-NMS-Client\eqgame_dll\Text.cpp(81,42): warning C4244: '=': conversion from 'float' to 'LONG', possible loss of data
C:\Users\kraqu\Desktop\NMS Public Release\Source\Release-NMS-Client\eqgame_dll\Text.cpp(82,40): warning C4244: '=': conversion from 'float' to 'LONG', possible loss of data
C:\Users\kraqu\Desktop\NMS Public Release\Source\Release-NMS-Client\eqgame_dll\Text.cpp(87,42): warning C4244: '=': conversion from 'float' to 'LONG', possible loss of data
C:\Users\kraqu\Desktop\NMS Public Release\Source\Release-NMS-Client\eqgame_dll\Text.cpp(88,40): warning C4244: '=': conversion from 'float' to 'LONG', possible loss of data
C:\Users\kraqu\Desktop\NMS Public Release\Source\Release-NMS-Client\eqgame_dll\MQ2Internal.h(131,6): warning C4091: 'static ': ignored on left of 'MQ2Internal::SearchItemFlag' when no variable is declared (compiling source file pet_window.cpp)
C:\Users\kraqu\Desktop\NMS Public Release\Source\Release-NMS-Client\eqgame_dll\MQ2Internal.h(131,6): warning C4091: 'static ': ignored on left of 'MQ2Internal::SearchItemFlag' when no variable is declared (compiling source file who_multiclass.cpp)
C:\Users\kraqu\Desktop\NMS Public Release\Source\Release-NMS-Client\eqgame_dll\MQ2DataTypes.h(172): warning C4091: 'static ': ignored on left of 'MQ2IntType::IntMembers' when no variable is declared (compiling source file pet_window.cpp)
C:\Users\kraqu\Desktop\NMS Public Release\Source\Release-NMS-Client\eqgame_dll\MQ2DataTypes.h(214): warning C4091: 'static ': ignored on left of 'MQ2ArgbType::ArgbMembers' when no variable is declared (compiling source file pet_window.cpp)
C:\Users\kraqu\Desktop\NMS Public Release\Source\Release-NMS-Client\eqgame_dll\MQ2DataTypes.h(303): warning C4091: 'static ': ignored on left of 'MQ2StringType::StringMembers' when no variable is declared (compiling source file pet_window.cpp)
C:\Users\kraqu\Desktop\NMS Public Release\Source\Release-NMS-Client\eqgame_dll\MQ2DataTypes.h(367): warning C4091: 'static ': ignored on left of 'MQ2FloatType::FloatMembers' when no variable is declared (compiling source file pet_window.cpp)
C:\Users\kraqu\Desktop\NMS Public Release\Source\Release-NMS-Client\eqgame_dll\MQ2DataTypes.h(418): warning C4091: 'static ': ignored on left of 'MQ2TicksType::TicksMembers' when no variable is declared (compiling source file pet_window.cpp)
C:\Users\kraqu\Desktop\NMS Public Release\Source\Release-NMS-Client\eqgame_dll\MQ2DataTypes.h(558): warning C4091: 'static ': ignored on left of 'MQ2SpawnType::SpawnMembers' when no variable is declared (compiling source file pet_window.cpp)
C:\Users\kraqu\Desktop\NMS Public Release\Source\Release-NMS-Client\eqgame_dll\MQ2DataTypes.h(566): warning C4091: 'static ': ignored on left of 'MQ2SpawnType::SpawnMethods' when no variable is declared (compiling source file pet_window.cpp)
C:\Users\kraqu\Desktop\NMS Public Release\Source\Release-NMS-Client\eqgame_dll\MQ2DataTypes.h(916): warning C4091: 'static ': ignored on left of 'MQ2CharacterType::CharacterMembers' when no variable is declared (compiling source file pet_window.cpp)
C:\Users\kraqu\Desktop\NMS Public Release\Source\Release-NMS-Client\eqgame_dll\MQ2DataTypes.h(922): warning C4091: 'static ': ignored on left of 'MQ2CharacterType::CharacterMethods' when no variable is declared (compiling source file pet_window.cpp)
C:\Users\kraqu\Desktop\NMS Public Release\Source\Release-NMS-Client\eqgame_dll\MQ2DataTypes.h(1187): warning C4091: 'static ': ignored on left of 'MQ2SpellType::SpellMembers' when no variable is declared (compiling source file pet_window.cpp)
C:\Users\kraqu\Desktop\NMS Public Release\Source\Release-NMS-Client\eqgame_dll\MQ2DataTypes.h(1190): warning C4091: 'static ': ignored on left of 'MQ2SpellType::SpellMethods' when no variable is declared (compiling source file pet_window.cpp)
C:\Users\kraqu\Desktop\NMS Public Release\Source\Release-NMS-Client\eqgame_dll\MQ2DataTypes.h(172): warning C4091: 'static ': ignored on left of 'MQ2IntType::IntMembers' when no variable is declared (compiling source file who_multiclass.cpp)
C:\Users\kraqu\Desktop\NMS Public Release\Source\Release-NMS-Client\eqgame_dll\MQ2DataTypes.h(1271): warning C4091: 'static ': ignored on left of 'MQ2BuffType::BuffMembers' when no variable is declared (compiling source file pet_window.cpp)
C:\Users\kraqu\Desktop\NMS Public Release\Source\Release-NMS-Client\eqgame_dll\MQ2DataTypes.h(1275): warning C4091: 'static ': ignored on left of 'MQ2BuffType::BuffMethods' when no variable is declared (compiling source file pet_window.cpp)
C:\Users\kraqu\Desktop\NMS Public Release\Source\Release-NMS-Client\eqgame_dll\MQ2DataTypes.h(214): warning C4091: 'static ': ignored on left of 'MQ2ArgbType::ArgbMembers' when no variable is declared (compiling source file who_multiclass.cpp)
C:\Users\kraqu\Desktop\NMS Public Release\Source\Release-NMS-Client\eqgame_dll\MQ2DataTypes.h(1468): warning C4091: 'static ': ignored on left of 'MQ2ItemType::ItemMembers' when no variable is declared (compiling source file pet_window.cpp)
C:\Users\kraqu\Desktop\NMS Public Release\Source\Release-NMS-Client\eqgame_dll\MQ2DataTypes.h(303): warning C4091: 'static ': ignored on left of 'MQ2StringType::StringMembers' when no variable is declared (compiling source file who_multiclass.cpp)
C:\Users\kraqu\Desktop\NMS Public Release\Source\Release-NMS-Client\eqgame_dll\MQ2DataTypes.h(1471): warning C4091: 'static ': ignored on left of 'MQ2ItemType::ItemMethods' when no variable is declared (compiling source file pet_window.cpp)
C:\Users\kraqu\Desktop\NMS Public Release\Source\Release-NMS-Client\eqgame_dll\MQ2DataTypes.h(367): warning C4091: 'static ': ignored on left of 'MQ2FloatType::FloatMembers' when no variable is declared (compiling source file who_multiclass.cpp)
C:\Users\kraqu\Desktop\NMS Public Release\Source\Release-NMS-Client\eqgame_dll\MQ2DataTypes.h(418): warning C4091: 'static ': ignored on left of 'MQ2TicksType::TicksMembers' when no variable is declared (compiling source file who_multiclass.cpp)
C:\Users\kraqu\Desktop\NMS Public Release\Source\Release-NMS-Client\eqgame_dll\MQ2DataTypes.h(558): warning C4091: 'static ': ignored on left of 'MQ2SpawnType::SpawnMembers' when no variable is declared (compiling source file who_multiclass.cpp)
C:\Users\kraqu\Desktop\NMS Public Release\Source\Release-NMS-Client\eqgame_dll\MQ2DataTypes.h(1669): warning C4091: 'static ': ignored on left of 'MQ2SwitchType::SwitchMembers' when no variable is declared (compiling source file pet_window.cpp)
C:\Users\kraqu\Desktop\NMS Public Release\Source\Release-NMS-Client\eqgame_dll\MQ2DataTypes.h(566): warning C4091: 'static ': ignored on left of 'MQ2SpawnType::SpawnMethods' when no variable is declared (compiling source file who_multiclass.cpp)
C:\Users\kraqu\Desktop\NMS Public Release\Source\Release-NMS-Client\eqgame_dll\MQ2DataTypes.h(1673): warning C4091: 'static ': ignored on left of 'MQ2SwitchType::SwitchMethods' when no variable is declared (compiling source file pet_window.cpp)
C:\Users\kraqu\Desktop\NMS Public Release\Source\Release-NMS-Client\eqgame_dll\MQ2DataTypes.h(1749): warning C4091: 'static ': ignored on left of 'MQ2GroundType::GroundMembers' when no variable is declared (compiling source file pet_window.cpp)
C:\Users\kraqu\Desktop\NMS Public Release\Source\Release-NMS-Client\eqgame_dll\MQ2DataTypes.h(1753): warning C4091: 'static ': ignored on left of 'MQ2GroundType::GroundMethods' when no variable is declared (compiling source file pet_window.cpp)
C:\Users\kraqu\Desktop\NMS Public Release\Source\Release-NMS-Client\eqgame_dll\MQ2DataTypes.h(1816): warning C4091: 'static ': ignored on left of 'MQ2CorpseType::CorpseMembers' when no variable is declared (compiling source file pet_window.cpp)
C:\Users\kraqu\Desktop\NMS Public Release\Source\Release-NMS-Client\eqgame_dll\MQ2DataTypes.h(1819): warning C4091: 'static ': ignored on left of 'MQ2CorpseType::CorpseMethods' when no variable is declared (compiling source file pet_window.cpp)
C:\Users\kraqu\Desktop\NMS Public Release\Source\Release-NMS-Client\eqgame_dll\MQ2DataTypes.h(916): warning C4091: 'static ': ignored on left of 'MQ2CharacterType::CharacterMembers' when no variable is declared (compiling source file who_multiclass.cpp)
C:\Users\kraqu\Desktop\NMS Public Release\Source\Release-NMS-Client\eqgame_dll\MQ2DataTypes.h(1867): warning C4091: 'static ': ignored on left of 'MQ2MerchantType::MerchantMembers' when no variable is declared (compiling source file pet_window.cpp)
C:\Users\kraqu\Desktop\NMS Public Release\Source\Release-NMS-Client\eqgame_dll\MQ2DataTypes.h(922): warning C4091: 'static ': ignored on left of 'MQ2CharacterType::CharacterMethods' when no variable is declared (compiling source file who_multiclass.cpp)
C:\Users\kraqu\Desktop\NMS Public Release\Source\Release-NMS-Client\eqgame_dll\MQ2DataTypes.h(1870): warning C4091: 'static ': ignored on left of 'MQ2MerchantType::MerchantMethods' when no variable is declared (compiling source file pet_window.cpp)
C:\Users\kraqu\Desktop\NMS Public Release\Source\Release-NMS-Client\eqgame_dll\MQ2DataTypes.h(1948): warning C4091: 'static ': ignored on left of 'MQ2WindowType::WindowMembers' when no variable is declared (compiling source file pet_window.cpp)
C:\Users\kraqu\Desktop\NMS Public Release\Source\Release-NMS-Client\eqgame_dll\MQ2DataTypes.h(1960): warning C4091: 'static ': ignored on left of 'MQ2WindowType::WindowMethods' when no variable is declared (compiling source file pet_window.cpp)
C:\Users\kraqu\Desktop\NMS Public Release\Source\Release-NMS-Client\eqgame_dll\MQ2DataTypes.h(2056): warning C4091: 'static ': ignored on left of 'MQ2MacroType::MacroMembers' when no variable is declared (compiling source file pet_window.cpp)
C:\Users\kraqu\Desktop\NMS Public Release\Source\Release-NMS-Client\eqgame_dll\MQ2DataTypes.h(2101): warning C4091: 'static ': ignored on left of 'MQ2ZoneType::ZoneMembers' when no variable is declared (compiling source file pet_window.cpp)
C:\Users\kraqu\Desktop\NMS Public Release\Source\Release-NMS-Client\eqgame_dll\MQ2DataTypes.h(2159): warning C4091: 'static ': ignored on left of 'MQ2CurrentZoneType::CurrentZoneMembers' when no variable is declared (compiling source file pet_window.cpp)
C:\Users\kraqu\Desktop\NMS Public Release\Source\Release-NMS-Client\eqgame_dll\MQ2DataTypes.h(1187): warning C4091: 'static ': ignored on left of 'MQ2SpellType::SpellMembers' when no variable is declared (compiling source file who_multiclass.cpp)
C:\Users\kraqu\Desktop\NMS Public Release\Source\Release-NMS-Client\eqgame_dll\MQ2DataTypes.h(1190): warning C4091: 'static ': ignored on left of 'MQ2SpellType::SpellMethods' when no variable is declared (compiling source file who_multiclass.cpp)
C:\Users\kraqu\Desktop\NMS Public Release\Source\Release-NMS-Client\eqgame_dll\MQ2DataTypes.h(2229): warning C4091: 'static ': ignored on left of 'MQ2MacroQuestType::MacroQuestMembers' when no variable is declared (compiling source file pet_window.cpp)
C:\Users\kraqu\Desktop\NMS Public Release\Source\Release-NMS-Client\eqgame_dll\MQ2DataTypes.h(2232): warning C4091: 'static ': ignored on left of 'MQ2MacroQuestType::MacroQuestMethods' when no variable is declared (compiling source file pet_window.cpp)
C:\Users\kraqu\Desktop\NMS Public Release\Source\Release-NMS-Client\eqgame_dll\MQ2DataTypes.h(1271): warning C4091: 'static ': ignored on left of 'MQ2BuffType::BuffMembers' when no variable is declared (compiling source file who_multiclass.cpp)
C:\Users\kraqu\Desktop\NMS Public Release\Source\Release-NMS-Client\eqgame_dll\MQ2DataTypes.h(1275): warning C4091: 'static ': ignored on left of 'MQ2BuffType::BuffMethods' when no variable is declared (compiling source file who_multiclass.cpp)
C:\Users\kraqu\Desktop\NMS Public Release\Source\Release-NMS-Client\eqgame_dll\MQ2DataTypes.h(2299): warning C4091: 'static ': ignored on left of 'MQ2MathType::MathMembers' when no variable is declared (compiling source file pet_window.cpp)
C:\Users\kraqu\Desktop\NMS Public Release\Source\Release-NMS-Client\eqgame_dll\MQ2DataTypes.h(2345): warning C4091: 'static ': ignored on left of 'MQ2RaceType::RaceMembers' when no variable is declared (compiling source file pet_window.cpp)
C:\Users\kraqu\Desktop\NMS Public Release\Source\Release-NMS-Client\eqgame_dll\MQ2DataTypes.h(1468): warning C4091: 'static ': ignored on left of 'MQ2ItemType::ItemMembers' when no variable is declared (compiling source file who_multiclass.cpp)
C:\Users\kraqu\Desktop\NMS Public Release\Source\Release-NMS-Client\eqgame_dll\MQ2DataTypes.h(1471): warning C4091: 'static ': ignored on left of 'MQ2ItemType::ItemMethods' when no variable is declared (compiling source file who_multiclass.cpp)
C:\Users\kraqu\Desktop\NMS Public Release\Source\Release-NMS-Client\eqgame_dll\MQ2DataTypes.h(2392): warning C4091: 'static ': ignored on left of 'MQ2ClassType::ClassMembers' when no variable is declared (compiling source file pet_window.cpp)
C:\Users\kraqu\Desktop\NMS Public Release\Source\Release-NMS-Client\eqgame_dll\MQ2DataTypes.h(2438): warning C4091: 'static ': ignored on left of 'MQ2BodyType::BodyMembers' when no variable is declared (compiling source file pet_window.cpp)
C:\Users\kraqu\Desktop\NMS Public Release\Source\Release-NMS-Client\eqgame_dll\MQ2DataTypes.h(2476): warning C4091: 'static ': ignored on left of 'MQ2DeityType::DeityMembers' when no variable is declared (compiling source file pet_window.cpp)
C:\Users\kraqu\Desktop\NMS Public Release\Source\Release-NMS-Client\eqgame_dll\MQ2DataTypes.h(2525): warning C4091: 'static ': ignored on left of 'MQ2TimeType::TimeMembers' when no variable is declared (compiling source file pet_window.cpp)
C:\Users\kraqu\Desktop\NMS Public Release\Source\Release-NMS-Client\eqgame_dll\MQ2DataTypes.h(1669): warning C4091: 'static ': ignored on left of 'MQ2SwitchType::SwitchMembers' when no variable is declared (compiling source file who_multiclass.cpp)
C:\Users\kraqu\Desktop\NMS Public Release\Source\Release-NMS-Client\eqgame_dll\MQ2DataTypes.h(1673): warning C4091: 'static ': ignored on left of 'MQ2SwitchType::SwitchMethods' when no variable is declared (compiling source file who_multiclass.cpp)
C:\Users\kraqu\Desktop\NMS Public Release\Source\Release-NMS-Client\eqgame_dll\MQ2DataTypes.h(2590): warning C4091: 'static ': ignored on left of 'MQ2TypeType::TypeMembers' when no variable is declared (compiling source file pet_window.cpp)
C:\Users\kraqu\Desktop\NMS Public Release\Source\Release-NMS-Client\eqgame_dll\MQ2DataTypes.h(2631): warning C4091: 'static ': ignored on left of 'MQ2HeadingType::HeadingMembers' when no variable is declared (compiling source file pet_window.cpp)
C:\Users\kraqu\Desktop\NMS Public Release\Source\Release-NMS-Client\eqgame_dll\MQ2DataTypes.h(2634): warning C4091: 'static ': ignored on left of 'MQ2HeadingType::HeadingMethods' when no variable is declared (compiling source file pet_window.cpp)
C:\Users\kraqu\Desktop\NMS Public Release\Source\Release-NMS-Client\eqgame_dll\MQ2DataTypes.h(1749): warning C4091: 'static ': ignored on left of 'MQ2GroundType::GroundMembers' when no variable is declared (compiling source file who_multiclass.cpp)
C:\Users\kraqu\Desktop\NMS Public Release\Source\Release-NMS-Client\eqgame_dll\MQ2DataTypes.h(1753): warning C4091: 'static ': ignored on left of 'MQ2GroundType::GroundMethods' when no variable is declared (compiling source file who_multiclass.cpp)
C:\Users\kraqu\Desktop\NMS Public Release\Source\Release-NMS-Client\eqgame_dll\MQ2DataTypes.h(2685): warning C4091: 'static ': ignored on left of 'MQ2InvSlotType::InvSlotMembers' when no variable is declared (compiling source file pet_window.cpp)
C:\Users\kraqu\Desktop\NMS Public Release\Source\Release-NMS-Client\eqgame_dll\MQ2DataTypes.h(2688): warning C4091: 'static ': ignored on left of 'MQ2InvSlotType::InvSlotMethods' when no variable is declared (compiling source file pet_window.cpp)
C:\Users\kraqu\Desktop\NMS Public Release\Source\Release-NMS-Client\eqgame_dll\MQ2DataTypes.h(1816): warning C4091: 'static ': ignored on left of 'MQ2CorpseType::CorpseMembers' when no variable is declared (compiling source file who_multiclass.cpp)
C:\Users\kraqu\Desktop\NMS Public Release\Source\Release-NMS-Client\eqgame_dll\MQ2DataTypes.h(1819): warning C4091: 'static ': ignored on left of 'MQ2CorpseType::CorpseMethods' when no variable is declared (compiling source file who_multiclass.cpp)
C:\Users\kraqu\Desktop\NMS Public Release\Source\Release-NMS-Client\eqgame_dll\MQ2DataTypes.h(2744): warning C4091: 'static ': ignored on left of 'MQ2PluginType::PluginMembers' when no variable is declared (compiling source file pet_window.cpp)
C:\Users\kraqu\Desktop\NMS Public Release\Source\Release-NMS-Client\eqgame_dll\MQ2DataTypes.h(1867): warning C4091: 'static ': ignored on left of 'MQ2MerchantType::MerchantMembers' when no variable is declared (compiling source file who_multiclass.cpp)
C:\Users\kraqu\Desktop\NMS Public Release\Source\Release-NMS-Client\eqgame_dll\MQ2DataTypes.h(1870): warning C4091: 'static ': ignored on left of 'MQ2MerchantType::MerchantMethods' when no variable is declared (compiling source file who_multiclass.cpp)
C:\Users\kraqu\Desktop\NMS Public Release\Source\Release-NMS-Client\eqgame_dll\MQ2DataTypes.h(2789): warning C4091: 'static ': ignored on left of 'MQ2BenchmarkType::BenchmarkMembers' when no variable is declared (compiling source file pet_window.cpp)
C:\Users\kraqu\Desktop\NMS Public Release\Source\Release-NMS-Client\eqgame_dll\MQ2DataTypes.h(1948): warning C4091: 'static ': ignored on left of 'MQ2WindowType::WindowMembers' when no variable is declared (compiling source file who_multiclass.cpp)
C:\Users\kraqu\Desktop\NMS Public Release\Source\Release-NMS-Client\eqgame_dll\MQ2DataTypes.h(1960): warning C4091: 'static ': ignored on left of 'MQ2WindowType::WindowMethods' when no variable is declared (compiling source file who_multiclass.cpp)
C:\Users\kraqu\Desktop\NMS Public Release\Source\Release-NMS-Client\eqgame_dll\MQ2DataTypes.h(2837): warning C4091: 'static ': ignored on left of 'MQ2SkillType::SkillMembers' when no variable is declared (compiling source file pet_window.cpp)
C:\Users\kraqu\Desktop\NMS Public Release\Source\Release-NMS-Client\eqgame_dll\MQ2DataTypes.h(2840): warning C4091: 'static ': ignored on left of 'MQ2SkillType::SkillMethods' when no variable is declared (compiling source file pet_window.cpp)
C:\Users\kraqu\Desktop\NMS Public Release\Source\Release-NMS-Client\eqgame_dll\MQ2DataTypes.h(2056): warning C4091: 'static ': ignored on left of 'MQ2MacroType::MacroMembers' when no variable is declared (compiling source file who_multiclass.cpp)
C:\Users\kraqu\Desktop\NMS Public Release\Source\Release-NMS-Client\eqgame_dll\MQ2DataTypes.h(2903): warning C4091: 'static ': ignored on left of 'MQ2AltAbilityType::AltAbilityMembers' when no variable is declared (compiling source file pet_window.cpp)
C:\Users\kraqu\Desktop\NMS Public Release\Source\Release-NMS-Client\eqgame_dll\MQ2DataTypes.h(2906): warning C4091: 'static ': ignored on left of 'MQ2AltAbilityType::AltAbilityMethods' when no variable is declared (compiling source file pet_window.cpp)
C:\Users\kraqu\Desktop\NMS Public Release\Source\Release-NMS-Client\eqgame_dll\MQ2DataTypes.h(2101): warning C4091: 'static ': ignored on left of 'MQ2ZoneType::ZoneMembers' when no variable is declared (compiling source file who_multiclass.cpp)
C:\Users\kraqu\Desktop\NMS Public Release\Source\Release-NMS-Client\eqgame_dll\MQ2DataTypes.h(2953): warning C4091: 'static ': ignored on left of 'MQ2TimerType::TimerMembers' when no variable is declared (compiling source file pet_window.cpp)
C:\Users\kraqu\Desktop\NMS Public Release\Source\Release-NMS-Client\eqgame_dll\MQ2DataTypes.h(2959): warning C4091: 'static ': ignored on left of 'MQ2TimerType::TimerMethods' when no variable is declared (compiling source file pet_window.cpp)
C:\Users\kraqu\Desktop\NMS Public Release\Source\Release-NMS-Client\eqgame_dll\MQ2DataTypes.h(2159): warning C4091: 'static ': ignored on left of 'MQ2CurrentZoneType::CurrentZoneMembers' when no variable is declared (compiling source file who_multiclass.cpp)
C:\Users\kraqu\Desktop\NMS Public Release\Source\Release-NMS-Client\eqgame_dll\MQ2DataTypes.h(2229): warning C4091: 'static ': ignored on left of 'MQ2MacroQuestType::MacroQuestMembers' when no variable is declared (compiling source file who_multiclass.cpp)
C:\Users\kraqu\Desktop\NMS Public Release\Source\Release-NMS-Client\eqgame_dll\MQ2DataTypes.h(3055): warning C4091: 'static ': ignored on left of 'MQ2ArrayType::ArrayMembers' when no variable is declared (compiling source file pet_window.cpp)
C:\Users\kraqu\Desktop\NMS Public Release\Source\Release-NMS-Client\eqgame_dll\MQ2DataTypes.h(2232): warning C4091: 'static ': ignored on left of 'MQ2MacroQuestType::MacroQuestMethods' when no variable is declared (compiling source file who_multiclass.cpp)
C:\Users\kraqu\Desktop\NMS Public Release\Source\Release-NMS-Client\eqgame_dll\MQ2DataTypes.h(3105): warning C4091: 'static ': ignored on left of 'MQ2GroupType::GroupMembers' when no variable is declared (compiling source file pet_window.cpp)
C:\Users\kraqu\Desktop\NMS Public Release\Source\Release-NMS-Client\eqgame_dll\MQ2DataTypes.h(3108): warning C4091: 'static ': ignored on left of 'MQ2GroupType::GroupMethods' when no variable is declared (compiling source file pet_window.cpp)
C:\Users\kraqu\Desktop\NMS Public Release\Source\Release-NMS-Client\eqgame_dll\MQ2DataTypes.h(2299): warning C4091: 'static ': ignored on left of 'MQ2MathType::MathMembers' when no variable is declared (compiling source file who_multiclass.cpp)
C:\Users\kraqu\Desktop\NMS Public Release\Source\Release-NMS-Client\eqgame_dll\MQ2DataTypes.h(3152): warning C4091: 'static ': ignored on left of 'MQ2GroupMemberType::GroupMemberMembers' when no variable is declared (compiling source file pet_window.cpp)
C:\Users\kraqu\Desktop\NMS Public Release\Source\Release-NMS-Client\eqgame_dll\MQ2DataTypes.h(3155): warning C4091: 'static ': ignored on left of 'MQ2GroupMemberType::GroupMemberMethods' when no variable is declared (compiling source file pet_window.cpp)
C:\Users\kraqu\Desktop\NMS Public Release\Source\Release-NMS-Client\eqgame_dll\MQ2DataTypes.h(2345): warning C4091: 'static ': ignored on left of 'MQ2RaceType::RaceMembers' when no variable is declared (compiling source file who_multiclass.cpp)
C:\Users\kraqu\Desktop\NMS Public Release\Source\Release-NMS-Client\eqgame_dll\MQ2DataTypes.h(3209): warning C4091: 'static ': ignored on left of 'MQ2RaidType::RaidMembers' when no variable is declared (compiling source file pet_window.cpp)
C:\Users\kraqu\Desktop\NMS Public Release\Source\Release-NMS-Client\eqgame_dll\MQ2DataTypes.h(3212): warning C4091: 'static ': ignored on left of 'MQ2RaidType::RaidMethods' when no variable is declared (compiling source file pet_window.cpp)
C:\Users\kraqu\Desktop\NMS Public Release\Source\Release-NMS-Client\eqgame_dll\MQ2DataTypes.h(2392): warning C4091: 'static ': ignored on left of 'MQ2ClassType::ClassMembers' when no variable is declared (compiling source file who_multiclass.cpp)
C:\Users\kraqu\Desktop\NMS Public Release\Source\Release-NMS-Client\eqgame_dll\MQ2DataTypes.h(3264): warning C4091: 'static ': ignored on left of 'MQ2RaidMemberType::RaidMemberMembers' when no variable is declared (compiling source file pet_window.cpp)
C:\Users\kraqu\Desktop\NMS Public Release\Source\Release-NMS-Client\eqgame_dll\MQ2DataTypes.h(3267): warning C4091: 'static ': ignored on left of 'MQ2RaidMemberType::RaidMemberMethods' when no variable is declared (compiling source file pet_window.cpp)
C:\Users\kraqu\Desktop\NMS Public Release\Source\Release-NMS-Client\eqgame_dll\MQ2DataTypes.h(2438): warning C4091: 'static ': ignored on left of 'MQ2BodyType::BodyMembers' when no variable is declared (compiling source file who_multiclass.cpp)
C:\Users\kraqu\Desktop\NMS Public Release\Source\Release-NMS-Client\eqgame_dll\MQ2DataTypes.h(2476): warning C4091: 'static ': ignored on left of 'MQ2DeityType::DeityMembers' when no variable is declared (compiling source file who_multiclass.cpp)
C:\Users\kraqu\Desktop\NMS Public Release\Source\Release-NMS-Client\eqgame_dll\MQ2DataTypes.h(3320): warning C4091: 'static ': ignored on left of 'MQ2EvolvingItemType::EvolvingItemMembers' when no variable is declared (compiling source file pet_window.cpp)
C:\Users\kraqu\Desktop\NMS Public Release\Source\Release-NMS-Client\eqgame_dll\MQ2DataTypes.h(2525): warning C4091: 'static ': ignored on left of 'MQ2TimeType::TimeMembers' when no variable is declared (compiling source file who_multiclass.cpp)
C:\Users\kraqu\Desktop\NMS Public Release\Source\Release-NMS-Client\eqgame_dll\MQ2DataTypes.h(3363): warning C4091: 'static ': ignored on left of 'MQ2DynamicZoneType::DynamicZoneMembers' when no variable is declared (compiling source file pet_window.cpp)
C:\Users\kraqu\Desktop\NMS Public Release\Source\Release-NMS-Client\eqgame_dll\MQ2DataTypes.h(3402): warning C4091: 'static ': ignored on left of 'MQ2DZMemberType::DZMemberTypeMembers' when no variable is declared (compiling source file pet_window.cpp)
C:\Users\kraqu\Desktop\NMS Public Release\Source\Release-NMS-Client\eqgame_dll\MQ2DataTypes.h(2590): warning C4091: 'static ': ignored on left of 'MQ2TypeType::TypeMembers' when no variable is declared (compiling source file who_multiclass.cpp)
C:\Users\kraqu\Desktop\NMS Public Release\Source\Release-NMS-Client\eqgame_dll\MQ2DataTypes.h(3443): warning C4091: 'static ': ignored on left of 'MQ2FellowshipType::FellowshipTypeMembers' when no variable is declared (compiling source file pet_window.cpp)
C:\Users\kraqu\Desktop\NMS Public Release\Source\Release-NMS-Client\eqgame_dll\MQ2DataTypes.h(2631): warning C4091: 'static ': ignored on left of 'MQ2HeadingType::HeadingMembers' when no variable is declared (compiling source file who_multiclass.cpp)
C:\Users\kraqu\Desktop\NMS Public Release\Source\Release-NMS-Client\eqgame_dll\MQ2DataTypes.h(2634): warning C4091: 'static ': ignored on left of 'MQ2HeadingType::HeadingMethods' when no variable is declared (compiling source file who_multiclass.cpp)
C:\Users\kraqu\Desktop\NMS Public Release\Source\Release-NMS-Client\eqgame_dll\MQ2DataTypes.h(3490): warning C4091: 'static ': ignored on left of 'MQ2FellowshipMemberType::FMTypeMembers' when no variable is declared (compiling source file pet_window.cpp)
C:\Users\kraqu\Desktop\NMS Public Release\Source\Release-NMS-Client\eqgame_dll\MQ2DataTypes.h(2685): warning C4091: 'static ': ignored on left of 'MQ2InvSlotType::InvSlotMembers' when no variable is declared (compiling source file who_multiclass.cpp)
C:\Users\kraqu\Desktop\NMS Public Release\Source\Release-NMS-Client\eqgame_dll\MQ2DataTypes.h(2688): warning C4091: 'static ': ignored on left of 'MQ2InvSlotType::InvSlotMethods' when no variable is declared (compiling source file who_multiclass.cpp)
C:\Users\kraqu\Desktop\NMS Public Release\Source\Release-NMS-Client\eqgame_dll\MQ2DataTypes.h(3524): warning C4091: 'static ': ignored on left of 'MQ2FriendsType::FriendsMembers' when no variable is declared (compiling source file pet_window.cpp)
C:\Users\kraqu\Desktop\NMS Public Release\Source\Release-NMS-Client\eqgame_dll\MQ2DataTypes.h(3527): warning C4091: 'static ': ignored on left of 'MQ2FriendsType::FriendsMethods' when no variable is declared (compiling source file pet_window.cpp)
C:\Users\kraqu\Desktop\NMS Public Release\Source\Release-NMS-Client\eqgame_dll\MQ2DataTypes.h(3572): warning C4091: 'static ': ignored on left of 'MQ2TargetType::TargetMembers' when no variable is declared (compiling source file pet_window.cpp)
C:\Users\kraqu\Desktop\NMS Public Release\Source\Release-NMS-Client\eqgame_dll\MQ2DataTypes.h(2744): warning C4091: 'static ': ignored on left of 'MQ2PluginType::PluginMembers' when no variable is declared (compiling source file who_multiclass.cpp)
C:\Users\kraqu\Desktop\NMS Public Release\Source\Release-NMS-Client\eqgame_dll\MQ2DataTypes.h(2789): warning C4091: 'static ': ignored on left of 'MQ2BenchmarkType::BenchmarkMembers' when no variable is declared (compiling source file who_multiclass.cpp)
C:\Users\kraqu\Desktop\NMS Public Release\Source\Release-NMS-Client\eqgame_dll\MQ2DataTypes.h(3650): warning C4091: 'static ': ignored on left of 'MQ2XTargetType::xTargetMembers' when no variable is declared (compiling source file pet_window.cpp)
C:\Users\kraqu\Desktop\NMS Public Release\Source\Release-NMS-Client\eqgame_dll\MQ2DataTypes.h(2837): warning C4091: 'static ': ignored on left of 'MQ2SkillType::SkillMembers' when no variable is declared (compiling source file who_multiclass.cpp)
C:\Users\kraqu\Desktop\NMS Public Release\Source\Release-NMS-Client\eqgame_dll\MQ2DataTypes.h(2840): warning C4091: 'static ': ignored on left of 'MQ2SkillType::SkillMethods' when no variable is declared (compiling source file who_multiclass.cpp)
C:\Users\kraqu\Desktop\NMS Public Release\Source\Release-NMS-Client\eqgame_dll\MQ2DataTypes.h(2903): warning C4091: 'static ': ignored on left of 'MQ2AltAbilityType::AltAbilityMembers' when no variable is declared (compiling source file who_multiclass.cpp)
C:\Users\kraqu\Desktop\NMS Public Release\Source\Release-NMS-Client\eqgame_dll\MQ2DataTypes.h(2906): warning C4091: 'static ': ignored on left of 'MQ2AltAbilityType::AltAbilityMethods' when no variable is declared (compiling source file who_multiclass.cpp)
C:\Users\kraqu\Desktop\NMS Public Release\Source\Release-NMS-Client\eqgame_dll\MQ2DataTypes.h(2953): warning C4091: 'static ': ignored on left of 'MQ2TimerType::TimerMembers' when no variable is declared (compiling source file who_multiclass.cpp)
C:\Users\kraqu\Desktop\NMS Public Release\Source\Release-NMS-Client\eqgame_dll\MQ2DataTypes.h(2959): warning C4091: 'static ': ignored on left of 'MQ2TimerType::TimerMethods' when no variable is declared (compiling source file who_multiclass.cpp)
C:\Users\kraqu\Desktop\NMS Public Release\Source\Release-NMS-Client\eqgame_dll\MQ2DataTypes.h(3055): warning C4091: 'static ': ignored on left of 'MQ2ArrayType::ArrayMembers' when no variable is declared (compiling source file who_multiclass.cpp)
C:\Users\kraqu\Desktop\NMS Public Release\Source\Release-NMS-Client\eqgame_dll\MQ2DataTypes.h(3105): warning C4091: 'static ': ignored on left of 'MQ2GroupType::GroupMembers' when no variable is declared (compiling source file who_multiclass.cpp)
C:\Users\kraqu\Desktop\NMS Public Release\Source\Release-NMS-Client\eqgame_dll\MQ2DataTypes.h(3108): warning C4091: 'static ': ignored on left of 'MQ2GroupType::GroupMethods' when no variable is declared (compiling source file who_multiclass.cpp)
C:\Users\kraqu\Desktop\NMS Public Release\Source\Release-NMS-Client\eqgame_dll\MQ2DataTypes.h(3152): warning C4091: 'static ': ignored on left of 'MQ2GroupMemberType::GroupMemberMembers' when no variable is declared (compiling source file who_multiclass.cpp)
C:\Users\kraqu\Desktop\NMS Public Release\Source\Release-NMS-Client\eqgame_dll\MQ2DataTypes.h(3155): warning C4091: 'static ': ignored on left of 'MQ2GroupMemberType::GroupMemberMethods' when no variable is declared (compiling source file who_multiclass.cpp)
C:\Users\kraqu\Desktop\NMS Public Release\Source\Release-NMS-Client\eqgame_dll\MQ2DataTypes.h(3209): warning C4091: 'static ': ignored on left of 'MQ2RaidType::RaidMembers' when no variable is declared (compiling source file who_multiclass.cpp)
C:\Users\kraqu\Desktop\NMS Public Release\Source\Release-NMS-Client\eqgame_dll\MQ2DataTypes.h(3212): warning C4091: 'static ': ignored on left of 'MQ2RaidType::RaidMethods' when no variable is declared (compiling source file who_multiclass.cpp)
C:\Users\kraqu\Desktop\NMS Public Release\Source\Release-NMS-Client\eqgame_dll\MQ2DataTypes.h(3264): warning C4091: 'static ': ignored on left of 'MQ2RaidMemberType::RaidMemberMembers' when no variable is declared (compiling source file who_multiclass.cpp)
C:\Users\kraqu\Desktop\NMS Public Release\Source\Release-NMS-Client\eqgame_dll\MQ2DataTypes.h(3267): warning C4091: 'static ': ignored on left of 'MQ2RaidMemberType::RaidMemberMethods' when no variable is declared (compiling source file who_multiclass.cpp)
C:\Users\kraqu\Desktop\NMS Public Release\Source\Release-NMS-Client\eqgame_dll\MQ2DataTypes.h(3320): warning C4091: 'static ': ignored on left of 'MQ2EvolvingItemType::EvolvingItemMembers' when no variable is declared (compiling source file who_multiclass.cpp)
C:\Users\kraqu\Desktop\NMS Public Release\Source\Release-NMS-Client\eqgame_dll\MQ2Main.h(776,7): warning C4200: nonstandard extension used: zero-sized array in struct/union (compiling source file pet_window.cpp)
C:\Users\kraqu\Desktop\NMS Public Release\Source\Release-NMS-Client\eqgame_dll\MQ2Main.h(776,7): message : This member will be ignored by a defaulted constructor or copy/move assignment operator (compiling source file pet_window.cpp)
C:\Users\kraqu\Desktop\NMS Public Release\Source\Release-NMS-Client\eqgame_dll\MQ2DataTypes.h(3363): warning C4091: 'static ': ignored on left of 'MQ2DynamicZoneType::DynamicZoneMembers' when no variable is declared (compiling source file who_multiclass.cpp)
C:\Users\kraqu\Desktop\NMS Public Release\Source\Release-NMS-Client\eqgame_dll\MQ2DataTypes.h(3402): warning C4091: 'static ': ignored on left of 'MQ2DZMemberType::DZMemberTypeMembers' when no variable is declared (compiling source file who_multiclass.cpp)
C:\Users\kraqu\Desktop\NMS Public Release\Source\Release-NMS-Client\eqgame_dll\MQ2DataTypes.h(3443): warning C4091: 'static ': ignored on left of 'MQ2FellowshipType::FellowshipTypeMembers' when no variable is declared (compiling source file who_multiclass.cpp)
C:\Users\kraqu\Desktop\NMS Public Release\Source\Release-NMS-Client\eqgame_dll\MQ2DataTypes.h(3490): warning C4091: 'static ': ignored on left of 'MQ2FellowshipMemberType::FMTypeMembers' when no variable is declared (compiling source file who_multiclass.cpp)
C:\Users\kraqu\Desktop\NMS Public Release\Source\Release-NMS-Client\eqgame_dll\MQ2DataTypes.h(3524): warning C4091: 'static ': ignored on left of 'MQ2FriendsType::FriendsMembers' when no variable is declared (compiling source file who_multiclass.cpp)
C:\Users\kraqu\Desktop\NMS Public Release\Source\Release-NMS-Client\eqgame_dll\MQ2DataTypes.h(3527): warning C4091: 'static ': ignored on left of 'MQ2FriendsType::FriendsMethods' when no variable is declared (compiling source file who_multiclass.cpp)
C:\Users\kraqu\Desktop\NMS Public Release\Source\Release-NMS-Client\eqgame_dll\MQ2DataTypes.h(3572): warning C4091: 'static ': ignored on left of 'MQ2TargetType::TargetMembers' when no variable is declared (compiling source file who_multiclass.cpp)
C:\Users\kraqu\Desktop\NMS Public Release\Source\Release-NMS-Client\eqgame_dll\MQ2DataTypes.h(3650): warning C4091: 'static ': ignored on left of 'MQ2XTargetType::xTargetMembers' when no variable is declared (compiling source file who_multiclass.cpp)
C:\Users\kraqu\Desktop\NMS Public Release\Source\Release-NMS-Client\eqgame_dll\dinput8.h(5,1): warning C4005: 'DIRECTINPUT_VERSION': macro redefinition (compiling source file eqgame.cpp)
C:\Users\kraqu\Desktop\NMS Public Release\Source\Release-NMS-Client\eqgame_dll\MQ2Main.h(24): message : see previous definition of 'DIRECTINPUT_VERSION' (compiling source file eqgame.cpp)
C:\Users\kraqu\Desktop\NMS Public Release\Source\Release-NMS-Client\eqgame_dll\MQ2Main.h(776,7): warning C4200: nonstandard extension used: zero-sized array in struct/union (compiling source file who_multiclass.cpp)
C:\Users\kraqu\Desktop\NMS Public Release\Source\Release-NMS-Client\eqgame_dll\MQ2Main.h(776,7): message : This member will be ignored by a defaulted constructor or copy/move assignment operator (compiling source file who_multiclass.cpp)
C:\Users\kraqu\Desktop\NMS Public Release\Source\Release-NMS-Client\eqgame_dll\pet_window.cpp(206,17): warning C4101: 'g_savedCI2Class': unreferenced local variable
C:\Users\kraqu\Desktop\NMS Public Release\Source\Release-NMS-Client\eqgame_dll\eqgame.cpp(100,1): warning C4005: 'FUNCTION_AT_ADDRESS': macro redefinition
C:\Users\kraqu\Desktop\NMS Public Release\Source\Release-NMS-Client\eqgame_dll\MQ2Main.h(136): message : see previous definition of 'FUNCTION_AT_ADDRESS' (compiling source file eqgame.cpp)
C:\Users\kraqu\Desktop\NMS Public Release\Source\Release-NMS-Client\eqgame_dll\eqgame.cpp(511,2): warning C4091: 'typedef ': ignored on left of 'BankRequest_Struct' when no variable is declared
C:\Users\kraqu\Desktop\NMS Public Release\Source\Release-NMS-Client\eqgame_dll\eqgame.cpp(562,36): warning C4200: nonstandard extension used: zero-sized array in struct/union
C:\Users\kraqu\Desktop\NMS Public Release\Source\Release-NMS-Client\eqgame_dll\eqgame.cpp(562,36): message : This member will be ignored by a defaulted constructor or copy/move assignment operator
C:\Users\kraqu\Desktop\NMS Public Release\Source\Release-NMS-Client\eqgame_dll\eqgame.cpp(612,31): warning C4200: nonstandard extension used: zero-sized array in struct/union
C:\Users\kraqu\Desktop\NMS Public Release\Source\Release-NMS-Client\eqgame_dll\eqgame.cpp(612,31): message : This member will be ignored by a defaulted constructor or copy/move assignment operator
C:\Users\kraqu\Desktop\NMS Public Release\Source\Release-NMS-Client\eqgame_dll\eqgame.cpp(1095,14): warning C4244: 'return': conversion from 'DWORD' to 'unsigned char', possible loss of data
C:\Users\kraqu\Desktop\NMS Public Release\Source\Release-NMS-Client\eqgame_dll\eqgame.cpp(1099,10): warning C4244: 'return': conversion from 'DWORD' to 'unsigned char', possible loss of data
C:\Users\kraqu\Desktop\NMS Public Release\Source\Release-NMS-Client\eqgame_dll\core_npc.h(39): warning C4172: returning address of local variable or temporary: isReplaced
     Creating library C:\Users\kraqu\Desktop\NMS Public Release\Source\Release-NMS-Client\Release\dinput8.lib and object C:\Users\kraqu\Desktop\NMS Public Release\Source\Release-NMS-Client\Release\dinput8.exp
  LINK : /LTCG specified but no code generation required; remove /LTCG from the link command line to improve linker performance
  eqgame_dll.vcxproj -> C:\Users\kraqu\Desktop\NMS Public Release\Source\Release-NMS-Client\Release\dinput8.dll
